
2026-03-26 06:45:31,748 [INFO] root - Início do envio...
2026-03-26 06:45:31,748 [INFO] root - Associados selecionados=920
2026-03-26 06:45:31,748 [INFO] root - UseCase.executar iniciado
2026-03-26 06:45:31,764 [INFO] root - total para processar=920
2026-03-26 06:45:31,875 [ERROR] root - Erro ao enviar email para Armando Serra (armando1949serra@sapo.pt)
Traceback (most recent call last):
  File "G:\.shortcut-targets-by-id\1NsBCziGNFjlQ-f8QRcezPsKVP9QzGdp0\APPs\atrpt\application\associados\enviar_emails_usecase.py", line 120, in executar
    self.emailer.send(msg)
    ^^^^^^^^^^^^^^^^^
AttributeError: 'EmailSender' object has no attribute 'send'
2026-03-26 06:45:31,875 [INFO] root - [1/920] Enviado para Armando Serra | 0.12s
2026-03-26 06:45:43,838 [ERROR] root - Erro no envio.
Traceback (most recent call last):
  File "G:\.shortcut-targets-by-id\1NsBCziGNFjlQ-f8QRcezPsKVP9QzGdp0\APPs\atrpt\presentation\associados_controller.py", line 153, in worker
    resultado = self.usecase.executar(
                ^^^^^^^^^^^^^^^^^^^^^^
  File "G:\.shortcut-targets-by-id\1NsBCziGNFjlQ-f8QRcezPsKVP9QzGdp0\APPs\atrpt\application\associados\enviar_emails_usecase.py", line 138, in executar
    self.log("Envio interrompido após email de teste.")
    ^^^^^^^^
AttributeError: 'EnviarEmailsAssociadosUseCase' object has no attribute 'log'
2026-03-26 07:24:10,184 [INFO] root - Início do envio...
2026-03-26 07:24:10,184 [INFO] root - Associados selecionados=920
2026-03-26 07:24:10,184 [ERROR] root - Erro no envio.
Traceback (most recent call last):
  File "G:\.shortcut-targets-by-id\1NsBCziGNFjlQ-f8QRcezPsKVP9QzGdp0\APPs\atrpt\presentation\associados_controller.py", line 156, in worker
    template_path=Path(template),
                  ^^^^^^^^^^^^^^
  File "C:\users\Utilizador\miniconda3\envs\atrpt\Lib\pathlib.py", line 871, in __new__
    self = cls._from_parts(args)
           ^^^^^^^^^^^^^^^^^^^^^
  File "C:\users\Utilizador\miniconda3\envs\atrpt\Lib\pathlib.py", line 509, in _from_parts
    drv, root, parts = self._parse_args(args)
                       ^^^^^^^^^^^^^^^^^^^^^^
  File "C:\users\Utilizador\miniconda3\envs\atrpt\Lib\pathlib.py", line 493, in _parse_args
    a = os.fspath(a)
        ^^^^^^^^^^^^
TypeError: expected str, bytes or os.PathLike object, not NoneType
2026-03-26 08:16:54,198 [INFO] root - Início do envio...
2026-03-26 08:16:54,198 [INFO] root - Associados selecionados=920
2026-03-26 08:16:54,198 [ERROR] root - Erro no envio.
Traceback (most recent call last):
  File "G:\.shortcut-targets-by-id\1NsBCziGNFjlQ-f8QRcezPsKVP9QzGdp0\APPs\atrpt\presentation\associados_controller.py", line 156, in worker
    template_path=Path(template),
                  ^^^^^^^^^^^^^^
  File "C:\users\Utilizador\miniconda3\envs\atrpt\Lib\pathlib.py", line 871, in __new__
    self = cls._from_parts(args)
           ^^^^^^^^^^^^^^^^^^^^^
  File "C:\users\Utilizador\miniconda3\envs\atrpt\Lib\pathlib.py", line 509, in _from_parts
    drv, root, parts = self._parse_args(args)
                       ^^^^^^^^^^^^^^^^^^^^^^
  File "C:\users\Utilizador\miniconda3\envs\atrpt\Lib\pathlib.py", line 493, in _parse_args
    a = os.fspath(a)
        ^^^^^^^^^^^^
TypeError: expected str, bytes or os.PathLike object, not NoneType
2026-03-26 08:23:16,998 [INFO] root - Início do envio...
2026-03-26 08:23:16,998 [INFO] root - Associados selecionados=920
2026-03-26 08:23:16,998 [ERROR] root - Erro no envio.
Traceback (most recent call last):
  File "G:\.shortcut-targets-by-id\1NsBCziGNFjlQ-f8QRcezPsKVP9QzGdp0\APPs\atrpt\presentation\associados_controller.py", line 154, in worker
    template_path=Path(template),
                  ^^^^^^^^^^^^^^
  File "C:\users\Utilizador\miniconda3\envs\atrpt\Lib\pathlib.py", line 871, in __new__
    self = cls._from_parts(args)
           ^^^^^^^^^^^^^^^^^^^^^
  File "C:\users\Utilizador\miniconda3\envs\atrpt\Lib\pathlib.py", line 509, in _from_parts
    drv, root, parts = self._parse_args(args)
                       ^^^^^^^^^^^^^^^^^^^^^^
  File "C:\users\Utilizador\miniconda3\envs\atrpt\Lib\pathlib.py", line 493, in _parse_args
    a = os.fspath(a)
        ^^^^^^^^^^^^
TypeError: expected str, bytes or os.PathLike object, not NoneType
2026-03-26 08:34:08,721 [INFO] presentation.associados_controller - Selecione o template do email.
2026-03-26 08:34:12,550 [INFO] presentation.associados_controller - Template selecionado: JornalMarço26.docx
2026-03-26 08:34:12,551 [INFO] presentation.associados_controller - Selecione um ou mais anexos (opcional).
2026-03-26 08:34:22,145 [INFO] presentation.associados_controller - Anexos selecionados: Guia_Consumidor_Idoso.pdf, Jornal ATRPT março de 2026.pdf
2026-03-26 08:34:22,145 [INFO] presentation.associados_controller - Construindo dados de envio...
2026-03-26 08:34:22,828 [INFO] presentation.associados_controller - Dados construídos: 920 associados com email
2026-03-26 08:34:32,220 [ERROR] presentation.associados_controller - Usando ficheiro existente: G:\.shortcut-targets-by-id\1U63DGZ6urrQl6543DNHJZQR93oRmv-G2\Associados\JornalMarço26_envio.xlsx
2026-03-26 08:34:32,301 [INFO] presentation.associados_controller - Dados carregados do ficheiro existente: 920 registos
2026-03-26 08:35:18,001 [INFO] presentation.associados_controller - Associados não enviados: 920
2026-03-26 08:35:18,001 [INFO] presentation.associados_controller - Iniciando envio para 920 associados...
2026-03-26 08:35:18,001 [INFO] root - Início do envio...
2026-03-26 08:35:18,001 [INFO] root - Associados selecionados=920
2026-03-26 08:35:18,001 [ERROR] root - Erro no envio.
Traceback (most recent call last):
  File "G:\.shortcut-targets-by-id\1NsBCziGNFjlQ-f8QRcezPsKVP9QzGdp0\APPs\atrpt\presentation\associados_controller.py", line 154, in worker
    template_path=Path(template),
                  ^^^^^^^^^^^^^^
  File "C:\users\Utilizador\miniconda3\envs\atrpt\Lib\pathlib.py", line 871, in __new__
    self = cls._from_parts(args)
           ^^^^^^^^^^^^^^^^^^^^^
  File "C:\users\Utilizador\miniconda3\envs\atrpt\Lib\pathlib.py", line 509, in _from_parts
    drv, root, parts = self._parse_args(args)
                       ^^^^^^^^^^^^^^^^^^^^^^
  File "C:\users\Utilizador\miniconda3\envs\atrpt\Lib\pathlib.py", line 493, in _parse_args
    a = os.fspath(a)
        ^^^^^^^^^^^^
TypeError: expected str, bytes or os.PathLike object, not NoneType
2026-03-26 08:35:18,032 [INFO] presentation.associados_controller - Erro no envio: expected str, bytes or os.PathLike object, not NoneType
2026-03-26 08:37:53,996 [INFO] presentation.associados_controller - Selecione o template do email.
2026-03-26 08:37:57,919 [INFO] presentation.associados_controller - Template selecionado: JornalMarço26.docx
2026-03-26 08:37:57,919 [INFO] presentation.associados_controller - Selecione um ou mais anexos (opcional).
2026-03-26 08:38:04,509 [INFO] presentation.associados_controller - Anexos selecionados: Guia_Consumidor_Idoso.pdf, Jornal ATRPT março de 2026.pdf
2026-03-26 08:38:04,509 [INFO] presentation.associados_controller - Construindo dados de envio...
2026-03-26 08:38:05,195 [INFO] presentation.associados_controller - Dados construídos: 920 associados com email
2026-03-26 08:38:07,827 [ERROR] presentation.associados_controller - Usando ficheiro existente: G:\.shortcut-targets-by-id\1U63DGZ6urrQl6543DNHJZQR93oRmv-G2\Associados\JornalMarço26_envio.xlsx
2026-03-26 08:38:07,891 [INFO] presentation.associados_controller - Dados carregados do ficheiro existente: 920 registos
2026-03-26 08:38:12,538 [INFO] presentation.associados_controller - Associados não enviados: 920
2026-03-26 08:38:12,538 [INFO] presentation.associados_controller - Iniciando envio para 920 associados...
2026-03-26 08:38:12,538 [INFO] root - Início do envio...
2026-03-26 08:38:12,538 [INFO] root - Associados selecionados=920
2026-03-26 08:38:12,554 [INFO] root - None
2026-03-26 08:38:12,554 [ERROR] root - Erro no envio.
Traceback (most recent call last):
  File "G:\.shortcut-targets-by-id\1NsBCziGNFjlQ-f8QRcezPsKVP9QzGdp0\APPs\atrpt\presentation\associados_controller.py", line 152, in worker
    template_path=Path(template),
                  ^^^^^^^^^^^^^^
  File "C:\users\Utilizador\miniconda3\envs\atrpt\Lib\pathlib.py", line 871, in __new__
    self = cls._from_parts(args)
           ^^^^^^^^^^^^^^^^^^^^^
  File "C:\users\Utilizador\miniconda3\envs\atrpt\Lib\pathlib.py", line 509, in _from_parts
    drv, root, parts = self._parse_args(args)
                       ^^^^^^^^^^^^^^^^^^^^^^
  File "C:\users\Utilizador\miniconda3\envs\atrpt\Lib\pathlib.py", line 493, in _parse_args
    a = os.fspath(a)
        ^^^^^^^^^^^^
TypeError: expected str, bytes or os.PathLike object, not NoneType
2026-03-26 08:38:12,554 [INFO] presentation.associados_controller - Erro no envio: expected str, bytes or os.PathLike object, not NoneType
2026-03-26 08:48:53,702 [INFO] presentation.associados_controller - Selecione o template do email.
2026-03-26 08:51:08,734 [INFO] presentation.associados_controller - Selecione o template do email.
2026-03-26 08:51:12,247 [INFO] presentation.associados_controller - Template selecionado: JornalMarço26.docx
2026-03-26 08:51:12,248 [INFO] presentation.associados_controller - Selecione um ou mais anexos (opcional).
2026-03-26 08:51:16,545 [INFO] presentation.associados_controller - Anexos selecionados: Guia_Consumidor_Idoso.pdf, Jornal ATRPT março de 2026.pdf
2026-03-26 08:51:16,546 [INFO] presentation.associados_controller - Construindo dados de envio...
2026-03-26 08:51:17,264 [INFO] presentation.associados_controller - Dados construídos: 920 associados com email
2026-03-26 08:51:19,982 [ERROR] presentation.associados_controller - Usando ficheiro existente: G:\.shortcut-targets-by-id\1U63DGZ6urrQl6543DNHJZQR93oRmv-G2\Associados\JornalMarço26_envio.xlsx
2026-03-26 08:51:20,066 [INFO] presentation.associados_controller - Dados carregados do ficheiro existente: 920 registos
2026-03-26 08:51:30,555 [INFO] presentation.associados_controller - Associados não enviados: 920
2026-03-26 08:51:30,555 [INFO] presentation.associados_controller - Iniciando envio para 920 associados...
2026-03-26 08:51:30,555 [INFO] root - Início do envio...
2026-03-26 08:51:30,555 [INFO] root - Associados selecionados=920
2026-03-26 08:51:30,555 [INFO] root - None
2026-03-26 08:51:30,555 [ERROR] root - Erro no envio.
Traceback (most recent call last):
  File "G:\.shortcut-targets-by-id\1NsBCziGNFjlQ-f8QRcezPsKVP9QzGdp0\APPs\atrpt\presentation\associados_controller.py", line 146, in worker
    template_path=Path(template),
                  ^^^^^^^^^^^^^^
  File "C:\users\Utilizador\miniconda3\envs\atrpt\Lib\pathlib.py", line 871, in __new__
    self = cls._from_parts(args)
           ^^^^^^^^^^^^^^^^^^^^^
  File "C:\users\Utilizador\miniconda3\envs\atrpt\Lib\pathlib.py", line 509, in _from_parts
    drv, root, parts = self._parse_args(args)
                       ^^^^^^^^^^^^^^^^^^^^^^
  File "C:\users\Utilizador\miniconda3\envs\atrpt\Lib\pathlib.py", line 493, in _parse_args
    a = os.fspath(a)
        ^^^^^^^^^^^^
TypeError: expected str, bytes or os.PathLike object, not NoneType
2026-03-26 08:51:30,606 [INFO] presentation.associados_controller - Erro no envio: expected str, bytes or os.PathLike object, not NoneType
2026-03-26 09:02:48,250 [INFO] presentation.associados_controller - Selecione o template do email.
2026-03-26 09:02:52,515 [INFO] presentation.associados_controller - Template selecionado: JornalMarço26.docx
2026-03-26 09:02:52,515 [INFO] presentation.associados_controller - Selecione um ou mais anexos (opcional).
2026-03-26 09:02:57,712 [INFO] presentation.associados_controller - Anexos selecionados: Guia_Consumidor_Idoso.pdf, Jornal ATRPT março de 2026.pdf
2026-03-26 09:02:57,712 [INFO] presentation.associados_controller - Construindo dados de envio...
2026-03-26 09:02:58,399 [INFO] presentation.associados_controller - Dados construídos: 920 associados com email
2026-03-26 09:03:00,708 [ERROR] presentation.associados_controller - Usando ficheiro existente: G:\.shortcut-targets-by-id\1U63DGZ6urrQl6543DNHJZQR93oRmv-G2\Associados\JornalMarço26_envio.xlsx
2026-03-26 09:03:00,788 [INFO] presentation.associados_controller - Dados carregados do ficheiro existente: 920 registos
2026-03-26 09:03:10,380 [INFO] presentation.associados_controller - Associados não enviados: 920
2026-03-26 09:03:10,380 [INFO] presentation.associados_controller - Iniciando envio para 920 associados...
2026-03-26 09:03:10,380 [INFO] root - Início do envio...
2026-03-26 09:03:10,380 [INFO] root - Associados selecionados=920
2026-03-26 09:03:10,380 [INFO] root - G:\.shortcut-targets-by-id\1U63DGZ6urrQl6543DNHJZQR93oRmv-G2\Associados\Comunicação\Guia_Consumidor_Idoso.pdf
2026-03-26 09:03:10,380 [INFO] root - UseCase.executar iniciado
2026-03-26 09:03:10,380 [INFO] root - total para processar=920
2026-03-26 09:03:15,980 [INFO] root - [1/920] Enviado para Armando Serra | 5.59s
2026-03-26 09:03:15,980 [INFO] presentation.associados_controller - [1/920] Enviado para Armando Serra — próximo envio em 2.8s
2026-03-26 10:51:41,158 [INFO] root - Envio interrompido após email de teste.
2026-03-26 11:31:52,943 [INFO] presentation.associados_controller - Selecione o template do email.
2026-03-26 11:31:56,574 [INFO] presentation.associados_controller - Template selecionado: JornalMarço26.docx
2026-03-26 11:31:56,574 [INFO] presentation.associados_controller - Selecione um ou mais anexos (opcional).
2026-03-26 11:32:01,006 [INFO] presentation.associados_controller - Anexos selecionados: Guia_Consumidor_Idoso.pdf, Jornal ATRPT março de 2026.pdf
2026-03-26 11:32:01,007 [INFO] presentation.associados_controller - Construindo dados de envio...
2026-03-26 11:32:02,539 [INFO] presentation.associados_controller - Dados construídos: 921 associados com email
2026-03-26 11:32:12,141 [ERROR] presentation.associados_controller - Usando ficheiro existente: G:\.shortcut-targets-by-id\1U63DGZ6urrQl6543DNHJZQR93oRmv-G2\Associados\JornalMarço26_envio.xlsx
2026-03-26 11:32:12,222 [INFO] presentation.associados_controller - Dados carregados do ficheiro existente: 920 registos
2026-03-26 11:32:16,385 [INFO] presentation.associados_controller - Associados não enviados: 920
2026-03-26 11:32:16,385 [INFO] presentation.associados_controller - Iniciando envio para 920 associados...
2026-03-26 11:32:16,385 [INFO] root - Início do envio...
2026-03-26 11:32:16,385 [INFO] root - Associados selecionados=920
2026-03-26 11:32:16,385 [INFO] root - G:\.shortcut-targets-by-id\1U63DGZ6urrQl6543DNHJZQR93oRmv-G2\Associados\Comunicação\Guia_Consumidor_Idoso.pdf
2026-03-26 11:32:16,385 [ERROR] root - Erro no envio.
Traceback (most recent call last):
  File "G:\.shortcut-targets-by-id\1NsBCziGNFjlQ-f8QRcezPsKVP9QzGdp0\APPs\atrpt\presentation\associados_controller.py", line 143, in worker
    resultado = self.usecase.executar(
                ^^^^^^^^^^^^^^^^^^^^^^
TypeError: EnviarEmailsAssociadosUseCase.executar() got an unexpected keyword argument 'anexo_path'
2026-03-26 11:32:16,414 [INFO] presentation.associados_controller - Erro no envio: EnviarEmailsAssociadosUseCase.executar() got an unexpected keyword argument 'anexo_path'
2026-03-26 11:36:37,924 [INFO] presentation.associados_controller - Selecione o template do email.
2026-03-26 11:36:41,088 [INFO] presentation.associados_controller - Template selecionado: JornalMarço26.docx
2026-03-26 11:36:41,089 [INFO] presentation.associados_controller - Selecione um ou mais anexos (opcional).
2026-03-26 11:36:45,068 [INFO] presentation.associados_controller - Anexos selecionados: Guia_Consumidor_Idoso.pdf, Jornal ATRPT março de 2026.pdf
2026-03-26 11:36:45,068 [INFO] presentation.associados_controller - Construindo dados de envio...
2026-03-26 11:36:45,783 [INFO] presentation.associados_controller - Dados construídos: 921 associados com email
2026-03-26 11:36:50,030 [ERROR] presentation.associados_controller - Usando ficheiro existente: G:\.shortcut-targets-by-id\1U63DGZ6urrQl6543DNHJZQR93oRmv-G2\Associados\JornalMarço26_envio.xlsx
2026-03-26 11:36:50,102 [INFO] presentation.associados_controller - Dados carregados do ficheiro existente: 920 registos
2026-03-26 11:36:52,078 [INFO] presentation.associados_controller - Associados não enviados: 920
2026-03-26 11:36:52,078 [INFO] presentation.associados_controller - Iniciando envio para 920 associados...
2026-03-26 11:36:52,094 [INFO] root - Início do envio...
2026-03-26 11:36:52,094 [INFO] root - Associados selecionados=920
2026-03-26 11:36:52,094 [INFO] root - G:\.shortcut-targets-by-id\1U63DGZ6urrQl6543DNHJZQR93oRmv-G2\Associados\Comunicação\Guia_Consumidor_Idoso.pdf
2026-03-26 11:36:52,094 [ERROR] root - Erro no envio.
Traceback (most recent call last):
  File "G:\.shortcut-targets-by-id\1NsBCziGNFjlQ-f8QRcezPsKVP9QzGdp0\APPs\atrpt\presentation\associados_controller.py", line 143, in worker
    resultado = self.usecase.executar(
                ^^^^^^^^^^^^^^^^^^^^^^
TypeError: EnviarEmailsAssociadosUseCase.executar() got an unexpected keyword argument 'anexo_path'
2026-03-26 11:36:52,109 [INFO] presentation.associados_controller - Erro no envio: EnviarEmailsAssociadosUseCase.executar() got an unexpected keyword argument 'anexo_path'
2026-03-26 11:38:55,973 [INFO] presentation.associados_controller - Selecione o template do email.
2026-03-26 11:38:59,226 [INFO] presentation.associados_controller - Template selecionado: JornalMarço26.docx
2026-03-26 11:38:59,226 [INFO] presentation.associados_controller - Selecione um ou mais anexos (opcional).
2026-03-26 11:39:03,334 [INFO] presentation.associados_controller - Anexos selecionados: Guia_Consumidor_Idoso.pdf, Jornal ATRPT março de 2026.pdf
2026-03-26 11:39:03,334 [INFO] presentation.associados_controller - Construindo dados de envio...
2026-03-26 11:39:04,020 [INFO] presentation.associados_controller - Dados construídos: 921 associados com email
2026-03-26 11:39:06,277 [ERROR] presentation.associados_controller - Usando ficheiro existente: G:\.shortcut-targets-by-id\1U63DGZ6urrQl6543DNHJZQR93oRmv-G2\Associados\JornalMarço26_envio.xlsx
2026-03-26 11:39:06,356 [INFO] presentation.associados_controller - Dados carregados do ficheiro existente: 920 registos
2026-03-26 11:39:08,389 [INFO] presentation.associados_controller - Associados não enviados: 920
2026-03-26 11:39:08,389 [INFO] presentation.associados_controller - Iniciando envio para 920 associados...
2026-03-26 11:39:08,389 [INFO] root - Início do envio...
2026-03-26 11:39:08,389 [INFO] root - Associados selecionados=920
2026-03-26 11:39:08,389 [INFO] root - G:\.shortcut-targets-by-id\1U63DGZ6urrQl6543DNHJZQR93oRmv-G2\Associados\Comunicação\Guia_Consumidor_Idoso.pdf
2026-03-26 11:39:08,389 [INFO] root - UseCase.executar iniciado
2026-03-26 11:39:08,389 [INFO] root - total para processar=920
2026-03-26 11:39:08,468 [ERROR] root - Erro ao enviar email para Armando Serra (armando1949serra@sapo.pt)
Traceback (most recent call last):
  File "G:\.shortcut-targets-by-id\1NsBCziGNFjlQ-f8QRcezPsKVP9QzGdp0\APPs\atrpt\application\associados\enviar_emails_usecase.py", line 122, in executar
    status, destino = self.emailer.send_one(msg)
                      ^^^^^^^^^^^^^^^^^^^^^^^^^^
  File "G:\.shortcut-targets-by-id\1NsBCziGNFjlQ-f8QRcezPsKVP9QzGdp0\APPs\atrpt\application\email\email_sender.py", line 51, in send_one
    attachments=list(message.attachments or []),
                ^^^^^^^^^^^^^^^^^^^^^^^^^^^^^^^
TypeError: 'WindowsPath' object is not iterable
2026-03-26 11:39:08,484 [INFO] root - [1/920] Enviado para Armando Serra | 0.10s
2026-03-26 11:39:08,484 [INFO] presentation.associados_controller - Erro no envio para armando1949serra@sapo.pt: 'WindowsPath' object is not iterable
2026-03-26 11:41:25,963 [INFO] presentation.associados_controller - Selecione o template do email.
2026-03-26 11:41:29,540 [INFO] presentation.associados_controller - Template selecionado: JornalMarço26.docx
2026-03-26 11:41:29,540 [INFO] presentation.associados_controller - Selecione um ou mais anexos (opcional).
2026-03-26 11:41:32,865 [INFO] presentation.associados_controller - Anexos selecionados: JornalMarço26.docx
2026-03-26 11:41:32,865 [INFO] presentation.associados_controller - Construindo dados de envio...
2026-03-26 11:41:33,547 [INFO] presentation.associados_controller - Dados construídos: 921 associados com email
2026-03-26 11:41:39,104 [ERROR] presentation.associados_controller - Usando ficheiro existente: G:\.shortcut-targets-by-id\1U63DGZ6urrQl6543DNHJZQR93oRmv-G2\Associados\JornalMarço26_envio.xlsx
2026-03-26 11:41:39,185 [INFO] presentation.associados_controller - Dados carregados do ficheiro existente: 920 registos
2026-03-26 11:41:58,756 [INFO] presentation.associados_controller - Selecione o template do email.
2026-03-26 11:42:02,138 [INFO] presentation.associados_controller - Template selecionado: JornalMarço26.docx
2026-03-26 11:42:02,138 [INFO] presentation.associados_controller - Selecione um ou mais anexos (opcional).
2026-03-26 11:42:06,084 [INFO] presentation.associados_controller - Anexos selecionados: Guia_Consumidor_Idoso.pdf, Jornal ATRPT março de 2026.pdf
2026-03-26 11:42:06,084 [INFO] presentation.associados_controller - Construindo dados de envio...
2026-03-26 11:42:06,783 [INFO] presentation.associados_controller - Dados construídos: 921 associados com email
2026-03-26 11:42:09,263 [ERROR] presentation.associados_controller - Usando ficheiro existente: G:\.shortcut-targets-by-id\1U63DGZ6urrQl6543DNHJZQR93oRmv-G2\Associados\JornalMarço26_envio.xlsx
2026-03-26 11:42:09,342 [INFO] presentation.associados_controller - Dados carregados do ficheiro existente: 920 registos
2026-03-26 11:42:11,468 [INFO] presentation.associados_controller - Associados não enviados: 920
2026-03-26 11:42:11,468 [INFO] presentation.associados_controller - Iniciando envio para 920 associados...
2026-03-26 11:42:11,484 [INFO] root - Início do envio...
2026-03-26 11:42:11,484 [INFO] root - Associados selecionados=920
2026-03-26 11:42:11,484 [INFO] root - G:\.shortcut-targets-by-id\1U63DGZ6urrQl6543DNHJZQR93oRmv-G2\Associados\Comunicação\Guia_Consumidor_Idoso.pdf
2026-03-26 11:42:11,484 [INFO] root - UseCase.executar iniciado
2026-03-26 11:42:11,484 [INFO] root - total para processar=920
2026-03-26 11:42:11,580 [ERROR] root - Erro ao enviar email para Armando Serra (armando1949serra@sapo.pt)
Traceback (most recent call last):
  File "G:\.shortcut-targets-by-id\1NsBCziGNFjlQ-f8QRcezPsKVP9QzGdp0\APPs\atrpt\application\associados\enviar_emails_usecase.py", line 122, in executar
    status, destino = self.emailer.send_one(msg)
                      ^^^^^^^^^^^^^^^^^^^^^^^^^^
  File "G:\.shortcut-targets-by-id\1NsBCziGNFjlQ-f8QRcezPsKVP9QzGdp0\APPs\atrpt\application\email\email_sender.py", line 51, in send_one
    attachments=list(message.attachments or []),
                ^^^^^^^^^^^^^^^^^^^^^^^^^^^^^^^
TypeError: 'WindowsPath' object is not iterable
2026-03-26 11:42:11,580 [INFO] root - [1/920] Enviado para Armando Serra | 0.11s
2026-03-26 11:42:11,580 [INFO] presentation.associados_controller - Erro no envio para armando1949serra@sapo.pt: 'WindowsPath' object is not iterable
2026-03-26 11:54:14,260 [INFO] presentation.associados_controller - Selecione o template do email.
2026-03-26 11:54:18,091 [INFO] presentation.associados_controller - Template selecionado: JornalMarço26.docx
2026-03-26 11:54:18,092 [INFO] presentation.associados_controller - Selecione um ou mais anexos (opcional).
2026-03-26 11:54:22,802 [INFO] presentation.associados_controller - Anexos selecionados: Guia_Consumidor_Idoso.pdf, Jornal ATRPT março de 2026.pdf
2026-03-26 11:54:22,802 [INFO] presentation.associados_controller - Construindo dados de envio...
2026-03-26 11:54:23,501 [INFO] presentation.associados_controller - Dados construídos: 921 associados com email
2026-03-26 11:54:26,921 [ERROR] presentation.associados_controller - Usando ficheiro existente: G:\.shortcut-targets-by-id\1U63DGZ6urrQl6543DNHJZQR93oRmv-G2\Associados\JornalMarço26_envio.xlsx
2026-03-26 11:54:26,998 [INFO] presentation.associados_controller - Dados carregados do ficheiro existente: 920 registos
2026-03-26 11:54:30,916 [INFO] presentation.associados_controller - Associados não enviados: 920
2026-03-26 11:54:30,916 [INFO] presentation.associados_controller - Iniciando envio para 920 associados...
2026-03-26 11:54:30,916 [INFO] root - Início do envio...
2026-03-26 11:54:30,916 [INFO] root - Associados selecionados=920
2026-03-26 11:54:30,916 [INFO] root - G:\.shortcut-targets-by-id\1U63DGZ6urrQl6543DNHJZQR93oRmv-G2\Associados\Comunicação\Guia_Consumidor_Idoso.pdf
2026-03-26 11:54:30,916 [INFO] root - UseCase.executar iniciado
2026-03-26 11:54:30,916 [INFO] root - total para processar=920
2026-03-26 11:55:16,536 [INFO] root - [1/920] Enviado para Armando Serra | 45.61s
2026-03-26 11:55:16,539 [INFO] presentation.associados_controller - [1/920] Enviado para Armando Serra — próximo envio em 1.1s
2026-03-26 11:56:13,577 [INFO] root - Envio interrompido após email de teste.
2026-03-26 11:56:56,834 [INFO] presentation.associados_controller - Selecione o template do email.
2026-03-26 11:57:00,600 [INFO] presentation.associados_controller - Template selecionado: JornalMarço26.docx
2026-03-26 11:57:00,600 [INFO] presentation.associados_controller - Selecione um ou mais anexos (opcional).
2026-03-26 11:57:12,961 [INFO] presentation.associados_controller - Anexos selecionados: Guia_Consumidor_Idoso.pdf, Jornal ATRPT março de 2026.pdf
2026-03-26 11:57:12,961 [INFO] presentation.associados_controller - Construindo dados de envio...
2026-03-26 11:57:13,834 [INFO] presentation.associados_controller - Dados construídos: 921 associados com email
2026-03-26 11:57:17,600 [ERROR] presentation.associados_controller - Usando ficheiro existente: G:\.shortcut-targets-by-id\1U63DGZ6urrQl6543DNHJZQR93oRmv-G2\Associados\JornalMarço26_envio.xlsx
2026-03-26 11:57:17,711 [INFO] presentation.associados_controller - Dados carregados do ficheiro existente: 920 registos
2026-03-26 22:26:37,867 [INFO] presentation.associados_controller - Selecione o template do email.
2026-03-26 22:26:41,829 [INFO] presentation.associados_controller - Template selecionado: JornalMarço26.docx
2026-03-26 22:26:41,829 [INFO] presentation.associados_controller - Selecione um ou mais anexos (opcional).
2026-03-26 22:26:46,393 [INFO] presentation.associados_controller - Anexos selecionados: Guia_Consumidor_Idoso.pdf, Jornal ATRPT março de 2026.pdf
2026-03-26 22:26:46,393 [INFO] presentation.associados_controller - Construindo dados de envio...
2026-03-26 22:26:46,394 [INFO] application.associados.enviar_emails_usecase - ============================================================
2026-03-26 22:26:46,394 [INFO] application.associados.enviar_emails_usecase - FASE 1: PREPARAÇÃO DAS MENSAGENS
2026-03-26 22:26:46,394 [INFO] application.associados.enviar_emails_usecase - ============================================================
2026-03-26 22:26:46,394 [ERROR] presentation.associados_controller - Erro ao construir dados: 'AssociadosExcelRepo' object has no attribute 'carregar_todos'
2026-03-26 22:26:46,394 [ERROR] presentation.associados_controller - Erro ao construir dados de envio
Traceback (most recent call last):
  File "G:\.shortcut-targets-by-id\1NsBCziGNFjlQ-f8QRcezPsKVP9QzGdp0\APPs\atrpt\presentation\associados_controller.py", line 82, in abrir_envio_emails
    resultado_preparacao = self.usecase.preparar(
                           ^^^^^^^^^^^^^^^^^^^^^^
  File "G:\.shortcut-targets-by-id\1NsBCziGNFjlQ-f8QRcezPsKVP9QzGdp0\APPs\atrpt\application\associados\enviar_emails_usecase.py", line 124, in preparar
    df_envio = self.construir_df_envio()
               ^^^^^^^^^^^^^^^^^^^^^^^^^
  File "G:\.shortcut-targets-by-id\1NsBCziGNFjlQ-f8QRcezPsKVP9QzGdp0\APPs\atrpt\application\associados\enviar_emails_usecase.py", line 81, in construir_df_envio
    df = self.repo_associados.carregar_todos()
         ^^^^^^^^^^^^^^^^^^^^^^^^^^^^^^^^^^^
AttributeError: 'AssociadosExcelRepo' object has no attribute 'carregar_todos'
2026-03-26 22:26:46,411 [INFO] presentation.associados_controller - 📝 Fase 1: Preparando mensagens...
2026-03-26 22:32:12,285 [INFO] presentation.associados_controller - Selecione o template do email.
2026-03-26 22:32:16,215 [INFO] presentation.associados_controller - Template selecionado: JornalMarço26.docx
2026-03-26 22:32:16,216 [INFO] presentation.associados_controller - Selecione um ou mais anexos (opcional).
2026-03-26 22:32:25,160 [INFO] presentation.associados_controller - Anexos selecionados: Guia_Consumidor_Idoso.pdf, Jornal ATRPT março de 2026.pdf
2026-03-26 22:32:25,160 [INFO] presentation.associados_controller - Construindo dados de envio...
2026-03-26 22:32:25,160 [INFO] application.associados.enviar_emails_usecase - ============================================================
2026-03-26 22:32:25,160 [INFO] application.associados.enviar_emails_usecase - FASE 1: PREPARAÇÃO DAS MENSAGENS
2026-03-26 22:32:25,160 [INFO] application.associados.enviar_emails_usecase - ============================================================
2026-03-26 22:32:25,686 [INFO] application.associados.enviar_emails_usecase - Dados carregados: 921 associados ativos com email
2026-03-26 22:32:26,658 [INFO] application.associados.enviar_emails_usecase - saldos carregados: 1327 registos
2026-03-26 22:32:26,690 [INFO] application.associados.enviar_emails_usecase - Campo 'sexo' processado
2026-03-26 22:32:26,690 [INFO] application.associados.enviar_emails_usecase - Campo 'nome' processado
2026-03-26 22:32:26,690 [INFO] application.associados.enviar_emails_usecase - Placeholders encontrados: []
2026-03-26 22:32:26,690 [INFO] application.associados.enviar_emails_usecase - 🔄 Renderizando 921 mensagens...
2026-03-26 22:32:26,764 [INFO] application.associados.enviar_emails_usecase - ✅ Preparação concluída. total de mensagens: 921
2026-03-26 22:32:26,764 [INFO] presentation.associados_controller - Dados preparados: 921 mensagens
2026-03-26 22:32:27,130 [INFO] presentation.associados_controller - Ficheiro de envio criado: jornalatrptmarco2026_envio.xlsx
2026-03-26 22:32:27,130 [INFO] presentation.associados_controller - 📝 Fase 1: Preparando mensagens...
2026-03-26 22:32:27,130 [INFO] presentation.associados_controller - 📧 Assunto: Jornal ATRPT Março 2026
2026-03-26 22:32:27,130 [INFO] presentation.associados_controller - 📁 Logs: logs/associados/jornalatrptmarco2026_*.log
2026-03-26 22:32:27,363 [INFO] presentation.associados_controller - 🔄 Renderizando 921 mensagens...
2026-03-26 22:32:27,379 [INFO] presentation.associados_controller - ✅ 921 mensagens preparadas
2026-03-26 22:32:32,610 [INFO] presentation.associados_controller - Iniciando envio para 921 associados...
2026-03-26 22:32:32,610 [INFO] root - Início do envio...
2026-03-26 22:32:32,610 [INFO] root - Associados selecionados=921
2026-03-26 22:32:32,610 [INFO] application.associados.enviar_emails_usecase - ============================================================
2026-03-26 22:32:32,610 [INFO] application.associados.enviar_emails_usecase - FASE 3: ENVIO DAS MENSAGENS
2026-03-26 22:32:32,610 [INFO] application.associados.enviar_emails_usecase - ============================================================
2026-03-26 22:32:32,626 [INFO] presentation.associados_controller - 📧 Iniciando envio de 921 emails...
2026-03-26 22:32:32,626 [INFO] presentation.associados_controller - ⚠️ MODO TESTE ATIVADO - enviando apenas para: jlaguiarpinto@proton.me
2026-03-26 22:32:32,844 [ERROR] application.associados.enviar_emails_usecase - Erro ao enviar para armando1949serra@sapo.pt
Traceback (most recent call last):
  File "G:\.shortcut-targets-by-id\1NsBCziGNFjlQ-f8QRcezPsKVP9QzGdp0\APPs\atrpt\application\associados\enviar_emails_usecase.py", line 401, in enviar
    self.emailer.send(msg)
    ^^^^^^^^^^^^^^^^^
AttributeError: 'EmailSender' object has no attribute 'send'
2026-03-26 22:32:32,861 [INFO] presentation.associados_controller - [1/921] ❌ Erro: 'EmailSender' object has no attribute 'send'
2026-03-26 22:32:34,815 [ERROR] application.associados.enviar_emails_usecase - Erro ao enviar para josemariaaraujo@gmail.com
Traceback (most recent call last):
  File "G:\.shortcut-targets-by-id\1NsBCziGNFjlQ-f8QRcezPsKVP9QzGdp0\APPs\atrpt\application\associados\enviar_emails_usecase.py", line 401, in enviar
    self.emailer.send(msg)
    ^^^^^^^^^^^^^^^^^
AttributeError: 'EmailSender' object has no attribute 'send'
2026-03-26 22:32:34,815 [INFO] presentation.associados_controller - [2/921] ❌ Erro: 'EmailSender' object has no attribute 'send'
2026-03-26 22:32:35,909 [ERROR] application.associados.enviar_emails_usecase - Erro ao enviar para mfsaazevedo@gmail.com
Traceback (most recent call last):
  File "G:\.shortcut-targets-by-id\1NsBCziGNFjlQ-f8QRcezPsKVP9QzGdp0\APPs\atrpt\application\associados\enviar_emails_usecase.py", line 401, in enviar
    self.emailer.send(msg)
    ^^^^^^^^^^^^^^^^^
AttributeError: 'EmailSender' object has no attribute 'send'
2026-03-26 22:32:35,926 [INFO] presentation.associados_controller - [3/921] ❌ Erro: 'EmailSender' object has no attribute 'send'
2026-03-26 22:32:36,939 [ERROR] application.associados.enviar_emails_usecase - Erro ao enviar para moraisernesto@gmail.com
Traceback (most recent call last):
  File "G:\.shortcut-targets-by-id\1NsBCziGNFjlQ-f8QRcezPsKVP9QzGdp0\APPs\atrpt\application\associados\enviar_emails_usecase.py", line 401, in enviar
    self.emailer.send(msg)
    ^^^^^^^^^^^^^^^^^
AttributeError: 'EmailSender' object has no attribute 'send'
2026-03-26 22:32:36,943 [INFO] presentation.associados_controller - [4/921] ❌ Erro: 'EmailSender' object has no attribute 'send'
2026-03-26 22:32:38,956 [ERROR] application.associados.enviar_emails_usecase - Erro ao enviar para catiassmoreira@gmail.com
Traceback (most recent call last):
  File "G:\.shortcut-targets-by-id\1NsBCziGNFjlQ-f8QRcezPsKVP9QzGdp0\APPs\atrpt\application\associados\enviar_emails_usecase.py", line 401, in enviar
    self.emailer.send(msg)
    ^^^^^^^^^^^^^^^^^
AttributeError: 'EmailSender' object has no attribute 'send'
2026-03-26 22:32:38,956 [INFO] presentation.associados_controller - [5/921] ❌ Erro: 'EmailSender' object has no attribute 'send'
2026-03-26 22:32:41,873 [ERROR] application.associados.enviar_emails_usecase - Erro ao enviar para americoclino@gmail.com
Traceback (most recent call last):
  File "G:\.shortcut-targets-by-id\1NsBCziGNFjlQ-f8QRcezPsKVP9QzGdp0\APPs\atrpt\application\associados\enviar_emails_usecase.py", line 401, in enviar
    self.emailer.send(msg)
    ^^^^^^^^^^^^^^^^^
AttributeError: 'EmailSender' object has no attribute 'send'
2026-03-26 22:32:41,876 [INFO] presentation.associados_controller - [6/921] ❌ Erro: 'EmailSender' object has no attribute 'send'
2026-03-26 22:32:43,368 [ERROR] application.associados.enviar_emails_usecase - Erro ao enviar para alinamanuelamartins@gmail.com
Traceback (most recent call last):
  File "G:\.shortcut-targets-by-id\1NsBCziGNFjlQ-f8QRcezPsKVP9QzGdp0\APPs\atrpt\application\associados\enviar_emails_usecase.py", line 401, in enviar
    self.emailer.send(msg)
    ^^^^^^^^^^^^^^^^^
AttributeError: 'EmailSender' object has no attribute 'send'
2026-03-26 22:32:43,371 [INFO] presentation.associados_controller - [7/921] ❌ Erro: 'EmailSender' object has no attribute 'send'
2026-03-26 22:32:44,723 [ERROR] application.associados.enviar_emails_usecase - Erro ao enviar para sandranestor@gmail.com
Traceback (most recent call last):
  File "G:\.shortcut-targets-by-id\1NsBCziGNFjlQ-f8QRcezPsKVP9QzGdp0\APPs\atrpt\application\associados\enviar_emails_usecase.py", line 401, in enviar
    self.emailer.send(msg)
    ^^^^^^^^^^^^^^^^^
AttributeError: 'EmailSender' object has no attribute 'send'
2026-03-26 22:32:44,723 [INFO] presentation.associados_controller - [8/921] ❌ Erro: 'EmailSender' object has no attribute 'send'
2026-03-26 22:32:47,186 [ERROR] application.associados.enviar_emails_usecase - Erro ao enviar para antonio.a.ribeiro@sapo.pt
Traceback (most recent call last):
  File "G:\.shortcut-targets-by-id\1NsBCziGNFjlQ-f8QRcezPsKVP9QzGdp0\APPs\atrpt\application\associados\enviar_emails_usecase.py", line 401, in enviar
    self.emailer.send(msg)
    ^^^^^^^^^^^^^^^^^
AttributeError: 'EmailSender' object has no attribute 'send'
2026-03-26 22:32:47,186 [INFO] presentation.associados_controller - [9/921] ❌ Erro: 'EmailSender' object has no attribute 'send'
2026-03-26 22:50:31,065 [INFO] presentation.associados_controller - Selecione o template do email.
2026-03-26 22:50:34,595 [INFO] presentation.associados_controller - Template selecionado: JornalMarço26.docx
2026-03-26 22:50:34,596 [INFO] presentation.associados_controller - Selecione um ou mais anexos (opcional).
2026-03-26 22:50:39,571 [INFO] presentation.associados_controller - Anexos selecionados: Guia_Consumidor_Idoso.pdf, Jornal ATRPT março de 2026.pdf
2026-03-26 22:50:39,571 [INFO] presentation.associados_controller - Construindo dados de envio...
2026-03-26 22:50:39,571 [INFO] application.associados.enviar_emails_usecase - ============================================================
2026-03-26 22:50:39,571 [INFO] application.associados.enviar_emails_usecase - FASE 1: PREPARAÇÃO DAS MENSAGENS
2026-03-26 22:50:39,571 [INFO] application.associados.enviar_emails_usecase - ============================================================
2026-03-26 22:50:40,097 [INFO] application.associados.enviar_emails_usecase - Dados carregados: 921 associados ativos com email
2026-03-26 22:50:40,272 [INFO] application.associados.enviar_emails_usecase - saldos carregados: 1327 registos
2026-03-26 22:50:40,288 [INFO] application.associados.enviar_emails_usecase - Campo 'sexo' processado
2026-03-26 22:50:40,288 [INFO] application.associados.enviar_emails_usecase - Campo 'nome' processado
2026-03-26 22:50:40,288 [INFO] application.associados.enviar_emails_usecase - Placeholders encontrados: []
2026-03-26 22:50:40,288 [INFO] application.associados.enviar_emails_usecase - 🔄 Renderizando 921 mensagens...
2026-03-26 22:50:40,352 [INFO] application.associados.enviar_emails_usecase - ✅ Preparação concluída. total de mensagens: 921
2026-03-26 22:50:40,368 [INFO] presentation.associados_controller - Dados preparados: 921 mensagens
2026-03-26 22:50:40,368 [INFO] presentation.associados_controller - 📝 Fase 1: Preparando mensagens...
2026-03-26 22:50:40,368 [INFO] presentation.associados_controller - 📧 Assunto: Jornal ATRPT Março 2026
2026-03-26 22:50:40,368 [INFO] presentation.associados_controller - 📁 Logs: logs/associados/jornalatrptmarco2026_*.log
2026-03-26 22:50:40,591 [INFO] presentation.associados_controller - 🔄 Renderizando 921 mensagens...
2026-03-26 22:50:40,591 [INFO] presentation.associados_controller - ✅ 921 mensagens preparadas
2026-03-26 22:50:44,399 [INFO] presentation.associados_controller - Usando ficheiro existente: G:\.shortcut-targets-by-id\1U63DGZ6urrQl6543DNHJZQR93oRmv-G2\Associados\jornalatrptmarco2026_envio.xlsx
2026-03-26 22:50:44,585 [ERROR] presentation.associados_controller - Erro ao construir dados: 'EnviarEmailsAssociadosUseCase' object has no attribute '_repreparar_mensagens'
2026-03-26 22:50:44,585 [ERROR] presentation.associados_controller - Erro ao construir dados de envio
Traceback (most recent call last):
  File "G:\.shortcut-targets-by-id\1NsBCziGNFjlQ-f8QRcezPsKVP9QzGdp0\APPs\atrpt\presentation\associados_controller.py", line 113, in abrir_envio_emails
    self.df_envio = self.usecase._repreparar_mensagens(self.df_envio, str(self.template))
                    ^^^^^^^^^^^^^^^^^^^^^^^^^^^^^^^^^^
AttributeError: 'EnviarEmailsAssociadosUseCase' object has no attribute '_repreparar_mensagens'
2026-03-26 22:56:34,058 [ERROR] root - Erro fatal no módulo Associados.
Traceback (most recent call last):
  File "G:\.shortcut-targets-by-id\1NsBCziGNFjlQ-f8QRcezPsKVP9QzGdp0\APPs\atrpt\associados_main.py", line 112, in main
    return run_gui()
           ^^^^^^^^^
  File "G:\.shortcut-targets-by-id\1NsBCziGNFjlQ-f8QRcezPsKVP9QzGdp0\APPs\atrpt\associados_main.py", line 70, in run_gui
    controller = container.build_associados_controller(root,user_context)
                 ^^^^^^^^^^^^^^^^^^^^^^^^^^^^^^^^^^^^^^^^^^^^^^^^^^^^^^^^
  File "G:\.shortcut-targets-by-id\1NsBCziGNFjlQ-f8QRcezPsKVP9QzGdp0\APPs\atrpt\core\bootstrap.py", line 132, in build_associados_controller
    ctrl = AssociadosController(
           ^^^^^^^^^^^^^^^^^^^^^
  File "G:\.shortcut-targets-by-id\1NsBCziGNFjlQ-f8QRcezPsKVP9QzGdp0\APPs\atrpt\presentation\associados_controller.py", line 33, in __init__
    self.usecase = EnviarEmailsAssociadosUseCase(self.repo_associados, self.emailer,email_sender=self.email_sender)
                                                                                                 ^^^^^^^^^^^^^^^^^
AttributeError: 'AssociadosController' object has no attribute 'email_sender'
2026-03-26 22:57:45,068 [INFO] presentation.associados_controller - Selecione o template do email.
2026-03-26 22:57:48,798 [INFO] presentation.associados_controller - Template selecionado: JornalMarço26.docx
2026-03-26 22:57:48,798 [INFO] presentation.associados_controller - Selecione um ou mais anexos (opcional).
2026-03-26 22:57:54,257 [INFO] presentation.associados_controller - Anexos selecionados: Guia_Consumidor_Idoso.pdf, Jornal ATRPT março de 2026.pdf
2026-03-26 22:57:54,257 [INFO] presentation.associados_controller - Construindo dados de envio...
2026-03-26 22:57:54,257 [INFO] application.associados.enviar_emails_usecase - ============================================================
2026-03-26 22:57:54,257 [INFO] application.associados.enviar_emails_usecase - FASE 1: PREPARAÇÃO DAS MENSAGENS
2026-03-26 22:57:54,257 [INFO] application.associados.enviar_emails_usecase - ============================================================
2026-03-26 22:57:54,782 [INFO] application.associados.enviar_emails_usecase - Dados carregados: 921 associados ativos com email
2026-03-26 22:57:54,941 [INFO] application.associados.enviar_emails_usecase - saldos carregados: 1327 registos
2026-03-26 22:57:54,972 [INFO] application.associados.enviar_emails_usecase - Campo 'sexo' processado
2026-03-26 22:57:54,972 [INFO] application.associados.enviar_emails_usecase - Campo 'nome' processado
2026-03-26 22:57:54,973 [INFO] application.associados.enviar_emails_usecase - Placeholders encontrados: []
2026-03-26 22:57:54,973 [INFO] application.associados.enviar_emails_usecase - 🔄 Renderizando 921 mensagens...
2026-03-26 22:57:55,037 [INFO] application.associados.enviar_emails_usecase - ✅ Preparação concluída. total de mensagens: 921
2026-03-26 22:57:55,037 [INFO] presentation.associados_controller - Dados preparados: 921 mensagens
2026-03-26 22:57:55,037 [INFO] presentation.associados_controller - 📝 Fase 1: Preparando mensagens...
2026-03-26 22:57:55,037 [INFO] presentation.associados_controller - 📧 Assunto: Jornal ATRPT Março 2026
2026-03-26 22:57:55,037 [INFO] presentation.associados_controller - 📁 Logs: logs/associados/jornalatrptmarco2026_*.log
2026-03-26 22:57:55,259 [INFO] presentation.associados_controller - 🔄 Renderizando 921 mensagens...
2026-03-26 22:57:55,259 [INFO] presentation.associados_controller - ✅ 921 mensagens preparadas
2026-03-26 22:58:02,584 [INFO] presentation.associados_controller - Usando ficheiro existente: G:\.shortcut-targets-by-id\1U63DGZ6urrQl6543DNHJZQR93oRmv-G2\Associados\jornalatrptmarco2026_envio.xlsx
2026-03-26 22:58:02,791 [INFO] application.associados.enviar_emails_usecase - ============================================================
2026-03-26 22:58:02,791 [INFO] application.associados.enviar_emails_usecase - FASE 1: PREPARAÇÃO DAS MENSAGENS
2026-03-26 22:58:02,791 [INFO] application.associados.enviar_emails_usecase - ============================================================
2026-03-26 22:58:02,807 [INFO] application.associados.enviar_emails_usecase - Campo 'sexo' processado
2026-03-26 22:58:02,807 [INFO] application.associados.enviar_emails_usecase - Campo 'nome' processado
2026-03-26 22:58:02,807 [INFO] application.associados.enviar_emails_usecase - Placeholders encontrados: []
2026-03-26 22:58:02,807 [INFO] application.associados.enviar_emails_usecase - 🔄 Renderizando 921 mensagens...
2026-03-26 22:58:02,871 [INFO] application.associados.enviar_emails_usecase - ✅ Preparação concluída. total de mensagens: 921
2026-03-26 22:58:02,887 [INFO] presentation.associados_controller - 📝 Fase 1: Preparando mensagens...
2026-03-26 22:58:02,887 [INFO] presentation.associados_controller - 📧 Assunto: Jornal ATRPT Março 2026
2026-03-26 22:58:02,887 [INFO] presentation.associados_controller - 📁 Logs: logs/associados/jornalatrptmarco2026_*.log
2026-03-26 22:58:02,887 [INFO] presentation.associados_controller - 🔄 Renderizando 921 mensagens...
2026-03-26 22:58:02,887 [INFO] presentation.associados_controller - ✅ 921 mensagens preparadas
2026-03-26 22:58:19,434 [INFO] presentation.associados_controller - Iniciando envio para 921 associados...
2026-03-26 22:58:19,434 [INFO] root - Início do envio...
2026-03-26 22:58:19,434 [INFO] root - Associados selecionados=921
2026-03-26 22:58:19,434 [INFO] application.associados.enviar_emails_usecase - ============================================================
2026-03-26 22:58:19,434 [INFO] application.associados.enviar_emails_usecase - FASE 3: ENVIO DAS MENSAGENS (MODO BATCH)
2026-03-26 22:58:19,434 [INFO] application.associados.enviar_emails_usecase - ============================================================
2026-03-26 22:58:19,434 [INFO] presentation.associados_controller - 📧 Preparando envio de 921 emails...
2026-03-26 22:58:19,464 [INFO] presentation.associados_controller - ⚠️ MODO TESTE ATIVADO - enviando apenas para: jlaguiarpinto@proton.me
2026-03-26 22:58:19,508 [INFO] presentation.associados_controller - 📁 Logs serão guardados em: logs\associados\jornalatrptmarco2026
2026-03-26 22:58:19,508 [INFO] application.associados.enviar_emails_usecase - Usando EmailSender existente
2026-03-26 22:58:19,515 [INFO] presentation.associados_controller - [1/921] Enviar para armando1949serra@sapo.pt?
2026-03-26 22:58:39,057 [INFO] presentation.associados_controller - [1/921] OK → armando1949serra@sapo.pt
2026-03-26 22:58:40,514 [INFO] presentation.associados_controller - [2/921] Enviar para josemariaaraujo@gmail.com?
2026-03-26 22:58:48,580 [INFO] presentation.associados_controller - [2/921] OK → josemariaaraujo@gmail.com
2026-03-26 22:58:50,311 [INFO] presentation.associados_controller - [3/921] Enviar para mfsaazevedo@gmail.com?
2026-03-26 22:58:57,925 [INFO] presentation.associados_controller - [3/921] OK → mfsaazevedo@gmail.com
2026-03-26 22:58:59,120 [INFO] presentation.associados_controller - [4/921] Enviar para moraisernesto@gmail.com?
2026-03-26 22:59:07,611 [INFO] presentation.associados_controller - [4/921] OK → moraisernesto@gmail.com
2026-03-26 22:59:10,389 [INFO] presentation.associados_controller - [5/921] Enviar para catiassmoreira@gmail.com?
2026-03-26 22:59:19,973 [INFO] presentation.associados_controller - [5/921] OK → catiassmoreira@gmail.com
2026-03-26 22:59:22,520 [INFO] presentation.associados_controller - [6/921] Enviar para americoclino@gmail.com?
2026-03-26 22:59:32,317 [INFO] presentation.associados_controller - [6/921] OK → americoclino@gmail.com
2026-03-26 22:59:34,112 [INFO] presentation.associados_controller - [7/921] Enviar para alinamanuelamartins@gmail.com?
2026-03-26 23:02:06,624 [INFO] presentation.associados_controller - Selecione o template do email.
2026-03-26 23:02:10,288 [INFO] presentation.associados_controller - Template selecionado: JornalMarço26.docx
2026-03-26 23:02:10,288 [INFO] presentation.associados_controller - Selecione um ou mais anexos (opcional).
2026-03-26 23:02:15,449 [INFO] presentation.associados_controller - Anexos selecionados: Guia_Consumidor_Idoso.pdf, Jornal ATRPT março de 2026.pdf
2026-03-26 23:02:15,449 [INFO] presentation.associados_controller - Construindo dados de envio...
2026-03-26 23:02:15,449 [INFO] application.associados.enviar_emails_usecase - ============================================================
2026-03-26 23:02:15,449 [INFO] application.associados.enviar_emails_usecase - FASE 1: PREPARAÇÃO DAS MENSAGENS
2026-03-26 23:02:15,449 [INFO] application.associados.enviar_emails_usecase - ============================================================
2026-03-26 23:02:15,959 [INFO] application.associados.enviar_emails_usecase - Dados carregados: 921 associados ativos com email
2026-03-26 23:02:16,134 [INFO] application.associados.enviar_emails_usecase - saldos carregados: 1327 registos
2026-03-26 23:02:16,154 [INFO] application.associados.enviar_emails_usecase - Campo 'sexo' processado
2026-03-26 23:02:16,156 [INFO] application.associados.enviar_emails_usecase - Campo 'nome' processado
2026-03-26 23:02:16,156 [INFO] application.associados.enviar_emails_usecase - Placeholders encontrados: []
2026-03-26 23:02:16,156 [INFO] application.associados.enviar_emails_usecase - 🔄 Renderizando 921 mensagens...
2026-03-26 23:02:16,213 [INFO] application.associados.enviar_emails_usecase - ✅ Preparação concluída. total de mensagens: 921
2026-03-26 23:02:16,213 [INFO] presentation.associados_controller - Dados preparados: 921 mensagens
2026-03-26 23:02:16,229 [INFO] presentation.associados_controller - 📝 Fase 1: Preparando mensagens...
2026-03-26 23:02:16,229 [INFO] presentation.associados_controller - 📧 Assunto: Jornal ATRPT Março 2026
2026-03-26 23:02:16,229 [INFO] presentation.associados_controller - 📁 Logs: logs/associados/jornalatrptmarco2026_*.log
2026-03-26 23:02:16,450 [INFO] presentation.associados_controller - 🔄 Renderizando 921 mensagens...
2026-03-26 23:02:16,466 [INFO] presentation.associados_controller - ✅ 921 mensagens preparadas
2026-03-26 23:02:24,847 [INFO] presentation.associados_controller - Usando ficheiro existente: G:\.shortcut-targets-by-id\1U63DGZ6urrQl6543DNHJZQR93oRmv-G2\Associados\jornalatrptmarco2026_envio.xlsx
2026-03-26 23:02:25,037 [INFO] application.associados.enviar_emails_usecase - ============================================================
2026-03-26 23:02:25,037 [INFO] application.associados.enviar_emails_usecase - FASE 1: PREPARAÇÃO DAS MENSAGENS
2026-03-26 23:02:25,037 [INFO] application.associados.enviar_emails_usecase - ============================================================
2026-03-26 23:02:25,067 [INFO] application.associados.enviar_emails_usecase - Campo 'sexo' processado
2026-03-26 23:02:25,069 [INFO] application.associados.enviar_emails_usecase - Campo 'nome' processado
2026-03-26 23:02:25,069 [INFO] application.associados.enviar_emails_usecase - Placeholders encontrados: []
2026-03-26 23:02:25,069 [INFO] application.associados.enviar_emails_usecase - 🔄 Renderizando 921 mensagens...
2026-03-26 23:02:25,133 [INFO] application.associados.enviar_emails_usecase - ✅ Preparação concluída. total de mensagens: 921
2026-03-26 23:02:25,151 [INFO] presentation.associados_controller - 📝 Fase 1: Preparando mensagens...
2026-03-26 23:02:25,151 [INFO] presentation.associados_controller - 📧 Assunto: Jornal ATRPT Março 2026
2026-03-26 23:02:25,151 [INFO] presentation.associados_controller - 📁 Logs: logs/associados/jornalatrptmarco2026_*.log
2026-03-26 23:02:25,153 [INFO] presentation.associados_controller - 🔄 Renderizando 921 mensagens...
2026-03-26 23:02:25,153 [INFO] presentation.associados_controller - ✅ 921 mensagens preparadas
2026-03-26 23:02:27,295 [INFO] presentation.associados_controller - Iniciando envio para 921 associados...
2026-03-26 23:02:27,295 [INFO] root - Início do envio...
2026-03-26 23:02:27,295 [INFO] root - Associados selecionados=921
2026-03-26 23:02:27,295 [INFO] application.associados.enviar_emails_usecase - ============================================================
2026-03-26 23:02:27,295 [INFO] application.associados.enviar_emails_usecase - FASE 3: ENVIO DAS MENSAGENS (MODO BATCH)
2026-03-26 23:02:27,295 [INFO] application.associados.enviar_emails_usecase - ============================================================
2026-03-26 23:02:27,311 [INFO] presentation.associados_controller - 📧 Preparando envio de 921 emails...
2026-03-26 23:02:27,343 [INFO] application.associados.enviar_emails_usecase - Usando EmailSender existente
2026-03-26 23:02:27,343 [INFO] presentation.associados_controller - 📁 Logs serão guardados em: logs\associados\jornalatrptmarco2026
2026-03-26 23:13:05,615 [ERROR] root - Erro fatal no módulo Associados.
Traceback (most recent call last):
  File "G:\.shortcut-targets-by-id\1NsBCziGNFjlQ-f8QRcezPsKVP9QzGdp0\APPs\atrpt\associados_main.py", line 112, in main
    return run_gui()
           ^^^^^^^^^
  File "G:\.shortcut-targets-by-id\1NsBCziGNFjlQ-f8QRcezPsKVP9QzGdp0\APPs\atrpt\associados_main.py", line 70, in run_gui
    controller = container.build_associados_controller(root,user_context)
                 ^^^^^^^^^^^^^^^^^^^^^^^^^^^^^^^^^^^^^^^^^^^^^^^^^^^^^^^^
  File "G:\.shortcut-targets-by-id\1NsBCziGNFjlQ-f8QRcezPsKVP9QzGdp0\APPs\atrpt\core\bootstrap.py", line 131, in build_associados_controller
    from presentation.associados_controller import AssociadosController
  File "G:\.shortcut-targets-by-id\1NsBCziGNFjlQ-f8QRcezPsKVP9QzGdp0\APPs\atrpt\presentation\associados_controller.py", line 17, in <module>
    class AssociadosController:
  File "G:\.shortcut-targets-by-id\1NsBCziGNFjlQ-f8QRcezPsKVP9QzGdp0\APPs\atrpt\presentation\associados_controller.py", line 303, in AssociadosController
    self.root.after(0, update_ui)
    ^^^^
NameError: name 'self' is not defined
2026-03-26 23:14:34,296 [INFO] presentation.associados_controller - Selecione o template do email.
2026-03-26 23:14:37,894 [INFO] presentation.associados_controller - Template selecionado: JornalMarço26.docx
2026-03-26 23:14:37,894 [INFO] presentation.associados_controller - Selecione um ou mais anexos (opcional).
2026-03-26 23:14:42,194 [INFO] presentation.associados_controller - Anexos selecionados: Guia_Consumidor_Idoso.pdf, Jornal ATRPT março de 2026.pdf
2026-03-26 23:14:42,194 [INFO] presentation.associados_controller - Construindo dados de envio...
2026-03-26 23:14:42,194 [INFO] application.associados.enviar_emails_usecase - ============================================================
2026-03-26 23:14:42,194 [INFO] application.associados.enviar_emails_usecase - FASE 1: PREPARAÇÃO DAS MENSAGENS
2026-03-26 23:14:42,194 [INFO] application.associados.enviar_emails_usecase - ============================================================
2026-03-26 23:14:42,194 [INFO] presentation.associados_controller - 📝 Fase 1: Preparando mensagens...
2026-03-26 23:14:42,704 [INFO] application.associados.enviar_emails_usecase - Dados carregados: 921 associados ativos com email
2026-03-26 23:14:42,879 [INFO] application.associados.enviar_emails_usecase - saldos carregados: 1327 registos
2026-03-26 23:14:42,895 [INFO] presentation.associados_controller - 📧 Assunto: Jornal ATRPT Março 2026
2026-03-26 23:14:42,895 [INFO] presentation.associados_controller - 📁 Logs: logs/associados/jornalatrptmarco2026_*.log
2026-03-26 23:14:42,895 [INFO] application.associados.enviar_emails_usecase - Campo 'sexo' processado
2026-03-26 23:14:42,895 [INFO] application.associados.enviar_emails_usecase - Campo 'nome' processado
2026-03-26 23:14:42,895 [INFO] application.associados.enviar_emails_usecase - Placeholders encontrados: []
2026-03-26 23:14:42,895 [INFO] application.associados.enviar_emails_usecase - 🔄 Renderizando 921 mensagens...
2026-03-26 23:14:42,895 [INFO] presentation.associados_controller - 🔄 Renderizando 921 mensagens...
2026-03-26 23:14:42,959 [INFO] application.associados.enviar_emails_usecase - ✅ Preparação concluída. total de mensagens: 921
2026-03-26 23:14:42,975 [INFO] presentation.associados_controller - ✅ 921 mensagens preparadas
2026-03-26 23:14:42,975 [INFO] presentation.associados_controller - Dados preparados: 921 mensagens
2026-03-26 23:14:46,882 [INFO] presentation.associados_controller - Usando ficheiro existente: G:\.shortcut-targets-by-id\1U63DGZ6urrQl6543DNHJZQR93oRmv-G2\Associados\jornalatrptmarco2026_envio.xlsx
2026-03-26 23:14:47,070 [INFO] application.associados.enviar_emails_usecase - ============================================================
2026-03-26 23:14:47,070 [INFO] application.associados.enviar_emails_usecase - FASE 1: PREPARAÇÃO DAS MENSAGENS
2026-03-26 23:14:47,070 [INFO] application.associados.enviar_emails_usecase - ============================================================
2026-03-26 23:14:47,070 [INFO] presentation.associados_controller - 📝 Fase 1: Preparando mensagens...
2026-03-26 23:14:47,078 [INFO] presentation.associados_controller - 📧 Assunto: Jornal ATRPT Março 2026
2026-03-26 23:14:47,078 [INFO] presentation.associados_controller - 📁 Logs: logs/associados/jornalatrptmarco2026_*.log
2026-03-26 23:14:47,078 [INFO] application.associados.enviar_emails_usecase - Campo 'sexo' processado
2026-03-26 23:14:47,078 [INFO] application.associados.enviar_emails_usecase - Campo 'nome' processado
2026-03-26 23:14:47,094 [INFO] application.associados.enviar_emails_usecase - Placeholders encontrados: []
2026-03-26 23:14:47,094 [INFO] application.associados.enviar_emails_usecase - 🔄 Renderizando 921 mensagens...
2026-03-26 23:14:47,094 [INFO] presentation.associados_controller - 🔄 Renderizando 921 mensagens...
2026-03-26 23:14:47,157 [INFO] application.associados.enviar_emails_usecase - ✅ Preparação concluída. total de mensagens: 921
2026-03-26 23:14:47,157 [INFO] presentation.associados_controller - ✅ 921 mensagens preparadas
2026-03-26 23:14:49,609 [INFO] presentation.associados_controller - Iniciando envio para 921 associados...
2026-03-26 23:14:49,609 [INFO] root - Início do envio...
2026-03-26 23:14:49,609 [INFO] root - Associados selecionados=921
2026-03-26 23:14:49,609 [INFO] application.associados.enviar_emails_usecase - ============================================================
2026-03-26 23:14:49,609 [INFO] application.associados.enviar_emails_usecase - FASE 3: ENVIO DAS MENSAGENS (MODO BATCH)
2026-03-26 23:14:49,609 [INFO] application.associados.enviar_emails_usecase - ============================================================
2026-03-26 23:14:49,609 [INFO] presentation.associados_controller - 📧 Preparando envio de 921 emails...
2026-03-26 23:14:49,641 [INFO] presentation.associados_controller - 📁 Logs serão guardados em: logs\associados\jornalatrptmarco2026
2026-03-26 23:14:49,657 [INFO] application.associados.enviar_emails_usecase - Usando EmailSender existente
2026-03-26 23:15:09,258 [INFO] presentation.associados_controller - [1/921] OK → armando1949serra@sapo.pt
2026-03-26 23:15:16,711 [INFO] presentation.associados_controller - [2/921] OK → josemariaaraujo@gmail.com
2026-03-26 23:15:30,966 [INFO] presentation.associados_controller - Selecione o template do email.
2026-03-26 23:15:34,909 [INFO] presentation.associados_controller - Template selecionado: JornalMarço26.docx
2026-03-26 23:15:34,909 [INFO] presentation.associados_controller - Selecione um ou mais anexos (opcional).
2026-03-26 23:15:41,055 [INFO] presentation.associados_controller - Anexos selecionados: Guia_Consumidor_Idoso.pdf, Jornal ATRPT março de 2026.pdf
2026-03-26 23:15:41,055 [INFO] presentation.associados_controller - Construindo dados de envio...
2026-03-26 23:15:41,055 [INFO] application.associados.enviar_emails_usecase - ============================================================
2026-03-26 23:15:41,055 [INFO] application.associados.enviar_emails_usecase - FASE 1: PREPARAÇÃO DAS MENSAGENS
2026-03-26 23:15:41,055 [INFO] application.associados.enviar_emails_usecase - ============================================================
2026-03-26 23:15:41,055 [INFO] presentation.associados_controller - 📝 Fase 1: Preparando mensagens...
2026-03-26 23:15:41,564 [INFO] application.associados.enviar_emails_usecase - Dados carregados: 921 associados ativos com email
2026-03-26 23:15:41,739 [INFO] application.associados.enviar_emails_usecase - saldos carregados: 1327 registos
2026-03-26 23:15:41,755 [INFO] presentation.associados_controller - 📧 Assunto: Jornal ATRPT Março 2026
2026-03-26 23:15:41,755 [INFO] presentation.associados_controller - 📁 Logs: logs/associados/jornalatrptmarco2026_*.log
2026-03-26 23:15:41,755 [INFO] application.associados.enviar_emails_usecase - Campo 'sexo' processado
2026-03-26 23:15:41,755 [INFO] application.associados.enviar_emails_usecase - Campo 'nome' processado
2026-03-26 23:15:41,755 [INFO] application.associados.enviar_emails_usecase - Placeholders encontrados: []
2026-03-26 23:15:41,755 [INFO] application.associados.enviar_emails_usecase - 🔄 Renderizando 921 mensagens...
2026-03-26 23:15:41,755 [INFO] presentation.associados_controller - 🔄 Renderizando 921 mensagens...
2026-03-26 23:15:41,834 [INFO] application.associados.enviar_emails_usecase - ✅ Preparação concluída. total de mensagens: 921
2026-03-26 23:15:41,834 [INFO] presentation.associados_controller - ✅ 921 mensagens preparadas
2026-03-26 23:15:41,834 [INFO] presentation.associados_controller - Dados preparados: 921 mensagens
2026-03-26 23:15:46,817 [INFO] presentation.associados_controller - Usando ficheiro existente: G:\.shortcut-targets-by-id\1U63DGZ6urrQl6543DNHJZQR93oRmv-G2\Associados\jornalatrptmarco2026_envio.xlsx
2026-03-26 23:15:47,055 [INFO] application.associados.enviar_emails_usecase - ============================================================
2026-03-26 23:15:47,055 [INFO] application.associados.enviar_emails_usecase - FASE 1: PREPARAÇÃO DAS MENSAGENS
2026-03-26 23:15:47,055 [INFO] application.associados.enviar_emails_usecase - ============================================================
2026-03-26 23:15:47,055 [INFO] presentation.associados_controller - 📝 Fase 1: Preparando mensagens...
2026-03-26 23:15:47,076 [INFO] presentation.associados_controller - 📧 Assunto: Jornal ATRPT Março 2026
2026-03-26 23:15:47,076 [INFO] presentation.associados_controller - 📁 Logs: logs/associados/jornalatrptmarco2026_*.log
2026-03-26 23:15:47,076 [INFO] application.associados.enviar_emails_usecase - Campo 'sexo' processado
2026-03-26 23:15:47,076 [INFO] application.associados.enviar_emails_usecase - Campo 'nome' processado
2026-03-26 23:15:47,076 [INFO] application.associados.enviar_emails_usecase - Placeholders encontrados: []
2026-03-26 23:15:47,076 [INFO] application.associados.enviar_emails_usecase - 🔄 Renderizando 921 mensagens...
2026-03-26 23:15:47,076 [INFO] presentation.associados_controller - 🔄 Renderizando 921 mensagens...
2026-03-26 23:15:47,134 [INFO] application.associados.enviar_emails_usecase - ✅ Preparação concluída. total de mensagens: 921
2026-03-26 23:15:47,150 [INFO] presentation.associados_controller - ✅ 921 mensagens preparadas
2026-03-26 23:25:38,355 [INFO] presentation.associados_controller - Selecione o template do email.
2026-03-26 23:25:41,769 [INFO] presentation.associados_controller - Template selecionado: JornalMarço26.docx
2026-03-26 23:25:41,770 [INFO] presentation.associados_controller - Selecione um ou mais anexos (opcional).
2026-03-26 23:25:45,769 [INFO] presentation.associados_controller - Anexos selecionados: Guia_Consumidor_Idoso.pdf, Jornal ATRPT março de 2026.pdf
2026-03-26 23:25:45,769 [INFO] presentation.associados_controller - Construindo dados de envio...
2026-03-26 23:25:45,769 [INFO] application.associados.enviar_emails_usecase - ============================================================
2026-03-26 23:25:45,769 [INFO] application.associados.enviar_emails_usecase - FASE 1: PREPARAÇÃO DAS MENSAGENS
2026-03-26 23:25:45,769 [INFO] application.associados.enviar_emails_usecase - ============================================================
2026-03-26 23:25:45,769 [INFO] presentation.associados_controller - 📝 Fase 1: Preparando mensagens...
2026-03-26 23:25:46,281 [INFO] application.associados.enviar_emails_usecase - Dados carregados: 921 associados ativos com email
2026-03-26 23:25:46,455 [INFO] application.associados.enviar_emails_usecase - saldos carregados: 1327 registos
2026-03-26 23:25:46,471 [INFO] presentation.associados_controller - 📧 Assunto: Jornal ATRPT Março 2026
2026-03-26 23:25:46,471 [INFO] presentation.associados_controller - 📁 Logs: logs/associados/jornalatrptmarco2026_*.log
2026-03-26 23:25:46,471 [INFO] application.associados.enviar_emails_usecase - Campo 'sexo' processado
2026-03-26 23:25:46,471 [INFO] application.associados.enviar_emails_usecase - Campo 'nome' processado
2026-03-26 23:25:46,471 [INFO] application.associados.enviar_emails_usecase - Placeholders encontrados: []
2026-03-26 23:25:46,471 [INFO] application.associados.enviar_emails_usecase - 🔄 Renderizando 921 mensagens...
2026-03-26 23:25:46,471 [INFO] presentation.associados_controller - 🔄 Renderizando 921 mensagens...
2026-03-26 23:25:46,535 [INFO] application.associados.enviar_emails_usecase - ✅ Preparação concluída. total de mensagens: 921
2026-03-26 23:25:46,535 [INFO] presentation.associados_controller - ✅ 921 mensagens preparadas
2026-03-26 23:25:46,535 [INFO] presentation.associados_controller - Dados preparados: 921 mensagens
2026-03-26 23:25:49,835 [INFO] presentation.associados_controller - Usando ficheiro existente: G:\.shortcut-targets-by-id\1U63DGZ6urrQl6543DNHJZQR93oRmv-G2\Associados\jornalatrptmarco2026_envio.xlsx
2026-03-26 23:25:50,010 [INFO] application.associados.enviar_emails_usecase - ============================================================
2026-03-26 23:25:50,010 [INFO] application.associados.enviar_emails_usecase - FASE 1: PREPARAÇÃO DAS MENSAGENS
2026-03-26 23:25:50,010 [INFO] application.associados.enviar_emails_usecase - ============================================================
2026-03-26 23:25:50,010 [INFO] presentation.associados_controller - 📝 Fase 1: Preparando mensagens...
2026-03-26 23:25:50,026 [INFO] presentation.associados_controller - 📧 Assunto: Jornal ATRPT Março 2026
2026-03-26 23:25:50,026 [INFO] presentation.associados_controller - 📁 Logs: logs/associados/jornalatrptmarco2026_*.log
2026-03-26 23:25:50,042 [INFO] application.associados.enviar_emails_usecase - Campo 'sexo' processado
2026-03-26 23:25:50,042 [INFO] application.associados.enviar_emails_usecase - Campo 'nome' processado
2026-03-26 23:25:50,042 [INFO] application.associados.enviar_emails_usecase - Placeholders encontrados: []
2026-03-26 23:25:50,042 [INFO] application.associados.enviar_emails_usecase - 🔄 Renderizando 921 mensagens...
2026-03-26 23:25:50,042 [INFO] presentation.associados_controller - 🔄 Renderizando 921 mensagens...
2026-03-26 23:25:50,108 [INFO] application.associados.enviar_emails_usecase - ✅ Preparação concluída. total de mensagens: 921
2026-03-26 23:25:50,108 [INFO] presentation.associados_controller - ✅ 921 mensagens preparadas
2026-03-26 23:25:53,428 [INFO] presentation.associados_controller - Iniciando envio para 921 associados...
2026-03-26 23:25:53,428 [INFO] root - Início do envio...
2026-03-26 23:25:53,428 [INFO] root - Associados selecionados=921
2026-03-26 23:25:53,428 [INFO] application.associados.enviar_emails_usecase - ============================================================
2026-03-26 23:25:53,428 [INFO] application.associados.enviar_emails_usecase - FASE 3: ENVIO DAS MENSAGENS (MODO BATCH)
2026-03-26 23:25:53,428 [INFO] application.associados.enviar_emails_usecase - ============================================================
2026-03-26 23:25:53,428 [INFO] presentation.associados_controller - 📧 Preparando envio de 921 emails...
2026-03-26 23:25:53,460 [INFO] presentation.associados_controller - 📁 Logs serão guardados em: logs\associados\jornalatrptmarco2026
2026-03-26 23:25:53,475 [INFO] application.associados.enviar_emails_usecase - Usando EmailSender existente
2026-03-26 23:25:53,478 [INFO] presentation.associados_controller - 📨 [1/921] Enviando para ['armando1949serra@sapo.pt']...
2026-03-26 23:26:06,604 [INFO] presentation.associados_controller - [1/921] OK → armando1949serra@sapo.pt
2026-03-26 23:26:06,604 [INFO] presentation.associados_controller - ✅ [1/921] Enviado para ['armando1949serra@sapo.pt']
2026-03-26 23:26:06,627 [INFO] presentation.associados_controller - ⏱️  Aguardando 1.1s...
2026-03-26 23:26:07,804 [INFO] presentation.associados_controller - 📨 [2/921] Enviando para ['josemariaaraujo@gmail.com']...
2026-03-26 23:26:15,051 [INFO] presentation.associados_controller - [2/921] OK → josemariaaraujo@gmail.com
2026-03-26 23:26:15,053 [INFO] presentation.associados_controller - ✅ [2/921] Enviado para ['josemariaaraujo@gmail.com']
2026-03-26 23:26:15,063 [INFO] presentation.associados_controller - ⏱️  Aguardando 1.7s...
2026-03-26 23:26:16,781 [INFO] presentation.associados_controller - 📨 [3/921] Enviando para ['mfsaazevedo@gmail.com']...
2026-03-26 23:26:26,122 [INFO] presentation.associados_controller - [3/921] OK → mfsaazevedo@gmail.com
2026-03-26 23:26:26,122 [INFO] presentation.associados_controller - ✅ [3/921] Enviado para ['mfsaazevedo@gmail.com']
2026-03-26 23:26:26,138 [INFO] presentation.associados_controller - ⏱️  Aguardando 2.4s...
2026-03-26 23:26:28,578 [INFO] presentation.associados_controller - 📨 [4/921] Enviando para ['moraisernesto@gmail.com']...
2026-03-26 23:26:36,902 [INFO] presentation.associados_controller - [4/921] OK → moraisernesto@gmail.com
2026-03-26 23:26:36,902 [INFO] presentation.associados_controller - ✅ [4/921] Enviado para ['moraisernesto@gmail.com']
2026-03-26 23:26:36,918 [INFO] presentation.associados_controller - ⏱️  Aguardando 2.9s...
2026-03-26 23:26:39,874 [INFO] presentation.associados_controller - 📨 [5/921] Enviando para ['catiassmoreira@gmail.com']...
2026-03-26 23:26:48,259 [INFO] presentation.associados_controller - [5/921] OK → catiassmoreira@gmail.com
2026-03-26 23:26:48,270 [INFO] presentation.associados_controller - ✅ [5/921] Enviado para ['catiassmoreira@gmail.com']
2026-03-26 23:26:48,274 [INFO] presentation.associados_controller - ⏱️  Aguardando 1.4s...
2026-03-26 23:26:49,728 [INFO] presentation.associados_controller - 📨 [6/921] Enviando para ['americoclino@gmail.com']...
2026-03-26 23:26:56,617 [INFO] presentation.associados_controller - [6/921] OK → americoclino@gmail.com
2026-03-26 23:26:56,637 [INFO] presentation.associados_controller - ✅ [6/921] Enviado para ['americoclino@gmail.com']
2026-03-26 23:26:56,653 [INFO] presentation.associados_controller - ⏱️  Aguardando 2.3s...
2026-03-26 23:26:58,989 [INFO] presentation.associados_controller - 📨 [7/921] Enviando para ['alinamanuelamartins@gmail.com']...
2026-03-26 23:27:07,176 [INFO] presentation.associados_controller - [7/921] OK → alinamanuelamartins@gmail.com
2026-03-26 23:27:07,176 [INFO] presentation.associados_controller - ✅ [7/921] Enviado para ['alinamanuelamartins@gmail.com']
2026-03-26 23:27:07,209 [INFO] presentation.associados_controller - ⏱️  Aguardando 2.8s...
2026-03-26 23:27:10,059 [INFO] presentation.associados_controller - 📨 [8/921] Enviando para ['sandranestor@gmail.com']...
2026-03-26 23:27:17,056 [INFO] presentation.associados_controller - [8/921] OK → sandranestor@gmail.com
2026-03-26 23:27:17,056 [INFO] presentation.associados_controller - ✅ [8/921] Enviado para ['sandranestor@gmail.com']
2026-03-26 23:27:17,072 [INFO] presentation.associados_controller - ⏱️  Aguardando 1.1s...
2026-03-26 23:27:18,147 [INFO] presentation.associados_controller - 📨 [9/921] Enviando para ['antonio.a.ribeiro@sapo.pt']...
2026-03-26 23:27:26,490 [INFO] presentation.associados_controller - [9/921] OK → antonio.a.ribeiro@sapo.pt
2026-03-26 23:27:26,511 [INFO] presentation.associados_controller - ✅ [9/921] Enviado para ['antonio.a.ribeiro@sapo.pt']
2026-03-26 23:27:26,515 [INFO] presentation.associados_controller - ⏱️  Aguardando 1.7s...
2026-03-26 23:27:28,218 [INFO] presentation.associados_controller - 📨 [10/921] Enviando para ['florindapsousa11@sapo.pt']...
2026-03-26 23:27:36,743 [INFO] presentation.associados_controller - [10/921] OK → florindapsousa11@sapo.pt
2026-03-26 23:27:36,759 [INFO] presentation.associados_controller - ✅ [10/921] Enviado para ['florindapsousa11@sapo.pt']
2026-03-26 23:27:36,768 [INFO] presentation.associados_controller - ⏱️  Aguardando 1.0s...
2026-03-26 23:27:37,807 [INFO] presentation.associados_controller - 📨 [11/921] Enviando para ['estelapacheco@icloud.com']...
2026-03-26 23:27:45,065 [INFO] presentation.associados_controller - [11/921] OK → estelapacheco@icloud.com
2026-03-26 23:27:45,065 [INFO] presentation.associados_controller - ✅ [11/921] Enviado para ['estelapacheco@icloud.com']
2026-03-26 23:27:45,089 [INFO] presentation.associados_controller - ⏱️  Aguardando 2.7s...
2026-03-26 23:27:47,776 [INFO] presentation.associados_controller - 📨 [12/921] Enviando para ['familia.leal.tavares@gmail.com']...
2026-03-26 23:27:55,521 [INFO] presentation.associados_controller - [12/921] OK → familia.leal.tavares@gmail.com
2026-03-26 23:27:55,521 [INFO] presentation.associados_controller - ✅ [12/921] Enviado para ['familia.leal.tavares@gmail.com']
2026-03-26 23:27:55,542 [INFO] presentation.associados_controller - ⏱️  Aguardando 3.0s...
2026-03-26 23:27:58,517 [INFO] presentation.associados_controller - 📨 [13/921] Enviando para ['anamariaguedes1951@gmail.com']...
2026-03-26 23:28:05,645 [INFO] presentation.associados_controller - [13/921] OK → anamariaguedes1951@gmail.com
2026-03-26 23:28:05,652 [INFO] presentation.associados_controller - ✅ [13/921] Enviado para ['anamariaguedes1951@gmail.com']
2026-03-26 23:28:05,666 [INFO] presentation.associados_controller - ⏱️  Aguardando 1.4s...
2026-03-26 23:28:07,058 [INFO] presentation.associados_controller - 📨 [14/921] Enviando para ['leopoldina27@gmail.com']...
2026-03-26 23:28:15,891 [INFO] presentation.associados_controller - [14/921] OK → leopoldina27@gmail.com
2026-03-26 23:28:15,891 [INFO] presentation.associados_controller - ✅ [14/921] Enviado para ['leopoldina27@gmail.com']
2026-03-26 23:28:15,907 [INFO] presentation.associados_controller - ⏱️  Aguardando 2.2s...
2026-03-26 23:28:18,109 [INFO] presentation.associados_controller - 📨 [15/921] Enviando para ['maria.r.macedo@sapo.pt']...
2026-03-26 23:28:27,713 [INFO] presentation.associados_controller - [15/921] OK → maria.r.macedo@sapo.pt
2026-03-26 23:28:27,713 [INFO] presentation.associados_controller - ✅ [15/921] Enviado para ['maria.r.macedo@sapo.pt']
2026-03-26 23:28:27,729 [INFO] presentation.associados_controller - ⏱️  Aguardando 2.5s...
2026-03-26 23:28:30,283 [INFO] presentation.associados_controller - 📨 [16/921] Enviando para ['marialurdesgoncalves1958@gmail.com']...
2026-03-26 23:28:37,470 [INFO] presentation.associados_controller - [16/921] OK → marialurdesgoncalves1958@gmail.com
2026-03-26 23:28:37,489 [INFO] presentation.associados_controller - ✅ [16/921] Enviado para ['marialurdesgoncalves1958@gmail.com']
2026-03-26 23:28:37,489 [INFO] presentation.associados_controller - ⏱️  Aguardando 2.0s...
2026-03-26 23:28:39,494 [INFO] presentation.associados_controller - 📨 [17/921] Enviando para ['orquideamachado.machado@gmail.com']...
2026-03-26 23:28:47,980 [INFO] presentation.associados_controller - [17/921] OK → orquideamachado.machado@gmail.com
2026-03-26 23:28:47,980 [INFO] presentation.associados_controller - ✅ [17/921] Enviado para ['orquideamachado.machado@gmail.com']
2026-03-26 23:28:47,996 [INFO] presentation.associados_controller - ⏱️  Aguardando 1.0s...
2026-03-26 23:28:49,032 [INFO] presentation.associados_controller - 📨 [18/921] Enviando para ['antonio.a.barbosa@meo.pt']...
2026-03-26 23:28:56,916 [INFO] presentation.associados_controller - [18/921] OK → antonio.a.barbosa@meo.pt
2026-03-26 23:28:56,916 [INFO] presentation.associados_controller - ✅ [18/921] Enviado para ['antonio.a.barbosa@meo.pt']
2026-03-26 23:28:56,926 [INFO] presentation.associados_controller - ⏱️  Aguardando 1.1s...
2026-03-26 23:28:58,029 [INFO] presentation.associados_controller - 📨 [19/921] Enviando para ['nelsonmpocas0@gmail.com']...
2026-03-26 23:29:06,568 [INFO] presentation.associados_controller - [19/921] OK → nelsonmpocas0@gmail.com
2026-03-26 23:29:06,568 [INFO] presentation.associados_controller - ✅ [19/921] Enviado para ['nelsonmpocas0@gmail.com']
2026-03-26 23:29:06,583 [INFO] presentation.associados_controller - ⏱️  Aguardando 2.4s...
2026-03-26 23:29:09,011 [INFO] presentation.associados_controller - 📨 [20/921] Enviando para ['isaguedes@sapo.pt']...
2026-03-26 23:29:16,398 [INFO] presentation.associados_controller - [20/921] OK → isaguedes@sapo.pt
2026-03-26 23:29:16,398 [INFO] presentation.associados_controller - ✅ [20/921] Enviado para ['isaguedes@sapo.pt']
2026-03-26 23:29:16,414 [INFO] presentation.associados_controller - ⏱️  Aguardando 2.9s...
2026-03-26 23:29:19,302 [INFO] presentation.associados_controller - 📨 [21/921] Enviando para ['manuel_barbosa@sapo.pt']...
2026-03-26 23:29:27,334 [INFO] presentation.associados_controller - [21/921] OK → manuel_barbosa@sapo.pt
2026-03-26 23:29:27,334 [INFO] presentation.associados_controller - ✅ [21/921] Enviado para ['manuel_barbosa@sapo.pt']
2026-03-26 23:29:27,350 [INFO] presentation.associados_controller - ⏱️  Aguardando 2.2s...
2026-03-26 23:29:29,605 [INFO] presentation.associados_controller - 📨 [22/921] Enviando para ['carmo.mota@vilacomvida.pt']...
2026-03-26 23:29:39,651 [INFO] presentation.associados_controller - [22/921] OK → carmo.mota@vilacomvida.pt
2026-03-26 23:29:39,667 [INFO] presentation.associados_controller - ✅ [22/921] Enviado para ['carmo.mota@vilacomvida.pt']
2026-03-26 23:29:39,671 [INFO] presentation.associados_controller - ⏱️  Aguardando 1.4s...
2026-03-26 23:29:41,126 [INFO] presentation.associados_controller - 📨 [23/921] Enviando para ['livia.c.pintocardoso@gmail.com']...
2026-03-26 23:29:50,228 [INFO] presentation.associados_controller - [23/921] OK → livia.c.pintocardoso@gmail.com
2026-03-26 23:29:50,228 [INFO] presentation.associados_controller - ✅ [23/921] Enviado para ['livia.c.pintocardoso@gmail.com']
2026-03-26 23:29:50,244 [INFO] presentation.associados_controller - ⏱️  Aguardando 2.7s...
2026-03-26 23:29:52,970 [INFO] presentation.associados_controller - 📨 [24/921] Enviando para ['jcsleitao@gmail.com']...
2026-03-26 23:30:02,079 [INFO] presentation.associados_controller - [24/921] OK → jcsleitao@gmail.com
2026-03-26 23:30:02,095 [INFO] presentation.associados_controller - ✅ [24/921] Enviado para ['jcsleitao@gmail.com']
2026-03-26 23:30:02,101 [INFO] presentation.associados_controller - ⏱️  Aguardando 1.1s...
2026-03-26 23:30:03,215 [INFO] presentation.associados_controller - 📨 [25/921] Enviando para ['mfmcastro@gmail.com']...
2026-03-26 23:30:11,234 [INFO] presentation.associados_controller - [25/921] OK → mfmcastro@gmail.com
2026-03-26 23:30:11,234 [INFO] presentation.associados_controller - ✅ [25/921] Enviado para ['mfmcastro@gmail.com']
2026-03-26 23:30:11,246 [INFO] presentation.associados_controller - ⏱️  Aguardando 1.5s...
2026-03-26 23:30:12,734 [INFO] presentation.associados_controller - 📨 [26/921] Enviando para ['candidurao@gmail.com']...
2026-03-26 23:30:20,357 [INFO] presentation.associados_controller - [26/921] OK → candidurao@gmail.com
2026-03-26 23:30:20,373 [INFO] presentation.associados_controller - ✅ [26/921] Enviado para ['candidurao@gmail.com']
2026-03-26 23:30:20,379 [INFO] presentation.associados_controller - ⏱️  Aguardando 1.4s...
2026-03-26 23:30:21,784 [INFO] presentation.associados_controller - 📨 [27/921] Enviando para ['manuel.s.moreira@sapo.pt']...
2026-03-26 23:30:30,679 [INFO] presentation.associados_controller - [27/921] OK → manuel.s.moreira@sapo.pt
2026-03-26 23:30:30,679 [INFO] presentation.associados_controller - ✅ [27/921] Enviado para ['manuel.s.moreira@sapo.pt']
2026-03-26 23:30:30,695 [INFO] presentation.associados_controller - ⏱️  Aguardando 2.7s...
2026-03-26 23:30:33,412 [INFO] presentation.associados_controller - 📨 [28/921] Enviando para ['ze.luis.araujo@gmail.com']...
2026-03-26 23:30:40,374 [INFO] presentation.associados_controller - [28/921] OK → ze.luis.araujo@gmail.com
2026-03-26 23:30:40,374 [INFO] presentation.associados_controller - ✅ [28/921] Enviado para ['ze.luis.araujo@gmail.com']
2026-03-26 23:30:40,390 [INFO] presentation.associados_controller - ⏱️  Aguardando 2.0s...
2026-03-26 23:30:42,383 [INFO] presentation.associados_controller - 📨 [29/921] Enviando para ['afsantos301@sapo.pt']...
2026-03-26 23:30:49,960 [INFO] presentation.associados_controller - [29/921] OK → afsantos301@sapo.pt
2026-03-26 23:30:49,969 [INFO] presentation.associados_controller - ✅ [29/921] Enviado para ['afsantos301@sapo.pt']
2026-03-26 23:30:49,976 [INFO] presentation.associados_controller - ⏱️  Aguardando 1.1s...
2026-03-26 23:30:51,070 [INFO] presentation.associados_controller - 📨 [30/921] Enviando para ['mpassaro@sapo.pt']...
2026-03-26 23:30:59,274 [INFO] presentation.associados_controller - [30/921] OK → mpassaro@sapo.pt
2026-03-26 23:30:59,290 [INFO] presentation.associados_controller - ✅ [30/921] Enviado para ['mpassaro@sapo.pt']
2026-03-26 23:30:59,290 [INFO] presentation.associados_controller - ⏱️  Aguardando 2.5s...
2026-03-26 23:31:01,820 [INFO] presentation.associados_controller - 📨 [31/921] Enviando para ['joaquim.meneses@gmail.com']...
2026-03-26 23:31:11,125 [INFO] presentation.associados_controller - [31/921] OK → joaquim.meneses@gmail.com
2026-03-26 23:31:11,125 [INFO] presentation.associados_controller - ✅ [31/921] Enviado para ['joaquim.meneses@gmail.com']
2026-03-26 23:31:11,141 [INFO] presentation.associados_controller - ⏱️  Aguardando 2.7s...
2026-03-26 23:31:13,878 [INFO] presentation.associados_controller - 📨 [32/921] Enviando para ['mpassaro@sapo.pt']...
2026-03-26 23:31:22,064 [INFO] presentation.associados_controller - [32/921] OK → mpassaro@sapo.pt
2026-03-26 23:31:22,071 [INFO] presentation.associados_controller - ✅ [32/921] Enviado para ['mpassaro@sapo.pt']
2026-03-26 23:31:22,071 [INFO] presentation.associados_controller - ⏱️  Aguardando 2.5s...
2026-03-26 23:31:24,574 [INFO] presentation.associados_controller - 📨 [33/921] Enviando para ['jose.fernando.silva.pereira@gmail.com']...
2026-03-26 23:31:34,740 [INFO] presentation.associados_controller - [33/921] OK → jose.fernando.silva.pereira@gmail.com
2026-03-26 23:31:34,756 [INFO] presentation.associados_controller - ✅ [33/921] Enviado para ['jose.fernando.silva.pereira@gmail.com']
2026-03-26 23:31:34,791 [INFO] presentation.associados_controller - ⏱️  Aguardando 1.1s...
2026-03-26 23:31:35,896 [INFO] presentation.associados_controller - 📨 [34/921] Enviando para ['custodiobeleza@hotmail.com']...
2026-03-26 23:31:43,677 [INFO] presentation.associados_controller - [34/921] OK → custodiobeleza@hotmail.com
2026-03-26 23:31:43,693 [INFO] presentation.associados_controller - ✅ [34/921] Enviado para ['custodiobeleza@hotmail.com']
2026-03-26 23:31:43,725 [INFO] presentation.associados_controller - ⏱️  Aguardando 1.2s...
2026-03-26 23:31:44,981 [INFO] presentation.associados_controller - 📨 [35/921] Enviando para ['joaquim.m.andrade@gmail.com']...
2026-03-26 23:31:54,179 [INFO] presentation.associados_controller - [35/921] OK → joaquim.m.andrade@gmail.com
2026-03-26 23:31:54,189 [INFO] presentation.associados_controller - ✅ [35/921] Enviado para ['joaquim.m.andrade@gmail.com']
2026-03-26 23:31:54,205 [INFO] presentation.associados_controller - ⏱️  Aguardando 1.0s...
2026-03-26 23:31:55,242 [INFO] presentation.associados_controller - 📨 [36/921] Enviando para ['amsrocha1955@gmail.com']...
2026-03-26 23:32:04,408 [INFO] presentation.associados_controller - [36/921] OK → amsrocha1955@gmail.com
2026-03-26 23:32:04,418 [INFO] presentation.associados_controller - ✅ [36/921] Enviado para ['amsrocha1955@gmail.com']
2026-03-26 23:32:04,434 [INFO] presentation.associados_controller - ⏱️  Aguardando 2.4s...
2026-03-26 23:32:06,872 [INFO] presentation.associados_controller - 📨 [37/921] Enviando para ['av.moreira@sapo.pt']...
2026-03-26 23:32:14,664 [INFO] presentation.associados_controller - [37/921] OK → av.moreira@sapo.pt
2026-03-26 23:32:14,680 [INFO] presentation.associados_controller - ✅ [37/921] Enviado para ['av.moreira@sapo.pt']
2026-03-26 23:32:14,696 [INFO] presentation.associados_controller - ⏱️  Aguardando 1.2s...
2026-03-26 23:32:15,943 [INFO] presentation.associados_controller - 📨 [38/921] Enviando para ['docemariaclementina@gmail.com']...
2026-03-26 23:32:24,791 [INFO] presentation.associados_controller - [38/921] OK → docemariaclementina@gmail.com
2026-03-26 23:32:24,796 [INFO] presentation.associados_controller - ✅ [38/921] Enviado para ['docemariaclementina@gmail.com']
2026-03-26 23:32:24,801 [INFO] presentation.associados_controller - ⏱️  Aguardando 2.9s...
2026-03-26 23:32:27,720 [INFO] presentation.associados_controller - 📨 [39/921] Enviando para ['rmgbarbosa@gmail.com']...
2026-03-26 23:32:34,946 [INFO] presentation.associados_controller - [39/921] OK → rmgbarbosa@gmail.com
2026-03-26 23:32:34,951 [INFO] presentation.associados_controller - ✅ [39/921] Enviado para ['rmgbarbosa@gmail.com']
2026-03-26 23:32:34,962 [INFO] presentation.associados_controller - ⏱️  Aguardando 1.8s...
2026-03-26 23:32:36,734 [INFO] presentation.associados_controller - 📨 [40/921] Enviando para ['branquinhoramos@sapo.pt']...
2026-03-26 23:32:45,498 [INFO] presentation.associados_controller - [40/921] OK → branquinhoramos@sapo.pt
2026-03-26 23:32:45,508 [INFO] presentation.associados_controller - ✅ [40/921] Enviado para ['branquinhoramos@sapo.pt']
2026-03-26 23:32:45,520 [INFO] presentation.associados_controller - ⏱️  Aguardando 1.1s...
2026-03-26 23:32:46,631 [INFO] presentation.associados_controller - 📨 [41/921] Enviando para ['jabarros@sapo.pt']...
2026-03-26 23:35:50,361 [INFO] presentation.associados_controller - [41/921] OK → jabarros@sapo.pt
2026-03-26 23:35:50,361 [INFO] presentation.associados_controller - ✅ [41/921] Enviado para ['jabarros@sapo.pt']
2026-03-26 23:35:50,361 [INFO] presentation.associados_controller - ⏱️  Aguardando 2.3s...
2026-03-26 23:35:52,703 [INFO] presentation.associados_controller - 📨 [42/921] Enviando para ['jorgeteixeira55@sapo.pt']...
2026-03-26 23:36:02,567 [INFO] presentation.associados_controller - [42/921] OK → jorgeteixeira55@sapo.pt
2026-03-26 23:36:02,567 [INFO] presentation.associados_controller - ✅ [42/921] Enviado para ['jorgeteixeira55@sapo.pt']
2026-03-26 23:36:02,581 [INFO] presentation.associados_controller - ⏱️  Aguardando 2.3s...
2026-03-26 23:36:04,912 [INFO] presentation.associados_controller - 📨 [43/921] Enviando para ['suzanaflopes@gmail.com']...
2026-03-26 23:36:11,696 [INFO] presentation.associados_controller - [43/921] OK → suzanaflopes@gmail.com
2026-03-26 23:36:11,696 [INFO] presentation.associados_controller - ✅ [43/921] Enviado para ['suzanaflopes@gmail.com']
2026-03-26 23:36:11,712 [INFO] presentation.associados_controller - ⏱️  Aguardando 1.2s...
2026-03-26 23:36:12,987 [INFO] presentation.associados_controller - 📨 [44/921] Enviando para ['maria.e.b.c.m.andrade@gmail.com']...
2026-03-26 23:36:21,759 [INFO] presentation.associados_controller - [44/921] OK → maria.e.b.c.m.andrade@gmail.com
2026-03-26 23:36:21,759 [INFO] presentation.associados_controller - ✅ [44/921] Enviado para ['maria.e.b.c.m.andrade@gmail.com']
2026-03-26 23:36:21,774 [INFO] presentation.associados_controller - ⏱️  Aguardando 2.5s...
2026-03-26 23:36:24,313 [INFO] presentation.associados_controller - 📨 [45/921] Enviando para ['mariarodriguessousa@sapo.pt']...
2026-03-26 23:36:33,071 [INFO] presentation.associados_controller - [45/921] OK → mariarodriguessousa@sapo.pt
2026-03-26 23:36:33,073 [INFO] presentation.associados_controller - ✅ [45/921] Enviado para ['mariarodriguessousa@sapo.pt']
2026-03-26 23:36:33,089 [INFO] presentation.associados_controller - ⏱️  Aguardando 2.1s...
2026-03-26 23:36:35,178 [INFO] presentation.associados_controller - 📨 [46/921] Enviando para ['alcino-gomes@outlook.com']...
2026-03-26 23:36:43,970 [INFO] presentation.associados_controller - [46/921] OK → alcino-gomes@outlook.com
2026-03-26 23:36:43,970 [INFO] presentation.associados_controller - ✅ [46/921] Enviado para ['alcino-gomes@outlook.com']
2026-03-26 23:36:43,977 [INFO] presentation.associados_controller - ⏱️  Aguardando 2.1s...
2026-03-26 23:36:46,139 [INFO] presentation.associados_controller - 📨 [47/921] Enviando para ['josemendo@sapo.pt']...
2026-03-26 23:36:55,725 [INFO] presentation.associados_controller - [47/921] OK → josemendo@sapo.pt
2026-03-26 23:36:55,744 [INFO] presentation.associados_controller - ✅ [47/921] Enviado para ['josemendo@sapo.pt']
2026-03-26 23:36:55,757 [INFO] presentation.associados_controller - ⏱️  Aguardando 1.1s...
2026-03-26 23:36:56,874 [INFO] presentation.associados_controller - 📨 [48/921] Enviando para ['gabriel.silva1946@hotmail.com']...
2026-03-26 23:37:05,876 [INFO] presentation.associados_controller - [48/921] OK → gabriel.silva1946@hotmail.com
2026-03-26 23:37:05,876 [INFO] presentation.associados_controller - ✅ [48/921] Enviado para ['gabriel.silva1946@hotmail.com']
2026-03-26 23:37:05,900 [INFO] presentation.associados_controller - ⏱️  Aguardando 1.3s...
2026-03-26 23:37:07,252 [INFO] presentation.associados_controller - 📨 [49/921] Enviando para ['diaconojorgemanuelmoreira@gmail.com']...
2026-03-26 23:37:17,863 [INFO] presentation.associados_controller - [49/921] OK → diaconojorgemanuelmoreira@gmail.com
2026-03-26 23:37:17,879 [INFO] presentation.associados_controller - ✅ [49/921] Enviado para ['diaconojorgemanuelmoreira@gmail.com']
2026-03-26 23:37:17,895 [INFO] presentation.associados_controller - ⏱️  Aguardando 1.3s...
2026-03-26 23:37:19,234 [INFO] presentation.associados_controller - 📨 [50/921] Enviando para ['carolina.rendeiro65@gmail.com']...
2026-03-26 23:37:28,976 [INFO] presentation.associados_controller - [50/921] OK → carolina.rendeiro65@gmail.com
2026-03-26 23:37:28,981 [INFO] presentation.associados_controller - ✅ [50/921] Enviado para ['carolina.rendeiro65@gmail.com']
2026-03-26 23:37:28,986 [INFO] presentation.associados_controller - ⏱️  Aguardando 2.3s...
2026-03-26 23:37:31,345 [INFO] presentation.associados_controller - ⏸️  Pausa de 168s...
2026-03-26 23:40:19,487 [INFO] presentation.associados_controller - Envio concluído.
2026-03-26 23:40:19,491 [INFO] presentation.associados_controller - 📨 [51/921] Enviando para ['jabf.guitarra@gmail.com']...
2026-03-26 23:41:14,005 [INFO] presentation.associados_controller - [51/921] OK → jabf.guitarra@gmail.com
2026-03-26 23:41:14,005 [INFO] presentation.associados_controller - ✅ [51/921] Enviado para ['jabf.guitarra@gmail.com']
2026-03-26 23:41:14,021 [INFO] presentation.associados_controller - ⏱️  Aguardando 1.2s...
2026-03-26 23:41:15,212 [INFO] presentation.associados_controller - 📨 [52/921] Enviando para ['luisfrsilva@gmail.com']...
2026-03-26 23:41:22,208 [INFO] presentation.associados_controller - [52/921] OK → luisfrsilva@gmail.com
2026-03-26 23:41:22,208 [INFO] presentation.associados_controller - ✅ [52/921] Enviado para ['luisfrsilva@gmail.com']
2026-03-26 23:41:22,224 [INFO] presentation.associados_controller - ⏱️  Aguardando 2.4s...
2026-03-26 23:41:24,600 [INFO] presentation.associados_controller - 📨 [53/921] Enviando para ['josesista1959@gmail.com']...
2026-03-27 05:47:20,945 [INFO] presentation.associados_controller - [53/921] OK → josesista1959@gmail.com
2026-03-27 05:47:20,945 [INFO] presentation.associados_controller - ✅ [53/921] Enviado para ['josesista1959@gmail.com']
2026-03-27 05:47:20,961 [INFO] presentation.associados_controller - ⏱️  Aguardando 1.3s...
2026-03-27 05:47:22,260 [INFO] presentation.associados_controller - 📨 [54/921] Enviando para ['olgabcosta@icloud.com']...
2026-03-27 05:47:30,307 [INFO] presentation.associados_controller - [54/921] OK → olgabcosta@icloud.com
2026-03-27 05:47:30,307 [INFO] presentation.associados_controller - ✅ [54/921] Enviado para ['olgabcosta@icloud.com']
2026-03-27 05:47:30,329 [INFO] presentation.associados_controller - ⏱️  Aguardando 2.7s...
2026-03-27 05:47:33,025 [INFO] presentation.associados_controller - 📨 [55/921] Enviando para ['migueljesussilva@sapo.pt']...
2026-03-27 05:47:40,766 [INFO] presentation.associados_controller - [55/921] OK → migueljesussilva@sapo.pt
2026-03-27 05:47:40,782 [INFO] presentation.associados_controller - ✅ [55/921] Enviado para ['migueljesussilva@sapo.pt']
2026-03-27 05:47:40,782 [INFO] presentation.associados_controller - ⏱️  Aguardando 1.3s...
2026-03-27 05:47:42,100 [INFO] presentation.associados_controller - 📨 [56/921] Enviando para ['andradefmn@gmail.com']...
2026-03-27 05:47:50,102 [INFO] presentation.associados_controller - [56/921] OK → andradefmn@gmail.com
2026-03-27 05:47:50,117 [INFO] presentation.associados_controller - ✅ [56/921] Enviado para ['andradefmn@gmail.com']
2026-03-27 05:47:50,132 [INFO] presentation.associados_controller - ⏱️  Aguardando 2.6s...
2026-03-27 05:47:52,763 [INFO] presentation.associados_controller - 📨 [57/921] Enviando para ['jorge46maciel@gmail.com']...
2026-03-27 05:48:01,758 [INFO] presentation.associados_controller - [57/921] OK → jorge46maciel@gmail.com
2026-03-27 05:48:01,774 [INFO] presentation.associados_controller - ✅ [57/921] Enviado para ['jorge46maciel@gmail.com']
2026-03-27 05:48:01,790 [INFO] presentation.associados_controller - ⏱️  Aguardando 1.4s...
2026-03-27 05:48:03,206 [INFO] presentation.associados_controller - 📨 [58/921] Enviando para ['antonia.cardoso@gmail.com']...
2026-03-27 05:48:10,954 [INFO] presentation.associados_controller - [58/921] OK → antonia.cardoso@gmail.com
2026-03-27 05:48:10,954 [INFO] presentation.associados_controller - ✅ [58/921] Enviado para ['antonia.cardoso@gmail.com']
2026-03-27 05:48:10,970 [INFO] presentation.associados_controller - ⏱️  Aguardando 1.0s...
2026-03-27 05:48:12,042 [INFO] presentation.associados_controller - 📨 [59/921] Enviando para ['henriquecosta1947@gmail.com']...
2026-03-27 05:48:20,636 [INFO] presentation.associados_controller - [59/921] OK → henriquecosta1947@gmail.com
2026-03-27 05:48:20,647 [INFO] presentation.associados_controller - ✅ [59/921] Enviado para ['henriquecosta1947@gmail.com']
2026-03-27 05:48:20,651 [INFO] presentation.associados_controller - ⏱️  Aguardando 1.2s...
2026-03-27 05:48:21,891 [INFO] presentation.associados_controller - 📨 [60/921] Enviando para ['soarespinto36@gmail.com']...
2026-03-27 05:48:29,938 [INFO] presentation.associados_controller - [60/921] OK → soarespinto36@gmail.com
2026-03-27 05:48:29,951 [INFO] presentation.associados_controller - ✅ [60/921] Enviado para ['soarespinto36@gmail.com']
2026-03-27 05:48:29,967 [INFO] presentation.associados_controller - ⏱️  Aguardando 1.8s...
2026-03-27 05:48:31,828 [INFO] presentation.associados_controller - 📨 [61/921] Enviando para ['zel.torres@gmail.com']...
2026-03-27 05:48:39,929 [INFO] presentation.associados_controller - [61/921] OK → zel.torres@gmail.com
2026-03-27 05:48:39,947 [INFO] presentation.associados_controller - ✅ [61/921] Enviado para ['zel.torres@gmail.com']
2026-03-27 05:48:39,950 [INFO] presentation.associados_controller - ⏱️  Aguardando 2.6s...
2026-03-27 05:48:42,609 [INFO] presentation.associados_controller - 📨 [62/921] Enviando para ['eferreira1949@gmail.com']...
2026-03-27 05:48:50,436 [INFO] presentation.associados_controller - [62/921] OK → eferreira1949@gmail.com
2026-03-27 05:48:50,436 [INFO] presentation.associados_controller - ✅ [62/921] Enviado para ['eferreira1949@gmail.com']
2026-03-27 05:48:50,448 [INFO] presentation.associados_controller - ⏱️  Aguardando 2.0s...
2026-03-27 05:48:52,480 [INFO] presentation.associados_controller - 📨 [63/921] Enviando para ['mmargaridafonseca46@gmail.com']...
2026-03-27 05:49:00,599 [INFO] presentation.associados_controller - [63/921] OK → mmargaridafonseca46@gmail.com
2026-03-27 05:49:00,603 [INFO] presentation.associados_controller - ✅ [63/921] Enviado para ['mmargaridafonseca46@gmail.com']
2026-03-27 05:49:00,616 [INFO] presentation.associados_controller - ⏱️  Aguardando 1.9s...
2026-03-27 05:49:02,511 [INFO] presentation.associados_controller - 📨 [64/921] Enviando para ['mariadelurdessalgueiro@gmail.com']...
2026-03-27 05:49:12,775 [INFO] presentation.associados_controller - [64/921] OK → mariadelurdessalgueiro@gmail.com
2026-03-27 05:49:12,781 [INFO] presentation.associados_controller - ✅ [64/921] Enviado para ['mariadelurdessalgueiro@gmail.com']
2026-03-27 05:49:12,781 [INFO] presentation.associados_controller - ⏱️  Aguardando 2.6s...
2026-03-27 05:49:15,447 [INFO] presentation.associados_controller - 📨 [65/921] Enviando para ['santos1080235@gmail.com']...
2026-03-27 05:49:23,894 [INFO] presentation.associados_controller - [65/921] OK → santos1080235@gmail.com
2026-03-27 05:49:23,901 [INFO] presentation.associados_controller - ✅ [65/921] Enviado para ['santos1080235@gmail.com']
2026-03-27 05:49:23,911 [INFO] presentation.associados_controller - ⏱️  Aguardando 1.7s...
2026-03-27 05:49:25,613 [INFO] presentation.associados_controller - 📨 [66/921] Enviando para ['mada-lena_57@hotmail.com']...
2026-03-27 05:49:35,105 [INFO] presentation.associados_controller - [66/921] OK → mada-lena_57@hotmail.com
2026-03-27 05:49:35,107 [INFO] presentation.associados_controller - ✅ [66/921] Enviado para ['mada-lena_57@hotmail.com']
2026-03-27 05:49:35,111 [INFO] presentation.associados_controller - ⏱️  Aguardando 2.3s...
2026-03-27 05:49:37,384 [INFO] presentation.associados_controller - 📨 [67/921] Enviando para ['maria.lurdes.sousa@hotmail.com']...
2026-03-27 05:49:44,703 [INFO] presentation.associados_controller - [67/921] OK → maria.lurdes.sousa@hotmail.com
2026-03-27 05:49:44,712 [INFO] presentation.associados_controller - ✅ [67/921] Enviado para ['maria.lurdes.sousa@hotmail.com']
2026-03-27 05:49:44,721 [INFO] presentation.associados_controller - ⏱️  Aguardando 2.8s...
2026-03-27 05:49:47,516 [INFO] presentation.associados_controller - 📨 [68/921] Enviando para ['silvamariajose55@gmail.com']...
2026-03-27 05:49:55,216 [INFO] presentation.associados_controller - [68/921] OK → silvamariajose55@gmail.com
2026-03-27 05:49:55,222 [INFO] presentation.associados_controller - ✅ [68/921] Enviado para ['silvamariajose55@gmail.com']
2026-03-27 05:49:55,233 [INFO] presentation.associados_controller - ⏱️  Aguardando 1.9s...
2026-03-27 05:49:57,167 [INFO] presentation.associados_controller - 📨 [69/921] Enviando para ['mc.horaferreira@gmail.com']...
2026-03-27 05:50:06,551 [INFO] presentation.associados_controller - [69/921] OK → mc.horaferreira@gmail.com
2026-03-27 05:50:06,561 [INFO] presentation.associados_controller - ✅ [69/921] Enviado para ['mc.horaferreira@gmail.com']
2026-03-27 05:50:06,562 [INFO] presentation.associados_controller - ⏱️  Aguardando 1.3s...
2026-03-27 05:50:07,860 [INFO] presentation.associados_controller - 📨 [70/921] Enviando para ['gloriasantosster@gmail.com']...
2026-03-27 05:50:16,086 [INFO] presentation.associados_controller - [70/921] OK → gloriasantosster@gmail.com
2026-03-27 05:50:16,090 [INFO] presentation.associados_controller - ✅ [70/921] Enviado para ['gloriasantosster@gmail.com']
2026-03-27 05:50:16,091 [INFO] presentation.associados_controller - ⏱️  Aguardando 1.8s...
2026-03-27 05:50:17,885 [INFO] presentation.associados_controller - 📨 [71/921] Enviando para ['emiliaribeiropinto@gmail.com']...
2026-03-27 05:50:26,299 [INFO] presentation.associados_controller - [71/921] OK → emiliaribeiropinto@gmail.com
2026-03-27 05:50:26,304 [INFO] presentation.associados_controller - ✅ [71/921] Enviado para ['emiliaribeiropinto@gmail.com']
2026-03-27 05:50:26,312 [INFO] presentation.associados_controller - ⏱️  Aguardando 2.3s...
2026-03-27 05:50:28,634 [INFO] presentation.associados_controller - 📨 [72/921] Enviando para ['mhelena.cunha@sapo.pt']...
2026-03-27 05:50:36,912 [INFO] presentation.associados_controller - [72/921] OK → mhelena.cunha@sapo.pt
2026-03-27 05:50:36,918 [INFO] presentation.associados_controller - ✅ [72/921] Enviado para ['mhelena.cunha@sapo.pt']
2026-03-27 05:50:36,922 [INFO] presentation.associados_controller - ⏱️  Aguardando 1.6s...
2026-03-27 05:50:38,574 [INFO] presentation.associados_controller - 📨 [73/921] Enviando para ['libania.felix@gmail.com']...
2026-03-27 05:50:48,256 [INFO] presentation.associados_controller - [73/921] OK → libania.felix@gmail.com
2026-03-27 05:50:48,262 [INFO] presentation.associados_controller - ✅ [73/921] Enviado para ['libania.felix@gmail.com']
2026-03-27 05:50:48,272 [INFO] presentation.associados_controller - ⏱️  Aguardando 2.8s...
2026-03-27 05:50:51,081 [INFO] presentation.associados_controller - 📨 [74/921] Enviando para ['piedaderapososilvestre@gmail.com']...
2026-03-27 05:50:59,452 [INFO] presentation.associados_controller - [74/921] OK → piedaderapososilvestre@gmail.com
2026-03-27 05:50:59,452 [INFO] presentation.associados_controller - ✅ [74/921] Enviado para ['piedaderapososilvestre@gmail.com']
2026-03-27 05:50:59,461 [INFO] presentation.associados_controller - ⏱️  Aguardando 2.7s...
2026-03-27 05:51:02,166 [INFO] presentation.associados_controller - 📨 [75/921] Enviando para ['margarida.granwehr.marinho@gmail.com']...
2026-03-27 05:51:11,323 [INFO] presentation.associados_controller - [75/921] OK → margarida.granwehr.marinho@gmail.com
2026-03-27 05:51:11,332 [INFO] presentation.associados_controller - ✅ [75/921] Enviado para ['margarida.granwehr.marinho@gmail.com']
2026-03-27 05:51:11,342 [INFO] presentation.associados_controller - ⏱️  Aguardando 2.8s...
2026-03-27 05:51:14,197 [INFO] presentation.associados_controller - 📨 [76/921] Enviando para ['abilio.aires@gmail.com']...
2026-03-27 05:51:22,392 [INFO] presentation.associados_controller - [76/921] OK → abilio.aires@gmail.com
2026-03-27 05:51:22,403 [INFO] presentation.associados_controller - ✅ [76/921] Enviado para ['abilio.aires@gmail.com']
2026-03-27 05:51:22,412 [INFO] presentation.associados_controller - ⏱️  Aguardando 1.8s...
2026-03-27 05:51:24,182 [INFO] presentation.associados_controller - 📨 [77/921] Enviando para ['almargo17@gmail.com']...
2026-03-27 05:51:33,272 [INFO] presentation.associados_controller - [77/921] OK → almargo17@gmail.com
2026-03-27 05:51:33,283 [INFO] presentation.associados_controller - ✅ [77/921] Enviado para ['almargo17@gmail.com']
2026-03-27 05:51:33,292 [INFO] presentation.associados_controller - ⏱️  Aguardando 1.4s...
2026-03-27 05:51:34,670 [INFO] presentation.associados_controller - 📨 [78/921] Enviando para ['misinha.rocha@hotmail.com']...
2026-03-27 05:51:41,746 [INFO] presentation.associados_controller - [78/921] OK → misinha.rocha@hotmail.com
2026-03-27 05:51:41,752 [INFO] presentation.associados_controller - ✅ [78/921] Enviado para ['misinha.rocha@hotmail.com']
2026-03-27 05:51:41,763 [INFO] presentation.associados_controller - ⏱️  Aguardando 2.6s...
2026-03-27 05:51:44,384 [INFO] presentation.associados_controller - 📨 [79/921] Enviando para ['gracinda.cruz@hotmail.com']...
2026-03-27 05:51:51,626 [INFO] presentation.associados_controller - [79/921] OK → gracinda.cruz@hotmail.com
2026-03-27 05:51:51,626 [INFO] presentation.associados_controller - ✅ [79/921] Enviado para ['gracinda.cruz@hotmail.com']
2026-03-27 05:51:51,636 [INFO] presentation.associados_controller - ⏱️  Aguardando 2.5s...
2026-03-27 05:51:54,140 [INFO] presentation.associados_controller - 📨 [80/921] Enviando para ['jose.trofa@gmail.com']...
2026-03-27 05:52:03,222 [INFO] presentation.associados_controller - [80/921] OK → jose.trofa@gmail.com
2026-03-27 05:52:03,222 [INFO] presentation.associados_controller - ✅ [80/921] Enviado para ['jose.trofa@gmail.com']
2026-03-27 05:52:03,239 [INFO] presentation.associados_controller - ⏱️  Aguardando 2.2s...
2026-03-27 05:52:05,418 [INFO] presentation.associados_controller - 📨 [81/921] Enviando para ['antoniogomesrosa@gmail.com']...
2026-03-27 05:52:14,362 [INFO] presentation.associados_controller - [81/921] OK → antoniogomesrosa@gmail.com
2026-03-27 05:52:14,369 [INFO] presentation.associados_controller - ✅ [81/921] Enviado para ['antoniogomesrosa@gmail.com']
2026-03-27 05:52:14,381 [INFO] presentation.associados_controller - ⏱️  Aguardando 1.6s...
2026-03-27 05:52:15,944 [INFO] presentation.associados_controller - 📨 [82/921] Enviando para ['adeolinda@gmail.com']...
2026-03-27 05:52:23,007 [INFO] presentation.associados_controller - [82/921] OK → adeolinda@gmail.com
2026-03-27 05:52:23,016 [INFO] presentation.associados_controller - ✅ [82/921] Enviado para ['adeolinda@gmail.com']
2026-03-27 05:52:23,021 [INFO] presentation.associados_controller - ⏱️  Aguardando 1.4s...
2026-03-27 05:52:24,437 [INFO] presentation.associados_controller - 📨 [83/921] Enviando para ['dinapeleteiro@sapo.pt']...
2026-03-27 05:52:32,401 [INFO] presentation.associados_controller - [83/921] OK → dinapeleteiro@sapo.pt
2026-03-27 05:52:32,401 [INFO] presentation.associados_controller - ✅ [83/921] Enviado para ['dinapeleteiro@sapo.pt']
2026-03-27 05:52:32,413 [INFO] presentation.associados_controller - ⏱️  Aguardando 2.5s...
2026-03-27 05:52:34,946 [INFO] presentation.associados_controller - 📨 [84/921] Enviando para ['vmcarvalho339@gmail.com']...
2026-03-27 05:52:44,031 [INFO] presentation.associados_controller - [84/921] OK → vmcarvalho339@gmail.com
2026-03-27 05:52:44,031 [INFO] presentation.associados_controller - ✅ [84/921] Enviado para ['vmcarvalho339@gmail.com']
2026-03-27 05:52:44,049 [INFO] presentation.associados_controller - ⏱️  Aguardando 2.7s...
2026-03-27 05:52:46,729 [INFO] presentation.associados_controller - 📨 [85/921] Enviando para ['beira.de.matos@sapo.pt']...
2026-03-27 05:52:56,262 [INFO] presentation.associados_controller - [85/921] OK → beira.de.matos@sapo.pt
2026-03-27 05:52:56,272 [INFO] presentation.associados_controller - ✅ [85/921] Enviado para ['beira.de.matos@sapo.pt']
2026-03-27 05:52:56,282 [INFO] presentation.associados_controller - ⏱️  Aguardando 1.3s...
2026-03-27 05:52:57,596 [INFO] presentation.associados_controller - 📨 [86/921] Enviando para ['adelaidealmeida251942@gmail.com']...
2026-03-27 05:53:05,542 [INFO] presentation.associados_controller - [86/921] OK → adelaidealmeida251942@gmail.com
2026-03-27 05:53:05,545 [INFO] presentation.associados_controller - ✅ [86/921] Enviado para ['adelaidealmeida251942@gmail.com']
2026-03-27 05:53:05,562 [INFO] presentation.associados_controller - ⏱️  Aguardando 2.3s...
2026-03-27 05:53:07,874 [INFO] presentation.associados_controller - 📨 [87/921] Enviando para ['balbinamendonca@gmail.com']...
2026-03-27 05:53:15,244 [INFO] presentation.associados_controller - [87/921] OK → balbinamendonca@gmail.com
2026-03-27 05:53:15,248 [INFO] presentation.associados_controller - ✅ [87/921] Enviado para ['balbinamendonca@gmail.com']
2026-03-27 05:53:15,258 [INFO] presentation.associados_controller - ⏱️  Aguardando 1.6s...
2026-03-27 05:53:16,842 [INFO] presentation.associados_controller - 📨 [88/921] Enviando para ['manuelgomespereira40@gmail.com']...
2026-03-27 05:53:25,422 [INFO] presentation.associados_controller - [88/921] OK → manuelgomespereira40@gmail.com
2026-03-27 05:53:25,431 [INFO] presentation.associados_controller - ✅ [88/921] Enviado para ['manuelgomespereira40@gmail.com']
2026-03-27 05:53:25,442 [INFO] presentation.associados_controller - ⏱️  Aguardando 1.3s...
2026-03-27 05:53:26,712 [INFO] presentation.associados_controller - 📨 [89/921] Enviando para ['augmarques@sapo.pt']...
2026-03-27 05:53:36,141 [INFO] presentation.associados_controller - [89/921] OK → augmarques@sapo.pt
2026-03-27 05:53:36,142 [INFO] presentation.associados_controller - ✅ [89/921] Enviado para ['augmarques@sapo.pt']
2026-03-27 05:53:36,156 [INFO] presentation.associados_controller - ⏱️  Aguardando 1.6s...
2026-03-27 05:53:37,737 [INFO] presentation.associados_controller - 📨 [90/921] Enviando para ['fonseca.isabel@mail.telepac.pt']...
2026-03-27 05:53:46,886 [INFO] presentation.associados_controller - [90/921] OK → fonseca.isabel@mail.telepac.pt
2026-03-27 05:53:46,892 [INFO] presentation.associados_controller - ✅ [90/921] Enviado para ['fonseca.isabel@mail.telepac.pt']
2026-03-27 05:53:46,904 [INFO] presentation.associados_controller - ⏱️  Aguardando 1.9s...
2026-03-27 05:53:48,815 [INFO] presentation.associados_controller - 📨 [91/921] Enviando para ['ines.fonseca@live.com.pt']...
2026-03-27 05:53:55,878 [INFO] presentation.associados_controller - [91/921] OK → ines.fonseca@live.com.pt
2026-03-27 05:53:55,883 [INFO] presentation.associados_controller - ✅ [91/921] Enviado para ['ines.fonseca@live.com.pt']
2026-03-27 05:53:55,892 [INFO] presentation.associados_controller - ⏱️  Aguardando 2.5s...
2026-03-27 05:53:58,365 [INFO] presentation.associados_controller - 📨 [92/921] Enviando para ['carmindalopes51@gmail.com']...
2026-03-27 05:54:07,714 [INFO] presentation.associados_controller - [92/921] OK → carmindalopes51@gmail.com
2026-03-27 05:54:07,721 [INFO] presentation.associados_controller - ✅ [92/921] Enviado para ['carmindalopes51@gmail.com']
2026-03-27 05:54:07,731 [INFO] presentation.associados_controller - ⏱️  Aguardando 1.1s...
2026-03-27 05:54:08,827 [INFO] presentation.associados_controller - 📨 [93/921] Enviando para ['mcosta074@gmail.com']...
2026-03-27 05:56:21,509 [INFO] presentation.associados_controller - [93/921] OK → mcosta074@gmail.com
2026-03-27 05:56:21,513 [INFO] presentation.associados_controller - ✅ [93/921] Enviado para ['mcosta074@gmail.com']
2026-03-27 05:56:21,529 [INFO] presentation.associados_controller - ⏱️  Aguardando 2.0s...
2026-03-27 05:56:23,540 [INFO] presentation.associados_controller - 📨 [94/921] Enviando para ['vitortava@gmail.com']...
2026-03-27 05:56:30,111 [INFO] presentation.associados_controller - [94/921] OK → vitortava@gmail.com
2026-03-27 05:56:30,111 [INFO] presentation.associados_controller - ✅ [94/921] Enviado para ['vitortava@gmail.com']
2026-03-27 05:56:30,127 [INFO] presentation.associados_controller - ⏱️  Aguardando 2.9s...
2026-03-27 05:56:33,064 [INFO] presentation.associados_controller - 📨 [95/921] Enviando para ['ceciliacoutomartins@hotmail.com']...
2026-03-27 05:56:43,731 [INFO] presentation.associados_controller - [95/921] OK → ceciliacoutomartins@hotmail.com
2026-03-27 05:56:43,741 [INFO] presentation.associados_controller - ✅ [95/921] Enviado para ['ceciliacoutomartins@hotmail.com']
2026-03-27 05:56:43,758 [INFO] presentation.associados_controller - ⏱️  Aguardando 2.1s...
2026-03-27 05:56:45,891 [INFO] presentation.associados_controller - 📨 [96/921] Enviando para ['celestealvessilva42@gmail.com']...
2026-03-27 05:56:53,988 [INFO] presentation.associados_controller - [96/921] OK → celestealvessilva42@gmail.com
2026-03-27 05:56:53,991 [INFO] presentation.associados_controller - ✅ [96/921] Enviado para ['celestealvessilva42@gmail.com']
2026-03-27 05:56:53,999 [INFO] presentation.associados_controller - ⏱️  Aguardando 1.1s...
2026-03-27 05:56:55,057 [INFO] presentation.associados_controller - 📨 [97/921] Enviando para ['and.oliveira78@gmail.com']...
2026-03-27 05:57:02,711 [INFO] presentation.associados_controller - [97/921] OK → and.oliveira78@gmail.com
2026-03-27 05:57:02,711 [INFO] presentation.associados_controller - ✅ [97/921] Enviado para ['and.oliveira78@gmail.com']
2026-03-27 05:57:02,731 [INFO] presentation.associados_controller - ⏱️  Aguardando 1.1s...
2026-03-27 05:57:03,819 [INFO] presentation.associados_controller - 📨 [98/921] Enviando para ['mariarosacouto54@gmail.com']...
2026-03-27 05:57:12,754 [INFO] presentation.associados_controller - [98/921] OK → mariarosacouto54@gmail.com
2026-03-27 05:57:12,763 [INFO] presentation.associados_controller - ✅ [98/921] Enviado para ['mariarosacouto54@gmail.com']
2026-03-27 05:57:12,771 [INFO] presentation.associados_controller - ⏱️  Aguardando 2.4s...
2026-03-27 05:57:15,178 [INFO] presentation.associados_controller - 📨 [99/921] Enviando para ['franclim.neto@sapo.pt']...
2026-03-27 05:57:23,270 [INFO] presentation.associados_controller - [99/921] OK → franclim.neto@sapo.pt
2026-03-27 05:57:23,271 [INFO] presentation.associados_controller - ✅ [99/921] Enviado para ['franclim.neto@sapo.pt']
2026-03-27 05:57:23,282 [INFO] presentation.associados_controller - ⏱️  Aguardando 1.6s...
2026-03-27 05:57:24,897 [INFO] presentation.associados_controller - 📨 [100/921] Enviando para ['borgesalzira@gmail.com']...
2026-03-27 05:57:33,410 [INFO] presentation.associados_controller - [100/921] OK → borgesalzira@gmail.com
2026-03-27 05:57:33,412 [INFO] presentation.associados_controller - ✅ [100/921] Enviado para ['borgesalzira@gmail.com']
2026-03-27 05:57:33,427 [INFO] presentation.associados_controller - ⏱️  Aguardando 1.5s...
2026-03-27 05:57:34,932 [INFO] presentation.associados_controller - ⏸️  Pausa de 252s...
2026-03-27 06:01:47,504 [INFO] presentation.associados_controller - Envio concluído.
2026-03-27 06:01:47,507 [INFO] presentation.associados_controller - 📨 [101/921] Enviando para ['ilidiosantossilva@hotmail.com']...
2026-03-27 06:02:53,788 [INFO] presentation.associados_controller - [101/921] OK → ilidiosantossilva@hotmail.com
2026-03-27 06:02:53,791 [INFO] presentation.associados_controller - ✅ [101/921] Enviado para ['ilidiosantossilva@hotmail.com']
2026-03-27 06:02:53,801 [INFO] presentation.associados_controller - ⏱️  Aguardando 2.0s...
2026-03-27 06:02:55,768 [INFO] presentation.associados_controller - 📨 [102/921] Enviando para ['berialucia@gmail.com']...
2026-03-27 06:03:04,691 [INFO] presentation.associados_controller - [102/921] OK → berialucia@gmail.com
2026-03-27 06:03:04,699 [INFO] presentation.associados_controller - ✅ [102/921] Enviado para ['berialucia@gmail.com']
2026-03-27 06:03:04,706 [INFO] presentation.associados_controller - ⏱️  Aguardando 1.9s...
2026-03-27 06:03:06,610 [INFO] presentation.associados_controller - 📨 [103/921] Enviando para ['antoniopereira011957@gmail.com']...
2026-03-27 06:03:14,147 [INFO] presentation.associados_controller - [103/921] OK → antoniopereira011957@gmail.com
2026-03-27 06:03:14,151 [INFO] presentation.associados_controller - ✅ [103/921] Enviado para ['antoniopereira011957@gmail.com']
2026-03-27 06:03:14,165 [INFO] presentation.associados_controller - ⏱️  Aguardando 2.4s...
2026-03-27 06:03:16,570 [INFO] presentation.associados_controller - 📨 [104/921] Enviando para ['vilacaferreira@sapo.pt']...
2026-03-27 06:03:23,707 [INFO] presentation.associados_controller - [104/921] OK → vilacaferreira@sapo.pt
2026-03-27 06:03:23,711 [INFO] presentation.associados_controller - ✅ [104/921] Enviado para ['vilacaferreira@sapo.pt']
2026-03-27 06:03:23,721 [INFO] presentation.associados_controller - ⏱️  Aguardando 1.4s...
2026-03-27 06:03:25,090 [INFO] presentation.associados_controller - 📨 [105/921] Enviando para ['lopes.candido@gmail.com']...
2026-03-27 06:03:33,191 [INFO] presentation.associados_controller - [105/921] OK → lopes.candido@gmail.com
2026-03-27 06:03:33,191 [INFO] presentation.associados_controller - ✅ [105/921] Enviado para ['lopes.candido@gmail.com']
2026-03-27 06:03:33,211 [INFO] presentation.associados_controller - ⏱️  Aguardando 1.3s...
2026-03-27 06:03:34,515 [INFO] presentation.associados_controller - 📨 [106/921] Enviando para ['maria_teresa@sapo.pt']...
2026-03-27 06:03:43,141 [INFO] presentation.associados_controller - [106/921] OK → maria_teresa@sapo.pt
2026-03-27 06:03:43,141 [INFO] presentation.associados_controller - ✅ [106/921] Enviado para ['maria_teresa@sapo.pt']
2026-03-27 06:03:43,153 [INFO] presentation.associados_controller - ⏱️  Aguardando 2.7s...
2026-03-27 06:03:45,901 [INFO] presentation.associados_controller - 📨 [107/921] Enviando para ['mariafernandasalvaterra@gmail.com']...
2026-03-27 06:03:54,506 [INFO] presentation.associados_controller - [107/921] OK → mariafernandasalvaterra@gmail.com
2026-03-27 06:03:54,511 [INFO] presentation.associados_controller - ✅ [107/921] Enviado para ['mariafernandasalvaterra@gmail.com']
2026-03-27 06:03:54,521 [INFO] presentation.associados_controller - ⏱️  Aguardando 2.4s...
2026-03-27 06:03:56,975 [INFO] presentation.associados_controller - 📨 [108/921] Enviando para ['nanda.tartaro@gmail.com']...
2026-03-27 06:04:04,614 [INFO] presentation.associados_controller - [108/921] OK → nanda.tartaro@gmail.com
2026-03-27 06:04:04,623 [INFO] presentation.associados_controller - ✅ [108/921] Enviado para ['nanda.tartaro@gmail.com']
2026-03-27 06:04:04,635 [INFO] presentation.associados_controller - ⏱️  Aguardando 3.0s...
2026-03-27 06:04:07,644 [INFO] presentation.associados_controller - 📨 [109/921] Enviando para ['franciscopereirapt1@gmail.com']...
2026-03-27 06:04:15,498 [INFO] presentation.associados_controller - [109/921] OK → franciscopereirapt1@gmail.com
2026-03-27 06:04:15,503 [INFO] presentation.associados_controller - ✅ [109/921] Enviado para ['franciscopereirapt1@gmail.com']
2026-03-27 06:04:15,516 [INFO] presentation.associados_controller - ⏱️  Aguardando 2.6s...
2026-03-27 06:04:18,102 [INFO] presentation.associados_controller - 📨 [110/921] Enviando para ['antoniojosepereira56@gmail.com']...
2026-03-27 06:04:27,671 [INFO] presentation.associados_controller - [110/921] OK → antoniojosepereira56@gmail.com
2026-03-27 06:04:27,681 [INFO] presentation.associados_controller - ✅ [110/921] Enviado para ['antoniojosepereira56@gmail.com']
2026-03-27 06:04:27,701 [INFO] presentation.associados_controller - ⏱️  Aguardando 1.8s...
2026-03-27 06:04:29,545 [INFO] presentation.associados_controller - 📨 [111/921] Enviando para ['carlaisabell@gmail.com']...
2026-03-27 06:04:36,181 [INFO] presentation.associados_controller - [111/921] OK → carlaisabell@gmail.com
2026-03-27 06:04:36,181 [INFO] presentation.associados_controller - ✅ [111/921] Enviado para ['carlaisabell@gmail.com']
2026-03-27 06:04:36,201 [INFO] presentation.associados_controller - ⏱️  Aguardando 2.1s...
2026-03-27 06:04:38,300 [INFO] presentation.associados_controller - 📨 [112/921] Enviando para ['assuncaotocaguitarra@gmail.com']...
2026-03-27 06:04:45,691 [INFO] presentation.associados_controller - [112/921] OK → assuncaotocaguitarra@gmail.com
2026-03-27 06:04:45,701 [INFO] presentation.associados_controller - ✅ [112/921] Enviado para ['assuncaotocaguitarra@gmail.com']
2026-03-27 06:04:45,713 [INFO] presentation.associados_controller - ⏱️  Aguardando 2.0s...
2026-03-27 06:04:47,712 [INFO] presentation.associados_controller - 📨 [113/921] Enviando para ['maria.fafa.monteiro@gmail.com']...
2026-03-27 06:04:56,275 [INFO] presentation.associados_controller - [113/921] OK → maria.fafa.monteiro@gmail.com
2026-03-27 06:04:56,281 [INFO] presentation.associados_controller - ✅ [113/921] Enviado para ['maria.fafa.monteiro@gmail.com']
2026-03-27 06:04:56,301 [INFO] presentation.associados_controller - ⏱️  Aguardando 1.6s...
2026-03-27 06:04:57,875 [INFO] presentation.associados_controller - 📨 [114/921] Enviando para ['marialtribeiro@hotmail.com']...
2026-03-27 06:05:06,970 [INFO] presentation.associados_controller - [114/921] OK → marialtribeiro@hotmail.com
2026-03-27 06:05:06,970 [INFO] presentation.associados_controller - ✅ [114/921] Enviado para ['marialtribeiro@hotmail.com']
2026-03-27 06:05:06,985 [INFO] presentation.associados_controller - ⏱️  Aguardando 2.9s...
2026-03-27 06:05:09,937 [INFO] presentation.associados_controller - 📨 [115/921] Enviando para ['sao.71@hotmail.com']...
2026-03-27 06:05:18,389 [INFO] presentation.associados_controller - [115/921] OK → sao.71@hotmail.com
2026-03-27 06:05:18,403 [INFO] presentation.associados_controller - ✅ [115/921] Enviado para ['sao.71@hotmail.com']
2026-03-27 06:05:18,409 [INFO] presentation.associados_controller - ⏱️  Aguardando 1.6s...
2026-03-27 06:05:20,041 [INFO] presentation.associados_controller - 📨 [116/921] Enviando para ['giselda-m-silva@sapo.pt']...
2026-03-27 06:05:29,420 [INFO] presentation.associados_controller - [116/921] OK → giselda-m-silva@sapo.pt
2026-03-27 06:05:29,426 [INFO] presentation.associados_controller - ✅ [116/921] Enviado para ['giselda-m-silva@sapo.pt']
2026-03-27 06:05:29,436 [INFO] presentation.associados_controller - ⏱️  Aguardando 1.3s...
2026-03-27 06:05:30,699 [INFO] presentation.associados_controller - 📨 [117/921] Enviando para ['ju.azevedo93@gmail.com']...
2026-03-27 06:05:37,421 [INFO] presentation.associados_controller - [117/921] OK → ju.azevedo93@gmail.com
2026-03-27 06:05:37,421 [INFO] presentation.associados_controller - ✅ [117/921] Enviado para ['ju.azevedo93@gmail.com']
2026-03-27 06:05:37,431 [INFO] presentation.associados_controller - ⏱️  Aguardando 3.0s...
2026-03-27 06:05:40,406 [INFO] presentation.associados_controller - 📨 [118/921] Enviando para ['antoniopbarbosa@sapo.pt']...
2026-03-27 06:05:47,011 [INFO] presentation.associados_controller - [118/921] OK → antoniopbarbosa@sapo.pt
2026-03-27 06:05:47,013 [INFO] presentation.associados_controller - ✅ [118/921] Enviado para ['antoniopbarbosa@sapo.pt']
2026-03-27 06:05:47,027 [INFO] presentation.associados_controller - ⏱️  Aguardando 1.2s...
2026-03-27 06:05:48,215 [INFO] presentation.associados_controller - 📨 [119/921] Enviando para ['m.c.c.r.anjos@gmail.com']...
2026-03-27 06:05:56,824 [INFO] presentation.associados_controller - [119/921] OK → m.c.c.r.anjos@gmail.com
2026-03-27 06:05:56,829 [INFO] presentation.associados_controller - ✅ [119/921] Enviado para ['m.c.c.r.anjos@gmail.com']
2026-03-27 06:05:56,841 [INFO] presentation.associados_controller - ⏱️  Aguardando 1.9s...
2026-03-27 06:05:58,717 [INFO] presentation.associados_controller - 📨 [120/921] Enviando para ['adriano.torres.neves@gmail.com']...
2026-03-27 06:06:07,209 [INFO] presentation.associados_controller - [120/921] OK → adriano.torres.neves@gmail.com
2026-03-27 06:06:07,209 [INFO] presentation.associados_controller - ✅ [120/921] Enviado para ['adriano.torres.neves@gmail.com']
2026-03-27 06:06:07,220 [INFO] presentation.associados_controller - ⏱️  Aguardando 1.3s...
2026-03-27 06:06:08,524 [INFO] presentation.associados_controller - 📨 [121/921] Enviando para ['ruiguerra@sapo.pt']...
2026-03-27 06:06:15,187 [INFO] presentation.associados_controller - [121/921] OK → ruiguerra@sapo.pt
2026-03-27 06:06:15,189 [INFO] presentation.associados_controller - ✅ [121/921] Enviado para ['ruiguerra@sapo.pt']
2026-03-27 06:06:15,201 [INFO] presentation.associados_controller - ⏱️  Aguardando 2.5s...
2026-03-27 06:06:17,678 [INFO] presentation.associados_controller - 📨 [122/921] Enviando para ['luciajesusmoreira@gmail.com']...
2026-03-27 06:06:26,519 [INFO] presentation.associados_controller - [122/921] OK → luciajesusmoreira@gmail.com
2026-03-27 06:06:26,525 [INFO] presentation.associados_controller - ✅ [122/921] Enviado para ['luciajesusmoreira@gmail.com']
2026-03-27 06:06:26,531 [INFO] presentation.associados_controller - ⏱️  Aguardando 2.6s...
2026-03-27 06:06:29,185 [INFO] presentation.associados_controller - 📨 [123/921] Enviando para ['ascencaosantos@gmail.com']...
2026-03-27 06:06:36,629 [INFO] presentation.associados_controller - [123/921] OK → ascencaosantos@gmail.com
2026-03-27 06:06:36,639 [INFO] presentation.associados_controller - ✅ [123/921] Enviado para ['ascencaosantos@gmail.com']
2026-03-27 06:06:36,649 [INFO] presentation.associados_controller - ⏱️  Aguardando 1.8s...
2026-03-27 06:06:38,509 [INFO] presentation.associados_controller - 📨 [124/921] Enviando para ['carlosmanuel.mendes@gmail.com']...
2026-03-27 06:06:47,329 [INFO] presentation.associados_controller - [124/921] OK → carlosmanuel.mendes@gmail.com
2026-03-27 06:06:47,329 [INFO] presentation.associados_controller - ✅ [124/921] Enviado para ['carlosmanuel.mendes@gmail.com']
2026-03-27 06:06:47,345 [INFO] presentation.associados_controller - ⏱️  Aguardando 2.5s...
2026-03-27 06:06:49,812 [INFO] presentation.associados_controller - 📨 [125/921] Enviando para ['dinasilvapereira1953@gmail.com']...
2026-03-27 06:06:58,809 [INFO] presentation.associados_controller - [125/921] OK → dinasilvapereira1953@gmail.com
2026-03-27 06:06:58,809 [INFO] presentation.associados_controller - ✅ [125/921] Enviado para ['dinasilvapereira1953@gmail.com']
2026-03-27 06:06:58,809 [INFO] presentation.associados_controller - ⏱️  Aguardando 1.0s...
2026-03-27 06:06:59,830 [INFO] presentation.associados_controller - 📨 [126/921] Enviando para ['jinhadamas@gmail.com']...
2026-03-27 06:07:08,459 [INFO] presentation.associados_controller - [126/921] OK → jinhadamas@gmail.com
2026-03-27 06:07:08,467 [INFO] presentation.associados_controller - ✅ [126/921] Enviado para ['jinhadamas@gmail.com']
2026-03-27 06:07:08,469 [INFO] presentation.associados_controller - ⏱️  Aguardando 2.9s...
2026-03-27 06:07:11,427 [INFO] presentation.associados_controller - 📨 [127/921] Enviando para ['nina.andrade@sapo.pt']...
2026-03-27 06:07:19,239 [INFO] presentation.associados_controller - [127/921] OK → nina.andrade@sapo.pt
2026-03-27 06:07:19,239 [INFO] presentation.associados_controller - ✅ [127/921] Enviado para ['nina.andrade@sapo.pt']
2026-03-27 06:07:19,259 [INFO] presentation.associados_controller - ⏱️  Aguardando 2.7s...
2026-03-27 06:07:21,985 [INFO] presentation.associados_controller - 📨 [128/921] Enviando para ['otiliateixeira@sapo.pt']...
2026-03-27 06:07:30,499 [INFO] presentation.associados_controller - [128/921] OK → otiliateixeira@sapo.pt
2026-03-27 06:07:30,505 [INFO] presentation.associados_controller - ✅ [128/921] Enviado para ['otiliateixeira@sapo.pt']
2026-03-27 06:07:30,516 [INFO] presentation.associados_controller - ⏱️  Aguardando 1.1s...
2026-03-27 06:07:31,602 [INFO] presentation.associados_controller - 📨 [129/921] Enviando para ['goncjsilva@sapo.pt']...
2026-03-27 06:07:38,940 [INFO] presentation.associados_controller - [129/921] OK → goncjsilva@sapo.pt
2026-03-27 06:07:38,949 [INFO] presentation.associados_controller - ✅ [129/921] Enviado para ['goncjsilva@sapo.pt']
2026-03-27 06:07:38,962 [INFO] presentation.associados_controller - ⏱️  Aguardando 2.5s...
2026-03-27 06:07:41,520 [INFO] presentation.associados_controller - 📨 [130/921] Enviando para ['as4956771@sapo.pt']...
2026-03-27 06:07:50,986 [INFO] presentation.associados_controller - [130/921] OK → as4956771@sapo.pt
2026-03-27 06:07:50,989 [INFO] presentation.associados_controller - ✅ [130/921] Enviado para ['as4956771@sapo.pt']
2026-03-27 06:07:51,002 [INFO] presentation.associados_controller - ⏱️  Aguardando 1.3s...
2026-03-27 06:07:52,269 [INFO] presentation.associados_controller - 📨 [131/921] Enviando para ['26ruipedro@gmail.com']...
2026-03-27 06:07:58,993 [INFO] presentation.associados_controller - [131/921] OK → 26ruipedro@gmail.com
2026-03-27 06:07:59,000 [INFO] presentation.associados_controller - ✅ [131/921] Enviado para ['26ruipedro@gmail.com']
2026-03-27 06:07:59,009 [INFO] presentation.associados_controller - ⏱️  Aguardando 1.1s...
2026-03-27 06:08:00,151 [INFO] presentation.associados_controller - 📨 [132/921] Enviando para ['fatima.simoes57@sapo.pt']...
2026-03-27 06:08:08,899 [INFO] presentation.associados_controller - [132/921] OK → fatima.simoes57@sapo.pt
2026-03-27 06:08:08,911 [INFO] presentation.associados_controller - ✅ [132/921] Enviado para ['fatima.simoes57@sapo.pt']
2026-03-27 06:08:08,919 [INFO] presentation.associados_controller - ⏱️  Aguardando 2.7s...
2026-03-27 06:08:11,654 [INFO] presentation.associados_controller - 📨 [133/921] Enviando para ['downlord@sapo.pt']...
2026-03-27 06:08:17,977 [INFO] presentation.associados_controller - [133/921] OK → downlord@sapo.pt
2026-03-27 06:08:17,979 [INFO] presentation.associados_controller - ✅ [133/921] Enviado para ['downlord@sapo.pt']
2026-03-27 06:08:17,993 [INFO] presentation.associados_controller - ⏱️  Aguardando 2.2s...
2026-03-27 06:08:20,190 [INFO] presentation.associados_controller - 📨 [134/921] Enviando para ['constanca_santos@sapo.pt']...
2026-03-27 06:08:27,409 [INFO] presentation.associados_controller - [134/921] OK → constanca_santos@sapo.pt
2026-03-27 06:08:27,409 [INFO] presentation.associados_controller - ✅ [134/921] Enviado para ['constanca_santos@sapo.pt']
2026-03-27 06:08:27,423 [INFO] presentation.associados_controller - ⏱️  Aguardando 2.4s...
2026-03-27 06:08:29,845 [INFO] presentation.associados_controller - 📨 [135/921] Enviando para ['duartemanuelduarte@sapo.pt']...
2026-03-27 06:08:38,449 [INFO] presentation.associados_controller - [135/921] OK → duartemanuelduarte@sapo.pt
2026-03-27 06:08:38,455 [INFO] presentation.associados_controller - ✅ [135/921] Enviado para ['duartemanuelduarte@sapo.pt']
2026-03-27 06:08:38,459 [INFO] presentation.associados_controller - ⏱️  Aguardando 2.3s...
2026-03-27 06:08:40,740 [INFO] presentation.associados_controller - 📨 [136/921] Enviando para ['sousanunes@sapo.pt']...
2026-03-27 06:08:47,833 [INFO] presentation.associados_controller - [136/921] OK → sousanunes@sapo.pt
2026-03-27 06:08:47,839 [INFO] presentation.associados_controller - ✅ [136/921] Enviado para ['sousanunes@sapo.pt']
2026-03-27 06:08:47,850 [INFO] presentation.associados_controller - ⏱️  Aguardando 1.7s...
2026-03-27 06:08:49,517 [INFO] presentation.associados_controller - 📨 [137/921] Enviando para ['anamariamendes51@sapo.pt']...
2026-03-27 06:08:58,339 [INFO] presentation.associados_controller - [137/921] OK → anamariamendes51@sapo.pt
2026-03-27 06:08:58,346 [INFO] presentation.associados_controller - ✅ [137/921] Enviado para ['anamariamendes51@sapo.pt']
2026-03-27 06:08:58,349 [INFO] presentation.associados_controller - ⏱️  Aguardando 1.3s...
2026-03-27 06:08:59,614 [INFO] presentation.associados_controller - 📨 [138/921] Enviando para ['amarquesneves@gmail.com']...
2026-03-27 06:09:07,529 [INFO] presentation.associados_controller - [138/921] OK → amarquesneves@gmail.com
2026-03-27 06:09:07,532 [INFO] presentation.associados_controller - ✅ [138/921] Enviado para ['amarquesneves@gmail.com']
2026-03-27 06:09:07,543 [INFO] presentation.associados_controller - ⏱️  Aguardando 2.7s...
2026-03-27 06:09:10,271 [INFO] presentation.associados_controller - 📨 [139/921] Enviando para ['mbmhm@sapo.pt']...
2026-03-27 06:09:19,122 [INFO] presentation.associados_controller - [139/921] OK → mbmhm@sapo.pt
2026-03-27 06:09:19,129 [INFO] presentation.associados_controller - ✅ [139/921] Enviado para ['mbmhm@sapo.pt']
2026-03-27 06:09:19,139 [INFO] presentation.associados_controller - ⏱️  Aguardando 1.0s...
2026-03-27 06:09:20,161 [INFO] presentation.associados_controller - 📨 [140/921] Enviando para ['mcramirescosta@gmail.com']...
2026-03-27 06:09:27,768 [INFO] presentation.associados_controller - [140/921] OK → mcramirescosta@gmail.com
2026-03-27 06:09:27,771 [INFO] presentation.associados_controller - ✅ [140/921] Enviado para ['mcramirescosta@gmail.com']
2026-03-27 06:09:27,781 [INFO] presentation.associados_controller - ⏱️  Aguardando 1.2s...
2026-03-27 06:09:28,962 [INFO] presentation.associados_controller - 📨 [141/921] Enviando para ['manuelamorado3@gmail.com']...
2026-03-27 06:10:02,511 [INFO] presentation.associados_controller - [141/921] OK → manuelamorado3@gmail.com
2026-03-27 06:10:02,511 [INFO] presentation.associados_controller - ✅ [141/921] Enviado para ['manuelamorado3@gmail.com']
2026-03-27 06:10:02,529 [INFO] presentation.associados_controller - ⏱️  Aguardando 2.4s...
2026-03-27 06:10:04,939 [INFO] presentation.associados_controller - 📨 [142/921] Enviando para ['irochamatias@gmail.com']...
2026-03-27 06:10:15,636 [INFO] presentation.associados_controller - [142/921] OK → irochamatias@gmail.com
2026-03-27 06:10:15,636 [INFO] presentation.associados_controller - ✅ [142/921] Enviado para ['irochamatias@gmail.com']
2026-03-27 06:10:15,652 [INFO] presentation.associados_controller - ⏱️  Aguardando 2.9s...
2026-03-27 06:10:18,619 [INFO] presentation.associados_controller - 📨 [143/921] Enviando para ['estercorina51@gmail.com']...
2026-03-27 06:10:25,517 [INFO] presentation.associados_controller - [143/921] OK → estercorina51@gmail.com
2026-03-27 06:10:25,517 [INFO] presentation.associados_controller - ✅ [143/921] Enviado para ['estercorina51@gmail.com']
2026-03-27 06:10:25,533 [INFO] presentation.associados_controller - ⏱️  Aguardando 1.8s...
2026-03-27 06:10:27,317 [INFO] presentation.associados_controller - 📨 [144/921] Enviando para ['fernando.couto.soares@gmail.com']...
2026-03-27 06:10:37,321 [INFO] presentation.associados_controller - [144/921] OK → fernando.couto.soares@gmail.com
2026-03-27 06:10:37,327 [INFO] presentation.associados_controller - ✅ [144/921] Enviado para ['fernando.couto.soares@gmail.com']
2026-03-27 06:10:37,347 [INFO] presentation.associados_controller - ⏱️  Aguardando 2.5s...
2026-03-27 06:10:39,829 [INFO] presentation.associados_controller - 📨 [145/921] Enviando para ['jose.a.leocadio@hotmail.com']...
2026-03-27 06:10:47,573 [INFO] presentation.associados_controller - [145/921] OK → jose.a.leocadio@hotmail.com
2026-03-27 06:10:47,576 [INFO] presentation.associados_controller - ✅ [145/921] Enviado para ['jose.a.leocadio@hotmail.com']
2026-03-27 06:10:47,593 [INFO] presentation.associados_controller - ⏱️  Aguardando 2.8s...
2026-03-27 06:10:50,382 [INFO] presentation.associados_controller - 📨 [146/921] Enviando para ['vandasimoesmoreira@gmail.com']...
2026-03-27 06:10:57,324 [INFO] presentation.associados_controller - [146/921] OK → vandasimoesmoreira@gmail.com
2026-03-27 06:10:57,331 [INFO] presentation.associados_controller - ✅ [146/921] Enviado para ['vandasimoesmoreira@gmail.com']
2026-03-27 06:10:57,342 [INFO] presentation.associados_controller - ⏱️  Aguardando 2.8s...
2026-03-27 06:11:00,170 [INFO] presentation.associados_controller - 📨 [147/921] Enviando para ['gilda.reis.cunha-10693p@adv.oa.pt']...
2026-03-27 06:11:09,841 [INFO] presentation.associados_controller - [147/921] OK → gilda.reis.cunha-10693p@adv.oa.pt
2026-03-27 06:11:09,852 [INFO] presentation.associados_controller - ✅ [147/921] Enviado para ['gilda.reis.cunha-10693p@adv.oa.pt']
2026-03-27 06:11:09,861 [INFO] presentation.associados_controller - ⏱️  Aguardando 1.1s...
2026-03-27 06:11:11,018 [INFO] presentation.associados_controller - 📨 [148/921] Enviando para ['paulamvieira57@sapo.pt']...
2026-03-27 06:11:17,233 [INFO] presentation.associados_controller - [148/921] OK → paulamvieira57@sapo.pt
2026-03-27 06:11:17,241 [INFO] presentation.associados_controller - ✅ [148/921] Enviado para ['paulamvieira57@sapo.pt']
2026-03-27 06:11:17,252 [INFO] presentation.associados_controller - ⏱️  Aguardando 2.8s...
2026-03-27 06:11:20,067 [INFO] presentation.associados_controller - 📨 [149/921] Enviando para ['fernandofreitasrangel@gmail.com']...
2026-03-27 06:11:28,481 [INFO] presentation.associados_controller - [149/921] OK → fernandofreitasrangel@gmail.com
2026-03-27 06:11:28,481 [INFO] presentation.associados_controller - ✅ [149/921] Enviado para ['fernandofreitasrangel@gmail.com']
2026-03-27 06:11:28,491 [INFO] presentation.associados_controller - ⏱️  Aguardando 1.4s...
2026-03-27 06:11:29,926 [INFO] presentation.associados_controller - 📨 [150/921] Enviando para ['mendesartesanato@hotmail.com']...
2026-03-27 06:11:38,376 [INFO] presentation.associados_controller - [150/921] OK → mendesartesanato@hotmail.com
2026-03-27 06:11:38,381 [INFO] presentation.associados_controller - ✅ [150/921] Enviado para ['mendesartesanato@hotmail.com']
2026-03-27 06:11:38,392 [INFO] presentation.associados_controller - ⏱️  Aguardando 1.5s...
2026-03-27 06:11:39,956 [INFO] presentation.associados_controller - ⏸️  Pausa de 272s...
2026-03-27 06:16:12,006 [INFO] presentation.associados_controller - Envio concluído.
2026-03-27 06:16:12,006 [INFO] presentation.associados_controller - 📨 [151/921] Enviando para ['emmas.flower.shop@hotmail.com']...
2026-03-27 06:17:36,153 [INFO] presentation.associados_controller - [151/921] OK → emmas.flower.shop@hotmail.com
2026-03-27 06:17:36,153 [INFO] presentation.associados_controller - ✅ [151/921] Enviado para ['emmas.flower.shop@hotmail.com']
2026-03-27 06:17:36,169 [INFO] presentation.associados_controller - ⏱️  Aguardando 1.6s...
2026-03-27 06:17:37,824 [INFO] presentation.associados_controller - 📨 [152/921] Enviando para ['eduardosalazar@sapo.pt']...
2026-03-27 06:17:51,588 [INFO] presentation.associados_controller - [152/921] OK → eduardosalazar@sapo.pt
2026-03-27 06:17:51,590 [INFO] presentation.associados_controller - ✅ [152/921] Enviado para ['eduardosalazar@sapo.pt']
2026-03-27 06:17:51,595 [INFO] presentation.associados_controller - ⏱️  Aguardando 2.6s...
2026-03-27 06:17:54,198 [INFO] presentation.associados_controller - 📨 [153/921] Enviando para ['abiliosoajo@gmail.com']...
2026-03-27 06:18:02,725 [INFO] presentation.associados_controller - [153/921] OK → abiliosoajo@gmail.com
2026-03-27 06:18:02,731 [INFO] presentation.associados_controller - ✅ [153/921] Enviado para ['abiliosoajo@gmail.com']
2026-03-27 06:18:02,740 [INFO] presentation.associados_controller - ⏱️  Aguardando 1.9s...
2026-03-27 06:18:04,700 [INFO] presentation.associados_controller - 📨 [154/921] Enviando para ['mariajfsilva76@gmail.com']...
2026-03-27 06:18:12,915 [INFO] presentation.associados_controller - [154/921] OK → mariajfsilva76@gmail.com
2026-03-27 06:18:12,921 [INFO] presentation.associados_controller - ✅ [154/921] Enviado para ['mariajfsilva76@gmail.com']
2026-03-27 06:18:12,931 [INFO] presentation.associados_controller - ⏱️  Aguardando 2.0s...
2026-03-27 06:18:14,936 [INFO] presentation.associados_controller - 📨 [155/921] Enviando para ['olindacunha3@gmail.com']...
2026-03-27 06:18:23,338 [INFO] presentation.associados_controller - [155/921] OK → olindacunha3@gmail.com
2026-03-27 06:18:23,343 [INFO] presentation.associados_controller - ✅ [155/921] Enviado para ['olindacunha3@gmail.com']
2026-03-27 06:18:23,354 [INFO] presentation.associados_controller - ⏱️  Aguardando 2.0s...
2026-03-27 06:18:25,327 [INFO] presentation.associados_controller - 📨 [156/921] Enviando para ['manuela.ribeiro.pinto@gmail.com']...
2026-03-27 06:18:33,193 [INFO] presentation.associados_controller - [156/921] OK → manuela.ribeiro.pinto@gmail.com
2026-03-27 06:18:33,195 [INFO] presentation.associados_controller - ✅ [156/921] Enviado para ['manuela.ribeiro.pinto@gmail.com']
2026-03-27 06:18:33,204 [INFO] presentation.associados_controller - ⏱️  Aguardando 1.3s...
2026-03-27 06:18:34,516 [INFO] presentation.associados_controller - 📨 [157/921] Enviando para ['ana.lago.vieira.santos@gmail.com']...
2026-03-27 06:18:42,547 [INFO] presentation.associados_controller - [157/921] OK → ana.lago.vieira.santos@gmail.com
2026-03-27 06:18:42,547 [INFO] presentation.associados_controller - ✅ [157/921] Enviado para ['ana.lago.vieira.santos@gmail.com']
2026-03-27 06:18:42,563 [INFO] presentation.associados_controller - ⏱️  Aguardando 2.8s...
2026-03-27 06:18:45,354 [INFO] presentation.associados_controller - 📨 [158/921] Enviando para ['matdboliveira@hotmail.com']...
2026-03-27 06:18:53,754 [INFO] presentation.associados_controller - [158/921] OK → matdboliveira@hotmail.com
2026-03-27 06:18:53,754 [INFO] presentation.associados_controller - ✅ [158/921] Enviado para ['matdboliveira@hotmail.com']
2026-03-27 06:18:53,770 [INFO] presentation.associados_controller - ⏱️  Aguardando 2.4s...
2026-03-27 06:18:56,213 [INFO] presentation.associados_controller - 📨 [159/921] Enviando para ['martinho.v@gmail.com']...
2026-03-27 06:19:03,279 [INFO] presentation.associados_controller - [159/921] OK → martinho.v@gmail.com
2026-03-27 06:19:03,285 [INFO] presentation.associados_controller - ✅ [159/921] Enviado para ['martinho.v@gmail.com']
2026-03-27 06:19:03,300 [INFO] presentation.associados_controller - ⏱️  Aguardando 1.1s...
2026-03-27 06:19:04,412 [INFO] presentation.associados_controller - 📨 [160/921] Enviando para ['benilde.sousa@sapo.pt']...
2026-03-27 06:19:12,811 [INFO] presentation.associados_controller - [160/921] OK → benilde.sousa@sapo.pt
2026-03-27 06:19:12,811 [INFO] presentation.associados_controller - ✅ [160/921] Enviado para ['benilde.sousa@sapo.pt']
2026-03-27 06:19:12,827 [INFO] presentation.associados_controller - ⏱️  Aguardando 1.5s...
2026-03-27 06:19:14,319 [INFO] presentation.associados_controller - 📨 [161/921] Enviando para ['ferrazfernando191@gmail.com']...
2026-03-27 06:19:23,134 [INFO] presentation.associados_controller - [161/921] OK → ferrazfernando191@gmail.com
2026-03-27 06:19:23,136 [INFO] presentation.associados_controller - ✅ [161/921] Enviado para ['ferrazfernando191@gmail.com']
2026-03-27 06:19:23,145 [INFO] presentation.associados_controller - ⏱️  Aguardando 1.6s...
2026-03-27 06:19:24,801 [INFO] presentation.associados_controller - 📨 [162/921] Enviando para ['Paulo.lima.966232091@gmail.com']...
2026-03-27 06:19:33,385 [INFO] presentation.associados_controller - [162/921] OK → Paulo.lima.966232091@gmail.com
2026-03-27 06:19:33,391 [INFO] presentation.associados_controller - ✅ [162/921] Enviado para ['Paulo.lima.966232091@gmail.com']
2026-03-27 06:19:33,403 [INFO] presentation.associados_controller - ⏱️  Aguardando 1.1s...
2026-03-27 06:19:34,550 [INFO] presentation.associados_controller - 📨 [163/921] Enviando para ['eanafigueiredo@gmail.com']...
2026-03-27 06:19:42,279 [INFO] presentation.associados_controller - [163/921] OK → eanafigueiredo@gmail.com
2026-03-27 06:19:42,285 [INFO] presentation.associados_controller - ✅ [163/921] Enviado para ['eanafigueiredo@gmail.com']
2026-03-27 06:19:42,295 [INFO] presentation.associados_controller - ⏱️  Aguardando 1.4s...
2026-03-27 06:19:43,730 [INFO] presentation.associados_controller - 📨 [164/921] Enviando para ['sbcontabilidadeslda@gmail.com']...
2026-03-27 06:19:52,587 [INFO] presentation.associados_controller - [164/921] OK → sbcontabilidadeslda@gmail.com
2026-03-27 06:19:52,587 [INFO] presentation.associados_controller - ✅ [164/921] Enviado para ['sbcontabilidadeslda@gmail.com']
2026-03-27 06:19:52,603 [INFO] presentation.associados_controller - ⏱️  Aguardando 1.0s...
2026-03-27 06:19:53,655 [INFO] presentation.associados_controller - 📨 [165/921] Enviando para ['abarandela@sapo.pt']...
2026-03-27 06:20:03,186 [INFO] presentation.associados_controller - [165/921] OK → abarandela@sapo.pt
2026-03-27 06:20:03,202 [INFO] presentation.associados_controller - ✅ [165/921] Enviado para ['abarandela@sapo.pt']
2026-03-27 06:20:03,202 [INFO] presentation.associados_controller - ⏱️  Aguardando 1.7s...
2026-03-27 06:20:04,960 [INFO] presentation.associados_controller - 📨 [166/921] Enviando para ['olindacrodrigues@gmail.com']...
2026-03-27 06:20:13,498 [INFO] presentation.associados_controller - [166/921] OK → olindacrodrigues@gmail.com
2026-03-27 06:20:13,498 [INFO] presentation.associados_controller - ✅ [166/921] Enviado para ['olindacrodrigues@gmail.com']
2026-03-27 06:20:13,514 [INFO] presentation.associados_controller - ⏱️  Aguardando 2.2s...
2026-03-27 06:20:15,757 [INFO] presentation.associados_controller - 📨 [167/921] Enviando para ['lucia.c.azevedo@sapo.pt']...
2026-03-27 06:20:22,939 [INFO] presentation.associados_controller - [167/921] OK → lucia.c.azevedo@sapo.pt
2026-03-27 06:20:22,945 [INFO] presentation.associados_controller - ✅ [167/921] Enviado para ['lucia.c.azevedo@sapo.pt']
2026-03-27 06:20:22,953 [INFO] presentation.associados_controller - ⏱️  Aguardando 1.0s...
2026-03-27 06:20:24,008 [INFO] presentation.associados_controller - 📨 [168/921] Enviando para ['elsacleite@gmail.com']...
2026-03-27 06:20:31,090 [INFO] presentation.associados_controller - [168/921] OK → elsacleite@gmail.com
2026-03-27 06:20:31,090 [INFO] presentation.associados_controller - ✅ [168/921] Enviado para ['elsacleite@gmail.com']
2026-03-27 06:20:31,106 [INFO] presentation.associados_controller - ⏱️  Aguardando 2.2s...
2026-03-27 06:20:33,328 [INFO] presentation.associados_controller - 📨 [169/921] Enviando para ['jst1046@gmail.com']...
2026-03-27 06:20:39,887 [INFO] presentation.associados_controller - [169/921] OK → jst1046@gmail.com
2026-03-27 06:20:39,887 [INFO] presentation.associados_controller - ✅ [169/921] Enviado para ['jst1046@gmail.com']
2026-03-27 06:20:39,907 [INFO] presentation.associados_controller - ⏱️  Aguardando 1.2s...
2026-03-27 06:20:41,139 [INFO] presentation.associados_controller - 📨 [170/921] Enviando para ['fernandofacs@gmail.com']...
2026-03-27 06:20:49,417 [INFO] presentation.associados_controller - [170/921] OK → fernandofacs@gmail.com
2026-03-27 06:20:49,417 [INFO] presentation.associados_controller - ✅ [170/921] Enviado para ['fernandofacs@gmail.com']
2026-03-27 06:20:49,433 [INFO] presentation.associados_controller - ⏱️  Aguardando 1.8s...
2026-03-27 06:20:51,292 [INFO] presentation.associados_controller - 📨 [171/921] Enviando para ['edmundotcouto@hotmail.com']...
2026-03-27 06:21:00,484 [INFO] presentation.associados_controller - [171/921] OK → edmundotcouto@hotmail.com
2026-03-27 06:21:00,488 [INFO] presentation.associados_controller - ✅ [171/921] Enviado para ['edmundotcouto@hotmail.com']
2026-03-27 06:21:00,500 [INFO] presentation.associados_controller - ⏱️  Aguardando 2.0s...
2026-03-27 06:21:02,553 [INFO] presentation.associados_controller - 📨 [172/921] Enviando para ['fernando_guedes1945@hotmail.com']...
2026-03-27 06:21:10,840 [INFO] presentation.associados_controller - [172/921] OK → fernando_guedes1945@hotmail.com
2026-03-27 06:21:10,840 [INFO] presentation.associados_controller - ✅ [172/921] Enviado para ['fernando_guedes1945@hotmail.com']
2026-03-27 06:21:10,854 [INFO] presentation.associados_controller - ⏱️  Aguardando 2.6s...
2026-03-27 06:21:13,473 [INFO] presentation.associados_controller - 📨 [173/921] Enviando para ['eferreira1949@gmail.com']...
2026-03-27 06:21:21,174 [INFO] presentation.associados_controller - [173/921] OK → eferreira1949@gmail.com
2026-03-27 06:21:21,179 [INFO] presentation.associados_controller - ✅ [173/921] Enviado para ['eferreira1949@gmail.com']
2026-03-27 06:21:21,183 [INFO] presentation.associados_controller - ⏱️  Aguardando 1.9s...
2026-03-27 06:21:23,040 [INFO] presentation.associados_controller - 📨 [174/921] Enviando para ['helena-melo@sapo.pt']...
2026-03-27 06:21:31,225 [INFO] presentation.associados_controller - [174/921] OK → helena-melo@sapo.pt
2026-03-27 06:21:31,225 [INFO] presentation.associados_controller - ✅ [174/921] Enviado para ['helena-melo@sapo.pt']
2026-03-27 06:21:31,240 [INFO] presentation.associados_controller - ⏱️  Aguardando 1.7s...
2026-03-27 06:21:32,942 [INFO] presentation.associados_controller - 📨 [175/921] Enviando para ['almf392@gmail.com']...
2026-03-27 06:21:39,901 [INFO] presentation.associados_controller - [175/921] OK → almf392@gmail.com
2026-03-27 06:21:39,905 [INFO] presentation.associados_controller - ✅ [175/921] Enviado para ['almf392@gmail.com']
2026-03-27 06:21:39,918 [INFO] presentation.associados_controller - ⏱️  Aguardando 1.2s...
2026-03-27 06:21:41,151 [INFO] presentation.associados_controller - 📨 [176/921] Enviando para ['violetadias@gmail.com']...
2026-03-27 06:21:50,392 [INFO] presentation.associados_controller - [176/921] OK → violetadias@gmail.com
2026-03-27 06:21:50,401 [INFO] presentation.associados_controller - ✅ [176/921] Enviado para ['violetadias@gmail.com']
2026-03-27 06:21:50,408 [INFO] presentation.associados_controller - ⏱️  Aguardando 1.6s...
2026-03-27 06:21:51,982 [INFO] presentation.associados_controller - 📨 [177/921] Enviando para ['algoba@sapo.pt']...
2026-03-27 06:21:58,623 [INFO] presentation.associados_controller - [177/921] OK → algoba@sapo.pt
2026-03-27 06:21:58,627 [INFO] presentation.associados_controller - ✅ [177/921] Enviado para ['algoba@sapo.pt']
2026-03-27 06:21:58,639 [INFO] presentation.associados_controller - ⏱️  Aguardando 2.8s...
2026-03-27 06:22:01,426 [INFO] presentation.associados_controller - 📨 [178/921] Enviando para ['deosousa1950@gmail.com']...
2026-03-27 06:22:08,041 [INFO] presentation.associados_controller - [178/921] OK → deosousa1950@gmail.com
2026-03-27 06:22:08,045 [INFO] presentation.associados_controller - ✅ [178/921] Enviado para ['deosousa1950@gmail.com']
2026-03-27 06:22:08,057 [INFO] presentation.associados_controller - ⏱️  Aguardando 2.2s...
2026-03-27 06:22:10,283 [INFO] presentation.associados_controller - 📨 [179/921] Enviando para ['mindamont@gmail.com']...
2026-03-27 06:22:19,258 [INFO] presentation.associados_controller - [179/921] OK → mindamont@gmail.com
2026-03-27 06:22:19,266 [INFO] presentation.associados_controller - ✅ [179/921] Enviado para ['mindamont@gmail.com']
2026-03-27 06:22:19,275 [INFO] presentation.associados_controller - ⏱️  Aguardando 1.8s...
2026-03-27 06:22:21,111 [INFO] presentation.associados_controller - 📨 [180/921] Enviando para ['jjb.sobral@gmail.com']...
2026-03-27 06:22:29,163 [INFO] presentation.associados_controller - [180/921] OK → jjb.sobral@gmail.com
2026-03-27 06:22:29,167 [INFO] presentation.associados_controller - ✅ [180/921] Enviado para ['jjb.sobral@gmail.com']
2026-03-27 06:22:29,176 [INFO] presentation.associados_controller - ⏱️  Aguardando 1.4s...
2026-03-27 06:22:30,552 [INFO] presentation.associados_controller - 📨 [181/921] Enviando para ['jacintabaptista@gmail.com']...
2026-03-27 06:22:37,854 [INFO] presentation.associados_controller - [181/921] OK → jacintabaptista@gmail.com
2026-03-27 06:22:37,863 [INFO] presentation.associados_controller - ✅ [181/921] Enviado para ['jacintabaptista@gmail.com']
2026-03-27 06:22:37,879 [INFO] presentation.associados_controller - ⏱️  Aguardando 2.9s...
2026-03-27 06:22:40,760 [INFO] presentation.associados_controller - 📨 [182/921] Enviando para ['afpg@sapo.pt']...
2026-03-27 06:22:49,130 [INFO] presentation.associados_controller - [182/921] OK → afpg@sapo.pt
2026-03-27 06:22:49,130 [INFO] presentation.associados_controller - ✅ [182/921] Enviado para ['afpg@sapo.pt']
2026-03-27 06:22:49,146 [INFO] presentation.associados_controller - ⏱️  Aguardando 1.3s...
2026-03-27 06:22:50,437 [INFO] presentation.associados_controller - 📨 [183/921] Enviando para ['joao.conceicao.1944@gmail.com']...
2026-03-27 06:22:59,118 [INFO] presentation.associados_controller - [183/921] OK → joao.conceicao.1944@gmail.com
2026-03-27 06:22:59,120 [INFO] presentation.associados_controller - ✅ [183/921] Enviado para ['joao.conceicao.1944@gmail.com']
2026-03-27 06:22:59,127 [INFO] presentation.associados_controller - ⏱️  Aguardando 2.0s...
2026-03-27 06:23:01,162 [INFO] presentation.associados_controller - 📨 [184/921] Enviando para ['fbranco.pt@gmail.com']...
2026-03-27 06:23:08,222 [INFO] presentation.associados_controller - [184/921] OK → fbranco.pt@gmail.com
2026-03-27 06:23:08,223 [INFO] presentation.associados_controller - ✅ [184/921] Enviado para ['fbranco.pt@gmail.com']
2026-03-27 06:23:08,223 [INFO] presentation.associados_controller - ⏱️  Aguardando 1.5s...
2026-03-27 06:23:09,768 [INFO] presentation.associados_controller - 📨 [185/921] Enviando para ['mariaemiliapinhal@gmail.com']...
2026-03-27 06:23:18,671 [INFO] presentation.associados_controller - [185/921] OK → mariaemiliapinhal@gmail.com
2026-03-27 06:23:18,673 [INFO] presentation.associados_controller - ✅ [185/921] Enviado para ['mariaemiliapinhal@gmail.com']
2026-03-27 06:23:18,678 [INFO] presentation.associados_controller - ⏱️  Aguardando 2.9s...
2026-03-27 06:23:21,606 [INFO] presentation.associados_controller - 📨 [186/921] Enviando para ['antoniocarvalho2209@gmail.com']...
2026-03-27 06:23:28,410 [INFO] presentation.associados_controller - [186/921] OK → antoniocarvalho2209@gmail.com
2026-03-27 06:23:28,416 [INFO] presentation.associados_controller - ✅ [186/921] Enviado para ['antoniocarvalho2209@gmail.com']
2026-03-27 06:23:28,422 [INFO] presentation.associados_controller - ⏱️  Aguardando 1.9s...
2026-03-27 06:23:30,375 [INFO] presentation.associados_controller - 📨 [187/921] Enviando para ['mariadorosariosousa972@gmail.com']...
2026-03-27 06:23:37,574 [INFO] presentation.associados_controller - [187/921] OK → mariadorosariosousa972@gmail.com
2026-03-27 06:23:37,580 [INFO] presentation.associados_controller - ✅ [187/921] Enviado para ['mariadorosariosousa972@gmail.com']
2026-03-27 06:23:37,590 [INFO] presentation.associados_controller - ⏱️  Aguardando 2.4s...
2026-03-27 06:23:40,001 [INFO] presentation.associados_controller - 📨 [188/921] Enviando para ['msilvaoliveirasousa@sapo.pt']...
2026-03-27 06:23:49,642 [INFO] presentation.associados_controller - [188/921] OK → msilvaoliveirasousa@sapo.pt
2026-03-27 06:23:49,650 [INFO] presentation.associados_controller - ✅ [188/921] Enviado para ['msilvaoliveirasousa@sapo.pt']
2026-03-27 06:23:49,658 [INFO] presentation.associados_controller - ⏱️  Aguardando 2.0s...
2026-03-27 06:23:51,726 [INFO] presentation.associados_controller - 📨 [189/921] Enviando para ['alberto.moura@netcabo.pt']...
2026-03-27 06:24:01,498 [INFO] presentation.associados_controller - [189/921] OK → alberto.moura@netcabo.pt
2026-03-27 06:24:01,498 [INFO] presentation.associados_controller - ✅ [189/921] Enviado para ['alberto.moura@netcabo.pt']
2026-03-27 06:24:01,510 [INFO] presentation.associados_controller - ⏱️  Aguardando 1.2s...
2026-03-27 06:24:02,739 [INFO] presentation.associados_controller - 📨 [190/921] Enviando para ['isabelvsantos@hotmail.com']...
2026-03-27 06:24:11,809 [INFO] presentation.associados_controller - [190/921] OK → isabelvsantos@hotmail.com
2026-03-27 06:24:11,815 [INFO] presentation.associados_controller - ✅ [190/921] Enviado para ['isabelvsantos@hotmail.com']
2026-03-27 06:24:11,825 [INFO] presentation.associados_controller - ⏱️  Aguardando 1.1s...
2026-03-27 06:24:12,931 [INFO] presentation.associados_controller - 📨 [191/921] Enviando para ['acacio.s.ramos@gmail.com']...
2026-03-27 06:24:31,733 [INFO] presentation.associados_controller - [191/921] OK → acacio.s.ramos@gmail.com
2026-03-27 06:24:31,744 [INFO] presentation.associados_controller - ✅ [191/921] Enviado para ['acacio.s.ramos@gmail.com']
2026-03-27 06:24:31,753 [INFO] presentation.associados_controller - ⏱️  Aguardando 2.2s...
2026-03-27 06:24:33,981 [INFO] presentation.associados_controller - 📨 [192/921] Enviando para ['gualdino.lopes@live.com.pt']...
2026-03-27 06:24:41,218 [INFO] presentation.associados_controller - [192/921] OK → gualdino.lopes@live.com.pt
2026-03-27 06:24:41,225 [INFO] presentation.associados_controller - ✅ [192/921] Enviado para ['gualdino.lopes@live.com.pt']
2026-03-27 06:24:41,232 [INFO] presentation.associados_controller - ⏱️  Aguardando 2.0s...
2026-03-27 06:24:43,273 [INFO] presentation.associados_controller - 📨 [193/921] Enviando para ['fjaimefontes@gmail.com']...
2026-03-27 06:24:51,916 [INFO] presentation.associados_controller - [193/921] OK → fjaimefontes@gmail.com
2026-03-27 06:24:51,916 [INFO] presentation.associados_controller - ✅ [193/921] Enviado para ['fjaimefontes@gmail.com']
2026-03-27 06:24:51,934 [INFO] presentation.associados_controller - ⏱️  Aguardando 2.7s...
2026-03-27 06:24:54,597 [INFO] presentation.associados_controller - 📨 [194/921] Enviando para ['mariamoreiranunes@gmail.com']...
2026-03-27 06:25:03,595 [INFO] presentation.associados_controller - [194/921] OK → mariamoreiranunes@gmail.com
2026-03-27 06:25:03,595 [INFO] presentation.associados_controller - ✅ [194/921] Enviado para ['mariamoreiranunes@gmail.com']
2026-03-27 06:25:03,622 [INFO] presentation.associados_controller - ⏱️  Aguardando 2.7s...
2026-03-27 06:25:06,310 [INFO] presentation.associados_controller - 📨 [195/921] Enviando para ['margarida.magalhaes@sapo.pt']...
2026-03-27 06:25:14,941 [INFO] presentation.associados_controller - [195/921] OK → margarida.magalhaes@sapo.pt
2026-03-27 06:25:14,941 [INFO] presentation.associados_controller - ✅ [195/921] Enviado para ['margarida.magalhaes@sapo.pt']
2026-03-27 06:25:14,957 [INFO] presentation.associados_controller - ⏱️  Aguardando 2.6s...
2026-03-27 06:25:17,574 [INFO] presentation.associados_controller - 📨 [196/921] Enviando para ['delitagoncalves@sapo.pt']...
2026-03-27 06:25:27,128 [INFO] presentation.associados_controller - [196/921] OK → delitagoncalves@sapo.pt
2026-03-27 06:25:27,128 [INFO] presentation.associados_controller - ✅ [196/921] Enviado para ['delitagoncalves@sapo.pt']
2026-03-27 06:25:27,144 [INFO] presentation.associados_controller - ⏱️  Aguardando 2.7s...
2026-03-27 06:25:29,898 [INFO] presentation.associados_controller - 📨 [197/921] Enviando para ['miarosasilva@gmail.com']...
2026-03-27 06:25:37,753 [INFO] presentation.associados_controller - [197/921] OK → miarosasilva@gmail.com
2026-03-27 06:25:37,763 [INFO] presentation.associados_controller - ✅ [197/921] Enviado para ['miarosasilva@gmail.com']
2026-03-27 06:25:37,772 [INFO] presentation.associados_controller - ⏱️  Aguardando 1.7s...
2026-03-27 06:25:39,492 [INFO] presentation.associados_controller - 📨 [198/921] Enviando para ['celesteapms@sapo.pt']...
2026-03-27 06:25:47,323 [INFO] presentation.associados_controller - [198/921] OK → celesteapms@sapo.pt
2026-03-27 06:25:47,326 [INFO] presentation.associados_controller - ✅ [198/921] Enviado para ['celesteapms@sapo.pt']
2026-03-27 06:25:47,337 [INFO] presentation.associados_controller - ⏱️  Aguardando 2.2s...
2026-03-27 06:25:49,512 [INFO] presentation.associados_controller - 📨 [199/921] Enviando para ['odetesantos1950@gmail.com']...
2026-03-27 06:25:56,891 [INFO] presentation.associados_controller - [199/921] OK → odetesantos1950@gmail.com
2026-03-27 06:25:56,891 [INFO] presentation.associados_controller - ✅ [199/921] Enviado para ['odetesantos1950@gmail.com']
2026-03-27 06:25:56,911 [INFO] presentation.associados_controller - ⏱️  Aguardando 2.1s...
2026-03-27 06:25:59,005 [INFO] presentation.associados_controller - 📨 [200/921] Enviando para ['jmeirelesmachado@gmail.com']...
2026-03-27 06:26:08,142 [INFO] presentation.associados_controller - [200/921] OK → jmeirelesmachado@gmail.com
2026-03-27 06:26:08,148 [INFO] presentation.associados_controller - ✅ [200/921] Enviado para ['jmeirelesmachado@gmail.com']
2026-03-27 06:26:08,160 [INFO] presentation.associados_controller - ⏱️  Aguardando 1.4s...
2026-03-27 06:26:09,524 [INFO] presentation.associados_controller - ⏸️  Pausa de 190s...
2026-03-27 06:29:19,600 [INFO] presentation.associados_controller - Envio concluído.
2026-03-27 06:29:19,604 [INFO] presentation.associados_controller - 📨 [201/921] Enviando para ['anterofcs@sapo.pt']...
2026-03-27 06:31:06,588 [INFO] presentation.associados_controller - [201/921] OK → anterofcs@sapo.pt
2026-03-27 06:31:06,588 [INFO] presentation.associados_controller - ✅ [201/921] Enviado para ['anterofcs@sapo.pt']
2026-03-27 06:31:06,604 [INFO] presentation.associados_controller - ⏱️  Aguardando 1.7s...
2026-03-27 06:31:08,329 [INFO] presentation.associados_controller - 📨 [202/921] Enviando para ['aaalmeida@sapo.pt']...
2026-03-27 06:31:20,907 [INFO] presentation.associados_controller - [202/921] OK → aaalmeida@sapo.pt
2026-03-27 06:31:20,909 [INFO] presentation.associados_controller - ✅ [202/921] Enviado para ['aaalmeida@sapo.pt']
2026-03-27 06:31:20,917 [INFO] presentation.associados_controller - ⏱️  Aguardando 1.8s...
2026-03-27 06:31:22,720 [INFO] presentation.associados_controller - 📨 [203/921] Enviando para ['abilioacsoares@sapo.pt']...
2026-03-27 06:31:30,577 [INFO] presentation.associados_controller - [203/921] OK → abilioacsoares@sapo.pt
2026-03-27 06:31:30,583 [INFO] presentation.associados_controller - ✅ [203/921] Enviado para ['abilioacsoares@sapo.pt']
2026-03-27 06:31:30,591 [INFO] presentation.associados_controller - ⏱️  Aguardando 2.6s...
2026-03-27 06:31:33,238 [INFO] presentation.associados_controller - 📨 [204/921] Enviando para ['vieiratlp@hotmail.com']...
2026-03-27 06:31:41,250 [INFO] presentation.associados_controller - [204/921] OK → vieiratlp@hotmail.com
2026-03-27 06:31:41,252 [INFO] presentation.associados_controller - ✅ [204/921] Enviado para ['vieiratlp@hotmail.com']
2026-03-27 06:31:41,258 [INFO] presentation.associados_controller - ⏱️  Aguardando 1.6s...
2026-03-27 06:31:42,836 [INFO] presentation.associados_controller - 📨 [205/921] Enviando para ['marialtribeiro@hotmail.com']...
2026-03-27 06:31:50,501 [INFO] presentation.associados_controller - [205/921] OK → marialtribeiro@hotmail.com
2026-03-27 06:31:50,508 [INFO] presentation.associados_controller - ✅ [205/921] Enviado para ['marialtribeiro@hotmail.com']
2026-03-27 06:31:50,523 [INFO] presentation.associados_controller - ⏱️  Aguardando 1.1s...
2026-03-27 06:31:51,636 [INFO] presentation.associados_controller - 📨 [206/921] Enviando para ['adrianolopes1947@gmail.com']...
2026-03-27 06:31:58,965 [INFO] presentation.associados_controller - [206/921] OK → adrianolopes1947@gmail.com
2026-03-27 06:31:58,982 [INFO] presentation.associados_controller - ✅ [206/921] Enviado para ['adrianolopes1947@gmail.com']
2026-03-27 06:31:58,982 [INFO] presentation.associados_controller - ⏱️  Aguardando 2.4s...
2026-03-27 06:32:01,422 [INFO] presentation.associados_controller - 📨 [207/921] Enviando para ['antoniorstorres@gmail.com']...
2026-03-27 06:32:09,976 [INFO] presentation.associados_controller - [207/921] OK → antoniorstorres@gmail.com
2026-03-27 06:32:09,982 [INFO] presentation.associados_controller - ✅ [207/921] Enviado para ['antoniorstorres@gmail.com']
2026-03-27 06:32:09,993 [INFO] presentation.associados_controller - ⏱️  Aguardando 2.6s...
2026-03-27 06:32:12,583 [INFO] presentation.associados_controller - 📨 [208/921] Enviando para ['jeronimo.s.castro@gmail.com']...
2026-03-27 06:32:19,843 [INFO] presentation.associados_controller - [208/921] OK → jeronimo.s.castro@gmail.com
2026-03-27 06:32:19,843 [INFO] presentation.associados_controller - ✅ [208/921] Enviado para ['jeronimo.s.castro@gmail.com']
2026-03-27 06:32:19,865 [INFO] presentation.associados_controller - ⏱️  Aguardando 1.3s...
2026-03-27 06:32:21,184 [INFO] presentation.associados_controller - 📨 [209/921] Enviando para ['antonioaires3@gmail.com']...
2026-03-27 06:32:29,372 [INFO] presentation.associados_controller - [209/921] OK → antonioaires3@gmail.com
2026-03-27 06:32:29,372 [INFO] presentation.associados_controller - ✅ [209/921] Enviado para ['antonioaires3@gmail.com']
2026-03-27 06:32:29,387 [INFO] presentation.associados_controller - ⏱️  Aguardando 2.1s...
2026-03-27 06:32:31,511 [INFO] presentation.associados_controller - 📨 [210/921] Enviando para ['jfirmino@sapo.pt']...
2026-03-27 06:32:40,371 [INFO] presentation.associados_controller - [210/921] OK → jfirmino@sapo.pt
2026-03-27 06:32:40,371 [INFO] presentation.associados_controller - ✅ [210/921] Enviado para ['jfirmino@sapo.pt']
2026-03-27 06:32:40,382 [INFO] presentation.associados_controller - ⏱️  Aguardando 1.9s...
2026-03-27 06:32:42,272 [INFO] presentation.associados_controller - 📨 [211/921] Enviando para ['afernandotsoares@gmail.com']...
2026-03-27 06:32:49,663 [INFO] presentation.associados_controller - [211/921] OK → afernandotsoares@gmail.com
2026-03-27 06:32:49,663 [INFO] presentation.associados_controller - ✅ [211/921] Enviado para ['afernandotsoares@gmail.com']
2026-03-27 06:32:49,679 [INFO] presentation.associados_controller - ⏱️  Aguardando 2.5s...
2026-03-27 06:32:52,158 [INFO] presentation.associados_controller - 📨 [212/921] Enviando para ['alvarespardal@sapo.pt']...
2026-03-27 06:33:00,421 [INFO] presentation.associados_controller - [212/921] OK → alvarespardal@sapo.pt
2026-03-27 06:33:00,421 [INFO] presentation.associados_controller - ✅ [212/921] Enviado para ['alvarespardal@sapo.pt']
2026-03-27 06:33:00,443 [INFO] presentation.associados_controller - ⏱️  Aguardando 2.0s...
2026-03-27 06:33:02,457 [INFO] presentation.associados_controller - 📨 [213/921] Enviando para ['joaoldf["nome"]rnandes@sapo.pt']...
2026-03-27 06:33:10,305 [INFO] presentation.associados_controller - [213/921] OK → joaoldf["nome"]rnandes@sapo.pt
2026-03-27 06:33:10,308 [INFO] presentation.associados_controller - ✅ [213/921] Enviado para ['joaoldf["nome"]rnandes@sapo.pt']
2026-03-27 06:33:10,318 [INFO] presentation.associados_controller - ⏱️  Aguardando 1.8s...
2026-03-27 06:33:12,095 [INFO] presentation.associados_controller - 📨 [214/921] Enviando para ['mariaemiliapinhal@gmail.com']...
2026-03-27 06:33:21,847 [INFO] presentation.associados_controller - [214/921] OK → mariaemiliapinhal@gmail.com
2026-03-27 06:33:21,851 [INFO] presentation.associados_controller - ✅ [214/921] Enviado para ['mariaemiliapinhal@gmail.com']
2026-03-27 06:33:21,862 [INFO] presentation.associados_controller - ⏱️  Aguardando 2.5s...
2026-03-27 06:33:24,364 [INFO] presentation.associados_controller - 📨 [215/921] Enviando para ['fatimalves1956@gmail.com']...
2026-03-27 06:33:32,702 [INFO] presentation.associados_controller - [215/921] OK → fatimalves1956@gmail.com
2026-03-27 06:33:32,718 [INFO] presentation.associados_controller - ✅ [215/921] Enviado para ['fatimalves1956@gmail.com']
2026-03-27 06:33:32,718 [INFO] presentation.associados_controller - ⏱️  Aguardando 1.6s...
2026-03-27 06:33:34,321 [INFO] presentation.associados_controller - 📨 [216/921] Enviando para ['maiscgo@gmail.com']...
2026-03-27 06:33:41,600 [INFO] presentation.associados_controller - [216/921] OK → maiscgo@gmail.com
2026-03-27 06:33:41,600 [INFO] presentation.associados_controller - ✅ [216/921] Enviado para ['maiscgo@gmail.com']
2026-03-27 06:33:41,612 [INFO] presentation.associados_controller - ⏱️  Aguardando 2.8s...
2026-03-27 06:33:44,419 [INFO] presentation.associados_controller - 📨 [217/921] Enviando para ['manuelestradas@sapo.pt']...
2026-03-27 06:33:53,236 [INFO] presentation.associados_controller - [217/921] OK → manuelestradas@sapo.pt
2026-03-27 06:33:53,254 [INFO] presentation.associados_controller - ✅ [217/921] Enviado para ['manuelestradas@sapo.pt']
2026-03-27 06:33:53,254 [INFO] presentation.associados_controller - ⏱️  Aguardando 2.1s...
2026-03-27 06:33:55,335 [INFO] presentation.associados_controller - 📨 [218/921] Enviando para ['rosarioribeiro23@hotmail.com']...
2026-03-27 06:34:04,355 [INFO] presentation.associados_controller - [218/921] OK → rosarioribeiro23@hotmail.com
2026-03-27 06:34:04,355 [INFO] presentation.associados_controller - ✅ [218/921] Enviado para ['rosarioribeiro23@hotmail.com']
2026-03-27 06:34:04,373 [INFO] presentation.associados_controller - ⏱️  Aguardando 2.4s...
2026-03-27 06:34:06,782 [INFO] presentation.associados_controller - 📨 [219/921] Enviando para ['ana.c.faneco@gmail.com']...
2026-03-27 06:34:13,778 [INFO] presentation.associados_controller - [219/921] OK → ana.c.faneco@gmail.com
2026-03-27 06:34:13,778 [INFO] presentation.associados_controller - ✅ [219/921] Enviado para ['ana.c.faneco@gmail.com']
2026-03-27 06:34:13,794 [INFO] presentation.associados_controller - ⏱️  Aguardando 3.0s...
2026-03-27 06:34:16,791 [INFO] presentation.associados_controller - 📨 [220/921] Enviando para ['joanafnsantos@gmail.com']...
2026-03-27 06:34:24,455 [INFO] presentation.associados_controller - [220/921] OK → joanafnsantos@gmail.com
2026-03-27 06:34:24,455 [INFO] presentation.associados_controller - ✅ [220/921] Enviado para ['joanafnsantos@gmail.com']
2026-03-27 06:34:24,455 [INFO] presentation.associados_controller - ⏱️  Aguardando 3.0s...
2026-03-27 06:34:27,439 [INFO] presentation.associados_controller - 📨 [221/921] Enviando para ['fernandoribeiro.mtc@gmail.com']...
2026-03-27 06:34:35,541 [INFO] presentation.associados_controller - [221/921] OK → fernandoribeiro.mtc@gmail.com
2026-03-27 06:34:35,541 [INFO] presentation.associados_controller - ✅ [221/921] Enviado para ['fernandoribeiro.mtc@gmail.com']
2026-03-27 06:34:35,557 [INFO] presentation.associados_controller - ⏱️  Aguardando 1.7s...
2026-03-27 06:34:37,295 [INFO] presentation.associados_controller - 📨 [222/921] Enviando para ['mconceicao.pereira@sapo.pt']...
2026-03-27 06:34:46,429 [INFO] presentation.associados_controller - [222/921] OK → mconceicao.pereira@sapo.pt
2026-03-27 06:34:46,438 [INFO] presentation.associados_controller - ✅ [222/921] Enviado para ['mconceicao.pereira@sapo.pt']
2026-03-27 06:34:46,438 [INFO] presentation.associados_controller - ⏱️  Aguardando 1.8s...
2026-03-27 06:34:48,253 [INFO] presentation.associados_controller - 📨 [223/921] Enviando para ['jcosta1950@hotmail.com']...
2026-03-27 06:34:55,536 [INFO] presentation.associados_controller - [223/921] OK → jcosta1950@hotmail.com
2026-03-27 06:34:55,536 [INFO] presentation.associados_controller - ✅ [223/921] Enviado para ['jcosta1950@hotmail.com']
2026-03-27 06:34:55,554 [INFO] presentation.associados_controller - ⏱️  Aguardando 1.0s...
2026-03-27 06:34:56,611 [INFO] presentation.associados_controller - 📨 [224/921] Enviando para ['jfirmino@sapo.pt']...
2026-03-27 06:35:05,280 [INFO] presentation.associados_controller - [224/921] OK → jfirmino@sapo.pt
2026-03-27 06:35:05,283 [INFO] presentation.associados_controller - ✅ [224/921] Enviado para ['jfirmino@sapo.pt']
2026-03-27 06:35:05,283 [INFO] presentation.associados_controller - ⏱️  Aguardando 1.6s...
2026-03-27 06:35:06,928 [INFO] presentation.associados_controller - 📨 [225/921] Enviando para ['mmargaridapinto@gmail.com']...
2026-03-27 06:35:16,072 [INFO] presentation.associados_controller - [225/921] OK → mmargaridapinto@gmail.com
2026-03-27 06:35:16,088 [INFO] presentation.associados_controller - ✅ [225/921] Enviado para ['mmargaridapinto@gmail.com']
2026-03-27 06:35:16,088 [INFO] presentation.associados_controller - ⏱️  Aguardando 2.1s...
2026-03-27 06:35:18,190 [INFO] presentation.associados_controller - 📨 [226/921] Enviando para ['ammfdealmeida@gmail.com']...
2026-03-27 06:35:26,288 [INFO] presentation.associados_controller - [226/921] OK → ammfdealmeida@gmail.com
2026-03-27 06:35:26,288 [INFO] presentation.associados_controller - ✅ [226/921] Enviado para ['ammfdealmeida@gmail.com']
2026-03-27 06:35:26,303 [INFO] presentation.associados_controller - ⏱️  Aguardando 2.8s...
2026-03-27 06:35:29,086 [INFO] presentation.associados_controller - 📨 [227/921] Enviando para ['gfab@sapo.pt']...
2026-03-27 06:35:37,837 [INFO] presentation.associados_controller - [227/921] OK → gfab@sapo.pt
2026-03-27 06:35:37,837 [INFO] presentation.associados_controller - ✅ [227/921] Enviado para ['gfab@sapo.pt']
2026-03-27 06:35:37,861 [INFO] presentation.associados_controller - ⏱️  Aguardando 1.1s...
2026-03-27 06:35:38,972 [INFO] presentation.associados_controller - 📨 [228/921] Enviando para ['m-mota-faria@sapo.pt']...
2026-03-27 06:35:47,670 [INFO] presentation.associados_controller - [228/921] OK → m-mota-faria@sapo.pt
2026-03-27 06:35:47,675 [INFO] presentation.associados_controller - ✅ [228/921] Enviado para ['m-mota-faria@sapo.pt']
2026-03-27 06:35:47,688 [INFO] presentation.associados_controller - ⏱️  Aguardando 2.0s...
2026-03-27 06:35:49,707 [INFO] presentation.associados_controller - 📨 [229/921] Enviando para ['carlosvilarinho@sapo.pt']...
2026-03-27 06:35:59,269 [INFO] presentation.associados_controller - [229/921] OK → carlosvilarinho@sapo.pt
2026-03-27 06:35:59,275 [INFO] presentation.associados_controller - ✅ [229/921] Enviado para ['carlosvilarinho@sapo.pt']
2026-03-27 06:35:59,282 [INFO] presentation.associados_controller - ⏱️  Aguardando 2.2s...
2026-03-27 06:36:01,546 [INFO] presentation.associados_controller - 📨 [230/921] Enviando para ['rosa_s_duarte@hotmail.com']...
2026-03-27 06:36:09,754 [INFO] presentation.associados_controller - [230/921] OK → rosa_s_duarte@hotmail.com
2026-03-27 06:36:09,763 [INFO] presentation.associados_controller - ✅ [230/921] Enviado para ['rosa_s_duarte@hotmail.com']
2026-03-27 06:36:09,770 [INFO] presentation.associados_controller - ⏱️  Aguardando 1.6s...
2026-03-27 06:36:11,440 [INFO] presentation.associados_controller - 📨 [231/921] Enviando para ['mariadoceurodrigues@gmail.com']...
2026-03-27 06:36:18,566 [INFO] presentation.associados_controller - [231/921] OK → mariadoceurodrigues@gmail.com
2026-03-27 06:36:18,568 [INFO] presentation.associados_controller - ✅ [231/921] Enviado para ['mariadoceurodrigues@gmail.com']
2026-03-27 06:36:18,572 [INFO] presentation.associados_controller - ⏱️  Aguardando 2.9s...
2026-03-27 06:36:21,519 [INFO] presentation.associados_controller - 📨 [232/921] Enviando para ['antoniofatimasoares@gmail.com']...
2026-03-27 06:36:30,910 [INFO] presentation.associados_controller - [232/921] OK → antoniofatimasoares@gmail.com
2026-03-27 06:36:30,916 [INFO] presentation.associados_controller - ✅ [232/921] Enviado para ['antoniofatimasoares@gmail.com']
2026-03-27 06:36:30,927 [INFO] presentation.associados_controller - ⏱️  Aguardando 1.5s...
2026-03-27 06:36:32,454 [INFO] presentation.associados_controller - 📨 [233/921] Enviando para ['mverissimoaraujo@gmail.com']...
2026-03-27 06:36:40,654 [INFO] presentation.associados_controller - [233/921] OK → mverissimoaraujo@gmail.com
2026-03-27 06:36:40,661 [INFO] presentation.associados_controller - ✅ [233/921] Enviado para ['mverissimoaraujo@gmail.com']
2026-03-27 06:36:40,665 [INFO] presentation.associados_controller - ⏱️  Aguardando 2.0s...
2026-03-27 06:36:42,702 [INFO] presentation.associados_controller - 📨 [234/921] Enviando para ['jmtspt@hotmail.com']...
2026-03-27 06:36:50,973 [INFO] presentation.associados_controller - [234/921] OK → jmtspt@hotmail.com
2026-03-27 06:36:50,978 [INFO] presentation.associados_controller - ✅ [234/921] Enviado para ['jmtspt@hotmail.com']
2026-03-27 06:36:50,981 [INFO] presentation.associados_controller - ⏱️  Aguardando 1.5s...
2026-03-27 06:36:52,471 [INFO] presentation.associados_controller - 📨 [235/921] Enviando para ['joakim_@hotmail.com']...
2026-03-27 06:37:00,356 [INFO] presentation.associados_controller - [235/921] OK → joakim_@hotmail.com
2026-03-27 06:37:00,356 [INFO] presentation.associados_controller - ✅ [235/921] Enviado para ['joakim_@hotmail.com']
2026-03-27 06:37:00,372 [INFO] presentation.associados_controller - ⏱️  Aguardando 2.0s...
2026-03-27 06:37:02,427 [INFO] presentation.associados_controller - 📨 [236/921] Enviando para ['mcesaltina@gmail.com']...
2026-03-27 06:37:09,827 [INFO] presentation.associados_controller - [236/921] OK → mcesaltina@gmail.com
2026-03-27 06:37:09,837 [INFO] presentation.associados_controller - ✅ [236/921] Enviado para ['mcesaltina@gmail.com']
2026-03-27 06:37:09,844 [INFO] presentation.associados_controller - ⏱️  Aguardando 2.6s...
2026-03-27 06:37:12,431 [INFO] presentation.associados_controller - 📨 [237/921] Enviando para ['deolinda.leite@hotmail.com']...
2026-03-27 06:37:19,705 [INFO] presentation.associados_controller - [237/921] OK → deolinda.leite@hotmail.com
2026-03-27 06:37:19,705 [INFO] presentation.associados_controller - ✅ [237/921] Enviado para ['deolinda.leite@hotmail.com']
2026-03-27 06:37:19,705 [INFO] presentation.associados_controller - ⏱️  Aguardando 2.3s...
2026-03-27 06:37:22,014 [INFO] presentation.associados_controller - 📨 [238/921] Enviando para ['2015fatimasilva@gmail.com']...
2026-03-27 06:37:30,537 [INFO] presentation.associados_controller - [238/921] OK → 2015fatimasilva@gmail.com
2026-03-27 06:37:30,552 [INFO] presentation.associados_controller - ✅ [238/921] Enviado para ['2015fatimasilva@gmail.com']
2026-03-27 06:37:30,553 [INFO] presentation.associados_controller - ⏱️  Aguardando 1.4s...
2026-03-27 06:37:31,968 [INFO] presentation.associados_controller - 📨 [239/921] Enviando para ['adelaideribeiro56@gmail.com']...
2026-03-27 06:37:39,546 [INFO] presentation.associados_controller - [239/921] OK → adelaideribeiro56@gmail.com
2026-03-27 06:37:39,549 [INFO] presentation.associados_controller - ✅ [239/921] Enviado para ['adelaideribeiro56@gmail.com']
2026-03-27 06:37:39,550 [INFO] presentation.associados_controller - ⏱️  Aguardando 1.5s...
2026-03-27 06:37:41,101 [INFO] presentation.associados_controller - 📨 [240/921] Enviando para ['vitormpinho@gmail.com']...
2026-03-27 06:37:48,650 [INFO] presentation.associados_controller - [240/921] OK → vitormpinho@gmail.com
2026-03-27 06:37:48,650 [INFO] presentation.associados_controller - ✅ [240/921] Enviado para ['vitormpinho@gmail.com']
2026-03-27 06:37:48,666 [INFO] presentation.associados_controller - ⏱️  Aguardando 1.2s...
2026-03-27 06:37:49,877 [INFO] presentation.associados_controller - 📨 [241/921] Enviando para ['noemia.m.madeira@sapo.pt']...
2026-03-27 06:38:14,941 [INFO] presentation.associados_controller - [241/921] OK → noemia.m.madeira@sapo.pt
2026-03-27 06:38:14,947 [INFO] presentation.associados_controller - ✅ [241/921] Enviado para ['noemia.m.madeira@sapo.pt']
2026-03-27 06:38:14,954 [INFO] presentation.associados_controller - ⏱️  Aguardando 1.8s...
2026-03-27 06:38:16,767 [INFO] presentation.associados_controller - 📨 [242/921] Enviando para ['maria.minda@sapo.pt']...
2026-03-27 06:38:24,741 [INFO] presentation.associados_controller - [242/921] OK → maria.minda@sapo.pt
2026-03-27 06:38:24,741 [INFO] presentation.associados_controller - ✅ [242/921] Enviado para ['maria.minda@sapo.pt']
2026-03-27 06:38:24,757 [INFO] presentation.associados_controller - ⏱️  Aguardando 2.4s...
2026-03-27 06:38:27,192 [INFO] presentation.associados_controller - 📨 [243/921] Enviando para ['luis.cunha.sol@gmail.com']...
2026-03-27 06:38:33,947 [INFO] presentation.associados_controller - [243/921] OK → luis.cunha.sol@gmail.com
2026-03-27 06:38:33,953 [INFO] presentation.associados_controller - ✅ [243/921] Enviado para ['luis.cunha.sol@gmail.com']
2026-03-27 06:38:33,966 [INFO] presentation.associados_controller - ⏱️  Aguardando 1.6s...
2026-03-27 06:38:35,563 [INFO] presentation.associados_controller - 📨 [244/921] Enviando para ['j.a.reis@sapo.pt']...
2026-03-27 06:38:44,599 [INFO] presentation.associados_controller - [244/921] OK → j.a.reis@sapo.pt
2026-03-27 06:38:44,599 [INFO] presentation.associados_controller - ✅ [244/921] Enviado para ['j.a.reis@sapo.pt']
2026-03-27 06:38:44,616 [INFO] presentation.associados_controller - ⏱️  Aguardando 1.4s...
2026-03-27 06:38:46,041 [INFO] presentation.associados_controller - 📨 [245/921] Enviando para ['a_lopes_cruz@sapo.pt']...
2026-03-27 06:38:54,266 [INFO] presentation.associados_controller - [245/921] OK → a_lopes_cruz@sapo.pt
2026-03-27 06:38:54,270 [INFO] presentation.associados_controller - ✅ [245/921] Enviado para ['a_lopes_cruz@sapo.pt']
2026-03-27 06:38:54,274 [INFO] presentation.associados_controller - ⏱️  Aguardando 3.0s...
2026-03-27 06:38:57,241 [INFO] presentation.associados_controller - 📨 [246/921] Enviando para ['mjpinho45@gmail.com']...
2026-03-27 06:39:04,545 [INFO] presentation.associados_controller - [246/921] OK → mjpinho45@gmail.com
2026-03-27 06:39:04,551 [INFO] presentation.associados_controller - ✅ [246/921] Enviado para ['mjpinho45@gmail.com']
2026-03-27 06:39:04,563 [INFO] presentation.associados_controller - ⏱️  Aguardando 1.5s...
2026-03-27 06:39:06,075 [INFO] presentation.associados_controller - 📨 [247/921] Enviando para ['lino-campos@mail.telepac.pt']...
2026-03-27 06:39:13,202 [INFO] presentation.associados_controller - [247/921] OK → lino-campos@mail.telepac.pt
2026-03-27 06:39:13,202 [INFO] presentation.associados_controller - ✅ [247/921] Enviado para ['lino-campos@mail.telepac.pt']
2026-03-27 06:39:13,216 [INFO] presentation.associados_controller - ⏱️  Aguardando 2.7s...
2026-03-27 06:39:15,955 [INFO] presentation.associados_controller - 📨 [248/921] Enviando para ['leonorarmanda@gmail.com']...
2026-03-27 06:39:25,383 [INFO] presentation.associados_controller - [248/921] OK → leonorarmanda@gmail.com
2026-03-27 06:39:25,393 [INFO] presentation.associados_controller - ✅ [248/921] Enviado para ['leonorarmanda@gmail.com']
2026-03-27 06:39:25,403 [INFO] presentation.associados_controller - ⏱️  Aguardando 2.2s...
2026-03-27 06:39:27,660 [INFO] presentation.associados_controller - 📨 [249/921] Enviando para ['laurapsousa51@gmail.com']...
2026-03-27 06:39:35,333 [INFO] presentation.associados_controller - [249/921] OK → laurapsousa51@gmail.com
2026-03-27 06:39:35,333 [INFO] presentation.associados_controller - ✅ [249/921] Enviado para ['laurapsousa51@gmail.com']
2026-03-27 06:39:35,343 [INFO] presentation.associados_controller - ⏱️  Aguardando 1.1s...
2026-03-27 06:39:36,452 [INFO] presentation.associados_controller - 📨 [250/921] Enviando para ['asrm.oliveira@gmail.com']...
2026-03-27 06:39:43,813 [INFO] presentation.associados_controller - [250/921] OK → asrm.oliveira@gmail.com
2026-03-27 06:39:43,813 [INFO] presentation.associados_controller - ✅ [250/921] Enviado para ['asrm.oliveira@gmail.com']
2026-03-27 06:39:43,823 [INFO] presentation.associados_controller - ⏱️  Aguardando 1.9s...
2026-03-27 06:39:45,772 [INFO] presentation.associados_controller - ⏸️  Pausa de 262s...
2026-03-27 06:44:08,699 [INFO] presentation.associados_controller - Envio concluído.
2026-03-27 06:44:08,708 [INFO] presentation.associados_controller - 📨 [251/921] Enviando para ['jamarujo22@gmail.com']...
2026-03-27 06:45:37,437 [INFO] presentation.associados_controller - [251/921] OK → jamarujo22@gmail.com
2026-03-27 06:45:37,443 [INFO] presentation.associados_controller - ✅ [251/921] Enviado para ['jamarujo22@gmail.com']
2026-03-27 06:45:37,453 [INFO] presentation.associados_controller - ⏱️  Aguardando 1.4s...
2026-03-27 06:45:38,875 [INFO] presentation.associados_controller - 📨 [252/921] Enviando para ['pbrandao39@gmail.com']...
2026-03-27 06:45:48,243 [INFO] presentation.associados_controller - [252/921] OK → pbrandao39@gmail.com
2026-03-27 06:45:48,249 [INFO] presentation.associados_controller - ✅ [252/921] Enviado para ['pbrandao39@gmail.com']
2026-03-27 06:45:48,257 [INFO] presentation.associados_controller - ⏱️  Aguardando 2.7s...
2026-03-27 06:45:50,957 [INFO] presentation.associados_controller - 📨 [253/921] Enviando para ['alfredo.s.cruz@formulavencedora.pt']...
2026-03-27 06:45:59,473 [INFO] presentation.associados_controller - [253/921] OK → alfredo.s.cruz@formulavencedora.pt
2026-03-27 06:45:59,484 [INFO] presentation.associados_controller - ✅ [253/921] Enviado para ['alfredo.s.cruz@formulavencedora.pt']
2026-03-27 06:45:59,496 [INFO] presentation.associados_controller - ⏱️  Aguardando 2.5s...
2026-03-27 06:46:02,053 [INFO] presentation.associados_controller - 📨 [254/921] Enviando para ['antoniomarquesmalheiro@gmail.com']...
2026-03-27 06:46:08,743 [INFO] presentation.associados_controller - [254/921] OK → antoniomarquesmalheiro@gmail.com
2026-03-27 06:46:08,743 [INFO] presentation.associados_controller - ✅ [254/921] Enviado para ['antoniomarquesmalheiro@gmail.com']
2026-03-27 06:46:08,763 [INFO] presentation.associados_controller - ⏱️  Aguardando 2.4s...
2026-03-27 06:46:11,160 [INFO] presentation.associados_controller - 📨 [255/921] Enviando para ['oscarsm1937@gmail.com']...
2026-03-27 06:46:25,054 [INFO] presentation.associados_controller - [255/921] OK → oscarsm1937@gmail.com
2026-03-27 06:46:25,054 [INFO] presentation.associados_controller - ✅ [255/921] Enviado para ['oscarsm1937@gmail.com']
2026-03-27 06:46:25,054 [INFO] presentation.associados_controller - ⏱️  Aguardando 1.5s...
2026-03-27 06:46:26,589 [INFO] presentation.associados_controller - 📨 [256/921] Enviando para ['mina.m.oliveira2018@gmail.com']...
2026-03-27 06:46:34,953 [INFO] presentation.associados_controller - [256/921] OK → mina.m.oliveira2018@gmail.com
2026-03-27 06:46:34,953 [INFO] presentation.associados_controller - ✅ [256/921] Enviado para ['mina.m.oliveira2018@gmail.com']
2026-03-27 06:46:34,976 [INFO] presentation.associados_controller - ⏱️  Aguardando 2.0s...
2026-03-27 06:46:37,001 [INFO] presentation.associados_controller - 📨 [257/921] Enviando para ['achilro@sapo.pt']...
2026-03-27 06:46:47,083 [INFO] presentation.associados_controller - [257/921] OK → achilro@sapo.pt
2026-03-27 06:46:47,096 [INFO] presentation.associados_controller - ✅ [257/921] Enviado para ['achilro@sapo.pt']
2026-03-27 06:46:47,103 [INFO] presentation.associados_controller - ⏱️  Aguardando 1.2s...
2026-03-27 06:46:48,317 [INFO] presentation.associados_controller - 📨 [258/921] Enviando para ['alcinolopes3150@gmail.com']...
2026-03-27 06:46:57,193 [INFO] presentation.associados_controller - [258/921] OK → alcinolopes3150@gmail.com
2026-03-27 06:46:57,203 [INFO] presentation.associados_controller - ✅ [258/921] Enviado para ['alcinolopes3150@gmail.com']
2026-03-27 06:46:57,209 [INFO] presentation.associados_controller - ⏱️  Aguardando 1.1s...
2026-03-27 06:46:58,323 [INFO] presentation.associados_controller - 📨 [259/921] Enviando para ['geral@clinicadentariacardoso.pt']...
2026-03-27 06:47:07,856 [INFO] presentation.associados_controller - [259/921] OK → geral@clinicadentariacardoso.pt
2026-03-27 06:47:07,863 [INFO] presentation.associados_controller - ✅ [259/921] Enviado para ['geral@clinicadentariacardoso.pt']
2026-03-27 06:47:07,873 [INFO] presentation.associados_controller - ⏱️  Aguardando 1.2s...
2026-03-27 06:47:09,103 [INFO] presentation.associados_controller - 📨 [260/921] Enviando para ['irenemaria.machado@gmail.com']...
2026-03-27 06:47:17,263 [INFO] presentation.associados_controller - [260/921] OK → irenemaria.machado@gmail.com
2026-03-27 06:47:17,269 [INFO] presentation.associados_controller - ✅ [260/921] Enviado para ['irenemaria.machado@gmail.com']
2026-03-27 06:47:17,286 [INFO] presentation.associados_controller - ⏱️  Aguardando 1.1s...
2026-03-27 06:47:18,351 [INFO] presentation.associados_controller - 📨 [261/921] Enviando para ['mfernandacoimbra@hotmail.com']...
2026-03-27 06:47:26,749 [INFO] presentation.associados_controller - [261/921] OK → mfernandacoimbra@hotmail.com
2026-03-27 06:47:26,756 [INFO] presentation.associados_controller - ✅ [261/921] Enviado para ['mfernandacoimbra@hotmail.com']
2026-03-27 06:47:26,766 [INFO] presentation.associados_controller - ⏱️  Aguardando 2.3s...
2026-03-27 06:47:29,056 [INFO] presentation.associados_controller - 📨 [262/921] Enviando para ['alvaroseabra1947@gmail.com']...
2026-03-27 06:47:37,541 [INFO] presentation.associados_controller - [262/921] OK → alvaroseabra1947@gmail.com
2026-03-27 06:47:37,545 [INFO] presentation.associados_controller - ✅ [262/921] Enviado para ['alvaroseabra1947@gmail.com']
2026-03-27 06:47:37,553 [INFO] presentation.associados_controller - ⏱️  Aguardando 2.8s...
2026-03-27 06:47:40,361 [INFO] presentation.associados_controller - 📨 [263/921] Enviando para ['carmoenes@sapo.pt']...
2026-03-27 06:47:49,873 [INFO] presentation.associados_controller - [263/921] OK → carmoenes@sapo.pt
2026-03-27 06:47:49,875 [INFO] presentation.associados_controller - ✅ [263/921] Enviado para ['carmoenes@sapo.pt']
2026-03-27 06:47:49,891 [INFO] presentation.associados_controller - ⏱️  Aguardando 2.3s...
2026-03-27 06:47:52,213 [INFO] presentation.associados_controller - 📨 [264/921] Enviando para ['anamacedoferreira@sapo.pt']...
2026-03-27 06:48:00,913 [INFO] presentation.associados_controller - [264/921] OK → anamacedoferreira@sapo.pt
2026-03-27 06:48:00,923 [INFO] presentation.associados_controller - ✅ [264/921] Enviado para ['anamacedoferreira@sapo.pt']
2026-03-27 06:48:00,937 [INFO] presentation.associados_controller - ⏱️  Aguardando 2.3s...
2026-03-27 06:48:03,247 [INFO] presentation.associados_controller - 📨 [265/921] Enviando para ['mariarodriguesster@gmail.com']...
2026-03-27 06:48:11,163 [INFO] presentation.associados_controller - [265/921] OK → mariarodriguesster@gmail.com
2026-03-27 06:48:11,168 [INFO] presentation.associados_controller - ✅ [265/921] Enviado para ['mariarodriguesster@gmail.com']
2026-03-27 06:48:11,184 [INFO] presentation.associados_controller - ⏱️  Aguardando 1.8s...
2026-03-27 06:48:12,945 [INFO] presentation.associados_controller - 📨 [266/921] Enviando para ['franceli.mendes@gmail.com']...
2026-03-27 06:48:23,003 [INFO] presentation.associados_controller - [266/921] OK → franceli.mendes@gmail.com
2026-03-27 06:48:23,013 [INFO] presentation.associados_controller - ✅ [266/921] Enviado para ['franceli.mendes@gmail.com']
2026-03-27 06:48:23,023 [INFO] presentation.associados_controller - ⏱️  Aguardando 1.4s...
2026-03-27 06:48:24,459 [INFO] presentation.associados_controller - 📨 [267/921] Enviando para ['maria-zulmira-silva@live.com.pt']...
2026-03-27 06:48:31,944 [INFO] presentation.associados_controller - [267/921] OK → maria-zulmira-silva@live.com.pt
2026-03-27 06:48:31,944 [INFO] presentation.associados_controller - ✅ [267/921] Enviado para ['maria-zulmira-silva@live.com.pt']
2026-03-27 06:48:31,963 [INFO] presentation.associados_controller - ⏱️  Aguardando 2.3s...
2026-03-27 06:48:34,319 [INFO] presentation.associados_controller - 📨 [268/921] Enviando para ['teodosiofpereira@sapo.pt']...
2026-03-27 06:48:41,510 [INFO] presentation.associados_controller - [268/921] OK → teodosiofpereira@sapo.pt
2026-03-27 06:48:41,512 [INFO] presentation.associados_controller - ✅ [268/921] Enviado para ['teodosiofpereira@sapo.pt']
2026-03-27 06:48:41,517 [INFO] presentation.associados_controller - ⏱️  Aguardando 1.3s...
2026-03-27 06:48:42,809 [INFO] presentation.associados_controller - 📨 [269/921] Enviando para ['gomes.coelho1947@gmail.com']...
2026-03-27 06:48:50,538 [INFO] presentation.associados_controller - [269/921] OK → gomes.coelho1947@gmail.com
2026-03-27 06:48:50,543 [INFO] presentation.associados_controller - ✅ [269/921] Enviado para ['gomes.coelho1947@gmail.com']
2026-03-27 06:48:50,555 [INFO] presentation.associados_controller - ⏱️  Aguardando 1.4s...
2026-03-27 06:48:51,955 [INFO] presentation.associados_controller - 📨 [270/921] Enviando para ['fatima.barbedo@gmail.com']...
2026-03-27 06:48:59,899 [INFO] presentation.associados_controller - [270/921] OK → fatima.barbedo@gmail.com
2026-03-27 06:48:59,903 [INFO] presentation.associados_controller - ✅ [270/921] Enviado para ['fatima.barbedo@gmail.com']
2026-03-27 06:48:59,918 [INFO] presentation.associados_controller - ⏱️  Aguardando 2.5s...
2026-03-27 06:49:02,399 [INFO] presentation.associados_controller - 📨 [271/921] Enviando para ['pedrosilvapescador@hotmail.com']...
2026-03-27 06:49:11,681 [INFO] presentation.associados_controller - [271/921] OK → pedrosilvapescador@hotmail.com
2026-03-27 06:49:11,683 [INFO] presentation.associados_controller - ✅ [271/921] Enviado para ['pedrosilvapescador@hotmail.com']
2026-03-27 06:49:11,697 [INFO] presentation.associados_controller - ⏱️  Aguardando 2.1s...
2026-03-27 06:49:13,784 [INFO] presentation.associados_controller - 📨 [272/921] Enviando para ['boaventuralcosta@gmail.com']...
2026-03-27 06:49:21,613 [INFO] presentation.associados_controller - [272/921] OK → boaventuralcosta@gmail.com
2026-03-27 06:49:21,613 [INFO] presentation.associados_controller - ✅ [272/921] Enviado para ['boaventuralcosta@gmail.com']
2026-03-27 06:49:21,627 [INFO] presentation.associados_controller - ⏱️  Aguardando 1.1s...
2026-03-27 06:49:22,704 [INFO] presentation.associados_controller - 📨 [273/921] Enviando para ['paul.mendes@hotmail.com']...
2026-03-27 06:49:29,891 [INFO] presentation.associados_controller - [273/921] OK → paul.mendes@hotmail.com
2026-03-27 06:49:29,893 [INFO] presentation.associados_controller - ✅ [273/921] Enviado para ['paul.mendes@hotmail.com']
2026-03-27 06:49:29,908 [INFO] presentation.associados_controller - ⏱️  Aguardando 1.4s...
2026-03-27 06:49:31,283 [INFO] presentation.associados_controller - 📨 [274/921] Enviando para ['fmv2555@gmail.com']...
2026-03-27 06:49:40,186 [INFO] presentation.associados_controller - [274/921] OK → fmv2555@gmail.com
2026-03-27 06:49:40,193 [INFO] presentation.associados_controller - ✅ [274/921] Enviado para ['fmv2555@gmail.com']
2026-03-27 06:49:40,204 [INFO] presentation.associados_controller - ⏱️  Aguardando 2.9s...
2026-03-27 06:49:43,150 [INFO] presentation.associados_controller - 📨 [275/921] Enviando para ['carlitos_pintinho@hotmail.com']...
2026-03-27 06:49:52,473 [INFO] presentation.associados_controller - [275/921] OK → carlitos_pintinho@hotmail.com
2026-03-27 06:49:52,483 [INFO] presentation.associados_controller - ✅ [275/921] Enviado para ['carlitos_pintinho@hotmail.com']
2026-03-27 06:49:52,493 [INFO] presentation.associados_controller - ⏱️  Aguardando 1.5s...
2026-03-27 06:49:54,000 [INFO] presentation.associados_controller - 📨 [276/921] Enviando para ['vitoria11@sapo.pt']...
2026-03-27 06:50:01,733 [INFO] presentation.associados_controller - [276/921] OK → vitoria11@sapo.pt
2026-03-27 06:50:01,733 [INFO] presentation.associados_controller - ✅ [276/921] Enviado para ['vitoria11@sapo.pt']
2026-03-27 06:50:01,747 [INFO] presentation.associados_controller - ⏱️  Aguardando 1.7s...
2026-03-27 06:50:03,413 [INFO] presentation.associados_controller - 📨 [277/921] Enviando para ['manuel.g.leite@gmail.com']...
2026-03-27 06:50:10,913 [INFO] presentation.associados_controller - [277/921] OK → manuel.g.leite@gmail.com
2026-03-27 06:50:10,913 [INFO] presentation.associados_controller - ✅ [277/921] Enviado para ['manuel.g.leite@gmail.com']
2026-03-27 06:50:10,933 [INFO] presentation.associados_controller - ⏱️  Aguardando 2.6s...
2026-03-27 06:50:13,496 [INFO] presentation.associados_controller - 📨 [278/921] Enviando para ['lealsandra10@gmail.com']...
2026-03-27 06:50:21,443 [INFO] presentation.associados_controller - [278/921] OK → lealsandra10@gmail.com
2026-03-27 06:50:21,443 [INFO] presentation.associados_controller - ✅ [278/921] Enviado para ['lealsandra10@gmail.com']
2026-03-27 06:50:21,453 [INFO] presentation.associados_controller - ⏱️  Aguardando 1.0s...
2026-03-27 06:50:22,502 [INFO] presentation.associados_controller - 📨 [279/921] Enviando para ['joaquimcanez@sapo.pt']...
2026-03-27 06:50:30,183 [INFO] presentation.associados_controller - [279/921] OK → joaquimcanez@sapo.pt
2026-03-27 06:50:30,183 [INFO] presentation.associados_controller - ✅ [279/921] Enviado para ['joaquimcanez@sapo.pt']
2026-03-27 06:50:30,187 [INFO] presentation.associados_controller - ⏱️  Aguardando 2.4s...
2026-03-27 06:50:32,617 [INFO] presentation.associados_controller - 📨 [280/921] Enviando para ['antunespai@gmail.com']...
2026-03-27 06:50:40,380 [INFO] presentation.associados_controller - [280/921] OK → antunespai@gmail.com
2026-03-27 06:50:40,385 [INFO] presentation.associados_controller - ✅ [280/921] Enviado para ['antunespai@gmail.com']
2026-03-27 06:50:40,389 [INFO] presentation.associados_controller - ⏱️  Aguardando 1.8s...
2026-03-27 06:50:42,242 [INFO] presentation.associados_controller - 📨 [281/921] Enviando para ['carla@skimmia.pt']...
2026-03-27 06:50:49,983 [INFO] presentation.associados_controller - [281/921] OK → carla@skimmia.pt
2026-03-27 06:50:49,983 [INFO] presentation.associados_controller - ✅ [281/921] Enviado para ['carla@skimmia.pt']
2026-03-27 06:50:49,993 [INFO] presentation.associados_controller - ⏱️  Aguardando 1.2s...
2026-03-27 06:50:51,170 [INFO] presentation.associados_controller - 📨 [282/921] Enviando para ['albinocmarques@gmail.com']...
2026-03-27 06:51:00,657 [INFO] presentation.associados_controller - [282/921] OK → albinocmarques@gmail.com
2026-03-27 06:51:00,660 [INFO] presentation.associados_controller - ✅ [282/921] Enviado para ['albinocmarques@gmail.com']
2026-03-27 06:51:00,663 [INFO] presentation.associados_controller - ⏱️  Aguardando 2.1s...
2026-03-27 06:51:02,741 [INFO] presentation.associados_controller - 📨 [283/921] Enviando para ['jccm49@sapo.pt']...
2026-03-27 06:51:13,923 [INFO] presentation.associados_controller - [283/921] OK → jccm49@sapo.pt
2026-03-27 06:51:13,923 [INFO] presentation.associados_controller - ✅ [283/921] Enviado para ['jccm49@sapo.pt']
2026-03-27 06:51:13,939 [INFO] presentation.associados_controller - ⏱️  Aguardando 1.3s...
2026-03-27 06:51:15,278 [INFO] presentation.associados_controller - 📨 [284/921] Enviando para ['carlus@sapo.pt']...
2026-03-27 06:51:22,533 [INFO] presentation.associados_controller - [284/921] OK → carlus@sapo.pt
2026-03-27 06:51:22,536 [INFO] presentation.associados_controller - ✅ [284/921] Enviado para ['carlus@sapo.pt']
2026-03-27 06:51:22,543 [INFO] presentation.associados_controller - ⏱️  Aguardando 1.3s...
2026-03-27 06:51:23,866 [INFO] presentation.associados_controller - 📨 [285/921] Enviando para ['fatynomatos@gmail.com']...
2026-03-27 06:51:30,183 [INFO] presentation.associados_controller - [285/921] OK → fatynomatos@gmail.com
2026-03-27 06:51:30,184 [INFO] presentation.associados_controller - ✅ [285/921] Enviado para ['fatynomatos@gmail.com']
2026-03-27 06:51:30,193 [INFO] presentation.associados_controller - ⏱️  Aguardando 2.3s...
2026-03-27 06:51:32,517 [INFO] presentation.associados_controller - 📨 [286/921] Enviando para ['joaolbotelho@msn.com']...
2026-03-27 06:51:41,396 [INFO] presentation.associados_controller - [286/921] OK → joaolbotelho@msn.com
2026-03-27 06:51:41,405 [INFO] presentation.associados_controller - ✅ [286/921] Enviado para ['joaolbotelho@msn.com']
2026-03-27 06:51:41,414 [INFO] presentation.associados_controller - ⏱️  Aguardando 1.7s...
2026-03-27 06:51:43,082 [INFO] presentation.associados_controller - 📨 [287/921] Enviando para ['sabino1231@sapo.pt']...
2026-03-27 06:51:51,473 [INFO] presentation.associados_controller - [287/921] OK → sabino1231@sapo.pt
2026-03-27 06:51:51,476 [INFO] presentation.associados_controller - ✅ [287/921] Enviado para ['sabino1231@sapo.pt']
2026-03-27 06:51:51,494 [INFO] presentation.associados_controller - ⏱️  Aguardando 2.3s...
2026-03-27 06:51:53,835 [INFO] presentation.associados_controller - 📨 [288/921] Enviando para ['bruno.ex.96@hotmail.com']...
2026-03-27 06:52:05,473 [INFO] presentation.associados_controller - [288/921] OK → bruno.ex.96@hotmail.com
2026-03-27 06:52:05,473 [INFO] presentation.associados_controller - ✅ [288/921] Enviado para ['bruno.ex.96@hotmail.com']
2026-03-27 06:52:05,487 [INFO] presentation.associados_controller - ⏱️  Aguardando 1.9s...
2026-03-27 06:52:07,363 [INFO] presentation.associados_controller - 📨 [289/921] Enviando para ['jmmribeiro@gmail.com']...
2026-03-27 06:52:16,985 [INFO] presentation.associados_controller - [289/921] OK → jmmribeiro@gmail.com
2026-03-27 06:52:16,993 [INFO] presentation.associados_controller - ✅ [289/921] Enviado para ['jmmribeiro@gmail.com']
2026-03-27 06:52:17,003 [INFO] presentation.associados_controller - ⏱️  Aguardando 2.7s...
2026-03-27 06:52:19,701 [INFO] presentation.associados_controller - 📨 [290/921] Enviando para ['conceicao.fontesilva@gmail.com']...
2026-03-27 06:52:26,753 [INFO] presentation.associados_controller - [290/921] OK → conceicao.fontesilva@gmail.com
2026-03-27 06:52:26,753 [INFO] presentation.associados_controller - ✅ [290/921] Enviado para ['conceicao.fontesilva@gmail.com']
2026-03-27 06:52:26,769 [INFO] presentation.associados_controller - ⏱️  Aguardando 2.9s...
2026-03-27 06:52:29,665 [INFO] presentation.associados_controller - 📨 [291/921] Enviando para ['lili-marques@live.com.pt']...
2026-03-27 06:52:36,395 [INFO] presentation.associados_controller - [291/921] OK → lili-marques@live.com.pt
2026-03-27 06:52:36,403 [INFO] presentation.associados_controller - ✅ [291/921] Enviado para ['lili-marques@live.com.pt']
2026-03-27 06:52:36,413 [INFO] presentation.associados_controller - ⏱️  Aguardando 1.2s...
2026-03-27 06:52:37,642 [INFO] presentation.associados_controller - 📨 [292/921] Enviando para ['carlosmeireles121@gmail.com']...
2026-03-27 06:53:17,147 [INFO] presentation.associados_controller - [292/921] OK → carlosmeireles121@gmail.com
2026-03-27 06:53:17,153 [INFO] presentation.associados_controller - ✅ [292/921] Enviado para ['carlosmeireles121@gmail.com']
2026-03-27 06:53:17,165 [INFO] presentation.associados_controller - ⏱️  Aguardando 1.7s...
2026-03-27 06:53:18,927 [INFO] presentation.associados_controller - 📨 [293/921] Enviando para ['femavias.can@gmail.com']...
2026-03-27 06:53:27,468 [INFO] presentation.associados_controller - [293/921] OK → femavias.can@gmail.com
2026-03-27 06:53:27,473 [INFO] presentation.associados_controller - ✅ [293/921] Enviado para ['femavias.can@gmail.com']
2026-03-27 06:53:27,483 [INFO] presentation.associados_controller - ⏱️  Aguardando 1.9s...
2026-03-27 06:53:29,439 [INFO] presentation.associados_controller - 📨 [294/921] Enviando para ['olivrod01@gmail.com']...
2026-03-27 06:53:36,083 [INFO] presentation.associados_controller - [294/921] OK → olivrod01@gmail.com
2026-03-27 06:53:36,092 [INFO] presentation.associados_controller - ✅ [294/921] Enviado para ['olivrod01@gmail.com']
2026-03-27 06:53:36,103 [INFO] presentation.associados_controller - ⏱️  Aguardando 1.3s...
2026-03-27 06:53:37,369 [INFO] presentation.associados_controller - 📨 [295/921] Enviando para ['lmarquesbernardo@gmail.com']...
2026-03-27 06:53:43,933 [INFO] presentation.associados_controller - [295/921] OK → lmarquesbernardo@gmail.com
2026-03-27 06:53:43,939 [INFO] presentation.associados_controller - ✅ [295/921] Enviado para ['lmarquesbernardo@gmail.com']
2026-03-27 06:53:43,951 [INFO] presentation.associados_controller - ⏱️  Aguardando 2.9s...
2026-03-27 06:53:46,815 [INFO] presentation.associados_controller - 📨 [296/921] Enviando para ['rosammalves1958@gmail.com']...
2026-03-27 06:53:56,053 [INFO] presentation.associados_controller - [296/921] OK → rosammalves1958@gmail.com
2026-03-27 06:53:56,053 [INFO] presentation.associados_controller - ✅ [296/921] Enviado para ['rosammalves1958@gmail.com']
2026-03-27 06:53:56,067 [INFO] presentation.associados_controller - ⏱️  Aguardando 2.8s...
2026-03-27 06:53:58,877 [INFO] presentation.associados_controller - 📨 [297/921] Enviando para ['mariajuliavieira1954@hotmail.com']...
2026-03-27 06:54:07,664 [INFO] presentation.associados_controller - [297/921] OK → mariajuliavieira1954@hotmail.com
2026-03-27 06:54:07,668 [INFO] presentation.associados_controller - ✅ [297/921] Enviado para ['mariajuliavieira1954@hotmail.com']
2026-03-27 06:54:07,681 [INFO] presentation.associados_controller - ⏱️  Aguardando 2.9s...
2026-03-27 06:54:10,614 [INFO] presentation.associados_controller - 📨 [298/921] Enviando para ['adrianocbaptista@gmail.com']...
2026-03-27 06:54:18,668 [INFO] presentation.associados_controller - [298/921] OK → adrianocbaptista@gmail.com
2026-03-27 06:54:18,668 [INFO] presentation.associados_controller - ✅ [298/921] Enviado para ['adrianocbaptista@gmail.com']
2026-03-27 06:54:18,683 [INFO] presentation.associados_controller - ⏱️  Aguardando 2.3s...
2026-03-27 06:54:20,979 [INFO] presentation.associados_controller - 📨 [299/921] Enviando para ['antoniocarv@live.com']...
2026-03-27 06:54:29,553 [INFO] presentation.associados_controller - [299/921] OK → antoniocarv@live.com
2026-03-27 06:54:29,560 [INFO] presentation.associados_controller - ✅ [299/921] Enviado para ['antoniocarv@live.com']
2026-03-27 06:54:29,574 [INFO] presentation.associados_controller - ⏱️  Aguardando 2.8s...
2026-03-27 06:54:32,399 [INFO] presentation.associados_controller - 📨 [300/921] Enviando para ['anabrisa@mail.telepac.pt']...
2026-03-27 06:54:40,554 [INFO] presentation.associados_controller - [300/921] OK → anabrisa@mail.telepac.pt
2026-03-27 06:54:40,559 [INFO] presentation.associados_controller - ✅ [300/921] Enviado para ['anabrisa@mail.telepac.pt']
2026-03-27 06:54:40,572 [INFO] presentation.associados_controller - ⏱️  Aguardando 2.1s...
2026-03-27 06:54:42,667 [INFO] presentation.associados_controller - ⏸️  Pausa de 175s...
2026-03-27 06:57:38,246 [INFO] presentation.associados_controller - Envio concluído.
2026-03-27 06:57:38,251 [INFO] presentation.associados_controller - 📨 [301/921] Enviando para ['margaridamfsantos18@gmail.com']...
2026-03-27 06:58:02,652 [INFO] presentation.associados_controller - [301/921] OK → margaridamfsantos18@gmail.com
2026-03-27 06:58:02,659 [INFO] presentation.associados_controller - ✅ [301/921] Enviado para ['margaridamfsantos18@gmail.com']
2026-03-27 06:58:02,670 [INFO] presentation.associados_controller - ⏱️  Aguardando 2.8s...
2026-03-27 06:58:05,532 [INFO] presentation.associados_controller - 📨 [302/921] Enviando para ['dulce.vale@amkor.com']...
2026-03-27 06:58:12,814 [INFO] presentation.associados_controller - [302/921] OK → dulce.vale@amkor.com
2026-03-27 06:58:12,819 [INFO] presentation.associados_controller - ✅ [302/921] Enviado para ['dulce.vale@amkor.com']
2026-03-27 06:58:12,819 [INFO] presentation.associados_controller - ⏱️  Aguardando 2.8s...
2026-03-27 06:58:15,591 [INFO] presentation.associados_controller - 📨 [303/921] Enviando para ['acastromarques@hotmail.com']...
2026-03-27 06:58:23,011 [INFO] presentation.associados_controller - [303/921] OK → acastromarques@hotmail.com
2026-03-27 06:58:23,019 [INFO] presentation.associados_controller - ✅ [303/921] Enviado para ['acastromarques@hotmail.com']
2026-03-27 06:58:23,029 [INFO] presentation.associados_controller - ⏱️  Aguardando 1.4s...
2026-03-27 06:58:24,468 [INFO] presentation.associados_controller - 📨 [304/921] Enviando para ['jrbacelar1956@sapo.pt']...
2026-03-27 06:58:30,991 [INFO] presentation.associados_controller - [304/921] OK → jrbacelar1956@sapo.pt
2026-03-27 06:58:30,991 [INFO] presentation.associados_controller - ✅ [304/921] Enviado para ['jrbacelar1956@sapo.pt']
2026-03-27 06:58:30,999 [INFO] presentation.associados_controller - ⏱️  Aguardando 1.4s...
2026-03-27 06:58:32,394 [INFO] presentation.associados_controller - 📨 [305/921] Enviando para ['mjoao53@gmail.com']...
2026-03-27 06:58:40,172 [INFO] presentation.associados_controller - [305/921] OK → mjoao53@gmail.com
2026-03-27 06:58:40,172 [INFO] presentation.associados_controller - ✅ [305/921] Enviado para ['mjoao53@gmail.com']
2026-03-27 06:58:40,179 [INFO] presentation.associados_controller - ⏱️  Aguardando 2.0s...
2026-03-27 06:58:42,218 [INFO] presentation.associados_controller - 📨 [306/921] Enviando para ['carlosrodriguesrocha43@gmail.com']...
2026-03-27 06:58:49,079 [INFO] presentation.associados_controller - [306/921] OK → carlosrodriguesrocha43@gmail.com
2026-03-27 06:58:49,085 [INFO] presentation.associados_controller - ✅ [306/921] Enviado para ['carlosrodriguesrocha43@gmail.com']
2026-03-27 06:58:49,094 [INFO] presentation.associados_controller - ⏱️  Aguardando 2.1s...
2026-03-27 06:58:51,162 [INFO] presentation.associados_controller - 📨 [307/921] Enviando para ['alfredo@formulavencedora.pt']...
2026-03-27 06:58:58,945 [INFO] presentation.associados_controller - [307/921] OK → alfredo@formulavencedora.pt
2026-03-27 06:58:58,949 [INFO] presentation.associados_controller - ✅ [307/921] Enviado para ['alfredo@formulavencedora.pt']
2026-03-27 06:58:58,959 [INFO] presentation.associados_controller - ⏱️  Aguardando 1.6s...
2026-03-27 06:59:00,589 [INFO] presentation.associados_controller - 📨 [308/921] Enviando para ['assuncao.c.oliveira@sapo.pt']...
2026-03-27 06:59:09,109 [INFO] presentation.associados_controller - [308/921] OK → assuncao.c.oliveira@sapo.pt
2026-03-27 06:59:09,112 [INFO] presentation.associados_controller - ✅ [308/921] Enviado para ['assuncao.c.oliveira@sapo.pt']
2026-03-27 06:59:09,119 [INFO] presentation.associados_controller - ⏱️  Aguardando 1.4s...
2026-03-27 06:59:10,522 [INFO] presentation.associados_controller - 📨 [309/921] Enviando para ['mariaameliaesteves1947@gmail.com']...
2026-03-27 06:59:18,809 [INFO] presentation.associados_controller - [309/921] OK → mariaameliaesteves1947@gmail.com
2026-03-27 06:59:18,819 [INFO] presentation.associados_controller - ✅ [309/921] Enviado para ['mariaameliaesteves1947@gmail.com']
2026-03-27 06:59:18,829 [INFO] presentation.associados_controller - ⏱️  Aguardando 1.4s...
2026-03-27 06:59:20,202 [INFO] presentation.associados_controller - 📨 [310/921] Enviando para ['m-fatima-castro@sapo.pt']...
2026-03-27 06:59:28,011 [INFO] presentation.associados_controller - [310/921] OK → m-fatima-castro@sapo.pt
2026-03-27 06:59:28,019 [INFO] presentation.associados_controller - ✅ [310/921] Enviado para ['m-fatima-castro@sapo.pt']
2026-03-27 06:59:28,022 [INFO] presentation.associados_controller - ⏱️  Aguardando 1.0s...
2026-03-27 06:59:29,082 [INFO] presentation.associados_controller - 📨 [311/921] Enviando para ['julio.lopes0809@gmail.com']...
2026-03-27 06:59:36,825 [INFO] presentation.associados_controller - [311/921] OK → julio.lopes0809@gmail.com
2026-03-27 06:59:36,829 [INFO] presentation.associados_controller - ✅ [311/921] Enviado para ['julio.lopes0809@gmail.com']
2026-03-27 06:59:36,839 [INFO] presentation.associados_controller - ⏱️  Aguardando 2.3s...
2026-03-27 06:59:39,143 [INFO] presentation.associados_controller - 📨 [312/921] Enviando para ['aalo@sapo.pt']...
2026-03-27 06:59:48,349 [INFO] presentation.associados_controller - [312/921] OK → aalo@sapo.pt
2026-03-27 06:59:48,359 [INFO] presentation.associados_controller - ✅ [312/921] Enviado para ['aalo@sapo.pt']
2026-03-27 06:59:48,369 [INFO] presentation.associados_controller - ⏱️  Aguardando 2.4s...
2026-03-27 06:59:50,780 [INFO] presentation.associados_controller - 📨 [313/921] Enviando para ['josecarvalho.j@gmail.com']...
2026-03-27 06:59:57,879 [INFO] presentation.associados_controller - [313/921] OK → josecarvalho.j@gmail.com
2026-03-27 06:59:57,882 [INFO] presentation.associados_controller - ✅ [313/921] Enviado para ['josecarvalho.j@gmail.com']
2026-03-27 06:59:57,896 [INFO] presentation.associados_controller - ⏱️  Aguardando 1.6s...
2026-03-27 06:59:59,505 [INFO] presentation.associados_controller - 📨 [314/921] Enviando para ['maguimeneses@gmail.com']...
2026-03-27 07:00:07,043 [INFO] presentation.associados_controller - [314/921] OK → maguimeneses@gmail.com
2026-03-27 07:00:07,049 [INFO] presentation.associados_controller - ✅ [314/921] Enviado para ['maguimeneses@gmail.com']
2026-03-27 07:00:07,063 [INFO] presentation.associados_controller - ⏱️  Aguardando 1.6s...
2026-03-27 07:00:08,661 [INFO] presentation.associados_controller - 📨 [315/921] Enviando para ['jmms09157@gmail.com']...
2026-03-27 07:00:17,899 [INFO] presentation.associados_controller - [315/921] OK → jmms09157@gmail.com
2026-03-27 07:00:17,906 [INFO] presentation.associados_controller - ✅ [315/921] Enviado para ['jmms09157@gmail.com']
2026-03-27 07:00:17,909 [INFO] presentation.associados_controller - ⏱️  Aguardando 2.6s...
2026-03-27 07:00:20,494 [INFO] presentation.associados_controller - 📨 [316/921] Enviando para ['jucasguimaraes@hotmail.com']...
2026-03-27 07:00:28,075 [INFO] presentation.associados_controller - [316/921] OK → jucasguimaraes@hotmail.com
2026-03-27 07:00:28,079 [INFO] presentation.associados_controller - ✅ [316/921] Enviado para ['jucasguimaraes@hotmail.com']
2026-03-27 07:00:28,089 [INFO] presentation.associados_controller - ⏱️  Aguardando 1.9s...
2026-03-27 07:00:29,958 [INFO] presentation.associados_controller - 📨 [317/921] Enviando para ['anamlmagalhaes@gmail.com']...
2026-03-27 07:00:39,079 [INFO] presentation.associados_controller - [317/921] OK → anamlmagalhaes@gmail.com
2026-03-27 07:00:39,079 [INFO] presentation.associados_controller - ✅ [317/921] Enviado para ['anamlmagalhaes@gmail.com']
2026-03-27 07:00:39,096 [INFO] presentation.associados_controller - ⏱️  Aguardando 1.1s...
2026-03-27 07:00:40,195 [INFO] presentation.associados_controller - 📨 [318/921] Enviando para ['mariaportero@sapo.pt']...
2026-03-27 07:00:48,039 [INFO] presentation.associados_controller - [318/921] OK → mariaportero@sapo.pt
2026-03-27 07:00:48,039 [INFO] presentation.associados_controller - ✅ [318/921] Enviado para ['mariaportero@sapo.pt']
2026-03-27 07:00:48,049 [INFO] presentation.associados_controller - ⏱️  Aguardando 2.4s...
2026-03-27 07:00:50,470 [INFO] presentation.associados_controller - 📨 [319/921] Enviando para ['lucindavigario@hotmail.com']...
2026-03-27 07:00:57,949 [INFO] presentation.associados_controller - [319/921] OK → lucindavigario@hotmail.com
2026-03-27 07:00:57,949 [INFO] presentation.associados_controller - ✅ [319/921] Enviado para ['lucindavigario@hotmail.com']
2026-03-27 07:00:57,964 [INFO] presentation.associados_controller - ⏱️  Aguardando 2.7s...
2026-03-27 07:01:00,683 [INFO] presentation.associados_controller - 📨 [320/921] Enviando para ['paula.castanheirapereira@gmail.com']...
2026-03-27 07:01:09,667 [INFO] presentation.associados_controller - [320/921] OK → paula.castanheirapereira@gmail.com
2026-03-27 07:01:09,671 [INFO] presentation.associados_controller - ✅ [320/921] Enviado para ['paula.castanheirapereira@gmail.com']
2026-03-27 07:01:09,679 [INFO] presentation.associados_controller - ⏱️  Aguardando 2.7s...
2026-03-27 07:01:12,444 [INFO] presentation.associados_controller - 📨 [321/921] Enviando para ['m.manuela.r.mendes@meo.pt']...
2026-03-27 07:01:19,929 [INFO] presentation.associados_controller - [321/921] OK → m.manuela.r.mendes@meo.pt
2026-03-27 07:01:19,929 [INFO] presentation.associados_controller - ✅ [321/921] Enviado para ['m.manuela.r.mendes@meo.pt']
2026-03-27 07:01:19,939 [INFO] presentation.associados_controller - ⏱️  Aguardando 2.2s...
2026-03-27 07:01:22,121 [INFO] presentation.associados_controller - 📨 [322/921] Enviando para ['jarmada222@gmail.com']...
2026-03-27 07:01:31,465 [INFO] presentation.associados_controller - [322/921] OK → jarmada222@gmail.com
2026-03-27 07:01:31,469 [INFO] presentation.associados_controller - ✅ [322/921] Enviado para ['jarmada222@gmail.com']
2026-03-27 07:01:31,481 [INFO] presentation.associados_controller - ⏱️  Aguardando 1.5s...
2026-03-27 07:01:33,034 [INFO] presentation.associados_controller - 📨 [323/921] Enviando para ['celeste.alves.conde@gmail.com']...
2026-03-27 07:01:41,866 [INFO] presentation.associados_controller - [323/921] OK → celeste.alves.conde@gmail.com
2026-03-27 07:01:41,869 [INFO] presentation.associados_controller - ✅ [323/921] Enviado para ['celeste.alves.conde@gmail.com']
2026-03-27 07:01:41,879 [INFO] presentation.associados_controller - ⏱️  Aguardando 2.2s...
2026-03-27 07:01:44,057 [INFO] presentation.associados_controller - 📨 [324/921] Enviando para ['molindacinfaes@gmail.com']...
2026-03-27 07:01:51,659 [INFO] presentation.associados_controller - [324/921] OK → molindacinfaes@gmail.com
2026-03-27 07:01:51,659 [INFO] presentation.associados_controller - ✅ [324/921] Enviado para ['molindacinfaes@gmail.com']
2026-03-27 07:01:51,675 [INFO] presentation.associados_controller - ⏱️  Aguardando 1.1s...
2026-03-27 07:01:52,821 [INFO] presentation.associados_controller - 📨 [325/921] Enviando para ['helenarrfonseca@gmail.com']...
2026-03-27 07:02:05,300 [INFO] presentation.associados_controller - [325/921] OK → helenarrfonseca@gmail.com
2026-03-27 07:02:05,310 [INFO] presentation.associados_controller - ✅ [325/921] Enviado para ['helenarrfonseca@gmail.com']
2026-03-27 07:02:05,319 [INFO] presentation.associados_controller - ⏱️  Aguardando 1.1s...
2026-03-27 07:02:06,424 [INFO] presentation.associados_controller - 📨 [326/921] Enviando para ['jm2coelho@sapo.pt']...
2026-03-27 07:02:14,139 [INFO] presentation.associados_controller - [326/921] OK → jm2coelho@sapo.pt
2026-03-27 07:02:14,139 [INFO] presentation.associados_controller - ✅ [326/921] Enviado para ['jm2coelho@sapo.pt']
2026-03-27 07:02:14,149 [INFO] presentation.associados_controller - ⏱️  Aguardando 2.8s...
2026-03-27 07:02:16,959 [INFO] presentation.associados_controller - 📨 [327/921] Enviando para ['henriqueferreira1947@gmail.com']...
2026-03-27 07:02:24,199 [INFO] presentation.associados_controller - [327/921] OK → henriqueferreira1947@gmail.com
2026-03-27 07:02:24,199 [INFO] presentation.associados_controller - ✅ [327/921] Enviado para ['henriqueferreira1947@gmail.com']
2026-03-27 07:02:24,212 [INFO] presentation.associados_controller - ⏱️  Aguardando 1.6s...
2026-03-27 07:02:25,833 [INFO] presentation.associados_controller - 📨 [328/921] Enviando para ['angelicacosta.84@hotmail.com']...
2026-03-27 07:02:38,208 [INFO] presentation.associados_controller - [328/921] OK → angelicacosta.84@hotmail.com
2026-03-27 07:02:38,211 [INFO] presentation.associados_controller - ✅ [328/921] Enviado para ['angelicacosta.84@hotmail.com']
2026-03-27 07:02:38,224 [INFO] presentation.associados_controller - ⏱️  Aguardando 2.8s...
2026-03-27 07:02:41,051 [INFO] presentation.associados_controller - 📨 [329/921] Enviando para ['joao_pfernandes@sapo.pt']...
2026-03-27 07:02:48,125 [INFO] presentation.associados_controller - [329/921] OK → joao_pfernandes@sapo.pt
2026-03-27 07:02:48,129 [INFO] presentation.associados_controller - ✅ [329/921] Enviado para ['joao_pfernandes@sapo.pt']
2026-03-27 07:02:48,129 [INFO] presentation.associados_controller - ⏱️  Aguardando 2.9s...
2026-03-27 07:02:51,019 [INFO] presentation.associados_controller - 📨 [330/921] Enviando para ['arturjvt@sapo.pt']...
2026-03-27 07:02:58,514 [INFO] presentation.associados_controller - [330/921] OK → arturjvt@sapo.pt
2026-03-27 07:02:58,519 [INFO] presentation.associados_controller - ✅ [330/921] Enviado para ['arturjvt@sapo.pt']
2026-03-27 07:02:58,519 [INFO] presentation.associados_controller - ⏱️  Aguardando 2.3s...
2026-03-27 07:03:00,811 [INFO] presentation.associados_controller - 📨 [331/921] Enviando para ['eduardatferreira@gmail.com']...
2026-03-27 07:03:07,569 [INFO] presentation.associados_controller - [331/921] OK → eduardatferreira@gmail.com
2026-03-27 07:03:07,569 [INFO] presentation.associados_controller - ✅ [331/921] Enviado para ['eduardatferreira@gmail.com']
2026-03-27 07:03:07,579 [INFO] presentation.associados_controller - ⏱️  Aguardando 2.7s...
2026-03-27 07:03:10,288 [INFO] presentation.associados_controller - 📨 [332/921] Enviando para ['josefernandes919@hotmail.com']...
2026-03-27 07:03:18,799 [INFO] presentation.associados_controller - [332/921] OK → josefernandes919@hotmail.com
2026-03-27 07:03:18,799 [INFO] presentation.associados_controller - ✅ [332/921] Enviado para ['josefernandes919@hotmail.com']
2026-03-27 07:03:18,815 [INFO] presentation.associados_controller - ⏱️  Aguardando 2.8s...
2026-03-27 07:03:21,641 [INFO] presentation.associados_controller - 📨 [333/921] Enviando para ['m.sousa.andrade@gmail.com']...
2026-03-27 07:03:28,955 [INFO] presentation.associados_controller - [333/921] OK → m.sousa.andrade@gmail.com
2026-03-27 07:03:28,955 [INFO] presentation.associados_controller - ✅ [333/921] Enviado para ['m.sousa.andrade@gmail.com']
2026-03-27 07:03:28,971 [INFO] presentation.associados_controller - ⏱️  Aguardando 1.1s...
2026-03-27 07:03:30,125 [INFO] presentation.associados_controller - 📨 [334/921] Enviando para ['zenaif9@hotmail.com']...
2026-03-27 07:03:37,142 [INFO] presentation.associados_controller - [334/921] OK → zenaif9@hotmail.com
2026-03-27 07:03:37,146 [INFO] presentation.associados_controller - ✅ [334/921] Enviado para ['zenaif9@hotmail.com']
2026-03-27 07:03:37,146 [INFO] presentation.associados_controller - ⏱️  Aguardando 1.8s...
2026-03-27 07:03:38,965 [INFO] presentation.associados_controller - 📨 [335/921] Enviando para ['fonseca.isabel@mail.telepac.pt']...
2026-03-27 07:03:47,102 [INFO] presentation.associados_controller - [335/921] OK → fonseca.isabel@mail.telepac.pt
2026-03-27 07:03:47,112 [INFO] presentation.associados_controller - ✅ [335/921] Enviado para ['fonseca.isabel@mail.telepac.pt']
2026-03-27 07:03:47,125 [INFO] presentation.associados_controller - ⏱️  Aguardando 2.7s...
2026-03-27 07:03:49,832 [INFO] presentation.associados_controller - 📨 [336/921] Enviando para ['lilianamaldonadoribeiro@gmail.com']...
2026-03-27 07:03:58,265 [INFO] presentation.associados_controller - [336/921] OK → lilianamaldonadoribeiro@gmail.com
2026-03-27 07:03:58,272 [INFO] presentation.associados_controller - ✅ [336/921] Enviado para ['lilianamaldonadoribeiro@gmail.com']
2026-03-27 07:03:58,279 [INFO] presentation.associados_controller - ⏱️  Aguardando 1.1s...
2026-03-27 07:03:59,395 [INFO] presentation.associados_controller - 📨 [337/921] Enviando para ['ana.on.ferreira@gmail.com']...
2026-03-27 07:04:08,229 [INFO] presentation.associados_controller - [337/921] OK → ana.on.ferreira@gmail.com
2026-03-27 07:04:08,229 [INFO] presentation.associados_controller - ✅ [337/921] Enviado para ['ana.on.ferreira@gmail.com']
2026-03-27 07:04:08,245 [INFO] presentation.associados_controller - ⏱️  Aguardando 1.8s...
2026-03-27 07:04:10,100 [INFO] presentation.associados_controller - 📨 [338/921] Enviando para ['nascimentomduarte@hotmail.com']...
2026-03-27 07:04:18,886 [INFO] presentation.associados_controller - [338/921] OK → nascimentomduarte@hotmail.com
2026-03-27 07:04:18,901 [INFO] presentation.associados_controller - ✅ [338/921] Enviado para ['nascimentomduarte@hotmail.com']
2026-03-27 07:04:18,917 [INFO] presentation.associados_controller - ⏱️  Aguardando 2.9s...
2026-03-27 07:04:21,820 [INFO] presentation.associados_controller - 📨 [339/921] Enviando para ['maco@netcabo.pt']...
2026-03-27 07:04:30,510 [INFO] presentation.associados_controller - [339/921] OK → maco@netcabo.pt
2026-03-27 07:04:30,510 [INFO] presentation.associados_controller - ✅ [339/921] Enviado para ['maco@netcabo.pt']
2026-03-27 07:04:30,526 [INFO] presentation.associados_controller - ⏱️  Aguardando 1.9s...
2026-03-27 07:04:32,487 [INFO] presentation.associados_controller - 📨 [340/921] Enviando para ['fxpacheco@gmail.com']...
2026-03-27 07:04:42,348 [INFO] presentation.associados_controller - [340/921] OK → fxpacheco@gmail.com
2026-03-27 07:04:42,364 [INFO] presentation.associados_controller - ✅ [340/921] Enviado para ['fxpacheco@gmail.com']
2026-03-27 07:04:42,380 [INFO] presentation.associados_controller - ⏱️  Aguardando 2.6s...
2026-03-27 07:04:44,981 [INFO] presentation.associados_controller - 📨 [341/921] Enviando para ['moliveiranunes@sapo.pt']...
2026-03-27 07:04:59,935 [INFO] presentation.associados_controller - [341/921] OK → moliveiranunes@sapo.pt
2026-03-27 07:04:59,957 [INFO] presentation.associados_controller - ✅ [341/921] Enviado para ['moliveiranunes@sapo.pt']
2026-03-27 07:04:59,967 [INFO] presentation.associados_controller - ⏱️  Aguardando 2.5s...
2026-03-27 07:05:02,443 [INFO] presentation.associados_controller - 📨 [342/921] Enviando para ['rfeq3131@gmail.com']...
2026-03-27 07:05:11,119 [INFO] presentation.associados_controller - [342/921] OK → rfeq3131@gmail.com
2026-03-27 07:05:11,119 [INFO] presentation.associados_controller - ✅ [342/921] Enviado para ['rfeq3131@gmail.com']
2026-03-27 07:05:11,135 [INFO] presentation.associados_controller - ⏱️  Aguardando 2.7s...
2026-03-27 07:05:13,839 [INFO] presentation.associados_controller - 📨 [343/921] Enviando para ['jdsfernandes@sapo.pt']...
2026-03-27 07:05:21,559 [INFO] presentation.associados_controller - [343/921] OK → jdsfernandes@sapo.pt
2026-03-27 07:05:21,565 [INFO] presentation.associados_controller - ✅ [343/921] Enviado para ['jdsfernandes@sapo.pt']
2026-03-27 07:05:21,570 [INFO] presentation.associados_controller - ⏱️  Aguardando 1.2s...
2026-03-27 07:05:22,807 [INFO] presentation.associados_controller - 📨 [344/921] Enviando para ['mariajoaraujo@gmail.com']...
2026-03-27 07:05:32,706 [INFO] presentation.associados_controller - [344/921] OK → mariajoaraujo@gmail.com
2026-03-27 07:05:32,710 [INFO] presentation.associados_controller - ✅ [344/921] Enviado para ['mariajoaraujo@gmail.com']
2026-03-27 07:05:32,721 [INFO] presentation.associados_controller - ⏱️  Aguardando 3.0s...
2026-03-27 07:05:35,729 [INFO] presentation.associados_controller - 📨 [345/921] Enviando para ['belinha60@sapo.pt']...
2026-03-27 07:05:44,249 [INFO] presentation.associados_controller - [345/921] OK → belinha60@sapo.pt
2026-03-27 07:05:44,268 [INFO] presentation.associados_controller - ✅ [345/921] Enviado para ['belinha60@sapo.pt']
2026-03-27 07:05:44,281 [INFO] presentation.associados_controller - ⏱️  Aguardando 1.3s...
2026-03-27 07:05:45,573 [INFO] presentation.associados_controller - 📨 [346/921] Enviando para ['belinha60@sapo.pt']...
2026-03-27 07:05:54,031 [INFO] presentation.associados_controller - [346/921] OK → belinha60@sapo.pt
2026-03-27 07:05:54,031 [INFO] presentation.associados_controller - ✅ [346/921] Enviado para ['belinha60@sapo.pt']
2026-03-27 07:05:54,040 [INFO] presentation.associados_controller - ⏱️  Aguardando 1.1s...
2026-03-27 07:05:55,126 [INFO] presentation.associados_controller - 📨 [347/921] Enviando para ['mc.salgueiro@sapo.pt']...
2026-03-27 07:06:02,384 [INFO] presentation.associados_controller - [347/921] OK → mc.salgueiro@sapo.pt
2026-03-27 07:06:02,390 [INFO] presentation.associados_controller - ✅ [347/921] Enviado para ['mc.salgueiro@sapo.pt']
2026-03-27 07:06:02,401 [INFO] presentation.associados_controller - ⏱️  Aguardando 2.4s...
2026-03-27 07:06:04,842 [INFO] presentation.associados_controller - 📨 [348/921] Enviando para ['mc.salgueiro@sapo.pt']...
2026-03-27 07:06:13,345 [INFO] presentation.associados_controller - [348/921] OK → mc.salgueiro@sapo.pt
2026-03-27 07:06:13,352 [INFO] presentation.associados_controller - ✅ [348/921] Enviado para ['mc.salgueiro@sapo.pt']
2026-03-27 07:06:13,358 [INFO] presentation.associados_controller - ⏱️  Aguardando 2.0s...
2026-03-27 07:06:15,369 [INFO] presentation.associados_controller - 📨 [349/921] Enviando para ['antonio.p.barbedo@gmail.com']...
2026-03-27 07:06:24,327 [INFO] presentation.associados_controller - [349/921] OK → antonio.p.barbedo@gmail.com
2026-03-27 07:06:24,343 [INFO] presentation.associados_controller - ✅ [349/921] Enviado para ['antonio.p.barbedo@gmail.com']
2026-03-27 07:06:24,359 [INFO] presentation.associados_controller - ⏱️  Aguardando 2.0s...
2026-03-27 07:06:26,383 [INFO] presentation.associados_controller - 📨 [350/921] Enviando para ['rosapupy1951@gmail.com']...
2026-03-27 07:06:34,390 [INFO] presentation.associados_controller - [350/921] OK → rosapupy1951@gmail.com
2026-03-27 07:06:34,390 [INFO] presentation.associados_controller - ✅ [350/921] Enviado para ['rosapupy1951@gmail.com']
2026-03-27 07:06:34,406 [INFO] presentation.associados_controller - ⏱️  Aguardando 1.4s...
2026-03-27 07:06:35,849 [INFO] presentation.associados_controller - ⏸️  Pausa de 240s...
2026-03-27 07:10:36,514 [INFO] presentation.associados_controller - Envio concluído.
2026-03-27 07:10:36,517 [INFO] presentation.associados_controller - 📨 [351/921] Enviando para ['auguribeiro@gmail.com']...
2026-03-27 07:10:55,743 [INFO] presentation.associados_controller - [351/921] OK → auguribeiro@gmail.com
2026-03-27 07:10:55,743 [INFO] presentation.associados_controller - ✅ [351/921] Enviado para ['auguribeiro@gmail.com']
2026-03-27 07:10:55,759 [INFO] presentation.associados_controller - ⏱️  Aguardando 1.2s...
2026-03-27 07:10:57,009 [INFO] presentation.associados_controller - 📨 [352/921] Enviando para ['zeliafagundesneno@gmail.com']...
2026-03-27 07:11:06,900 [INFO] presentation.associados_controller - [352/921] OK → zeliafagundesneno@gmail.com
2026-03-27 07:11:06,906 [INFO] presentation.associados_controller - ✅ [352/921] Enviado para ['zeliafagundesneno@gmail.com']
2026-03-27 07:11:06,925 [INFO] presentation.associados_controller - ⏱️  Aguardando 2.2s...
2026-03-27 07:11:09,119 [INFO] presentation.associados_controller - 📨 [353/921] Enviando para ['ct1ayi@gmail.com']...
2026-03-27 07:11:18,744 [INFO] presentation.associados_controller - [353/921] OK → ct1ayi@gmail.com
2026-03-27 07:11:18,747 [INFO] presentation.associados_controller - ✅ [353/921] Enviado para ['ct1ayi@gmail.com']
2026-03-27 07:11:18,755 [INFO] presentation.associados_controller - ⏱️  Aguardando 2.8s...
2026-03-27 07:11:21,564 [INFO] presentation.associados_controller - 📨 [354/921] Enviando para ['egascarvalho169@gmail.com']...
2026-03-27 07:11:29,271 [INFO] presentation.associados_controller - [354/921] OK → egascarvalho169@gmail.com
2026-03-27 07:11:29,274 [INFO] presentation.associados_controller - ✅ [354/921] Enviado para ['egascarvalho169@gmail.com']
2026-03-27 07:11:29,289 [INFO] presentation.associados_controller - ⏱️  Aguardando 1.4s...
2026-03-27 07:11:30,739 [INFO] presentation.associados_controller - 📨 [355/921] Enviando para ['joel.teixeira@sapo.pt']...
2026-03-27 07:11:39,713 [INFO] presentation.associados_controller - [355/921] OK → joel.teixeira@sapo.pt
2026-03-27 07:11:39,720 [INFO] presentation.associados_controller - ✅ [355/921] Enviado para ['joel.teixeira@sapo.pt']
2026-03-27 07:11:39,724 [INFO] presentation.associados_controller - ⏱️  Aguardando 1.2s...
2026-03-27 07:11:40,968 [INFO] presentation.associados_controller - 📨 [356/921] Enviando para ['joel.teixeira@sapo.pt']...
2026-03-27 07:11:49,879 [INFO] presentation.associados_controller - [356/921] OK → joel.teixeira@sapo.pt
2026-03-27 07:11:49,879 [INFO] presentation.associados_controller - ✅ [356/921] Enviado para ['joel.teixeira@sapo.pt']
2026-03-27 07:11:49,895 [INFO] presentation.associados_controller - ⏱️  Aguardando 2.6s...
2026-03-27 07:11:52,557 [INFO] presentation.associados_controller - 📨 [357/921] Enviando para ['m.julieta.castro@gmail.com']...
2026-03-27 07:12:00,961 [INFO] presentation.associados_controller - [357/921] OK → m.julieta.castro@gmail.com
2026-03-27 07:12:00,977 [INFO] presentation.associados_controller - ✅ [357/921] Enviado para ['m.julieta.castro@gmail.com']
2026-03-27 07:12:00,993 [INFO] presentation.associados_controller - ⏱️  Aguardando 1.2s...
2026-03-27 07:12:02,242 [INFO] presentation.associados_controller - 📨 [358/921] Enviando para ['ilidiosantossilva@hotmail.com']...
2026-03-27 07:12:11,748 [INFO] presentation.associados_controller - [358/921] OK → ilidiosantossilva@hotmail.com
2026-03-27 07:12:11,764 [INFO] presentation.associados_controller - ✅ [358/921] Enviado para ['ilidiosantossilva@hotmail.com']
2026-03-27 07:12:11,780 [INFO] presentation.associados_controller - ⏱️  Aguardando 1.7s...
2026-03-27 07:12:13,484 [INFO] presentation.associados_controller - 📨 [359/921] Enviando para ['jr1937@sapo.pt']...
2026-03-27 07:12:20,544 [INFO] presentation.associados_controller - [359/921] OK → jr1937@sapo.pt
2026-03-27 07:12:20,548 [INFO] presentation.associados_controller - ✅ [359/921] Enviado para ['jr1937@sapo.pt']
2026-03-27 07:12:20,548 [INFO] presentation.associados_controller - ⏱️  Aguardando 1.4s...
2026-03-27 07:12:21,956 [INFO] presentation.associados_controller - 📨 [360/921] Enviando para ['j-carlos-rocha@sapo.pt']...
2026-03-27 07:12:30,519 [INFO] presentation.associados_controller - [360/921] OK → j-carlos-rocha@sapo.pt
2026-03-27 07:12:30,519 [INFO] presentation.associados_controller - ✅ [360/921] Enviado para ['j-carlos-rocha@sapo.pt']
2026-03-27 07:12:30,534 [INFO] presentation.associados_controller - ⏱️  Aguardando 1.4s...
2026-03-27 07:12:31,985 [INFO] presentation.associados_controller - 📨 [361/921] Enviando para ['filomenarodriguesrocha@gmail.com']...
2026-03-27 07:12:40,558 [INFO] presentation.associados_controller - [361/921] OK → filomenarodriguesrocha@gmail.com
2026-03-27 07:12:40,574 [INFO] presentation.associados_controller - ✅ [361/921] Enviado para ['filomenarodriguesrocha@gmail.com']
2026-03-27 07:12:40,590 [INFO] presentation.associados_controller - ⏱️  Aguardando 1.0s...
2026-03-27 07:12:41,651 [INFO] presentation.associados_controller - 📨 [362/921] Enviando para ['edgarmfonseca@sapo.pt']...
2026-03-27 07:12:49,042 [INFO] presentation.associados_controller - [362/921] OK → edgarmfonseca@sapo.pt
2026-03-27 07:12:49,059 [INFO] presentation.associados_controller - ✅ [362/921] Enviado para ['edgarmfonseca@sapo.pt']
2026-03-27 07:12:49,069 [INFO] presentation.associados_controller - ⏱️  Aguardando 2.2s...
2026-03-27 07:12:51,256 [INFO] presentation.associados_controller - 📨 [363/921] Enviando para ['jcp9903@gmail.com']...
2026-03-27 07:12:58,113 [INFO] presentation.associados_controller - [363/921] OK → jcp9903@gmail.com
2026-03-27 07:12:58,120 [INFO] presentation.associados_controller - ✅ [363/921] Enviado para ['jcp9903@gmail.com']
2026-03-27 07:12:58,129 [INFO] presentation.associados_controller - ⏱️  Aguardando 2.4s...
2026-03-27 07:13:00,589 [INFO] presentation.associados_controller - 📨 [364/921] Enviando para ['rita.m.braga@gmail.com']...
2026-03-27 07:13:07,847 [INFO] presentation.associados_controller - [364/921] OK → rita.m.braga@gmail.com
2026-03-27 07:13:07,847 [INFO] presentation.associados_controller - ✅ [364/921] Enviado para ['rita.m.braga@gmail.com']
2026-03-27 07:13:07,863 [INFO] presentation.associados_controller - ⏱️  Aguardando 2.6s...
2026-03-27 07:13:10,483 [INFO] presentation.associados_controller - 📨 [365/921] Enviando para ['maltav@mail.telepac.pt']...
2026-03-27 07:13:20,006 [INFO] presentation.associados_controller - [365/921] OK → maltav@mail.telepac.pt
2026-03-27 07:13:20,025 [INFO] presentation.associados_controller - ✅ [365/921] Enviado para ['maltav@mail.telepac.pt']
2026-03-27 07:13:20,025 [INFO] presentation.associados_controller - ⏱️  Aguardando 2.1s...
2026-03-27 07:13:22,164 [INFO] presentation.associados_controller - 📨 [366/921] Enviando para ['mjnfs@yahoo.com']...
2026-03-27 07:13:31,121 [INFO] presentation.associados_controller - [366/921] OK → mjnfs@yahoo.com
2026-03-27 07:13:31,132 [INFO] presentation.associados_controller - ✅ [366/921] Enviado para ['mjnfs@yahoo.com']
2026-03-27 07:13:31,143 [INFO] presentation.associados_controller - ⏱️  Aguardando 2.9s...
2026-03-27 07:13:34,066 [INFO] presentation.associados_controller - 📨 [367/921] Enviando para ['genyeu@gmail.com']...
2026-03-27 07:13:40,500 [INFO] presentation.associados_controller - [367/921] OK → genyeu@gmail.com
2026-03-27 07:13:40,506 [INFO] presentation.associados_controller - ✅ [367/921] Enviado para ['genyeu@gmail.com']
2026-03-27 07:13:40,510 [INFO] presentation.associados_controller - ⏱️  Aguardando 2.8s...
2026-03-27 07:13:43,340 [INFO] presentation.associados_controller - 📨 [368/921] Enviando para ['augmarques@sapo.pt']...
2026-03-27 07:13:50,174 [INFO] presentation.associados_controller - [368/921] OK → augmarques@sapo.pt
2026-03-27 07:13:50,174 [INFO] presentation.associados_controller - ✅ [368/921] Enviado para ['augmarques@sapo.pt']
2026-03-27 07:13:50,190 [INFO] presentation.associados_controller - ⏱️  Aguardando 2.2s...
2026-03-27 07:13:52,427 [INFO] presentation.associados_controller - 📨 [369/921] Enviando para ['amsdias@sapo.pt']...
2026-03-27 07:14:00,419 [INFO] presentation.associados_controller - [369/921] OK → amsdias@sapo.pt
2026-03-27 07:14:00,419 [INFO] presentation.associados_controller - ✅ [369/921] Enviado para ['amsdias@sapo.pt']
2026-03-27 07:14:00,441 [INFO] presentation.associados_controller - ⏱️  Aguardando 2.8s...
2026-03-27 07:14:03,274 [INFO] presentation.associados_controller - 📨 [370/921] Enviando para ['fernandosilvasereno@gmail.com']...
2026-03-27 07:14:13,316 [INFO] presentation.associados_controller - [370/921] OK → fernandosilvasereno@gmail.com
2026-03-27 07:14:13,316 [INFO] presentation.associados_controller - ✅ [370/921] Enviado para ['fernandosilvasereno@gmail.com']
2026-03-27 07:14:13,332 [INFO] presentation.associados_controller - ⏱️  Aguardando 2.6s...
2026-03-27 07:14:15,921 [INFO] presentation.associados_controller - 📨 [371/921] Enviando para ['fmanuelmachado@gmail.com']...
2026-03-27 07:14:24,450 [INFO] presentation.associados_controller - [371/921] OK → fmanuelmachado@gmail.com
2026-03-27 07:14:24,450 [INFO] presentation.associados_controller - ✅ [371/921] Enviado para ['fmanuelmachado@gmail.com']
2026-03-27 07:14:24,466 [INFO] presentation.associados_controller - ⏱️  Aguardando 2.0s...
2026-03-27 07:14:26,519 [INFO] presentation.associados_controller - 📨 [372/921] Enviando para ['paulalago@netcabo.pt']...
2026-03-27 07:14:35,793 [INFO] presentation.associados_controller - [372/921] OK → paulalago@netcabo.pt
2026-03-27 07:14:35,793 [INFO] presentation.associados_controller - ✅ [372/921] Enviado para ['paulalago@netcabo.pt']
2026-03-27 07:14:35,810 [INFO] presentation.associados_controller - ⏱️  Aguardando 2.6s...
2026-03-27 07:14:38,385 [INFO] presentation.associados_controller - 📨 [373/921] Enviando para ['celeste.mrt@gmail.com']...
2026-03-27 07:14:46,597 [INFO] presentation.associados_controller - [373/921] OK → celeste.mrt@gmail.com
2026-03-27 07:14:46,597 [INFO] presentation.associados_controller - ✅ [373/921] Enviado para ['celeste.mrt@gmail.com']
2026-03-27 07:14:46,605 [INFO] presentation.associados_controller - ⏱️  Aguardando 1.1s...
2026-03-27 07:14:47,747 [INFO] presentation.associados_controller - 📨 [374/921] Enviando para ['josebarbedo@gmail.com']...
2026-03-27 07:14:54,664 [INFO] presentation.associados_controller - [374/921] OK → josebarbedo@gmail.com
2026-03-27 07:14:54,665 [INFO] presentation.associados_controller - ✅ [374/921] Enviado para ['josebarbedo@gmail.com']
2026-03-27 07:14:54,670 [INFO] presentation.associados_controller - ⏱️  Aguardando 2.1s...
2026-03-27 07:14:56,768 [INFO] presentation.associados_controller - 📨 [375/921] Enviando para ['isabelcardoso24@hotmail.com']...
2026-03-27 07:15:05,947 [INFO] presentation.associados_controller - [375/921] OK → isabelcardoso24@hotmail.com
2026-03-27 07:15:05,947 [INFO] presentation.associados_controller - ✅ [375/921] Enviado para ['isabelcardoso24@hotmail.com']
2026-03-27 07:15:05,972 [INFO] presentation.associados_controller - ⏱️  Aguardando 1.2s...
2026-03-27 07:15:07,223 [INFO] presentation.associados_controller - 📨 [376/921] Enviando para ['mamialda@yahoo.com']...
2026-03-27 07:15:15,456 [INFO] presentation.associados_controller - [376/921] OK → mamialda@yahoo.com
2026-03-27 07:15:15,459 [INFO] presentation.associados_controller - ✅ [376/921] Enviado para ['mamialda@yahoo.com']
2026-03-27 07:15:15,473 [INFO] presentation.associados_controller - ⏱️  Aguardando 1.3s...
2026-03-27 07:15:16,771 [INFO] presentation.associados_controller - 📨 [377/921] Enviando para ['ana.paula.goncalves23@sapo.pt']...
2026-03-27 07:15:25,720 [INFO] presentation.associados_controller - [377/921] OK → ana.paula.goncalves23@sapo.pt
2026-03-27 07:15:25,736 [INFO] presentation.associados_controller - ✅ [377/921] Enviado para ['ana.paula.goncalves23@sapo.pt']
2026-03-27 07:15:25,751 [INFO] presentation.associados_controller - ⏱️  Aguardando 2.2s...
2026-03-27 07:15:27,990 [INFO] presentation.associados_controller - 📨 [378/921] Enviando para ['isamendes@sapo.pt']...
2026-03-27 07:15:36,821 [INFO] presentation.associados_controller - [378/921] OK → isamendes@sapo.pt
2026-03-27 07:15:36,821 [INFO] presentation.associados_controller - ✅ [378/921] Enviado para ['isamendes@sapo.pt']
2026-03-27 07:15:36,834 [INFO] presentation.associados_controller - ⏱️  Aguardando 1.9s...
2026-03-27 07:15:38,734 [INFO] presentation.associados_controller - 📨 [379/921] Enviando para ['virginiacarvalhosousa@gmail.com']...
2026-03-27 07:15:46,249 [INFO] presentation.associados_controller - [379/921] OK → virginiacarvalhosousa@gmail.com
2026-03-27 07:15:46,249 [INFO] presentation.associados_controller - ✅ [379/921] Enviado para ['virginiacarvalhosousa@gmail.com']
2026-03-27 07:15:46,265 [INFO] presentation.associados_controller - ⏱️  Aguardando 2.2s...
2026-03-27 07:15:48,517 [INFO] presentation.associados_controller - 📨 [380/921] Enviando para ['agiselaf@hotmail.com']...
2026-03-27 07:15:59,271 [INFO] presentation.associados_controller - [380/921] OK → agiselaf@hotmail.com
2026-03-27 07:15:59,271 [INFO] presentation.associados_controller - ✅ [380/921] Enviado para ['agiselaf@hotmail.com']
2026-03-27 07:15:59,299 [INFO] presentation.associados_controller - ⏱️  Aguardando 1.9s...
2026-03-27 07:16:01,215 [INFO] presentation.associados_controller - 📨 [381/921] Enviando para ['mariojtc56@gmail.com']...
2026-03-27 07:16:09,935 [INFO] presentation.associados_controller - [381/921] OK → mariojtc56@gmail.com
2026-03-27 07:16:09,935 [INFO] presentation.associados_controller - ✅ [381/921] Enviado para ['mariojtc56@gmail.com']
2026-03-27 07:16:09,952 [INFO] presentation.associados_controller - ⏱️  Aguardando 1.7s...
2026-03-27 07:16:11,689 [INFO] presentation.associados_controller - 📨 [382/921] Enviando para ['vitorguedes1961@gmail.com']...
2026-03-27 07:16:19,199 [INFO] presentation.associados_controller - [382/921] OK → vitorguedes1961@gmail.com
2026-03-27 07:16:19,209 [INFO] presentation.associados_controller - ✅ [382/921] Enviado para ['vitorguedes1961@gmail.com']
2026-03-27 07:16:19,215 [INFO] presentation.associados_controller - ⏱️  Aguardando 1.7s...
2026-03-27 07:16:20,929 [INFO] presentation.associados_controller - 📨 [383/921] Enviando para ['paula72moreira@gmail.com']...
2026-03-27 07:16:30,878 [INFO] presentation.associados_controller - [383/921] OK → paula72moreira@gmail.com
2026-03-27 07:16:30,878 [INFO] presentation.associados_controller - ✅ [383/921] Enviado para ['paula72moreira@gmail.com']
2026-03-27 07:16:30,892 [INFO] presentation.associados_controller - ⏱️  Aguardando 2.2s...
2026-03-27 07:16:33,072 [INFO] presentation.associados_controller - 📨 [384/921] Enviando para ['alvarosousapereira@gmail.com']...
2026-03-27 07:16:40,398 [INFO] presentation.associados_controller - [384/921] OK → alvarosousapereira@gmail.com
2026-03-27 07:16:41,064 [INFO] presentation.associados_controller - ✅ [384/921] Enviado para ['alvarosousapereira@gmail.com']
2026-03-27 07:16:41,080 [INFO] presentation.associados_controller - ⏱️  Aguardando 1.2s...
2026-03-27 07:16:42,263 [INFO] presentation.associados_controller - 📨 [385/921] Enviando para ['bulhosaeduarda@gmail.com']...
2026-03-27 07:16:50,910 [INFO] presentation.associados_controller - [385/921] OK → bulhosaeduarda@gmail.com
2026-03-27 07:16:50,910 [INFO] presentation.associados_controller - ✅ [385/921] Enviado para ['bulhosaeduarda@gmail.com']
2026-03-27 07:16:50,926 [INFO] presentation.associados_controller - ⏱️  Aguardando 2.8s...
2026-03-27 07:16:53,731 [INFO] presentation.associados_controller - 📨 [386/921] Enviando para ['josesousapaiva@gmail.com']...
2026-03-27 07:17:02,483 [INFO] presentation.associados_controller - [386/921] OK → josesousapaiva@gmail.com
2026-03-27 07:17:02,483 [INFO] presentation.associados_controller - ✅ [386/921] Enviado para ['josesousapaiva@gmail.com']
2026-03-27 07:17:02,499 [INFO] presentation.associados_controller - ⏱️  Aguardando 1.5s...
2026-03-27 07:17:04,050 [INFO] presentation.associados_controller - 📨 [387/921] Enviando para ['virgilio.ainocencio@gmail.com']...
2026-03-27 07:17:12,386 [INFO] presentation.associados_controller - [387/921] OK → virgilio.ainocencio@gmail.com
2026-03-27 07:17:12,402 [INFO] presentation.associados_controller - ✅ [387/921] Enviado para ['virgilio.ainocencio@gmail.com']
2026-03-27 07:17:12,402 [INFO] presentation.associados_controller - ⏱️  Aguardando 2.4s...
2026-03-27 07:17:14,844 [INFO] presentation.associados_controller - 📨 [388/921] Enviando para ['mariarosalinabal@gmail.com']...
2026-03-27 07:17:24,035 [INFO] presentation.associados_controller - [388/921] OK → mariarosalinabal@gmail.com
2026-03-27 07:17:24,037 [INFO] presentation.associados_controller - ✅ [388/921] Enviado para ['mariarosalinabal@gmail.com']
2026-03-27 07:17:24,040 [INFO] presentation.associados_controller - ⏱️  Aguardando 2.2s...
2026-03-27 07:17:26,260 [INFO] presentation.associados_controller - 📨 [389/921] Enviando para ['cristinagracalobo@gmail.com']...
2026-03-27 07:17:34,689 [INFO] presentation.associados_controller - [389/921] OK → cristinagracalobo@gmail.com
2026-03-27 07:17:34,689 [INFO] presentation.associados_controller - ✅ [389/921] Enviado para ['cristinagracalobo@gmail.com']
2026-03-27 07:17:34,705 [INFO] presentation.associados_controller - ⏱️  Aguardando 1.7s...
2026-03-27 07:17:36,387 [INFO] presentation.associados_controller - 📨 [390/921] Enviando para ['fernando_oliveira48@hotmail.com']...
2026-03-27 07:17:46,662 [INFO] presentation.associados_controller - [390/921] OK → fernando_oliveira48@hotmail.com
2026-03-27 07:17:46,662 [INFO] presentation.associados_controller - ✅ [390/921] Enviado para ['fernando_oliveira48@hotmail.com']
2026-03-27 07:17:46,662 [INFO] presentation.associados_controller - ⏱️  Aguardando 1.7s...
2026-03-27 07:17:48,382 [INFO] presentation.associados_controller - 📨 [391/921] Enviando para ['jomaguy@gmail.com']...
2026-03-27 07:18:08,048 [INFO] presentation.associados_controller - [391/921] OK → jomaguy@gmail.com
2026-03-27 07:18:08,048 [INFO] presentation.associados_controller - ✅ [391/921] Enviado para ['jomaguy@gmail.com']
2026-03-27 07:18:08,065 [INFO] presentation.associados_controller - ⏱️  Aguardando 2.9s...
2026-03-27 07:18:11,020 [INFO] presentation.associados_controller - 📨 [392/921] Enviando para ['virgilio.ainocencio@gmail.com']...
2026-03-27 07:18:19,302 [INFO] presentation.associados_controller - [392/921] OK → virgilio.ainocencio@gmail.com
2026-03-27 07:18:19,302 [INFO] presentation.associados_controller - ✅ [392/921] Enviado para ['virgilio.ainocencio@gmail.com']
2026-03-27 07:18:19,318 [INFO] presentation.associados_controller - ⏱️  Aguardando 1.5s...
2026-03-27 07:18:20,807 [INFO] presentation.associados_controller - 📨 [393/921] Enviando para ['jorgenunodeazevedo@gmail.com']...
2026-03-27 07:18:30,920 [INFO] presentation.associados_controller - [393/921] OK → jorgenunodeazevedo@gmail.com
2026-03-27 07:18:30,920 [INFO] presentation.associados_controller - ✅ [393/921] Enviado para ['jorgenunodeazevedo@gmail.com']
2026-03-27 07:18:30,943 [INFO] presentation.associados_controller - ⏱️  Aguardando 2.4s...
2026-03-27 07:18:33,310 [INFO] presentation.associados_controller - 📨 [394/921] Enviando para ['saracamaral82@gmail.com']...
2026-03-27 07:18:41,952 [INFO] presentation.associados_controller - [394/921] OK → saracamaral82@gmail.com
2026-03-27 07:18:41,959 [INFO] presentation.associados_controller - ✅ [394/921] Enviado para ['saracamaral82@gmail.com']
2026-03-27 07:18:41,968 [INFO] presentation.associados_controller - ⏱️  Aguardando 2.3s...
2026-03-27 07:18:44,256 [INFO] presentation.associados_controller - 📨 [395/921] Enviando para ['fsmdimitri@gmail.com']...
2026-03-27 07:18:52,720 [INFO] presentation.associados_controller - [395/921] OK → fsmdimitri@gmail.com
2026-03-27 07:18:52,720 [INFO] presentation.associados_controller - ✅ [395/921] Enviado para ['fsmdimitri@gmail.com']
2026-03-27 07:18:52,740 [INFO] presentation.associados_controller - ⏱️  Aguardando 1.3s...
2026-03-27 07:18:54,083 [INFO] presentation.associados_controller - 📨 [396/921] Enviando para ['auroragsoares@gmail.com']...
2026-03-27 07:19:03,289 [INFO] presentation.associados_controller - [396/921] OK → auroragsoares@gmail.com
2026-03-27 07:19:03,289 [INFO] presentation.associados_controller - ✅ [396/921] Enviado para ['auroragsoares@gmail.com']
2026-03-27 07:19:03,305 [INFO] presentation.associados_controller - ⏱️  Aguardando 2.7s...
2026-03-27 07:19:05,997 [INFO] presentation.associados_controller - 📨 [397/921] Enviando para ['luisberrance@sapo.pt']...
2026-03-27 07:19:14,583 [INFO] presentation.associados_controller - [397/921] OK → luisberrance@sapo.pt
2026-03-27 07:19:14,583 [INFO] presentation.associados_controller - ✅ [397/921] Enviado para ['luisberrance@sapo.pt']
2026-03-27 07:19:14,599 [INFO] presentation.associados_controller - ⏱️  Aguardando 2.7s...
2026-03-27 07:19:17,274 [INFO] presentation.associados_controller - 📨 [398/921] Enviando para ['frbarbosa@sapo.pt']...
2026-03-27 07:19:24,832 [INFO] presentation.associados_controller - [398/921] OK → frbarbosa@sapo.pt
2026-03-27 07:19:24,832 [INFO] presentation.associados_controller - ✅ [398/921] Enviado para ['frbarbosa@sapo.pt']
2026-03-27 07:19:24,845 [INFO] presentation.associados_controller - ⏱️  Aguardando 2.2s...
2026-03-27 07:19:27,075 [INFO] presentation.associados_controller - 📨 [399/921] Enviando para ['joao.am.queiroz@sapo.pt']...
2026-03-27 07:19:34,847 [INFO] presentation.associados_controller - [399/921] OK → joao.am.queiroz@sapo.pt
2026-03-27 07:19:34,863 [INFO] presentation.associados_controller - ✅ [399/921] Enviado para ['joao.am.queiroz@sapo.pt']
2026-03-27 07:19:34,863 [INFO] presentation.associados_controller - ⏱️  Aguardando 2.2s...
2026-03-27 07:19:37,114 [INFO] presentation.associados_controller - 📨 [400/921] Enviando para ['mteteps@gmail.com']...
2026-03-27 07:19:46,937 [INFO] presentation.associados_controller - [400/921] OK → mteteps@gmail.com
2026-03-27 07:19:46,948 [INFO] presentation.associados_controller - ✅ [400/921] Enviado para ['mteteps@gmail.com']
2026-03-27 07:19:46,953 [INFO] presentation.associados_controller - ⏱️  Aguardando 3.0s...
2026-03-27 07:19:49,943 [INFO] presentation.associados_controller - ⏸️  Pausa de 160s...
2026-03-27 07:32:40,598 [INFO] presentation.associados_controller - Envio concluído.
2026-03-27 07:32:40,605 [INFO] presentation.associados_controller - 📨 [401/921] Enviando para ['j.cardoso.pinto@gmail.com']...
2026-03-27 07:32:57,928 [INFO] presentation.associados_controller - [401/921] OK → j.cardoso.pinto@gmail.com
2026-03-27 07:32:57,928 [INFO] presentation.associados_controller - ✅ [401/921] Enviado para ['j.cardoso.pinto@gmail.com']
2026-03-27 07:32:57,938 [INFO] presentation.associados_controller - ⏱️  Aguardando 1.7s...
2026-03-27 07:32:59,675 [INFO] presentation.associados_controller - 📨 [402/921] Enviando para ['alberto.gomes@outlook.com']...
2026-03-27 07:33:07,220 [INFO] presentation.associados_controller - [402/921] OK → alberto.gomes@outlook.com
2026-03-27 07:33:07,236 [INFO] presentation.associados_controller - ✅ [402/921] Enviado para ['alberto.gomes@outlook.com']
2026-03-27 07:33:07,252 [INFO] presentation.associados_controller - ⏱️  Aguardando 1.0s...
2026-03-27 07:33:08,265 [INFO] presentation.associados_controller - 📨 [403/921] Enviando para ['adosindamargarida@gmail.com']...
2026-03-27 07:33:15,361 [INFO] presentation.associados_controller - [403/921] OK → adosindamargarida@gmail.com
2026-03-27 07:33:15,361 [INFO] presentation.associados_controller - ✅ [403/921] Enviado para ['adosindamargarida@gmail.com']
2026-03-27 07:33:15,367 [INFO] presentation.associados_controller - ⏱️  Aguardando 1.4s...
2026-03-27 07:33:16,770 [INFO] presentation.associados_controller - 📨 [404/921] Enviando para ['idorindorocha@gmail.com']...
2026-03-27 07:33:26,259 [INFO] presentation.associados_controller - [404/921] OK → idorindorocha@gmail.com
2026-03-27 07:33:26,263 [INFO] presentation.associados_controller - ✅ [404/921] Enviado para ['idorindorocha@gmail.com']
2026-03-27 07:33:26,270 [INFO] presentation.associados_controller - ⏱️  Aguardando 1.9s...
2026-03-27 07:33:28,209 [INFO] presentation.associados_controller - 📨 [405/921] Enviando para ['melonuno73@hotmail.com']...
2026-03-27 07:33:36,354 [INFO] presentation.associados_controller - [405/921] OK → melonuno73@hotmail.com
2026-03-27 07:33:36,369 [INFO] presentation.associados_controller - ✅ [405/921] Enviado para ['melonuno73@hotmail.com']
2026-03-27 07:33:36,386 [INFO] presentation.associados_controller - ⏱️  Aguardando 1.2s...
2026-03-27 07:33:37,583 [INFO] presentation.associados_controller - 📨 [406/921] Enviando para ['fjandrade@sapo.pt']...
2026-03-27 07:33:43,523 [INFO] presentation.associados_controller - [406/921] OK → fjandrade@sapo.pt
2026-03-27 07:33:43,529 [INFO] presentation.associados_controller - ✅ [406/921] Enviado para ['fjandrade@sapo.pt']
2026-03-27 07:33:43,534 [INFO] presentation.associados_controller - ⏱️  Aguardando 2.5s...
2026-03-27 07:33:46,023 [INFO] presentation.associados_controller - 📨 [407/921] Enviando para ['teresajacques22@gmail.com']...
2026-03-27 07:33:53,298 [INFO] presentation.associados_controller - [407/921] OK → teresajacques22@gmail.com
2026-03-27 07:33:53,315 [INFO] presentation.associados_controller - ✅ [407/921] Enviado para ['teresajacques22@gmail.com']
2026-03-27 07:33:53,315 [INFO] presentation.associados_controller - ⏱️  Aguardando 1.9s...
2026-03-27 07:33:55,194 [INFO] presentation.associados_controller - 📨 [408/921] Enviando para ['selma-m-loureiro@sapo.pt']...
2026-03-27 07:34:03,022 [INFO] presentation.associados_controller - [408/921] OK → selma-m-loureiro@sapo.pt
2026-03-27 07:34:03,022 [INFO] presentation.associados_controller - ✅ [408/921] Enviado para ['selma-m-loureiro@sapo.pt']
2026-03-27 07:34:03,038 [INFO] presentation.associados_controller - ⏱️  Aguardando 2.4s...
2026-03-27 07:34:05,476 [INFO] presentation.associados_controller - 📨 [409/921] Enviando para ['salette_coelho@hotmail.com']...
2026-03-27 07:34:12,777 [INFO] presentation.associados_controller - [409/921] OK → salette_coelho@hotmail.com
2026-03-27 07:34:12,780 [INFO] presentation.associados_controller - ✅ [409/921] Enviado para ['salette_coelho@hotmail.com']
2026-03-27 07:34:12,790 [INFO] presentation.associados_controller - ⏱️  Aguardando 3.0s...
2026-03-27 07:34:15,778 [INFO] presentation.associados_controller - 📨 [410/921] Enviando para ['mjosja@hotmail.com']...
2026-03-27 07:34:23,296 [INFO] presentation.associados_controller - [410/921] OK → mjosja@hotmail.com
2026-03-27 07:34:23,308 [INFO] presentation.associados_controller - ✅ [410/921] Enviado para ['mjosja@hotmail.com']
2026-03-27 07:34:23,312 [INFO] presentation.associados_controller - ⏱️  Aguardando 1.1s...
2026-03-27 07:34:24,392 [INFO] presentation.associados_controller - 📨 [411/921] Enviando para ['cristina.c.rodrigues.cr@gmail.com']...
2026-03-27 07:34:37,188 [INFO] presentation.associados_controller - [411/921] OK → cristina.c.rodrigues.cr@gmail.com
2026-03-27 07:34:37,196 [INFO] presentation.associados_controller - ✅ [411/921] Enviado para ['cristina.c.rodrigues.cr@gmail.com']
2026-03-27 07:34:37,207 [INFO] presentation.associados_controller - ⏱️  Aguardando 2.5s...
2026-03-27 07:34:39,704 [INFO] presentation.associados_controller - 📨 [412/921] Enviando para ['joserpdias@gmail.com']...
2026-03-27 07:34:47,897 [INFO] presentation.associados_controller - [412/921] OK → joserpdias@gmail.com
2026-03-27 07:34:47,897 [INFO] presentation.associados_controller - ✅ [412/921] Enviado para ['joserpdias@gmail.com']
2026-03-27 07:34:47,913 [INFO] presentation.associados_controller - ⏱️  Aguardando 2.6s...
2026-03-27 07:34:50,533 [INFO] presentation.associados_controller - 📨 [413/921] Enviando para ['brandariz.ana@gmail.com']...
2026-03-27 07:34:59,129 [INFO] presentation.associados_controller - [413/921] OK → brandariz.ana@gmail.com
2026-03-27 07:34:59,129 [INFO] presentation.associados_controller - ✅ [413/921] Enviado para ['brandariz.ana@gmail.com']
2026-03-27 07:34:59,141 [INFO] presentation.associados_controller - ⏱️  Aguardando 2.3s...
2026-03-27 07:35:01,422 [INFO] presentation.associados_controller - 📨 [414/921] Enviando para ['josepinho.pinho@gmail.com']...
2026-03-27 07:35:10,295 [INFO] presentation.associados_controller - [414/921] OK → josepinho.pinho@gmail.com
2026-03-27 07:35:10,306 [INFO] presentation.associados_controller - ✅ [414/921] Enviado para ['josepinho.pinho@gmail.com']
2026-03-27 07:35:10,311 [INFO] presentation.associados_controller - ⏱️  Aguardando 2.3s...
2026-03-27 07:35:12,582 [INFO] presentation.associados_controller - 📨 [415/921] Enviando para ['mhcmbc@sapo.pt']...
2026-03-27 07:35:21,974 [INFO] presentation.associados_controller - [415/921] OK → mhcmbc@sapo.pt
2026-03-27 07:35:21,974 [INFO] presentation.associados_controller - ✅ [415/921] Enviado para ['mhcmbc@sapo.pt']
2026-03-27 07:35:21,988 [INFO] presentation.associados_controller - ⏱️  Aguardando 2.7s...
2026-03-27 07:35:24,711 [INFO] presentation.associados_controller - 📨 [416/921] Enviando para ['migueloliveira4891@gmail.com']...
2026-03-27 07:35:33,384 [INFO] presentation.associados_controller - [416/921] OK → migueloliveira4891@gmail.com
2026-03-27 07:35:33,395 [INFO] presentation.associados_controller - ✅ [416/921] Enviado para ['migueloliveira4891@gmail.com']
2026-03-27 07:35:33,395 [INFO] presentation.associados_controller - ⏱️  Aguardando 2.5s...
2026-03-27 07:35:35,886 [INFO] presentation.associados_controller - 📨 [417/921] Enviando para ['lazinha@sapo.pt']...
2026-03-27 07:35:45,473 [INFO] presentation.associados_controller - [417/921] OK → lazinha@sapo.pt
2026-03-27 07:35:45,479 [INFO] presentation.associados_controller - ✅ [417/921] Enviado para ['lazinha@sapo.pt']
2026-03-27 07:35:45,489 [INFO] presentation.associados_controller - ⏱️  Aguardando 1.9s...
2026-03-27 07:35:47,439 [INFO] presentation.associados_controller - 📨 [418/921] Enviando para ['jose_fuentefria@clix.pt']...
2026-03-27 07:35:54,652 [INFO] presentation.associados_controller - [418/921] OK → jose_fuentefria@clix.pt
2026-03-27 07:35:54,652 [INFO] presentation.associados_controller - ✅ [418/921] Enviado para ['jose_fuentefria@clix.pt']
2026-03-27 07:35:54,668 [INFO] presentation.associados_controller - ⏱️  Aguardando 2.9s...
2026-03-27 07:35:57,545 [INFO] presentation.associados_controller - 📨 [419/921] Enviando para ['manuel.macedo1955@gmail.com']...
2026-03-27 07:36:04,762 [INFO] presentation.associados_controller - [419/921] OK → manuel.macedo1955@gmail.com
2026-03-27 07:36:04,762 [INFO] presentation.associados_controller - ✅ [419/921] Enviado para ['manuel.macedo1955@gmail.com']
2026-03-27 07:36:04,778 [INFO] presentation.associados_controller - ⏱️  Aguardando 1.9s...
2026-03-27 07:36:06,690 [INFO] presentation.associados_controller - 📨 [420/921] Enviando para ['mluisaoneill@gmail.com']...
2026-03-27 07:36:16,823 [INFO] presentation.associados_controller - [420/921] OK → mluisaoneill@gmail.com
2026-03-27 07:36:16,839 [INFO] presentation.associados_controller - ✅ [420/921] Enviado para ['mluisaoneill@gmail.com']
2026-03-27 07:36:16,854 [INFO] presentation.associados_controller - ⏱️  Aguardando 1.9s...
2026-03-27 07:36:18,807 [INFO] presentation.associados_controller - 📨 [421/921] Enviando para ['sofiagomes40@gmail.com']...
2026-03-27 07:36:28,222 [INFO] presentation.associados_controller - [421/921] OK → sofiagomes40@gmail.com
2026-03-27 07:36:28,222 [INFO] presentation.associados_controller - ✅ [421/921] Enviado para ['sofiagomes40@gmail.com']
2026-03-27 07:36:28,236 [INFO] presentation.associados_controller - ⏱️  Aguardando 2.5s...
2026-03-27 07:36:30,780 [INFO] presentation.associados_controller - 📨 [422/921] Enviando para ['anacbavila@sapo.pt']...
2026-03-27 07:36:38,023 [INFO] presentation.associados_controller - [422/921] OK → anacbavila@sapo.pt
2026-03-27 07:36:38,023 [INFO] presentation.associados_controller - ✅ [422/921] Enviado para ['anacbavila@sapo.pt']
2026-03-27 07:36:38,039 [INFO] presentation.associados_controller - ⏱️  Aguardando 2.0s...
2026-03-27 07:36:40,086 [INFO] presentation.associados_controller - 📨 [423/921] Enviando para ['antonio.m.ramoa@sapo.pt']...
2026-03-27 07:36:49,724 [INFO] presentation.associados_controller - [423/921] OK → antonio.m.ramoa@sapo.pt
2026-03-27 07:36:49,739 [INFO] presentation.associados_controller - ✅ [423/921] Enviado para ['antonio.m.ramoa@sapo.pt']
2026-03-27 07:36:49,739 [INFO] presentation.associados_controller - ⏱️  Aguardando 1.3s...
2026-03-27 07:36:51,029 [INFO] presentation.associados_controller - 📨 [424/921] Enviando para ['mlucarvalho2013@gmail.com']...
2026-03-27 07:36:59,206 [INFO] presentation.associados_controller - [424/921] OK → mlucarvalho2013@gmail.com
2026-03-27 07:36:59,206 [INFO] presentation.associados_controller - ✅ [424/921] Enviado para ['mlucarvalho2013@gmail.com']
2026-03-27 07:36:59,222 [INFO] presentation.associados_controller - ⏱️  Aguardando 2.1s...
2026-03-27 07:37:01,340 [INFO] presentation.associados_controller - 📨 [425/921] Enviando para ['vpimentel@sapo.pt']...
2026-03-27 07:37:08,762 [INFO] presentation.associados_controller - [425/921] OK → vpimentel@sapo.pt
2026-03-27 07:37:08,762 [INFO] presentation.associados_controller - ✅ [425/921] Enviado para ['vpimentel@sapo.pt']
2026-03-27 07:37:08,762 [INFO] presentation.associados_controller - ⏱️  Aguardando 2.1s...
2026-03-27 07:37:10,881 [INFO] presentation.associados_controller - 📨 [426/921] Enviando para ['mhgop66@hotmail.com']...
2026-03-27 07:37:18,339 [INFO] presentation.associados_controller - [426/921] OK → mhgop66@hotmail.com
2026-03-27 07:37:18,340 [INFO] presentation.associados_controller - ✅ [426/921] Enviado para ['mhgop66@hotmail.com']
2026-03-27 07:37:18,355 [INFO] presentation.associados_controller - ⏱️  Aguardando 1.7s...
2026-03-27 07:37:20,036 [INFO] presentation.associados_controller - 📨 [427/921] Enviando para ['np55pk@mail.telepac.pt']...
2026-03-27 07:37:27,818 [INFO] presentation.associados_controller - [427/921] OK → np55pk@mail.telepac.pt
2026-03-27 07:37:27,833 [INFO] presentation.associados_controller - ✅ [427/921] Enviado para ['np55pk@mail.telepac.pt']
2026-03-27 07:37:27,844 [INFO] presentation.associados_controller - ⏱️  Aguardando 2.6s...
2026-03-27 07:37:30,470 [INFO] presentation.associados_controller - 📨 [428/921] Enviando para ['rmc@sapo.pt']...
2026-03-27 07:37:38,172 [INFO] presentation.associados_controller - [428/921] OK → rmc@sapo.pt
2026-03-27 07:37:38,175 [INFO] presentation.associados_controller - ✅ [428/921] Enviado para ['rmc@sapo.pt']
2026-03-27 07:37:38,192 [INFO] presentation.associados_controller - ⏱️  Aguardando 2.7s...
2026-03-27 07:37:40,898 [INFO] presentation.associados_controller - 📨 [429/921] Enviando para ['paparuca@gmail.com']...
2026-03-27 07:37:48,317 [INFO] presentation.associados_controller - [429/921] OK → paparuca@gmail.com
2026-03-27 07:37:48,319 [INFO] presentation.associados_controller - ✅ [429/921] Enviado para ['paparuca@gmail.com']
2026-03-27 07:37:48,323 [INFO] presentation.associados_controller - ⏱️  Aguardando 1.5s...
2026-03-27 07:37:49,795 [INFO] presentation.associados_controller - 📨 [430/921] Enviando para ['pinheiro.p.almeida@sapo.pt']...
2026-03-27 07:37:58,282 [INFO] presentation.associados_controller - [430/921] OK → pinheiro.p.almeida@sapo.pt
2026-03-27 07:37:58,299 [INFO] presentation.associados_controller - ✅ [430/921] Enviado para ['pinheiro.p.almeida@sapo.pt']
2026-03-27 07:37:58,299 [INFO] presentation.associados_controller - ⏱️  Aguardando 2.7s...
2026-03-27 07:38:01,056 [INFO] presentation.associados_controller - 📨 [431/921] Enviando para ['antero.seguro@gmail.com']...
2026-03-27 07:38:10,024 [INFO] presentation.associados_controller - [431/921] OK → antero.seguro@gmail.com
2026-03-27 07:38:10,024 [INFO] presentation.associados_controller - ✅ [431/921] Enviado para ['antero.seguro@gmail.com']
2026-03-27 07:38:10,046 [INFO] presentation.associados_controller - ⏱️  Aguardando 1.4s...
2026-03-27 07:38:11,431 [INFO] presentation.associados_controller - 📨 [432/921] Enviando para ['antonio.m.s.enes@gmail.com']...
2026-03-27 07:38:19,420 [INFO] presentation.associados_controller - [432/921] OK → antonio.m.s.enes@gmail.com
2026-03-27 07:38:19,420 [INFO] presentation.associados_controller - ✅ [432/921] Enviado para ['antonio.m.s.enes@gmail.com']
2026-03-27 07:38:19,435 [INFO] presentation.associados_controller - ⏱️  Aguardando 1.1s...
2026-03-27 07:38:20,585 [INFO] presentation.associados_controller - 📨 [433/921] Enviando para ['lena.m.marques@sapo.pt']...
2026-03-27 07:38:26,512 [INFO] presentation.associados_controller - [433/921] OK → lena.m.marques@sapo.pt
2026-03-27 07:38:26,512 [INFO] presentation.associados_controller - ✅ [433/921] Enviado para ['lena.m.marques@sapo.pt']
2026-03-27 07:38:26,522 [INFO] presentation.associados_controller - ⏱️  Aguardando 3.0s...
2026-03-27 07:38:29,494 [INFO] presentation.associados_controller - 📨 [434/921] Enviando para ['olgarod@sapo.pt']...
2026-03-27 07:38:39,195 [INFO] presentation.associados_controller - [434/921] OK → olgarod@sapo.pt
2026-03-27 07:38:39,195 [INFO] presentation.associados_controller - ✅ [434/921] Enviado para ['olgarod@sapo.pt']
2026-03-27 07:38:39,211 [INFO] presentation.associados_controller - ⏱️  Aguardando 1.5s...
2026-03-27 07:38:40,714 [INFO] presentation.associados_controller - 📨 [435/921] Enviando para ['edite.c.vaz@gmail.com']...
2026-03-27 07:38:49,556 [INFO] presentation.associados_controller - [435/921] OK → edite.c.vaz@gmail.com
2026-03-27 07:38:49,556 [INFO] presentation.associados_controller - ✅ [435/921] Enviado para ['edite.c.vaz@gmail.com']
2026-03-27 07:38:49,563 [INFO] presentation.associados_controller - ⏱️  Aguardando 2.2s...
2026-03-27 07:38:51,750 [INFO] presentation.associados_controller - 📨 [436/921] Enviando para ['vieira.antonio.silva@gmail.com']...
2026-03-27 07:38:59,507 [INFO] presentation.associados_controller - [436/921] OK → vieira.antonio.silva@gmail.com
2026-03-27 07:38:59,507 [INFO] presentation.associados_controller - ✅ [436/921] Enviado para ['vieira.antonio.silva@gmail.com']
2026-03-27 07:38:59,523 [INFO] presentation.associados_controller - ⏱️  Aguardando 1.4s...
2026-03-27 07:39:00,900 [INFO] presentation.associados_controller - 📨 [437/921] Enviando para ['giordanomonteirocouto@gmail.com']...
2026-03-27 07:39:06,772 [INFO] presentation.associados_controller - [437/921] OK → giordanomonteirocouto@gmail.com
2026-03-27 07:39:06,772 [INFO] presentation.associados_controller - ✅ [437/921] Enviado para ['giordanomonteirocouto@gmail.com']
2026-03-27 07:39:06,788 [INFO] presentation.associados_controller - ⏱️  Aguardando 1.6s...
2026-03-27 07:39:08,386 [INFO] presentation.associados_controller - 📨 [438/921] Enviando para ['henriquetadiz@sapo.pt']...
2026-03-27 07:39:17,537 [INFO] presentation.associados_controller - [438/921] OK → henriquetadiz@sapo.pt
2026-03-27 07:39:17,543 [INFO] presentation.associados_controller - ✅ [438/921] Enviado para ['henriquetadiz@sapo.pt']
2026-03-27 07:39:17,556 [INFO] presentation.associados_controller - ⏱️  Aguardando 1.7s...
2026-03-27 07:39:19,258 [INFO] presentation.associados_controller - 📨 [439/921] Enviando para ['gloriapinheiro1947@sapo.pt']...
2026-03-27 07:39:26,701 [INFO] presentation.associados_controller - [439/921] OK → gloriapinheiro1947@sapo.pt
2026-03-27 07:39:26,705 [INFO] presentation.associados_controller - ✅ [439/921] Enviado para ['gloriapinheiro1947@sapo.pt']
2026-03-27 07:39:26,708 [INFO] presentation.associados_controller - ⏱️  Aguardando 1.5s...
2026-03-27 07:39:28,208 [INFO] presentation.associados_controller - 📨 [440/921] Enviando para ['gloriapinheiro1947@sapo.pt']...
2026-03-27 07:39:35,972 [INFO] presentation.associados_controller - [440/921] OK → gloriapinheiro1947@sapo.pt
2026-03-27 07:39:35,988 [INFO] presentation.associados_controller - ✅ [440/921] Enviado para ['gloriapinheiro1947@sapo.pt']
2026-03-27 07:39:36,004 [INFO] presentation.associados_controller - ⏱️  Aguardando 2.1s...
2026-03-27 07:39:38,107 [INFO] presentation.associados_controller - 📨 [441/921] Enviando para ['jose.sg.queiroz@gmail.com']...
2026-03-27 07:40:52,795 [INFO] presentation.associados_controller - [441/921] OK → jose.sg.queiroz@gmail.com
2026-03-27 07:40:52,795 [INFO] presentation.associados_controller - ✅ [441/921] Enviado para ['jose.sg.queiroz@gmail.com']
2026-03-27 07:40:52,808 [INFO] presentation.associados_controller - ⏱️  Aguardando 2.0s...
2026-03-27 07:40:54,868 [INFO] presentation.associados_controller - 📨 [442/921] Enviando para ['alexandraelisabete@sapo.pt']...
2026-03-27 07:41:15,138 [INFO] presentation.associados_controller - [442/921] OK → alexandraelisabete@sapo.pt
2026-03-27 07:41:15,142 [INFO] presentation.associados_controller - ✅ [442/921] Enviado para ['alexandraelisabete@sapo.pt']
2026-03-27 07:41:15,148 [INFO] presentation.associados_controller - ⏱️  Aguardando 1.9s...
2026-03-27 07:41:17,091 [INFO] presentation.associados_controller - 📨 [443/921] Enviando para ['ruitelmobelo@gmail.com']...
2026-03-27 07:41:24,662 [INFO] presentation.associados_controller - [443/921] OK → ruitelmobelo@gmail.com
2026-03-27 07:41:24,673 [INFO] presentation.associados_controller - ✅ [443/921] Enviado para ['ruitelmobelo@gmail.com']
2026-03-27 07:41:24,678 [INFO] presentation.associados_controller - ⏱️  Aguardando 2.2s...
2026-03-27 07:41:26,929 [INFO] presentation.associados_controller - 📨 [444/921] Enviando para ['gramajal@gmail.com']...
2026-03-27 07:41:35,341 [INFO] presentation.associados_controller - [444/921] OK → gramajal@gmail.com
2026-03-27 07:41:35,341 [INFO] presentation.associados_controller - ✅ [444/921] Enviado para ['gramajal@gmail.com']
2026-03-27 07:41:35,341 [INFO] presentation.associados_controller - ⏱️  Aguardando 1.0s...
2026-03-27 07:41:36,366 [INFO] presentation.associados_controller - 📨 [445/921] Enviando para ['antoniogoncalvesdias1958@gmail.com']...
2026-03-27 07:41:44,542 [INFO] presentation.associados_controller - [445/921] OK → antoniogoncalvesdias1958@gmail.com
2026-03-27 07:41:44,544 [INFO] presentation.associados_controller - ✅ [445/921] Enviado para ['antoniogoncalvesdias1958@gmail.com']
2026-03-27 07:41:44,560 [INFO] presentation.associados_controller - ⏱️  Aguardando 2.7s...
2026-03-27 07:41:47,234 [INFO] presentation.associados_controller - 📨 [446/921] Enviando para ['fsar1960@yahoo.com.br']...
2026-03-27 07:41:56,729 [INFO] presentation.associados_controller - [446/921] OK → fsar1960@yahoo.com.br
2026-03-27 07:41:56,729 [INFO] presentation.associados_controller - ✅ [446/921] Enviado para ['fsar1960@yahoo.com.br']
2026-03-27 07:41:56,745 [INFO] presentation.associados_controller - ⏱️  Aguardando 2.7s...
2026-03-27 07:41:59,489 [INFO] presentation.associados_controller - 📨 [447/921] Enviando para ['ramospaivaluis@gmail.com']...
2026-03-27 07:42:06,797 [INFO] presentation.associados_controller - [447/921] OK → ramospaivaluis@gmail.com
2026-03-27 07:42:06,798 [INFO] presentation.associados_controller - ✅ [447/921] Enviado para ['ramospaivaluis@gmail.com']
2026-03-27 07:42:06,815 [INFO] presentation.associados_controller - ⏱️  Aguardando 2.5s...
2026-03-27 07:42:09,294 [INFO] presentation.associados_controller - 📨 [448/921] Enviando para ['luis.s.cruz@sapo.pt']...
2026-03-27 07:42:17,567 [INFO] presentation.associados_controller - [448/921] OK → luis.s.cruz@sapo.pt
2026-03-27 07:42:17,571 [INFO] presentation.associados_controller - ✅ [448/921] Enviado para ['luis.s.cruz@sapo.pt']
2026-03-27 07:42:17,571 [INFO] presentation.associados_controller - ⏱️  Aguardando 1.4s...
2026-03-27 07:42:19,030 [INFO] presentation.associados_controller - 📨 [449/921] Enviando para ['jaimemacedomatos@sapo.pt']...
2026-03-27 07:42:26,744 [INFO] presentation.associados_controller - [449/921] OK → jaimemacedomatos@sapo.pt
2026-03-27 07:42:26,760 [INFO] presentation.associados_controller - ✅ [449/921] Enviado para ['jaimemacedomatos@sapo.pt']
2026-03-27 07:42:26,760 [INFO] presentation.associados_controller - ⏱️  Aguardando 3.0s...
2026-03-27 07:42:29,765 [INFO] presentation.associados_controller - 📨 [450/921] Enviando para ['elisaalves.1957@gmail.com']...
2026-03-27 07:42:37,208 [INFO] presentation.associados_controller - [450/921] OK → elisaalves.1957@gmail.com
2026-03-27 07:42:37,214 [INFO] presentation.associados_controller - ✅ [450/921] Enviado para ['elisaalves.1957@gmail.com']
2026-03-27 07:42:37,220 [INFO] presentation.associados_controller - ⏱️  Aguardando 2.2s...
2026-03-27 07:42:39,428 [INFO] presentation.associados_controller - ⏸️  Pausa de 133s...
2026-03-27 07:44:53,356 [INFO] presentation.associados_controller - Envio concluído.
2026-03-27 07:44:53,363 [INFO] presentation.associados_controller - 📨 [451/921] Enviando para ['fatima.cs.alves@gmail.com']...
2026-03-27 07:46:08,135 [INFO] presentation.associados_controller - [451/921] OK → fatima.cs.alves@gmail.com
2026-03-27 07:46:08,157 [INFO] presentation.associados_controller - ✅ [451/921] Enviado para ['fatima.cs.alves@gmail.com']
2026-03-27 07:46:08,186 [INFO] presentation.associados_controller - ⏱️  Aguardando 1.7s...
2026-03-27 07:46:09,865 [INFO] presentation.associados_controller - 📨 [452/921] Enviando para ['margaridaofmaia@gmail.com']...
2026-03-27 07:46:22,928 [INFO] presentation.associados_controller - [452/921] OK → margaridaofmaia@gmail.com
2026-03-27 07:46:22,928 [INFO] presentation.associados_controller - ✅ [452/921] Enviado para ['margaridaofmaia@gmail.com']
2026-03-27 07:46:22,945 [INFO] presentation.associados_controller - ⏱️  Aguardando 1.2s...
2026-03-27 07:46:24,162 [INFO] presentation.associados_controller - 📨 [453/921] Enviando para ['mclementina.rocha@sapo.pt']...
2026-03-27 07:46:33,530 [INFO] presentation.associados_controller - [453/921] OK → mclementina.rocha@sapo.pt
2026-03-27 07:46:33,536 [INFO] presentation.associados_controller - ✅ [453/921] Enviado para ['mclementina.rocha@sapo.pt']
2026-03-27 07:46:33,552 [INFO] presentation.associados_controller - ⏱️  Aguardando 2.3s...
2026-03-27 07:46:35,889 [INFO] presentation.associados_controller - 📨 [454/921] Enviando para ['mrosalinasantos@sapo.pt']...
2026-03-27 07:46:44,721 [INFO] presentation.associados_controller - [454/921] OK → mrosalinasantos@sapo.pt
2026-03-27 07:46:44,724 [INFO] presentation.associados_controller - ✅ [454/921] Enviado para ['mrosalinasantos@sapo.pt']
2026-03-27 07:46:44,735 [INFO] presentation.associados_controller - ⏱️  Aguardando 1.5s...
2026-03-27 07:46:46,237 [INFO] presentation.associados_controller - 📨 [455/921] Enviando para ['rogerio.tojeiro@gmail.com']...
2026-03-27 07:46:55,474 [INFO] presentation.associados_controller - [455/921] OK → rogerio.tojeiro@gmail.com
2026-03-27 07:46:55,480 [INFO] presentation.associados_controller - ✅ [455/921] Enviado para ['rogerio.tojeiro@gmail.com']
2026-03-27 07:46:55,482 [INFO] presentation.associados_controller - ⏱️  Aguardando 2.9s...
2026-03-27 07:46:58,417 [INFO] presentation.associados_controller - 📨 [456/921] Enviando para ['cpintoleite@sapo.pt']...
2026-03-27 07:47:06,715 [INFO] presentation.associados_controller - [456/921] OK → cpintoleite@sapo.pt
2026-03-27 07:47:06,715 [INFO] presentation.associados_controller - ✅ [456/921] Enviado para ['cpintoleite@sapo.pt']
2026-03-27 07:47:06,729 [INFO] presentation.associados_controller - ⏱️  Aguardando 2.8s...
2026-03-27 07:47:09,581 [INFO] presentation.associados_controller - 📨 [457/921] Enviando para ['candidamor@gmail.com']...
2026-03-27 07:47:19,008 [INFO] presentation.associados_controller - [457/921] OK → candidamor@gmail.com
2026-03-27 07:47:19,026 [INFO] presentation.associados_controller - ✅ [457/921] Enviado para ['candidamor@gmail.com']
2026-03-27 07:47:19,035 [INFO] presentation.associados_controller - ⏱️  Aguardando 1.2s...
2026-03-27 07:47:20,256 [INFO] presentation.associados_controller - 📨 [458/921] Enviando para ['mmanuelacarneiro54@gmail.com']...
2026-03-27 07:47:27,866 [INFO] presentation.associados_controller - [458/921] OK → mmanuelacarneiro54@gmail.com
2026-03-27 07:47:27,882 [INFO] presentation.associados_controller - ✅ [458/921] Enviado para ['mmanuelacarneiro54@gmail.com']
2026-03-27 07:47:27,896 [INFO] presentation.associados_controller - ⏱️  Aguardando 2.0s...
2026-03-27 07:47:29,936 [INFO] presentation.associados_controller - 📨 [459/921] Enviando para ['antonio.costa.zita@sapo.pt']...
2026-03-27 07:47:39,429 [INFO] presentation.associados_controller - [459/921] OK → antonio.costa.zita@sapo.pt
2026-03-27 07:47:39,437 [INFO] presentation.associados_controller - ✅ [459/921] Enviado para ['antonio.costa.zita@sapo.pt']
2026-03-27 07:47:39,451 [INFO] presentation.associados_controller - ⏱️  Aguardando 2.1s...
2026-03-27 07:47:41,601 [INFO] presentation.associados_controller - 📨 [460/921] Enviando para ['jaguarfna@gmail.com']...
2026-03-27 07:47:50,125 [INFO] presentation.associados_controller - [460/921] OK → jaguarfna@gmail.com
2026-03-27 07:47:50,132 [INFO] presentation.associados_controller - ✅ [460/921] Enviado para ['jaguarfna@gmail.com']
2026-03-27 07:47:50,143 [INFO] presentation.associados_controller - ⏱️  Aguardando 1.6s...
2026-03-27 07:47:51,756 [INFO] presentation.associados_controller - 📨 [461/921] Enviando para ['luissviseu@sapo.pt']...
2026-03-27 07:48:00,188 [INFO] presentation.associados_controller - [461/921] OK → luissviseu@sapo.pt
2026-03-27 07:48:00,195 [INFO] presentation.associados_controller - ✅ [461/921] Enviado para ['luissviseu@sapo.pt']
2026-03-27 07:48:00,210 [INFO] presentation.associados_controller - ⏱️  Aguardando 2.7s...
2026-03-27 07:48:02,929 [INFO] presentation.associados_controller - 📨 [462/921] Enviando para ['arsousa.576@gmail.com']...
2026-03-27 07:48:11,673 [INFO] presentation.associados_controller - [462/921] OK → arsousa.576@gmail.com
2026-03-27 07:48:11,673 [INFO] presentation.associados_controller - ✅ [462/921] Enviado para ['arsousa.576@gmail.com']
2026-03-27 07:48:11,690 [INFO] presentation.associados_controller - ⏱️  Aguardando 2.0s...
2026-03-27 07:48:13,741 [INFO] presentation.associados_controller - 📨 [463/921] Enviando para ['inesmnallen@gmail.com']...
2026-03-27 07:48:22,557 [INFO] presentation.associados_controller - [463/921] OK → inesmnallen@gmail.com
2026-03-27 07:48:22,563 [INFO] presentation.associados_controller - ✅ [463/921] Enviado para ['inesmnallen@gmail.com']
2026-03-27 07:48:22,578 [INFO] presentation.associados_controller - ⏱️  Aguardando 1.8s...
2026-03-27 07:48:24,401 [INFO] presentation.associados_controller - 📨 [464/921] Enviando para ['vitorguedes.1961@gmail.com']...
2026-03-27 07:48:31,982 [INFO] presentation.associados_controller - [464/921] OK → vitorguedes.1961@gmail.com
2026-03-27 07:48:31,992 [INFO] presentation.associados_controller - ✅ [464/921] Enviado para ['vitorguedes.1961@gmail.com']
2026-03-27 07:48:32,004 [INFO] presentation.associados_controller - ⏱️  Aguardando 1.6s...
2026-03-27 07:48:33,589 [INFO] presentation.associados_controller - 📨 [465/921] Enviando para ['jose.pestana@mail.telepac.pt']...
2026-03-27 07:48:41,503 [INFO] presentation.associados_controller - [465/921] OK → jose.pestana@mail.telepac.pt
2026-03-27 07:48:41,507 [INFO] presentation.associados_controller - ✅ [465/921] Enviado para ['jose.pestana@mail.telepac.pt']
2026-03-27 07:48:41,518 [INFO] presentation.associados_controller - ⏱️  Aguardando 2.9s...
2026-03-27 07:48:44,427 [INFO] presentation.associados_controller - 📨 [466/921] Enviando para ['fimpsg@gmail.com']...
2026-03-27 07:48:52,921 [INFO] presentation.associados_controller - [466/921] OK → fimpsg@gmail.com
2026-03-27 07:48:52,921 [INFO] presentation.associados_controller - ✅ [466/921] Enviado para ['fimpsg@gmail.com']
2026-03-27 07:48:52,921 [INFO] presentation.associados_controller - ⏱️  Aguardando 1.4s...
2026-03-27 07:48:54,343 [INFO] presentation.associados_controller - 📨 [467/921] Enviando para ['fimpsg@gmail.com']...
2026-03-27 07:49:03,553 [INFO] presentation.associados_controller - [467/921] OK → fimpsg@gmail.com
2026-03-27 07:49:03,553 [INFO] presentation.associados_controller - ✅ [467/921] Enviado para ['fimpsg@gmail.com']
2026-03-27 07:49:03,569 [INFO] presentation.associados_controller - ⏱️  Aguardando 1.3s...
2026-03-27 07:49:04,840 [INFO] presentation.associados_controller - 📨 [468/921] Enviando para ['tizamachado23@gmail.com']...
2026-03-27 07:49:13,910 [INFO] presentation.associados_controller - [468/921] OK → tizamachado23@gmail.com
2026-03-27 07:49:13,910 [INFO] presentation.associados_controller - ✅ [468/921] Enviado para ['tizamachado23@gmail.com']
2026-03-27 07:49:13,921 [INFO] presentation.associados_controller - ⏱️  Aguardando 2.0s...
2026-03-27 07:49:15,952 [INFO] presentation.associados_controller - 📨 [469/921] Enviando para ['alexandrafelixafonso@gmail.com']...
2026-03-27 07:49:24,724 [INFO] presentation.associados_controller - [469/921] OK → alexandrafelixafonso@gmail.com
2026-03-27 07:49:24,727 [INFO] presentation.associados_controller - ✅ [469/921] Enviado para ['alexandrafelixafonso@gmail.com']
2026-03-27 07:49:24,736 [INFO] presentation.associados_controller - ⏱️  Aguardando 1.6s...
2026-03-27 07:49:26,370 [INFO] presentation.associados_controller - 📨 [470/921] Enviando para ['luisampgc@sapo.pt']...
2026-03-27 07:49:35,539 [INFO] presentation.associados_controller - [470/921] OK → luisampgc@sapo.pt
2026-03-27 07:49:35,544 [INFO] presentation.associados_controller - ✅ [470/921] Enviado para ['luisampgc@sapo.pt']
2026-03-27 07:49:35,555 [INFO] presentation.associados_controller - ⏱️  Aguardando 1.6s...
2026-03-27 07:49:37,122 [INFO] presentation.associados_controller - 📨 [471/921] Enviando para ['margarida.m.rocha@sapo.pt']...
2026-03-27 07:49:43,925 [INFO] presentation.associados_controller - [471/921] OK → margarida.m.rocha@sapo.pt
2026-03-27 07:49:43,928 [INFO] presentation.associados_controller - ✅ [471/921] Enviado para ['margarida.m.rocha@sapo.pt']
2026-03-27 07:49:43,944 [INFO] presentation.associados_controller - ⏱️  Aguardando 2.0s...
2026-03-27 07:49:45,972 [INFO] presentation.associados_controller - 📨 [472/921] Enviando para ['palmirapereira2011@hotmail.com']...
2026-03-27 07:49:55,099 [INFO] presentation.associados_controller - [472/921] OK → palmirapereira2011@hotmail.com
2026-03-27 07:49:55,099 [INFO] presentation.associados_controller - ✅ [472/921] Enviado para ['palmirapereira2011@hotmail.com']
2026-03-27 07:49:55,115 [INFO] presentation.associados_controller - ⏱️  Aguardando 2.1s...
2026-03-27 07:49:57,204 [INFO] presentation.associados_controller - 📨 [473/921] Enviando para ['aida.m.ferro18@sapo.pt']...
2026-03-27 07:50:07,020 [INFO] presentation.associados_controller - [473/921] OK → aida.m.ferro18@sapo.pt
2026-03-27 07:50:07,020 [INFO] presentation.associados_controller - ✅ [473/921] Enviado para ['aida.m.ferro18@sapo.pt']
2026-03-27 07:50:07,035 [INFO] presentation.associados_controller - ⏱️  Aguardando 2.8s...
2026-03-27 07:50:09,887 [INFO] presentation.associados_controller - 📨 [474/921] Enviando para ['j.br@sapo.pt']...
2026-03-27 07:50:18,982 [INFO] presentation.associados_controller - [474/921] OK → j.br@sapo.pt
2026-03-27 07:50:18,986 [INFO] presentation.associados_controller - ✅ [474/921] Enviado para ['j.br@sapo.pt']
2026-03-27 07:50:19,000 [INFO] presentation.associados_controller - ⏱️  Aguardando 1.3s...
2026-03-27 07:50:20,276 [INFO] presentation.associados_controller - 📨 [475/921] Enviando para ['cdanielaf@gmail.com']...
2026-03-27 07:50:28,961 [INFO] presentation.associados_controller - [475/921] OK → cdanielaf@gmail.com
2026-03-27 07:50:28,966 [INFO] presentation.associados_controller - ✅ [475/921] Enviado para ['cdanielaf@gmail.com']
2026-03-27 07:50:28,974 [INFO] presentation.associados_controller - ⏱️  Aguardando 2.1s...
2026-03-27 07:50:31,096 [INFO] presentation.associados_controller - 📨 [476/921] Enviando para ['carla-guedes@sapo.pt']...
2026-03-27 07:50:39,814 [INFO] presentation.associados_controller - [476/921] OK → carla-guedes@sapo.pt
2026-03-27 07:50:39,814 [INFO] presentation.associados_controller - ✅ [476/921] Enviado para ['carla-guedes@sapo.pt']
2026-03-27 07:50:39,831 [INFO] presentation.associados_controller - ⏱️  Aguardando 2.4s...
2026-03-27 07:50:42,280 [INFO] presentation.associados_controller - 📨 [477/921] Enviando para ['josemoraissarmento@sapo.pt']...
2026-03-27 07:50:49,846 [INFO] presentation.associados_controller - [477/921] OK → josemoraissarmento@sapo.pt
2026-03-27 07:50:49,846 [INFO] presentation.associados_controller - ✅ [477/921] Enviado para ['josemoraissarmento@sapo.pt']
2026-03-27 07:50:49,862 [INFO] presentation.associados_controller - ⏱️  Aguardando 1.0s...
2026-03-27 07:50:50,888 [INFO] presentation.associados_controller - 📨 [478/921] Enviando para ['ajmartinscorreia@sapo.pt']...
2026-03-27 07:50:58,681 [INFO] presentation.associados_controller - [478/921] OK → ajmartinscorreia@sapo.pt
2026-03-27 07:50:58,696 [INFO] presentation.associados_controller - ✅ [478/921] Enviado para ['ajmartinscorreia@sapo.pt']
2026-03-27 07:50:58,712 [INFO] presentation.associados_controller - ⏱️  Aguardando 2.1s...
2026-03-27 07:51:00,802 [INFO] presentation.associados_controller - 📨 [479/921] Enviando para ['jrmilheiro@gmail.com']...
2026-03-27 07:51:09,213 [INFO] presentation.associados_controller - [479/921] OK → jrmilheiro@gmail.com
2026-03-27 07:51:09,213 [INFO] presentation.associados_controller - ✅ [479/921] Enviado para ['jrmilheiro@gmail.com']
2026-03-27 07:51:09,223 [INFO] presentation.associados_controller - ⏱️  Aguardando 1.2s...
2026-03-27 07:51:10,457 [INFO] presentation.associados_controller - 📨 [480/921] Enviando para ['lidia.tavares.coelho@gmail.com']...
2026-03-27 07:51:19,112 [INFO] presentation.associados_controller - [480/921] OK → lidia.tavares.coelho@gmail.com
2026-03-27 07:51:19,112 [INFO] presentation.associados_controller - ✅ [480/921] Enviado para ['lidia.tavares.coelho@gmail.com']
2026-03-27 07:51:19,132 [INFO] presentation.associados_controller - ⏱️  Aguardando 2.1s...
2026-03-27 07:51:21,275 [INFO] presentation.associados_controller - 📨 [481/921] Enviando para ['abilio.f.teixeira@meo.pt']...
2026-03-27 07:51:31,727 [INFO] presentation.associados_controller - [481/921] OK → abilio.f.teixeira@meo.pt
2026-03-27 07:51:31,743 [INFO] presentation.associados_controller - ✅ [481/921] Enviado para ['abilio.f.teixeira@meo.pt']
2026-03-27 07:51:31,758 [INFO] presentation.associados_controller - ⏱️  Aguardando 2.4s...
2026-03-27 07:51:34,152 [INFO] presentation.associados_controller - 📨 [482/921] Enviando para ['carlamapereira@sapo.pt']...
2026-03-27 07:51:44,113 [INFO] presentation.associados_controller - [482/921] OK → carlamapereira@sapo.pt
2026-03-27 07:51:44,113 [INFO] presentation.associados_controller - ✅ [482/921] Enviado para ['carlamapereira@sapo.pt']
2026-03-27 07:51:44,129 [INFO] presentation.associados_controller - ⏱️  Aguardando 2.1s...
2026-03-27 07:51:46,223 [INFO] presentation.associados_controller - 📨 [483/921] Enviando para ['elisabete.mcosta@gmail.com']...
2026-03-27 07:51:54,497 [INFO] presentation.associados_controller - [483/921] OK → elisabete.mcosta@gmail.com
2026-03-27 07:51:54,497 [INFO] presentation.associados_controller - ✅ [483/921] Enviado para ['elisabete.mcosta@gmail.com']
2026-03-27 07:51:54,523 [INFO] presentation.associados_controller - ⏱️  Aguardando 2.6s...
2026-03-27 07:51:57,172 [INFO] presentation.associados_controller - 📨 [484/921] Enviando para ['alfredolpinto@gmail.com']...
2026-03-27 07:52:06,194 [INFO] presentation.associados_controller - [484/921] OK → alfredolpinto@gmail.com
2026-03-27 07:52:06,210 [INFO] presentation.associados_controller - ✅ [484/921] Enviado para ['alfredolpinto@gmail.com']
2026-03-27 07:52:06,227 [INFO] presentation.associados_controller - ⏱️  Aguardando 2.9s...
2026-03-27 07:52:09,149 [INFO] presentation.associados_controller - 📨 [485/921] Enviando para ['juliasantoscancela@gmail.com']...
2026-03-27 07:52:17,957 [INFO] presentation.associados_controller - [485/921] OK → juliasantoscancela@gmail.com
2026-03-27 07:52:17,957 [INFO] presentation.associados_controller - ✅ [485/921] Enviado para ['juliasantoscancela@gmail.com']
2026-03-27 07:52:17,973 [INFO] presentation.associados_controller - ⏱️  Aguardando 2.9s...
2026-03-27 07:52:20,850 [INFO] presentation.associados_controller - 📨 [486/921] Enviando para ['anabrisa@mail.telepac.pt']...
2026-03-27 07:52:31,264 [INFO] presentation.associados_controller - [486/921] OK → anabrisa@mail.telepac.pt
2026-03-27 07:52:31,264 [INFO] presentation.associados_controller - ✅ [486/921] Enviado para ['anabrisa@mail.telepac.pt']
2026-03-27 07:52:31,280 [INFO] presentation.associados_controller - ⏱️  Aguardando 2.4s...
2026-03-27 07:52:33,673 [INFO] presentation.associados_controller - 📨 [487/921] Enviando para ['mnazarerei@sapo.pt']...
2026-03-27 07:52:43,124 [INFO] presentation.associados_controller - [487/921] OK → mnazarerei@sapo.pt
2026-03-27 07:52:43,124 [INFO] presentation.associados_controller - ✅ [487/921] Enviado para ['mnazarerei@sapo.pt']
2026-03-27 07:52:43,140 [INFO] presentation.associados_controller - ⏱️  Aguardando 1.5s...
2026-03-27 07:52:44,632 [INFO] presentation.associados_controller - 📨 [488/921] Enviando para ['esmeraldasantospaiva@gmail.com']...
2026-03-27 07:52:51,820 [INFO] presentation.associados_controller - [488/921] OK → esmeraldasantospaiva@gmail.com
2026-03-27 07:52:51,820 [INFO] presentation.associados_controller - ✅ [488/921] Enviado para ['esmeraldasantospaiva@gmail.com']
2026-03-27 07:52:51,836 [INFO] presentation.associados_controller - ⏱️  Aguardando 1.8s...
2026-03-27 07:52:53,640 [INFO] presentation.associados_controller - 📨 [489/921] Enviando para ['fernandopinto@gmail.com']...
2026-03-27 07:53:02,558 [INFO] presentation.associados_controller - [489/921] OK → fernandopinto@gmail.com
2026-03-27 07:53:02,558 [INFO] presentation.associados_controller - ✅ [489/921] Enviado para ['fernandopinto@gmail.com']
2026-03-27 07:53:02,574 [INFO] presentation.associados_controller - ⏱️  Aguardando 1.2s...
2026-03-27 07:53:03,761 [INFO] presentation.associados_controller - 📨 [490/921] Enviando para ['ana.duarte@mail.telepac.pt']...
2026-03-27 07:53:12,258 [INFO] presentation.associados_controller - [490/921] OK → ana.duarte@mail.telepac.pt
2026-03-27 07:53:12,267 [INFO] presentation.associados_controller - ✅ [490/921] Enviado para ['ana.duarte@mail.telepac.pt']
2026-03-27 07:53:12,283 [INFO] presentation.associados_controller - ⏱️  Aguardando 2.3s...
2026-03-27 07:53:14,592 [INFO] presentation.associados_controller - 📨 [491/921] Enviando para ['aurelinamonteiro@gmail.com']...
2026-03-27 07:54:24,512 [INFO] presentation.associados_controller - [491/921] OK → aurelinamonteiro@gmail.com
2026-03-27 07:54:24,512 [INFO] presentation.associados_controller - ✅ [491/921] Enviado para ['aurelinamonteiro@gmail.com']
2026-03-27 07:54:24,538 [INFO] presentation.associados_controller - ⏱️  Aguardando 1.5s...
2026-03-27 07:54:26,000 [INFO] presentation.associados_controller - 📨 [492/921] Enviando para ['anasousa4644@gmail.com']...
2026-03-27 07:54:35,554 [INFO] presentation.associados_controller - [492/921] OK → anasousa4644@gmail.com
2026-03-27 07:54:35,554 [INFO] presentation.associados_controller - ✅ [492/921] Enviado para ['anasousa4644@gmail.com']
2026-03-27 07:54:35,570 [INFO] presentation.associados_controller - ⏱️  Aguardando 1.7s...
2026-03-27 07:54:37,238 [INFO] presentation.associados_controller - 📨 [493/921] Enviando para ['joaquim.a.passos@sapo.pt']...
2026-03-27 07:54:45,683 [INFO] presentation.associados_controller - [493/921] OK → joaquim.a.passos@sapo.pt
2026-03-27 07:54:45,683 [INFO] presentation.associados_controller - ✅ [493/921] Enviado para ['joaquim.a.passos@sapo.pt']
2026-03-27 07:54:45,699 [INFO] presentation.associados_controller - ⏱️  Aguardando 1.6s...
2026-03-27 07:54:47,281 [INFO] presentation.associados_controller - 📨 [494/921] Enviando para ['josemusica@sapo.pt']...
2026-03-27 07:54:57,883 [INFO] presentation.associados_controller - [494/921] OK → josemusica@sapo.pt
2026-03-27 07:54:57,883 [INFO] presentation.associados_controller - ✅ [494/921] Enviado para ['josemusica@sapo.pt']
2026-03-27 07:54:57,899 [INFO] presentation.associados_controller - ⏱️  Aguardando 1.3s...
2026-03-27 07:54:59,216 [INFO] presentation.associados_controller - 📨 [495/921] Enviando para ['joaquim.soares.oliveira@gmail.com']...
2026-03-27 07:55:06,757 [INFO] presentation.associados_controller - [495/921] OK → joaquim.soares.oliveira@gmail.com
2026-03-27 07:55:06,761 [INFO] presentation.associados_controller - ✅ [495/921] Enviado para ['joaquim.soares.oliveira@gmail.com']
2026-03-27 07:55:06,776 [INFO] presentation.associados_controller - ⏱️  Aguardando 2.3s...
2026-03-27 07:55:09,105 [INFO] presentation.associados_controller - 📨 [496/921] Enviando para ['acsfxavier@gmail.com']...
2026-03-27 07:55:16,839 [INFO] presentation.associados_controller - [496/921] OK → acsfxavier@gmail.com
2026-03-27 07:55:16,844 [INFO] presentation.associados_controller - ✅ [496/921] Enviado para ['acsfxavier@gmail.com']
2026-03-27 07:55:16,844 [INFO] presentation.associados_controller - ⏱️  Aguardando 1.7s...
2026-03-27 07:55:18,572 [INFO] presentation.associados_controller - 📨 [497/921] Enviando para ['mariafernandasalvaterra@gmail.com']...
2026-03-27 07:55:26,214 [INFO] presentation.associados_controller - [497/921] OK → mariafernandasalvaterra@gmail.com
2026-03-27 07:55:26,214 [INFO] presentation.associados_controller - ✅ [497/921] Enviado para ['mariafernandasalvaterra@gmail.com']
2026-03-27 07:55:26,214 [INFO] presentation.associados_controller - ⏱️  Aguardando 2.8s...
2026-03-27 07:55:29,082 [INFO] presentation.associados_controller - 📨 [498/921] Enviando para ['hmgmont@gmail.com']...
2026-03-27 07:55:38,000 [INFO] presentation.associados_controller - [498/921] OK → hmgmont@gmail.com
2026-03-27 07:55:38,000 [INFO] presentation.associados_controller - ✅ [498/921] Enviado para ['hmgmont@gmail.com']
2026-03-27 07:55:38,009 [INFO] presentation.associados_controller - ⏱️  Aguardando 1.8s...
2026-03-27 07:55:39,848 [INFO] presentation.associados_controller - 📨 [499/921] Enviando para ['ruicastrosilvaacores@gmail.com']...
2026-03-27 07:55:48,647 [INFO] presentation.associados_controller - [499/921] OK → ruicastrosilvaacores@gmail.com
2026-03-27 07:55:48,654 [INFO] presentation.associados_controller - ✅ [499/921] Enviado para ['ruicastrosilvaacores@gmail.com']
2026-03-27 07:55:48,667 [INFO] presentation.associados_controller - ⏱️  Aguardando 2.1s...
2026-03-27 07:55:50,749 [INFO] presentation.associados_controller - 📨 [500/921] Enviando para ['carlasilvas@sapo.pt']...
2026-03-27 07:55:58,829 [INFO] presentation.associados_controller - [500/921] OK → carlasilvas@sapo.pt
2026-03-27 07:55:58,833 [INFO] presentation.associados_controller - ✅ [500/921] Enviado para ['carlasilvas@sapo.pt']
2026-03-27 07:55:58,845 [INFO] presentation.associados_controller - ⏱️  Aguardando 1.8s...
2026-03-27 07:56:00,642 [INFO] presentation.associados_controller - ⏸️  Pausa de 179s...
2026-03-27 07:59:00,613 [INFO] presentation.associados_controller - Envio concluído.
2026-03-27 07:59:00,613 [INFO] presentation.associados_controller - 📨 [501/921] Enviando para ['candidamor@gmail.com']...
2026-03-27 07:59:26,557 [INFO] presentation.associados_controller - [501/921] OK → candidamor@gmail.com
2026-03-27 07:59:26,557 [INFO] presentation.associados_controller - ✅ [501/921] Enviado para ['candidamor@gmail.com']
2026-03-27 07:59:26,572 [INFO] presentation.associados_controller - ⏱️  Aguardando 1.4s...
2026-03-27 07:59:28,034 [INFO] presentation.associados_controller - 📨 [502/921] Enviando para ['luissviseu@sapo.pt']...
2026-03-27 07:59:37,035 [INFO] presentation.associados_controller - [502/921] OK → luissviseu@sapo.pt
2026-03-27 07:59:37,035 [INFO] presentation.associados_controller - ✅ [502/921] Enviado para ['luissviseu@sapo.pt']
2026-03-27 07:59:37,051 [INFO] presentation.associados_controller - ⏱️  Aguardando 1.4s...
2026-03-27 07:59:38,459 [INFO] presentation.associados_controller - 📨 [503/921] Enviando para ['emanuela.ferraz@sapo.pt']...
2026-03-27 07:59:47,583 [INFO] presentation.associados_controller - [503/921] OK → emanuela.ferraz@sapo.pt
2026-03-27 07:59:47,599 [INFO] presentation.associados_controller - ✅ [503/921] Enviado para ['emanuela.ferraz@sapo.pt']
2026-03-27 07:59:47,615 [INFO] presentation.associados_controller - ⏱️  Aguardando 2.8s...
2026-03-27 07:59:50,449 [INFO] presentation.associados_controller - 📨 [504/921] Enviando para ['mariac.s.b@gmail.com']...
2026-03-27 07:59:58,881 [INFO] presentation.associados_controller - [504/921] OK → mariac.s.b@gmail.com
2026-03-27 07:59:58,897 [INFO] presentation.associados_controller - ✅ [504/921] Enviado para ['mariac.s.b@gmail.com']
2026-03-27 07:59:58,907 [INFO] presentation.associados_controller - ⏱️  Aguardando 2.3s...
2026-03-27 08:00:01,185 [INFO] presentation.associados_controller - 📨 [505/921] Enviando para ['alicemoreira1520@gmail.com']...
2026-03-27 08:00:10,193 [INFO] presentation.associados_controller - [505/921] OK → alicemoreira1520@gmail.com
2026-03-27 08:00:10,193 [INFO] presentation.associados_controller - ✅ [505/921] Enviado para ['alicemoreira1520@gmail.com']
2026-03-27 08:00:10,209 [INFO] presentation.associados_controller - ⏱️  Aguardando 2.2s...
2026-03-27 08:00:12,472 [INFO] presentation.associados_controller - 📨 [506/921] Enviando para ['paula.g.caldeira@meo.pt']...
2026-03-27 08:00:21,205 [INFO] presentation.associados_controller - [506/921] OK → paula.g.caldeira@meo.pt
2026-03-27 08:00:21,205 [INFO] presentation.associados_controller - ✅ [506/921] Enviado para ['paula.g.caldeira@meo.pt']
2026-03-27 08:00:21,221 [INFO] presentation.associados_controller - ⏱️  Aguardando 2.1s...
2026-03-27 08:00:23,347 [INFO] presentation.associados_controller - 📨 [507/921] Enviando para ['belinhaconstante@gmail.com']...
2026-03-27 08:00:32,499 [INFO] presentation.associados_controller - [507/921] OK → belinhaconstante@gmail.com
2026-03-27 08:00:32,502 [INFO] presentation.associados_controller - ✅ [507/921] Enviado para ['belinhaconstante@gmail.com']
2026-03-27 08:00:32,518 [INFO] presentation.associados_controller - ⏱️  Aguardando 1.0s...
2026-03-27 08:00:33,564 [INFO] presentation.associados_controller - 📨 [508/921] Enviando para ['gborges50@hotmail.com']...
2026-03-27 08:00:40,685 [INFO] presentation.associados_controller - [508/921] OK → gborges50@hotmail.com
2026-03-27 08:00:40,690 [INFO] presentation.associados_controller - ✅ [508/921] Enviado para ['gborges50@hotmail.com']
2026-03-27 08:00:40,701 [INFO] presentation.associados_controller - ⏱️  Aguardando 2.7s...
2026-03-27 08:00:43,387 [INFO] presentation.associados_controller - 📨 [509/921] Enviando para ['carvalhinho5914@gmail.com']...
2026-03-27 08:00:51,793 [INFO] presentation.associados_controller - [509/921] OK → carvalhinho5914@gmail.com
2026-03-27 08:00:51,795 [INFO] presentation.associados_controller - ✅ [509/921] Enviado para ['carvalhinho5914@gmail.com']
2026-03-27 08:00:51,811 [INFO] presentation.associados_controller - ⏱️  Aguardando 1.4s...
2026-03-27 08:00:53,198 [INFO] presentation.associados_controller - 📨 [510/921] Enviando para ['jfamaro333@gmail.com']...
2026-03-27 08:01:02,958 [INFO] presentation.associados_controller - [510/921] OK → jfamaro333@gmail.com
2026-03-27 08:01:02,958 [INFO] presentation.associados_controller - ✅ [510/921] Enviado para ['jfamaro333@gmail.com']
2026-03-27 08:01:02,974 [INFO] presentation.associados_controller - ⏱️  Aguardando 2.3s...
2026-03-27 08:01:05,340 [INFO] presentation.associados_controller - 📨 [511/921] Enviando para ['sergio.ribeiro909@gmail.com']...
2026-03-27 08:01:14,314 [INFO] presentation.associados_controller - [511/921] OK → sergio.ribeiro909@gmail.com
2026-03-27 08:01:14,327 [INFO] presentation.associados_controller - ✅ [511/921] Enviado para ['sergio.ribeiro909@gmail.com']
2026-03-27 08:01:14,343 [INFO] presentation.associados_controller - ⏱️  Aguardando 2.5s...
2026-03-27 08:01:16,828 [INFO] presentation.associados_controller - 📨 [512/921] Enviando para ['sergio.ribeiro909@gmail.com']...
2026-03-27 08:01:26,551 [INFO] presentation.associados_controller - [512/921] OK → sergio.ribeiro909@gmail.com
2026-03-27 08:01:26,551 [INFO] presentation.associados_controller - ✅ [512/921] Enviado para ['sergio.ribeiro909@gmail.com']
2026-03-27 08:01:26,566 [INFO] presentation.associados_controller - ⏱️  Aguardando 2.5s...
2026-03-27 08:01:29,077 [INFO] presentation.associados_controller - 📨 [513/921] Enviando para ['cbbbrandao@sapo.pt']...
2026-03-27 08:01:39,091 [INFO] presentation.associados_controller - [513/921] OK → cbbbrandao@sapo.pt
2026-03-27 08:01:39,095 [INFO] presentation.associados_controller - ✅ [513/921] Enviado para ['cbbbrandao@sapo.pt']
2026-03-27 08:01:39,111 [INFO] presentation.associados_controller - ⏱️  Aguardando 2.1s...
2026-03-27 08:01:41,182 [INFO] presentation.associados_controller - 📨 [514/921] Enviando para ['lopes.paula.sofia@sapo.pt']...
2026-03-27 08:01:50,737 [INFO] presentation.associados_controller - [514/921] OK → lopes.paula.sofia@sapo.pt
2026-03-27 08:01:50,741 [INFO] presentation.associados_controller - ✅ [514/921] Enviado para ['lopes.paula.sofia@sapo.pt']
2026-03-27 08:01:50,749 [INFO] presentation.associados_controller - ⏱️  Aguardando 2.0s...
2026-03-27 08:01:52,765 [INFO] presentation.associados_controller - 📨 [515/921] Enviando para ['lucianomoutinhotavares@gmail.com']...
2026-03-27 08:02:02,375 [INFO] presentation.associados_controller - [515/921] OK → lucianomoutinhotavares@gmail.com
2026-03-27 08:02:02,382 [INFO] presentation.associados_controller - ✅ [515/921] Enviado para ['lucianomoutinhotavares@gmail.com']
2026-03-27 08:02:02,388 [INFO] presentation.associados_controller - ⏱️  Aguardando 2.0s...
2026-03-27 08:02:04,390 [INFO] presentation.associados_controller - 📨 [516/921] Enviando para ['carla.monteiro71@gmail.com']...
2026-03-27 08:02:12,157 [INFO] presentation.associados_controller - [516/921] OK → carla.monteiro71@gmail.com
2026-03-27 08:02:12,167 [INFO] presentation.associados_controller - ✅ [516/921] Enviado para ['carla.monteiro71@gmail.com']
2026-03-27 08:02:12,179 [INFO] presentation.associados_controller - ⏱️  Aguardando 2.9s...
2026-03-27 08:02:15,132 [INFO] presentation.associados_controller - 📨 [517/921] Enviando para ['jorge.m.guedes@sapo.pt']...
2026-03-27 08:02:25,399 [INFO] presentation.associados_controller - [517/921] OK → jorge.m.guedes@sapo.pt
2026-03-27 08:02:25,406 [INFO] presentation.associados_controller - ✅ [517/921] Enviado para ['jorge.m.guedes@sapo.pt']
2026-03-27 08:02:25,411 [INFO] presentation.associados_controller - ⏱️  Aguardando 1.5s...
2026-03-27 08:02:26,965 [INFO] presentation.associados_controller - 📨 [518/921] Enviando para ['eugenia.m.c.cunha@gmail.com']...
2026-03-27 08:02:35,824 [INFO] presentation.associados_controller - [518/921] OK → eugenia.m.c.cunha@gmail.com
2026-03-27 08:02:35,824 [INFO] presentation.associados_controller - ✅ [518/921] Enviado para ['eugenia.m.c.cunha@gmail.com']
2026-03-27 08:02:35,840 [INFO] presentation.associados_controller - ⏱️  Aguardando 2.6s...
2026-03-27 08:02:38,495 [INFO] presentation.associados_controller - 📨 [519/921] Enviando para ['barbosagoncalves55@gmail.com']...
2026-03-27 08:02:47,838 [INFO] presentation.associados_controller - [519/921] OK → barbosagoncalves55@gmail.com
2026-03-27 08:02:47,838 [INFO] presentation.associados_controller - ✅ [519/921] Enviado para ['barbosagoncalves55@gmail.com']
2026-03-27 08:02:47,858 [INFO] presentation.associados_controller - ⏱️  Aguardando 1.6s...
2026-03-27 08:02:49,492 [INFO] presentation.associados_controller - 📨 [520/921] Enviando para ['salopes@sapo.pt']...
2026-03-27 08:02:56,637 [INFO] presentation.associados_controller - [520/921] OK → salopes@sapo.pt
2026-03-27 08:02:56,641 [INFO] presentation.associados_controller - ✅ [520/921] Enviado para ['salopes@sapo.pt']
2026-03-27 08:02:56,652 [INFO] presentation.associados_controller - ⏱️  Aguardando 3.0s...
2026-03-27 08:02:59,670 [INFO] presentation.associados_controller - 📨 [521/921] Enviando para ['cesar.m.correia@sapo.pt']...
2026-03-27 08:03:08,086 [INFO] presentation.associados_controller - [521/921] OK → cesar.m.correia@sapo.pt
2026-03-27 08:03:08,086 [INFO] presentation.associados_controller - ✅ [521/921] Enviado para ['cesar.m.correia@sapo.pt']
2026-03-27 08:03:08,101 [INFO] presentation.associados_controller - ⏱️  Aguardando 1.7s...
2026-03-27 08:03:09,844 [INFO] presentation.associados_controller - 📨 [522/921] Enviando para ['cesar.m.correia@sapo.pt']...
2026-03-27 08:03:19,475 [INFO] presentation.associados_controller - [522/921] OK → cesar.m.correia@sapo.pt
2026-03-27 08:03:19,491 [INFO] presentation.associados_controller - ✅ [522/921] Enviado para ['cesar.m.correia@sapo.pt']
2026-03-27 08:03:19,507 [INFO] presentation.associados_controller - ⏱️  Aguardando 2.5s...
2026-03-27 08:03:21,976 [INFO] presentation.associados_controller - 📨 [523/921] Enviando para ['mariacunha27@gmail.com']...
2026-03-27 08:03:31,348 [INFO] presentation.associados_controller - [523/921] OK → mariacunha27@gmail.com
2026-03-27 08:03:31,368 [INFO] presentation.associados_controller - ✅ [523/921] Enviado para ['mariacunha27@gmail.com']
2026-03-27 08:03:31,379 [INFO] presentation.associados_controller - ⏱️  Aguardando 2.3s...
2026-03-27 08:03:33,739 [INFO] presentation.associados_controller - 📨 [524/921] Enviando para ['mjoaocacosta@gmail.com']...
2026-03-27 08:03:40,321 [INFO] presentation.associados_controller - [524/921] OK → mjoaocacosta@gmail.com
2026-03-27 08:03:40,337 [INFO] presentation.associados_controller - ✅ [524/921] Enviado para ['mjoaocacosta@gmail.com']
2026-03-27 08:03:40,353 [INFO] presentation.associados_controller - ⏱️  Aguardando 1.8s...
2026-03-27 08:03:42,184 [INFO] presentation.associados_controller - 📨 [525/921] Enviando para ['manuelambrenhas@gmail.com']...
2026-03-27 08:03:50,642 [INFO] presentation.associados_controller - [525/921] OK → manuelambrenhas@gmail.com
2026-03-27 08:03:50,642 [INFO] presentation.associados_controller - ✅ [525/921] Enviado para ['manuelambrenhas@gmail.com']
2026-03-27 08:03:50,658 [INFO] presentation.associados_controller - ⏱️  Aguardando 1.9s...
2026-03-27 08:03:52,558 [INFO] presentation.associados_controller - 📨 [526/921] Enviando para ['helena.malheiro59@gmail.com']...
2026-03-27 08:04:01,545 [INFO] presentation.associados_controller - [526/921] OK → helena.malheiro59@gmail.com
2026-03-27 08:04:01,545 [INFO] presentation.associados_controller - ✅ [526/921] Enviado para ['helena.malheiro59@gmail.com']
2026-03-27 08:04:01,568 [INFO] presentation.associados_controller - ⏱️  Aguardando 2.1s...
2026-03-27 08:04:03,656 [INFO] presentation.associados_controller - 📨 [527/921] Enviando para ['fatima.barroso@hotmail.com']...
2026-03-27 08:04:10,651 [INFO] presentation.associados_controller - [527/921] OK → fatima.barroso@hotmail.com
2026-03-27 08:04:10,651 [INFO] presentation.associados_controller - ✅ [527/921] Enviado para ['fatima.barroso@hotmail.com']
2026-03-27 08:04:10,667 [INFO] presentation.associados_controller - ⏱️  Aguardando 1.3s...
2026-03-27 08:04:11,978 [INFO] presentation.associados_controller - 📨 [528/921] Enviando para ['lurdespretogalego@gmail.com']...
2026-03-27 08:04:20,509 [INFO] presentation.associados_controller - [528/921] OK → lurdespretogalego@gmail.com
2026-03-27 08:04:20,509 [INFO] presentation.associados_controller - ✅ [528/921] Enviado para ['lurdespretogalego@gmail.com']
2026-03-27 08:04:20,525 [INFO] presentation.associados_controller - ⏱️  Aguardando 2.7s...
2026-03-27 08:04:23,242 [INFO] presentation.associados_controller - 📨 [529/921] Enviando para ['fernanda.mm.silva@hotmail.com']...
2026-03-27 08:04:32,905 [INFO] presentation.associados_controller - [529/921] OK → fernanda.mm.silva@hotmail.com
2026-03-27 08:04:32,916 [INFO] presentation.associados_controller - ✅ [529/921] Enviado para ['fernanda.mm.silva@hotmail.com']
2026-03-27 08:04:32,928 [INFO] presentation.associados_controller - ⏱️  Aguardando 2.1s...
2026-03-27 08:04:35,015 [INFO] presentation.associados_controller - 📨 [530/921] Enviando para ['mario-c-sequeira@sapo.pt']...
2026-03-27 08:04:44,589 [INFO] presentation.associados_controller - [530/921] OK → mario-c-sequeira@sapo.pt
2026-03-27 08:04:44,595 [INFO] presentation.associados_controller - ✅ [530/921] Enviado para ['mario-c-sequeira@sapo.pt']
2026-03-27 08:04:44,597 [INFO] presentation.associados_controller - ⏱️  Aguardando 2.9s...
2026-03-27 08:04:47,492 [INFO] presentation.associados_controller - 📨 [531/921] Enviando para ['eduardoacmota@sapo.pt']...
2026-03-27 08:04:56,468 [INFO] presentation.associados_controller - [531/921] OK → eduardoacmota@sapo.pt
2026-03-27 08:04:56,468 [INFO] presentation.associados_controller - ✅ [531/921] Enviado para ['eduardoacmota@sapo.pt']
2026-03-27 08:04:56,480 [INFO] presentation.associados_controller - ⏱️  Aguardando 1.6s...
2026-03-27 08:04:58,070 [INFO] presentation.associados_controller - 📨 [532/921] Enviando para ['vmm1971@hotmail.com']...
2026-03-27 08:05:06,576 [INFO] presentation.associados_controller - [532/921] OK → vmm1971@hotmail.com
2026-03-27 08:05:06,576 [INFO] presentation.associados_controller - ✅ [532/921] Enviado para ['vmm1971@hotmail.com']
2026-03-27 08:05:06,592 [INFO] presentation.associados_controller - ⏱️  Aguardando 1.8s...
2026-03-27 08:05:08,376 [INFO] presentation.associados_controller - 📨 [533/921] Enviando para ['mmanuelagaio@gmail.com']...
2026-03-27 08:05:16,209 [INFO] presentation.associados_controller - [533/921] OK → mmanuelagaio@gmail.com
2026-03-27 08:05:16,209 [INFO] presentation.associados_controller - ✅ [533/921] Enviado para ['mmanuelagaio@gmail.com']
2026-03-27 08:05:16,234 [INFO] presentation.associados_controller - ⏱️  Aguardando 2.3s...
2026-03-27 08:05:18,542 [INFO] presentation.associados_controller - 📨 [534/921] Enviando para ['graca.p.nogueira@outlook.pt']...
2026-03-27 08:05:26,739 [INFO] presentation.associados_controller - [534/921] OK → graca.p.nogueira@outlook.pt
2026-03-27 08:05:26,741 [INFO] presentation.associados_controller - ✅ [534/921] Enviado para ['graca.p.nogueira@outlook.pt']
2026-03-27 08:05:26,757 [INFO] presentation.associados_controller - ⏱️  Aguardando 1.6s...
2026-03-27 08:05:28,365 [INFO] presentation.associados_controller - 📨 [535/921] Enviando para ['apaulaleite59@gmail.com']...
2026-03-27 08:05:36,797 [INFO] presentation.associados_controller - [535/921] OK → apaulaleite59@gmail.com
2026-03-27 08:05:36,797 [INFO] presentation.associados_controller - ✅ [535/921] Enviado para ['apaulaleite59@gmail.com']
2026-03-27 08:05:36,817 [INFO] presentation.associados_controller - ⏱️  Aguardando 2.3s...
2026-03-27 08:05:39,120 [INFO] presentation.associados_controller - 📨 [536/921] Enviando para ['edviges.monteiro@gmail.com']...
2026-03-27 08:05:46,962 [INFO] presentation.associados_controller - [536/921] OK → edviges.monteiro@gmail.com
2026-03-27 08:05:46,978 [INFO] presentation.associados_controller - ✅ [536/921] Enviado para ['edviges.monteiro@gmail.com']
2026-03-27 08:05:46,978 [INFO] presentation.associados_controller - ⏱️  Aguardando 2.3s...
2026-03-27 08:05:49,328 [INFO] presentation.associados_controller - 📨 [537/921] Enviando para ['antonio.f.sousa@meo.pt']...
2026-03-27 08:05:57,007 [INFO] presentation.associados_controller - [537/921] OK → antonio.f.sousa@meo.pt
2026-03-27 08:05:57,007 [INFO] presentation.associados_controller - ✅ [537/921] Enviado para ['antonio.f.sousa@meo.pt']
2026-03-27 08:05:57,023 [INFO] presentation.associados_controller - ⏱️  Aguardando 2.8s...
2026-03-27 08:05:59,867 [INFO] presentation.associados_controller - 📨 [538/921] Enviando para ['valmor1@sapo.pt']...
2026-03-27 08:06:08,192 [INFO] presentation.associados_controller - [538/921] OK → valmor1@sapo.pt
2026-03-27 08:06:08,192 [INFO] presentation.associados_controller - ✅ [538/921] Enviado para ['valmor1@sapo.pt']
2026-03-27 08:06:08,208 [INFO] presentation.associados_controller - ⏱️  Aguardando 2.5s...
2026-03-27 08:06:10,739 [INFO] presentation.associados_controller - 📨 [539/921] Enviando para ['belmor@sapo.pt']...
2026-03-27 08:06:17,259 [INFO] presentation.associados_controller - [539/921] OK → belmor@sapo.pt
2026-03-27 08:06:17,259 [INFO] presentation.associados_controller - ✅ [539/921] Enviado para ['belmor@sapo.pt']
2026-03-27 08:06:17,275 [INFO] presentation.associados_controller - ⏱️  Aguardando 1.8s...
2026-03-27 08:06:19,098 [INFO] presentation.associados_controller - 📨 [540/921] Enviando para ['mapsneves@gmail.com']...
2026-03-27 08:06:27,953 [INFO] presentation.associados_controller - [540/921] OK → mapsneves@gmail.com
2026-03-27 08:06:27,953 [INFO] presentation.associados_controller - ✅ [540/921] Enviado para ['mapsneves@gmail.com']
2026-03-27 08:06:27,969 [INFO] presentation.associados_controller - ⏱️  Aguardando 1.2s...
2026-03-27 08:06:29,240 [INFO] presentation.associados_controller - 📨 [541/921] Enviando para ['lfcrodrigues28@gmail.com']...
2026-03-27 08:07:50,747 [INFO] presentation.associados_controller - [541/921] OK → lfcrodrigues28@gmail.com
2026-03-27 08:07:50,747 [INFO] presentation.associados_controller - ✅ [541/921] Enviado para ['lfcrodrigues28@gmail.com']
2026-03-27 08:07:50,762 [INFO] presentation.associados_controller - ⏱️  Aguardando 2.0s...
2026-03-27 08:07:52,796 [INFO] presentation.associados_controller - 📨 [542/921] Enviando para ['mrtfelix@gmail.com']...
2026-03-27 08:08:00,321 [INFO] presentation.associados_controller - [542/921] OK → mrtfelix@gmail.com
2026-03-27 08:08:00,321 [INFO] presentation.associados_controller - ✅ [542/921] Enviado para ['mrtfelix@gmail.com']
2026-03-27 08:08:00,331 [INFO] presentation.associados_controller - ⏱️  Aguardando 2.2s...
2026-03-27 08:08:02,511 [INFO] presentation.associados_controller - 📨 [543/921] Enviando para ['gininha121@gmail.com']...
2026-03-27 08:08:11,201 [INFO] presentation.associados_controller - [543/921] OK → gininha121@gmail.com
2026-03-27 08:08:11,201 [INFO] presentation.associados_controller - ✅ [543/921] Enviado para ['gininha121@gmail.com']
2026-03-27 08:08:11,217 [INFO] presentation.associados_controller - ⏱️  Aguardando 1.9s...
2026-03-27 08:08:13,118 [INFO] presentation.associados_controller - 📨 [544/921] Enviando para ['saoperfeito@gmail.com']...
2026-03-27 08:08:22,248 [INFO] presentation.associados_controller - [544/921] OK → saoperfeito@gmail.com
2026-03-27 08:08:22,264 [INFO] presentation.associados_controller - ✅ [544/921] Enviado para ['saoperfeito@gmail.com']
2026-03-27 08:08:22,280 [INFO] presentation.associados_controller - ⏱️  Aguardando 2.8s...
2026-03-27 08:08:25,135 [INFO] presentation.associados_controller - 📨 [545/921] Enviando para ['m.caldasmatos@sapo.pt']...
2026-03-27 08:08:33,329 [INFO] presentation.associados_controller - [545/921] OK → m.caldasmatos@sapo.pt
2026-03-27 08:08:33,329 [INFO] presentation.associados_controller - ✅ [545/921] Enviado para ['m.caldasmatos@sapo.pt']
2026-03-27 08:08:33,347 [INFO] presentation.associados_controller - ⏱️  Aguardando 2.3s...
2026-03-27 08:08:35,621 [INFO] presentation.associados_controller - 📨 [546/921] Enviando para ['mina.m.oliveira2018@gmail.com']...
2026-03-27 08:08:44,277 [INFO] presentation.associados_controller - [546/921] OK → mina.m.oliveira2018@gmail.com
2026-03-27 08:08:44,293 [INFO] presentation.associados_controller - ✅ [546/921] Enviado para ['mina.m.oliveira2018@gmail.com']
2026-03-27 08:08:44,293 [INFO] presentation.associados_controller - ⏱️  Aguardando 2.4s...
2026-03-27 08:08:46,700 [INFO] presentation.associados_controller - 📨 [547/921] Enviando para ['cristina.n.costa@meo.pt']...
2026-03-27 08:08:53,707 [INFO] presentation.associados_controller - [547/921] OK → cristina.n.costa@meo.pt
2026-03-27 08:08:53,713 [INFO] presentation.associados_controller - ✅ [547/921] Enviado para ['cristina.n.costa@meo.pt']
2026-03-27 08:08:53,717 [INFO] presentation.associados_controller - ⏱️  Aguardando 2.3s...
2026-03-27 08:08:56,034 [INFO] presentation.associados_controller - 📨 [548/921] Enviando para ['florindascosta@sapo.pt']...
2026-03-27 08:09:04,439 [INFO] presentation.associados_controller - [548/921] OK → florindascosta@sapo.pt
2026-03-27 08:09:04,442 [INFO] presentation.associados_controller - ✅ [548/921] Enviado para ['florindascosta@sapo.pt']
2026-03-27 08:09:04,457 [INFO] presentation.associados_controller - ⏱️  Aguardando 2.0s...
2026-03-27 08:09:06,481 [INFO] presentation.associados_controller - 📨 [549/921] Enviando para ['florentino.a.pereira@sapo.pt']...
2026-03-27 08:09:14,886 [INFO] presentation.associados_controller - [549/921] OK → florentino.a.pereira@sapo.pt
2026-03-27 08:09:14,891 [INFO] presentation.associados_controller - ✅ [549/921] Enviado para ['florentino.a.pereira@sapo.pt']
2026-03-27 08:09:14,904 [INFO] presentation.associados_controller - ⏱️  Aguardando 1.4s...
2026-03-27 08:09:16,263 [INFO] presentation.associados_controller - 📨 [550/921] Enviando para ['f_loureiro@sapo.pt']...
2026-03-27 08:09:26,549 [INFO] presentation.associados_controller - [550/921] OK → f_loureiro@sapo.pt
2026-03-27 08:09:26,551 [INFO] presentation.associados_controller - ✅ [550/921] Enviado para ['f_loureiro@sapo.pt']
2026-03-27 08:09:26,551 [INFO] presentation.associados_controller - ⏱️  Aguardando 1.8s...
2026-03-27 08:09:28,406 [INFO] presentation.associados_controller - ⏸️  Pausa de 238s...
2026-03-27 08:13:27,221 [INFO] presentation.associados_controller - Envio concluído.
2026-03-27 08:13:27,233 [INFO] presentation.associados_controller - 📨 [551/921] Enviando para ['familia.anjos@sapo.pt']...
2026-03-27 08:14:01,684 [INFO] presentation.associados_controller - [551/921] OK → familia.anjos@sapo.pt
2026-03-27 08:14:01,684 [INFO] presentation.associados_controller - ✅ [551/921] Enviado para ['familia.anjos@sapo.pt']
2026-03-27 08:14:01,699 [INFO] presentation.associados_controller - ⏱️  Aguardando 1.2s...
2026-03-27 08:14:02,929 [INFO] presentation.associados_controller - 📨 [552/921] Enviando para ['fabio.a.santos@sapo.pt']...
2026-03-27 08:14:12,161 [INFO] presentation.associados_controller - [552/921] OK → fabio.a.santos@sapo.pt
2026-03-27 08:14:12,177 [INFO] presentation.associados_controller - ✅ [552/921] Enviado para ['fabio.a.santos@sapo.pt']
2026-03-27 08:14:12,177 [INFO] presentation.associados_controller - ⏱️  Aguardando 1.2s...
2026-03-27 08:14:13,384 [INFO] presentation.associados_controller - 📨 [553/921] Enviando para ['valdemarantoniosoares@gmail.com']...
2026-03-27 08:14:56,444 [INFO] presentation.associados_controller - [553/921] ERRO: (550, b'5.2.0 62KqwOjVE04iI62KrweKed Sending Prohibited (Max RcptTo Daily limit)') → valdemarantoniosoares@gmail.com
2026-03-27 08:14:56,444 [INFO] presentation.associados_controller - ❌ [553/921] Erro: ERRO: (550, b'5.2.0 62KqwOjVE04iI62KrweKed Sending Prohibited (Max RcptTo Daily limit)')
2026-03-27 08:14:56,476 [INFO] presentation.associados_controller - ⏱️  Aguardando 1.2s...
2026-03-27 08:14:57,723 [INFO] presentation.associados_controller - 📨 [554/921] Enviando para ['mariasousaneves@hotmail.com']...
2026-03-27 08:16:31,611 [INFO] presentation.associados_controller - [554/921] ERRO: (550, b'5.2.0 62MMwL2f42rGz62MNwQhPL Sending Prohibited (Max RcptTo Daily limit)') → mariasousaneves@hotmail.com
2026-03-27 08:16:31,627 [INFO] presentation.associados_controller - ❌ [554/921] Erro: ERRO: (550, b'5.2.0 62MMwL2f42rGz62MNwQhPL Sending Prohibited (Max RcptTo Daily limit)')
2026-03-27 08:16:31,664 [INFO] presentation.associados_controller - ⏱️  Aguardando 2.8s...
2026-03-27 08:16:34,476 [INFO] presentation.associados_controller - 📨 [555/921] Enviando para ['jlaguiarpinto@gmail.com']...
2026-03-27 08:17:02,043 [INFO] presentation.associados_controller - [555/921] OK → jlaguiarpinto@gmail.com
2026-03-27 08:17:02,047 [INFO] presentation.associados_controller - ✅ [555/921] Enviado para ['jlaguiarpinto@gmail.com']
2026-03-27 08:17:02,062 [INFO] presentation.associados_controller - ⏱️  Aguardando 2.5s...
2026-03-27 08:17:04,554 [INFO] presentation.associados_controller - 📨 [556/921] Enviando para ['cristina.helena.pereira@gmail.com']...
2026-03-27 08:19:05,405 [INFO] presentation.associados_controller - [556/921] ERRO: (550, b'5.2.0 62Nsw6GLkroyV62Ntw1ldf Sending Prohibited (Max RcptTo Daily limit)') → cristina.helena.pereira@gmail.com
2026-03-27 08:19:05,413 [INFO] presentation.associados_controller - ❌ [556/921] Erro: ERRO: (550, b'5.2.0 62Nsw6GLkroyV62Ntw1ldf Sending Prohibited (Max RcptTo Daily limit)')
2026-03-27 08:19:05,445 [INFO] presentation.associados_controller - ⏱️  Aguardando 1.8s...
2026-03-27 08:19:07,260 [INFO] presentation.associados_controller - 📨 [557/921] Enviando para ['m.branca.portela@hotmail.com']...
2026-03-27 08:19:52,087 [INFO] presentation.associados_controller - [557/921] OK → m.branca.portela@hotmail.com
2026-03-27 08:19:52,087 [INFO] presentation.associados_controller - ✅ [557/921] Enviado para ['m.branca.portela@hotmail.com']
2026-03-27 08:19:52,103 [INFO] presentation.associados_controller - ⏱️  Aguardando 1.1s...
2026-03-27 08:19:53,185 [INFO] presentation.associados_controller - 📨 [558/921] Enviando para ['ana.mf.pereira@sapo.pt']...
2026-03-27 08:21:26,806 [INFO] presentation.associados_controller - [558/921] ERRO: (550, b'5.2.0 62QWwjb2CGKP162QXw6hiV Sending Prohibited (Max RcptTo Daily limit)') → ana.mf.pereira@sapo.pt
2026-03-27 08:21:26,848 [INFO] presentation.associados_controller - ❌ [558/921] Erro: ERRO: (550, b'5.2.0 62QWwjb2CGKP162QXw6hiV Sending Prohibited (Max RcptTo Daily limit)')
2026-03-27 08:21:26,890 [INFO] presentation.associados_controller - ⏱️  Aguardando 1.0s...
2026-03-27 08:21:27,909 [INFO] presentation.associados_controller - 📨 [559/921] Enviando para ['oliveirafernandoasdrubal@gmail.com']...
2026-03-27 08:21:56,231 [INFO] presentation.associados_controller - [559/921] OK → oliveirafernandoasdrubal@gmail.com
2026-03-27 08:21:56,231 [INFO] presentation.associados_controller - ✅ [559/921] Enviado para ['oliveirafernandoasdrubal@gmail.com']
2026-03-27 08:21:56,247 [INFO] presentation.associados_controller - ⏱️  Aguardando 2.8s...
2026-03-27 08:21:59,067 [INFO] presentation.associados_controller - 📨 [560/921] Enviando para ['rita.m.braga@gmail.com']...
2026-03-27 08:23:22,171 [INFO] presentation.associados_controller - [560/921] OK → rita.m.braga@gmail.com
2026-03-27 08:23:22,173 [INFO] presentation.associados_controller - ✅ [560/921] Enviado para ['rita.m.braga@gmail.com']
2026-03-27 08:23:22,191 [INFO] presentation.associados_controller - ⏱️  Aguardando 1.3s...
2026-03-27 08:23:23,489 [INFO] presentation.associados_controller - 📨 [561/921] Enviando para ['joakim_coelho@hotmail.com']...
2026-03-27 08:24:35,753 [INFO] presentation.associados_controller - [561/921] ERRO: (550, b'5.2.0 62TjwPicIgBXk62TkwOzx9 Sending Prohibited (Max RcptTo Daily limit)') → joakim_coelho@hotmail.com
2026-03-27 08:24:35,756 [INFO] presentation.associados_controller - ❌ [561/921] Erro: ERRO: (550, b'5.2.0 62TjwPicIgBXk62TkwOzx9 Sending Prohibited (Max RcptTo Daily limit)')
2026-03-27 08:24:35,774 [INFO] presentation.associados_controller - ⏱️  Aguardando 2.2s...
2026-03-27 08:24:37,993 [INFO] presentation.associados_controller - 📨 [562/921] Enviando para ['mjosja@hotmail.com']...
2026-03-27 08:25:55,754 [INFO] presentation.associados_controller - [562/921] ERRO: (550, b'5.2.0 62VhwLDm72rGz62ViwQld4 Sending Prohibited (Max RcptTo Daily limit)') → mjosja@hotmail.com
2026-03-27 08:25:55,757 [INFO] presentation.associados_controller - ❌ [562/921] Erro: ERRO: (550, b'5.2.0 62VhwLDm72rGz62ViwQld4 Sending Prohibited (Max RcptTo Daily limit)')
2026-03-27 08:25:55,766 [INFO] presentation.associados_controller - ⏱️  Aguardando 1.4s...
2026-03-27 08:25:57,162 [INFO] presentation.associados_controller - 📨 [563/921] Enviando para ['mjosja@hotmail.com']...
2026-03-27 08:26:35,912 [INFO] presentation.associados_controller - [563/921] OK → mjosja@hotmail.com
2026-03-27 08:26:35,919 [INFO] presentation.associados_controller - ✅ [563/921] Enviado para ['mjosja@hotmail.com']
2026-03-27 08:26:35,941 [INFO] presentation.associados_controller - ⏱️  Aguardando 1.6s...
2026-03-27 08:26:37,521 [INFO] presentation.associados_controller - 📨 [564/921] Enviando para ['teresaoliveira1231@gmail.com']...
2026-03-27 08:27:42,735 [INFO] presentation.associados_controller - [564/921] ERRO: (550, b'5.2.0 62X5wPmGIgBXk62X7wP1TH Sending Prohibited (Max RcptTo Daily limit)') → teresaoliveira1231@gmail.com
2026-03-27 08:27:42,750 [INFO] presentation.associados_controller - ❌ [564/921] Erro: ERRO: (550, b'5.2.0 62X5wPmGIgBXk62X7wP1TH Sending Prohibited (Max RcptTo Daily limit)')
2026-03-27 08:27:42,798 [INFO] presentation.associados_controller - ⏱️  Aguardando 3.0s...
2026-03-27 08:27:45,778 [INFO] presentation.associados_controller - 📨 [565/921] Enviando para ['jose.l.fernandes@sapo.pt']...
2026-03-27 08:28:41,528 [INFO] presentation.associados_controller - [565/921] OK → jose.l.fernandes@sapo.pt
2026-03-27 08:28:41,528 [INFO] presentation.associados_controller - ✅ [565/921] Enviado para ['jose.l.fernandes@sapo.pt']
2026-03-27 08:28:41,528 [INFO] presentation.associados_controller - ⏱️  Aguardando 1.7s...
2026-03-27 08:28:43,207 [INFO] presentation.associados_controller - 📨 [566/921] Enviando para ['islau105@gmail.com']...
2026-03-27 08:29:44,542 [INFO] presentation.associados_controller - [566/921] ERRO: (550, b'5.2.0 62ZJwP0Su04iI62ZKweR1j Sending Prohibited (Max RcptTo Daily limit)') → islau105@gmail.com
2026-03-27 08:29:44,548 [INFO] presentation.associados_controller - ❌ [566/921] Erro: ERRO: (550, b'5.2.0 62ZJwP0Su04iI62ZKweR1j Sending Prohibited (Max RcptTo Daily limit)')
2026-03-27 08:29:44,579 [INFO] presentation.associados_controller - ⏱️  Aguardando 2.7s...
2026-03-27 08:29:47,257 [INFO] presentation.associados_controller - 📨 [567/921] Enviando para ['mcgoncalves1955@gmail.com']...
2026-03-27 08:30:16,709 [INFO] presentation.associados_controller - [567/921] OK → mcgoncalves1955@gmail.com
2026-03-27 08:30:16,718 [INFO] presentation.associados_controller - ✅ [567/921] Enviado para ['mcgoncalves1955@gmail.com']
2026-03-27 08:30:16,729 [INFO] presentation.associados_controller - ⏱️  Aguardando 2.6s...
2026-03-27 08:30:19,345 [INFO] presentation.associados_controller - 📨 [568/921] Enviando para ['misabelcyrne@gmail.com']...
2026-03-27 08:31:41,046 [INFO] presentation.associados_controller - [568/921] ERRO: (550, b'5.2.0 62b4wP2YE04iI62b5weRmh Sending Prohibited (Max RcptTo Daily limit)') → misabelcyrne@gmail.com
2026-03-27 08:31:41,049 [INFO] presentation.associados_controller - ❌ [568/921] Erro: ERRO: (550, b'5.2.0 62b4wP2YE04iI62b5weRmh Sending Prohibited (Max RcptTo Daily limit)')
2026-03-27 08:31:41,079 [INFO] presentation.associados_controller - ⏱️  Aguardando 1.3s...
2026-03-27 08:31:42,383 [INFO] presentation.associados_controller - 📨 [569/921] Enviando para ['jorge.v.carreira@sapo.pt']...
2026-03-27 08:33:21,029 [INFO] presentation.associados_controller - [569/921] OK → jorge.v.carreira@sapo.pt
2026-03-27 08:33:21,029 [INFO] presentation.associados_controller - ✅ [569/921] Enviado para ['jorge.v.carreira@sapo.pt']
2026-03-27 08:33:21,045 [INFO] presentation.associados_controller - ⏱️  Aguardando 2.2s...
2026-03-27 08:33:23,290 [INFO] presentation.associados_controller - 📨 [570/921] Enviando para ['iimatisoftii@gmail.com']...
2026-03-27 08:35:34,388 [INFO] presentation.associados_controller - [570/921] OK → iimatisoftii@gmail.com
2026-03-27 08:35:34,388 [INFO] presentation.associados_controller - ✅ [570/921] Enviado para ['iimatisoftii@gmail.com']
2026-03-27 08:35:34,402 [INFO] presentation.associados_controller - ⏱️  Aguardando 1.5s...
2026-03-27 08:35:35,902 [INFO] presentation.associados_controller - 📨 [571/921] Enviando para ['franclim.neto@sapo.pt']...
2026-03-27 08:37:36,160 [INFO] presentation.associados_controller - [571/921] OK → franclim.neto@sapo.pt
2026-03-27 08:37:36,169 [INFO] presentation.associados_controller - ✅ [571/921] Enviado para ['franclim.neto@sapo.pt']
2026-03-27 08:37:36,179 [INFO] presentation.associados_controller - ⏱️  Aguardando 1.2s...
2026-03-27 08:37:37,366 [INFO] presentation.associados_controller - 📨 [572/921] Enviando para ['mariaalicedias@gmail.com']...
2026-03-27 08:39:38,802 [INFO] presentation.associados_controller - [572/921] ERRO: (550, b'5.2.0 62i6wLSlO2rGz62i7wQrOV Sending Prohibited (Max RcptTo Daily limit)') → mariaalicedias@gmail.com
2026-03-27 08:39:38,802 [INFO] presentation.associados_controller - ❌ [572/921] Erro: ERRO: (550, b'5.2.0 62i6wLSlO2rGz62i7wQrOV Sending Prohibited (Max RcptTo Daily limit)')
2026-03-27 08:39:38,828 [INFO] presentation.associados_controller - ⏱️  Aguardando 2.9s...
2026-03-27 08:39:41,724 [INFO] presentation.associados_controller - 📨 [573/921] Enviando para ['jorge.cunha@sapo.pt']...
2026-03-27 08:41:16,508 [INFO] presentation.associados_controller - [573/921] ERRO: (550, b'5.2.0 62kIwQ2GvgBXk62kJwP7d5 Sending Prohibited (Max RcptTo Daily limit)') → jorge.cunha@sapo.pt
2026-03-27 08:41:16,508 [INFO] presentation.associados_controller - ❌ [573/921] Erro: ERRO: (550, b'5.2.0 62kIwQ2GvgBXk62kJwP7d5 Sending Prohibited (Max RcptTo Daily limit)')
2026-03-27 08:41:16,544 [INFO] presentation.associados_controller - ⏱️  Aguardando 1.8s...
2026-03-27 08:41:18,378 [INFO] presentation.associados_controller - 📨 [574/921] Enviando para ['prazeres60@hotmail.com']...
2026-03-27 08:41:39,108 [INFO] presentation.associados_controller - [574/921] OK → prazeres60@hotmail.com
2026-03-27 08:41:39,113 [INFO] presentation.associados_controller - ✅ [574/921] Enviado para ['prazeres60@hotmail.com']
2026-03-27 08:41:39,127 [INFO] presentation.associados_controller - ⏱️  Aguardando 2.3s...
2026-03-27 08:41:41,417 [INFO] presentation.associados_controller - 📨 [575/921] Enviando para ['rosapupy1951@gmail.com']...
2026-03-27 08:43:30,249 [INFO] presentation.associados_controller - [575/921] ERRO: (550, b'5.2.0 62mSwk1PnGKP162mTw6rm9 Sending Prohibited (Max RcptTo Daily limit)') → rosapupy1951@gmail.com
2026-03-27 08:43:30,258 [INFO] presentation.associados_controller - ❌ [575/921] Erro: ERRO: (550, b'5.2.0 62mSwk1PnGKP162mTw6rm9 Sending Prohibited (Max RcptTo Daily limit)')
2026-03-27 08:43:30,290 [INFO] presentation.associados_controller - ⏱️  Aguardando 1.2s...
2026-03-27 08:43:31,551 [INFO] presentation.associados_controller - 📨 [576/921] Enviando para ['maestroferreiradasilva@hotmail.com']...
2026-03-27 08:45:02,140 [INFO] presentation.associados_controller - [576/921] ERRO: (550, b'5.2.0 62nzwLZyw2rGz62o0wQu3G Sending Prohibited (Max RcptTo Daily limit)') → maestroferreiradasilva@hotmail.com
2026-03-27 08:45:02,149 [INFO] presentation.associados_controller - ❌ [576/921] Erro: ERRO: (550, b'5.2.0 62nzwLZyw2rGz62o0wQu3G Sending Prohibited (Max RcptTo Daily limit)')
2026-03-27 08:45:02,178 [INFO] presentation.associados_controller - ⏱️  Aguardando 1.8s...
2026-03-27 08:45:03,958 [INFO] presentation.associados_controller - 📨 [577/921] Enviando para ['jkosta@sapo.pt']...
2026-03-27 08:45:55,883 [INFO] presentation.associados_controller - [577/921] OK → jkosta@sapo.pt
2026-03-27 08:45:55,899 [INFO] presentation.associados_controller - ✅ [577/921] Enviado para ['jkosta@sapo.pt']
2026-03-27 08:45:55,915 [INFO] presentation.associados_controller - ⏱️  Aguardando 1.4s...
2026-03-27 08:45:57,360 [INFO] presentation.associados_controller - 📨 [578/921] Enviando para ['antonia.p.sousa@sapo.pt']...
2026-03-27 08:47:55,468 [INFO] presentation.associados_controller - [578/921] ERRO: (550, b'5.2.0 62qtwk6t0GKP162quw6tnl Sending Prohibited (Max RcptTo Daily limit)') → antonia.p.sousa@sapo.pt
2026-03-27 08:47:55,474 [INFO] presentation.associados_controller - ❌ [578/921] Erro: ERRO: (550, b'5.2.0 62qtwk6t0GKP162quw6tnl Sending Prohibited (Max RcptTo Daily limit)')
2026-03-27 08:47:55,503 [INFO] presentation.associados_controller - ⏱️  Aguardando 1.9s...
2026-03-27 08:47:57,378 [INFO] presentation.associados_controller - 📨 [579/921] Enviando para ['carlosomvieira@gmail.com']...
2026-03-27 08:49:11,657 [INFO] presentation.associados_controller - [579/921] ERRO: (550, b'5.2.0 62sIw6qZVroyV62sJw1zij Sending Prohibited (Max RcptTo Daily limit)') → carlosomvieira@gmail.com
2026-03-27 08:49:11,669 [INFO] presentation.associados_controller - ❌ [579/921] Erro: ERRO: (550, b'5.2.0 62sIw6qZVroyV62sJw1zij Sending Prohibited (Max RcptTo Daily limit)')
2026-03-27 08:49:11,702 [INFO] presentation.associados_controller - ⏱️  Aguardando 2.9s...
2026-03-27 08:49:14,598 [INFO] presentation.associados_controller - 📨 [580/921] Enviando para ['manuelavgoliveira@gmail.com']...
2026-03-27 08:49:45,221 [INFO] presentation.associados_controller - [580/921] OK → manuelavgoliveira@gmail.com
2026-03-27 08:49:45,232 [INFO] presentation.associados_controller - ✅ [580/921] Enviado para ['manuelavgoliveira@gmail.com']
2026-03-27 08:49:45,245 [INFO] presentation.associados_controller - ⏱️  Aguardando 1.5s...
2026-03-27 08:49:46,715 [INFO] presentation.associados_controller - 📨 [581/921] Enviando para ['j.luisnunes@sapo.pt']...
2026-03-27 08:50:33,389 [INFO] presentation.associados_controller - [581/921] ERRO: (550, b'5.2.0 62tRw6s07royV62tSw20KV Sending Prohibited (Max RcptTo Daily limit)') → j.luisnunes@sapo.pt
2026-03-27 08:50:33,389 [INFO] presentation.associados_controller - ❌ [581/921] Erro: ERRO: (550, b'5.2.0 62tRw6s07royV62tSw20KV Sending Prohibited (Max RcptTo Daily limit)')
2026-03-27 08:50:33,421 [INFO] presentation.associados_controller - ⏱️  Aguardando 2.4s...
2026-03-27 08:50:35,898 [INFO] presentation.associados_controller - 📨 [582/921] Enviando para ['farialmeida@sapo.pt']...
2026-03-27 08:51:05,504 [INFO] presentation.associados_controller - [582/921] OK → farialmeida@sapo.pt
2026-03-27 08:51:05,520 [INFO] presentation.associados_controller - ✅ [582/921] Enviado para ['farialmeida@sapo.pt']
2026-03-27 08:51:05,520 [INFO] presentation.associados_controller - ⏱️  Aguardando 1.1s...
2026-03-27 08:51:06,602 [INFO] presentation.associados_controller - 📨 [583/921] Enviando para ['rosa.d.sousa1968@gmail.com']...
2026-03-27 08:51:51,586 [INFO] presentation.associados_controller - [583/921] ERRO: (550, b'5.2.0 62uswQFWigBXk62utwPCjT Sending Prohibited (Max RcptTo Daily limit)') → rosa.d.sousa1968@gmail.com
2026-03-27 08:51:51,602 [INFO] presentation.associados_controller - ❌ [583/921] Erro: ERRO: (550, b'5.2.0 62uswQFWigBXk62utwPCjT Sending Prohibited (Max RcptTo Daily limit)')
2026-03-27 08:51:51,633 [INFO] presentation.associados_controller - ⏱️  Aguardando 1.4s...
2026-03-27 08:51:53,034 [INFO] presentation.associados_controller - 📨 [584/921] Enviando para ['gracavarzim@sapo.pt']...
2026-03-27 08:52:51,819 [INFO] presentation.associados_controller - [584/921] OK → gracavarzim@sapo.pt
2026-03-27 08:52:51,826 [INFO] presentation.associados_controller - ✅ [584/921] Enviado para ['gracavarzim@sapo.pt']
2026-03-27 08:52:51,839 [INFO] presentation.associados_controller - ⏱️  Aguardando 2.4s...
2026-03-27 08:52:54,261 [INFO] presentation.associados_controller - 📨 [585/921] Enviando para ['fernando.araujo@sapo.pt']...
2026-03-27 08:53:56,446 [INFO] presentation.associados_controller - [585/921] ERRO: (550, b'5.2.0 62wSwLke52rGz62wTwQyC0 Sending Prohibited (Max RcptTo Daily limit)') → fernando.araujo@sapo.pt
2026-03-27 08:53:56,446 [INFO] presentation.associados_controller - ❌ [585/921] Erro: ERRO: (550, b'5.2.0 62wSwLke52rGz62wTwQyC0 Sending Prohibited (Max RcptTo Daily limit)')
2026-03-27 08:53:56,477 [INFO] presentation.associados_controller - ⏱️  Aguardando 2.9s...
2026-03-27 08:53:59,441 [INFO] presentation.associados_controller - 📨 [586/921] Enviando para ['mlcruz@netcabo.pt']...
2026-03-27 08:54:26,567 [INFO] presentation.associados_controller - [586/921] OK → mlcruz@netcabo.pt
2026-03-27 08:54:26,573 [INFO] presentation.associados_controller - ✅ [586/921] Enviado para ['mlcruz@netcabo.pt']
2026-03-27 08:54:26,583 [INFO] presentation.associados_controller - ⏱️  Aguardando 1.5s...
2026-03-27 08:54:28,060 [INFO] presentation.associados_controller - 📨 [587/921] Enviando para ['juliaprima@sapo.pt']...
2026-03-27 08:56:08,086 [INFO] presentation.associados_controller - [587/921] ERRO: (550, b'5.2.0 62y2w6xFFroyV62y3w22OG Sending Prohibited (Max RcptTo Daily limit)') → juliaprima@sapo.pt
2026-03-27 08:56:08,089 [INFO] presentation.associados_controller - ❌ [587/921] Erro: ERRO: (550, b'5.2.0 62y2w6xFFroyV62y3w22OG Sending Prohibited (Max RcptTo Daily limit)')
2026-03-27 08:56:08,103 [INFO] presentation.associados_controller - ⏱️  Aguardando 1.9s...
2026-03-27 08:56:09,965 [INFO] presentation.associados_controller - 📨 [588/921] Enviando para ['juliaprima@sapo.pt']...
2026-03-27 08:56:40,590 [INFO] presentation.associados_controller - [588/921] OK → juliaprima@sapo.pt
2026-03-27 08:56:40,607 [INFO] presentation.associados_controller - ✅ [588/921] Enviado para ['juliaprima@sapo.pt']
2026-03-27 08:56:40,618 [INFO] presentation.associados_controller - ⏱️  Aguardando 1.6s...
2026-03-27 08:56:42,253 [INFO] presentation.associados_controller - 📨 [589/921] Enviando para ['armindogomes@sapo.pt']...
2026-03-27 08:58:21,223 [INFO] presentation.associados_controller - [589/921] ERRO: (550, b'5.2.0 630uwQNI4gBXk630wwPFrx Sending Prohibited (Max RcptTo Daily limit)') → armindogomes@sapo.pt
2026-03-27 08:58:21,240 [INFO] presentation.associados_controller - ❌ [589/921] Erro: ERRO: (550, b'5.2.0 630uwQNI4gBXk630wwPFrx Sending Prohibited (Max RcptTo Daily limit)')
2026-03-27 08:58:21,272 [INFO] presentation.associados_controller - ⏱️  Aguardando 1.3s...
2026-03-27 08:58:22,566 [INFO] presentation.associados_controller - 📨 [590/921] Enviando para ['m.carmo.s.cruz@sapo.pt']...
2026-03-27 08:58:39,617 [INFO] presentation.associados_controller - [590/921] OK → m.carmo.s.cruz@sapo.pt
2026-03-27 08:58:39,634 [INFO] presentation.associados_controller - ✅ [590/921] Enviado para ['m.carmo.s.cruz@sapo.pt']
2026-03-27 08:58:39,636 [INFO] presentation.associados_controller - ⏱️  Aguardando 1.8s...
2026-03-27 08:58:41,429 [INFO] presentation.associados_controller - 📨 [591/921] Enviando para ['jorgedaom@gmail.com']...
2026-03-27 09:00:23,873 [INFO] presentation.associados_controller - [591/921] ERRO: (550, b'5.2.0 632Lw72ZiroyV632Mw24WF Sending Prohibited (Max RcptTo Daily limit)') → jorgedaom@gmail.com
2026-03-27 09:00:23,873 [INFO] presentation.associados_controller - ❌ [591/921] Erro: ERRO: (550, b'5.2.0 632Lw72ZiroyV632Mw24WF Sending Prohibited (Max RcptTo Daily limit)')
2026-03-27 09:00:23,914 [INFO] presentation.associados_controller - ⏱️  Aguardando 1.6s...
2026-03-27 09:00:25,532 [INFO] presentation.associados_controller - 📨 [592/921] Enviando para ['mlmesquita@sapo.pt']...
2026-03-27 09:01:07,763 [INFO] presentation.associados_controller - [592/921] OK → mlmesquita@sapo.pt
2026-03-27 09:01:07,767 [INFO] presentation.associados_controller - ✅ [592/921] Enviado para ['mlmesquita@sapo.pt']
2026-03-27 09:01:07,775 [INFO] presentation.associados_controller - ⏱️  Aguardando 2.7s...
2026-03-27 09:01:10,448 [INFO] presentation.associados_controller - 📨 [593/921] Enviando para ['mjorgeqsilva@sapo.pt']...
2026-03-27 09:01:53,139 [INFO] presentation.associados_controller - [593/921] ERRO: (550, b'5.2.0 634YwniEmvo9B634Zw489j Sending Prohibited (Max RcptTo Daily limit)') → mjorgeqsilva@sapo.pt
2026-03-27 09:01:53,139 [INFO] presentation.associados_controller - ❌ [593/921] Erro: ERRO: (550, b'5.2.0 634YwniEmvo9B634Zw489j Sending Prohibited (Max RcptTo Daily limit)')
2026-03-27 09:01:53,171 [INFO] presentation.associados_controller - ⏱️  Aguardando 2.6s...
2026-03-27 09:01:55,800 [INFO] presentation.associados_controller - 📨 [594/921] Enviando para ['m.fernanda.rodrig@sapo.pt']...
2026-03-27 09:02:41,878 [INFO] presentation.associados_controller - [594/921] OK → m.fernanda.rodrig@sapo.pt
2026-03-27 09:02:41,885 [INFO] presentation.associados_controller - ✅ [594/921] Enviado para ['m.fernanda.rodrig@sapo.pt']
2026-03-27 09:02:41,885 [INFO] presentation.associados_controller - ⏱️  Aguardando 1.2s...
2026-03-27 09:02:43,125 [INFO] presentation.associados_controller - 📨 [595/921] Enviando para ['blackghostknife@sapo.pt']...
2026-03-27 09:04:34,563 [INFO] presentation.associados_controller - [595/921] ERRO: (550, b'5.2.0 6365wnkCtvo9B6366w48wJ Sending Prohibited (Max RcptTo Daily limit)') → blackghostknife@sapo.pt
2026-03-27 09:04:34,565 [INFO] presentation.associados_controller - ❌ [595/921] Erro: ERRO: (550, b'5.2.0 6365wnkCtvo9B6366w48wJ Sending Prohibited (Max RcptTo Daily limit)')
2026-03-27 09:04:34,580 [INFO] presentation.associados_controller - ⏱️  Aguardando 1.8s...
2026-03-27 09:04:36,399 [INFO] presentation.associados_controller - 📨 [596/921] Enviando para ['manuelfontoura@sapo.pt']...
2026-03-27 09:04:59,390 [INFO] presentation.associados_controller - [596/921] OK → manuelfontoura@sapo.pt
2026-03-27 09:04:59,397 [INFO] presentation.associados_controller - ✅ [596/921] Enviado para ['manuelfontoura@sapo.pt']
2026-03-27 09:04:59,397 [INFO] presentation.associados_controller - ⏱️  Aguardando 1.3s...
2026-03-27 09:05:00,756 [INFO] presentation.associados_controller - 📨 [597/921] Enviando para ['mgracaalmeida@sapo.pt']...
2026-03-27 09:06:09,558 [INFO] presentation.associados_controller - [597/921] ERRO: (550, b'5.2.0 6382wkTMoGKP16384w72ym Sending Prohibited (Max RcptTo Daily limit)') → mgracaalmeida@sapo.pt
2026-03-27 09:06:09,558 [INFO] presentation.associados_controller - ❌ [597/921] Erro: ERRO: (550, b'5.2.0 6382wkTMoGKP16384w72ym Sending Prohibited (Max RcptTo Daily limit)')
2026-03-27 09:06:09,590 [INFO] presentation.associados_controller - ⏱️  Aguardando 2.0s...
2026-03-27 09:06:11,623 [INFO] presentation.associados_controller - 📨 [598/921] Enviando para ['ze.luis.araujo@gmail.com']...
2026-03-27 09:07:35,105 [INFO] presentation.associados_controller - [598/921] OK → ze.luis.araujo@gmail.com
2026-03-27 09:07:35,105 [INFO] presentation.associados_controller - ✅ [598/921] Enviado para ['ze.luis.araujo@gmail.com']
2026-03-27 09:07:35,121 [INFO] presentation.associados_controller - ⏱️  Aguardando 2.4s...
2026-03-27 09:07:37,504 [INFO] presentation.associados_controller - 📨 [599/921] Enviando para ['isabelcbalves1@gmail.com']...
2026-03-27 09:09:24,830 [INFO] presentation.associados_controller - [599/921] OK → isabelcbalves1@gmail.com
2026-03-27 09:09:24,830 [INFO] presentation.associados_controller - ✅ [599/921] Enviado para ['isabelcbalves1@gmail.com']
2026-03-27 09:09:24,844 [INFO] presentation.associados_controller - ⏱️  Aguardando 2.9s...
2026-03-27 09:09:27,728 [INFO] presentation.associados_controller - 📨 [600/921] Enviando para ['carlamribeiro2021@gmail.com']...
2026-03-27 09:11:23,602 [INFO] presentation.associados_controller - [600/921] ERRO: (550, b'5.2.0 63DNw7GyQroyV63DOw2AYm Sending Prohibited (Max RcptTo Daily limit)') → carlamribeiro2021@gmail.com
2026-03-27 09:11:23,618 [INFO] presentation.associados_controller - ❌ [600/921] Erro: ERRO: (550, b'5.2.0 63DNw7GyQroyV63DOw2AYm Sending Prohibited (Max RcptTo Daily limit)')
2026-03-27 09:11:23,650 [INFO] presentation.associados_controller - ⏱️  Aguardando 1.5s...
2026-03-27 09:11:25,205 [INFO] presentation.associados_controller - ⏸️  Pausa de 218s...
2026-03-27 09:15:03,828 [INFO] presentation.associados_controller - Envio concluído.
2026-03-27 09:15:03,832 [INFO] presentation.associados_controller - 📨 [601/921] Enviando para ['rui.f.morais@sapo.pt']...
2026-03-27 09:16:33,478 [INFO] presentation.associados_controller - [601/921] OK → rui.f.morais@sapo.pt
2026-03-27 09:16:33,487 [INFO] presentation.associados_controller - ✅ [601/921] Enviado para ['rui.f.morais@sapo.pt']
2026-03-27 09:16:33,502 [INFO] presentation.associados_controller - ⏱️  Aguardando 2.5s...
2026-03-27 09:16:36,011 [INFO] presentation.associados_controller - 📨 [602/921] Enviando para ['bernardonalves@gmail.com']...
2026-03-27 09:18:07,005 [INFO] presentation.associados_controller - [602/921] OK → bernardonalves@gmail.com
2026-03-27 09:18:07,021 [INFO] presentation.associados_controller - ✅ [602/921] Enviado para ['bernardonalves@gmail.com']
2026-03-27 09:18:07,037 [INFO] presentation.associados_controller - ⏱️  Aguardando 1.8s...
2026-03-27 09:18:08,856 [INFO] presentation.associados_controller - 📨 [603/921] Enviando para ['bernardonalves@gmail.com']...
2026-03-27 09:19:50,864 [INFO] presentation.associados_controller - [603/921] OK → bernardonalves@gmail.com
2026-03-27 09:19:50,870 [INFO] presentation.associados_controller - ✅ [603/921] Enviado para ['bernardonalves@gmail.com']
2026-03-27 09:19:50,878 [INFO] presentation.associados_controller - ⏱️  Aguardando 1.2s...
2026-03-27 09:19:52,143 [INFO] presentation.associados_controller - 📨 [604/921] Enviando para ['canjinhaster@gmail.com']...
2026-03-27 09:21:21,244 [INFO] presentation.associados_controller - [604/921] OK → canjinhaster@gmail.com
2026-03-27 09:21:21,250 [INFO] presentation.associados_controller - ✅ [604/921] Enviado para ['canjinhaster@gmail.com']
2026-03-27 09:21:21,257 [INFO] presentation.associados_controller - ⏱️  Aguardando 2.0s...
2026-03-27 09:21:23,230 [INFO] presentation.associados_controller - 📨 [605/921] Enviando para ['laurentinacorreia1967@gmail.com']...
2026-03-27 09:23:22,970 [INFO] presentation.associados_controller - [605/921] ERRO: (550, b'5.2.0 63OWwknXeGKP163OXw7B7C Sending Prohibited (Max RcptTo Daily limit)') → laurentinacorreia1967@gmail.com
2026-03-27 09:23:22,976 [INFO] presentation.associados_controller - ❌ [605/921] Erro: ERRO: (550, b'5.2.0 63OWwknXeGKP163OXw7B7C Sending Prohibited (Max RcptTo Daily limit)')
2026-03-27 09:23:23,002 [INFO] presentation.associados_controller - ⏱️  Aguardando 1.4s...
2026-03-27 09:23:24,418 [INFO] presentation.associados_controller - 📨 [606/921] Enviando para ['foctavio@sapo.pt']...
2026-03-27 09:23:45,269 [INFO] presentation.associados_controller - [606/921] OK → foctavio@sapo.pt
2026-03-27 09:23:45,279 [INFO] presentation.associados_controller - ✅ [606/921] Enviado para ['foctavio@sapo.pt']
2026-03-27 09:23:45,294 [INFO] presentation.associados_controller - ⏱️  Aguardando 2.7s...
2026-03-27 09:23:48,031 [INFO] presentation.associados_controller - 📨 [607/921] Enviando para ['carmarq@sapo.pt']...
2026-03-27 09:25:18,078 [INFO] presentation.associados_controller - [607/921] OK → carmarq@sapo.pt
2026-03-27 09:25:18,084 [INFO] presentation.associados_controller - ✅ [607/921] Enviado para ['carmarq@sapo.pt']
2026-03-27 09:25:18,095 [INFO] presentation.associados_controller - ⏱️  Aguardando 1.2s...
2026-03-27 09:25:19,301 [INFO] presentation.associados_controller - 📨 [608/921] Enviando para ['magalhaes.elsa@gmail.com']...
2026-03-27 09:26:05,583 [INFO] presentation.associados_controller - [608/921] ERRO: (550, b'5.2.0 63RrwkrojGKP163Rsw7Cov Sending Prohibited (Max RcptTo Daily limit)') → magalhaes.elsa@gmail.com
2026-03-27 09:26:05,589 [INFO] presentation.associados_controller - ❌ [608/921] Erro: ERRO: (550, b'5.2.0 63RrwkrojGKP163Rsw7Cov Sending Prohibited (Max RcptTo Daily limit)')
2026-03-27 09:26:05,622 [INFO] presentation.associados_controller - ⏱️  Aguardando 1.4s...
2026-03-27 09:26:07,063 [INFO] presentation.associados_controller - 📨 [609/921] Enviando para ['mtazevedo44@gmail.com']...
2026-03-27 09:27:24,923 [INFO] presentation.associados_controller - [609/921] OK → mtazevedo44@gmail.com
2026-03-27 09:27:24,926 [INFO] presentation.associados_controller - ✅ [609/921] Enviado para ['mtazevedo44@gmail.com']
2026-03-27 09:27:24,931 [INFO] presentation.associados_controller - ⏱️  Aguardando 2.8s...
2026-03-27 09:27:27,775 [INFO] presentation.associados_controller - 📨 [610/921] Enviando para ['lauracqueiros@sapo.pt']...
2026-03-27 09:28:49,913 [INFO] presentation.associados_controller - [610/921] ERRO: (550, b'5.2.0 63Uew7cQcroyV63Ufw2JDE Sending Prohibited (Max RcptTo Daily limit)') → lauracqueiros@sapo.pt
2026-03-27 09:28:49,913 [INFO] presentation.associados_controller - ❌ [610/921] Erro: ERRO: (550, b'5.2.0 63Uew7cQcroyV63Ufw2JDE Sending Prohibited (Max RcptTo Daily limit)')
2026-03-27 09:28:49,945 [INFO] presentation.associados_controller - ⏱️  Aguardando 2.3s...
2026-03-27 09:28:52,280 [INFO] presentation.associados_controller - 📨 [611/921] Enviando para ['armindocarvalho158@gmail.com']...
2026-03-27 09:30:59,517 [INFO] presentation.associados_controller - [611/921] OK → armindocarvalho158@gmail.com
2026-03-27 09:30:59,517 [INFO] presentation.associados_controller - ✅ [611/921] Enviado para ['armindocarvalho158@gmail.com']
2026-03-27 09:30:59,530 [INFO] presentation.associados_controller - ⏱️  Aguardando 1.7s...
2026-03-27 09:31:01,260 [INFO] presentation.associados_controller - 📨 [612/921] Enviando para ['maria49daluz@gmail.com']...
2026-03-27 09:32:18,290 [INFO] presentation.associados_controller - [612/921] ERRO: (550, b'5.2.0 63XKwkylsGKP163XLw7FiL Sending Prohibited (Max RcptTo Daily limit)') → maria49daluz@gmail.com
2026-03-27 09:32:18,294 [INFO] presentation.associados_controller - ❌ [612/921] Erro: ERRO: (550, b'5.2.0 63XKwkylsGKP163XLw7FiL Sending Prohibited (Max RcptTo Daily limit)')
2026-03-27 09:32:18,331 [INFO] presentation.associados_controller - ⏱️  Aguardando 2.6s...
2026-03-27 09:32:20,955 [INFO] presentation.associados_controller - 📨 [613/921] Enviando para ['adrianocbaptista@gmail.com']...
2026-03-27 09:33:48,881 [INFO] presentation.associados_controller - [613/921] OK → adrianocbaptista@gmail.com
2026-03-27 09:33:48,887 [INFO] presentation.associados_controller - ✅ [613/921] Enviado para ['adrianocbaptista@gmail.com']
2026-03-27 09:33:48,887 [INFO] presentation.associados_controller - ⏱️  Aguardando 1.6s...
2026-03-27 09:33:50,481 [INFO] presentation.associados_controller - 📨 [614/921] Enviando para ['m.arminda.c.barbosa@gmail.com']...
2026-03-27 09:35:46,003 [INFO] presentation.associados_controller - [614/921] ERRO: (550, b'5.2.0 63adwMYfJ2rGz63aewRIPU Sending Prohibited (Max RcptTo Daily limit)') → m.arminda.c.barbosa@gmail.com
2026-03-27 09:35:46,010 [INFO] presentation.associados_controller - ❌ [614/921] Erro: ERRO: (550, b'5.2.0 63adwMYfJ2rGz63aewRIPU Sending Prohibited (Max RcptTo Daily limit)')
2026-03-27 09:35:46,048 [INFO] presentation.associados_controller - ⏱️  Aguardando 2.1s...
2026-03-27 09:35:48,175 [INFO] presentation.associados_controller - 📨 [615/921] Enviando para ['armando.m.campos@sapo.pt']...
2026-03-27 09:36:53,011 [INFO] presentation.associados_controller - [615/921] OK → armando.m.campos@sapo.pt
2026-03-27 09:36:53,029 [INFO] presentation.associados_controller - ✅ [615/921] Enviado para ['armando.m.campos@sapo.pt']
2026-03-27 09:36:53,045 [INFO] presentation.associados_controller - ⏱️  Aguardando 1.4s...
2026-03-27 09:36:54,490 [INFO] presentation.associados_controller - 📨 [616/921] Enviando para ['dol@net.sapo.pt']...
2026-03-27 09:38:25,389 [INFO] presentation.associados_controller - [616/921] OK → dol@net.sapo.pt
2026-03-27 09:38:25,403 [INFO] presentation.associados_controller - ✅ [616/921] Enviado para ['dol@net.sapo.pt']
2026-03-27 09:38:25,405 [INFO] presentation.associados_controller - ⏱️  Aguardando 1.1s...
2026-03-27 09:38:26,521 [INFO] presentation.associados_controller - 📨 [617/921] Enviando para ['irenedomingues55@hotmail.com']...
2026-03-27 09:40:47,146 [INFO] presentation.associados_controller - [617/921] ERRO: (550, b'5.2.0 63fNw7pSbroyV63fOw2OU0 Sending Prohibited (Max RcptTo Daily limit)') → irenedomingues55@hotmail.com
2026-03-27 09:40:47,146 [INFO] presentation.associados_controller - ❌ [617/921] Erro: ERRO: (550, b'5.2.0 63fNw7pSbroyV63fOw2OU0 Sending Prohibited (Max RcptTo Daily limit)')
2026-03-27 09:40:47,184 [INFO] presentation.associados_controller - ⏱️  Aguardando 2.5s...
2026-03-27 09:40:49,731 [INFO] presentation.associados_controller - 📨 [618/921] Enviando para ['zenaif9@hotmail.com']...
2026-03-27 09:42:02,155 [INFO] presentation.associados_controller - [618/921] OK → zenaif9@hotmail.com
2026-03-27 09:42:02,155 [INFO] presentation.associados_controller - ✅ [618/921] Enviado para ['zenaif9@hotmail.com']
2026-03-27 09:42:02,177 [INFO] presentation.associados_controller - ⏱️  Aguardando 1.6s...
2026-03-27 09:42:03,763 [INFO] presentation.associados_controller - 📨 [619/921] Enviando para ['arcddavid@gmail.com']...
2026-03-27 09:43:08,373 [INFO] presentation.associados_controller - [619/921] ERRO: (550, b'5.2.0 63iDwoVi6vo9B63iEw4S4S Sending Prohibited (Max RcptTo Daily limit)') → arcddavid@gmail.com
2026-03-27 09:43:08,381 [INFO] presentation.associados_controller - ❌ [619/921] Erro: ERRO: (550, b'5.2.0 63iDwoVi6vo9B63iEw4S4S Sending Prohibited (Max RcptTo Daily limit)')
2026-03-27 09:43:08,417 [INFO] presentation.associados_controller - ⏱️  Aguardando 1.2s...
2026-03-27 09:43:09,684 [INFO] presentation.associados_controller - 📨 [620/921] Enviando para ['mapa.almeida@gmail.com']...
2026-03-27 09:43:45,806 [INFO] presentation.associados_controller - [620/921] OK → mapa.almeida@gmail.com
2026-03-27 09:43:45,812 [INFO] presentation.associados_controller - ✅ [620/921] Enviado para ['mapa.almeida@gmail.com']
2026-03-27 09:43:45,819 [INFO] presentation.associados_controller - ⏱️  Aguardando 3.0s...
2026-03-27 09:43:48,829 [INFO] presentation.associados_controller - 📨 [621/921] Enviando para ['isabel.alves77@gmail.com']...
2026-03-27 09:45:14,906 [INFO] presentation.associados_controller - [621/921] OK → isabel.alves77@gmail.com
2026-03-27 09:45:14,906 [INFO] presentation.associados_controller - ✅ [621/921] Enviado para ['isabel.alves77@gmail.com']
2026-03-27 09:45:14,906 [INFO] presentation.associados_controller - ⏱️  Aguardando 2.1s...
2026-03-27 09:45:16,997 [INFO] presentation.associados_controller - 📨 [622/921] Enviando para ['a.jose.oliveira@sapo.pt']...
2026-03-27 09:46:57,738 [INFO] presentation.associados_controller - [622/921] ERRO: (550, b'5.2.0 63m6wlGLeGKP163m7w7MzE Sending Prohibited (Max RcptTo Daily limit)') → a.jose.oliveira@sapo.pt
2026-03-27 09:46:57,748 [INFO] presentation.associados_controller - ❌ [622/921] Erro: ERRO: (550, b'5.2.0 63m6wlGLeGKP163m7w7MzE Sending Prohibited (Max RcptTo Daily limit)')
2026-03-27 09:46:57,771 [INFO] presentation.associados_controller - ⏱️  Aguardando 1.2s...
2026-03-27 09:46:59,037 [INFO] presentation.associados_controller - 📨 [623/921] Enviando para ['gloria.l.sousa@meo.pt']...
2026-03-27 09:48:14,946 [INFO] presentation.associados_controller - [623/921] OK → gloria.l.sousa@meo.pt
2026-03-27 09:48:14,963 [INFO] presentation.associados_controller - ✅ [623/921] Enviado para ['gloria.l.sousa@meo.pt']
2026-03-27 09:48:14,963 [INFO] presentation.associados_controller - ⏱️  Aguardando 2.3s...
2026-03-27 09:48:17,291 [INFO] presentation.associados_controller - 📨 [624/921] Enviando para ['jr1937@sapo.pt']...
2026-03-27 09:50:24,710 [INFO] presentation.associados_controller - [624/921] ERRO: (550, b'5.2.0 63pKwlKDVGKP163pKw7OcU Sending Prohibited (Max RcptTo Daily limit)') → jr1937@sapo.pt
2026-03-27 09:50:24,713 [INFO] presentation.associados_controller - ❌ [624/921] Erro: ERRO: (550, b'5.2.0 63pKwlKDVGKP163pKw7OcU Sending Prohibited (Max RcptTo Daily limit)')
2026-03-27 09:50:24,734 [INFO] presentation.associados_controller - ⏱️  Aguardando 1.6s...
2026-03-27 09:50:26,333 [INFO] presentation.associados_controller - 📨 [625/921] Enviando para ['manuelantoniocosta1945@gmail.com']...
2026-03-27 09:51:47,837 [INFO] presentation.associados_controller - [625/921] OK → manuelantoniocosta1945@gmail.com
2026-03-27 09:51:47,843 [INFO] presentation.associados_controller - ✅ [625/921] Enviado para ['manuelantoniocosta1945@gmail.com']
2026-03-27 09:51:47,855 [INFO] presentation.associados_controller - ⏱️  Aguardando 2.7s...
2026-03-27 09:51:50,532 [INFO] presentation.associados_controller - 📨 [626/921] Enviando para ['prin.diana2009@gmail.com']...
2026-03-27 09:52:51,173 [INFO] presentation.associados_controller - [626/921] ERRO: (550, b'5.2.0 63rTwoggOvo9B63rUw4Wiv Sending Prohibited (Max RcptTo Daily limit)') → prin.diana2009@gmail.com
2026-03-27 09:52:51,182 [INFO] presentation.associados_controller - ❌ [626/921] Erro: ERRO: (550, b'5.2.0 63rTwoggOvo9B63rUw4Wiv Sending Prohibited (Max RcptTo Daily limit)')
2026-03-27 09:52:51,218 [INFO] presentation.associados_controller - ⏱️  Aguardando 1.7s...
2026-03-27 09:52:52,917 [INFO] presentation.associados_controller - 📨 [627/921] Enviando para ['luisa.ramalhinho@sapo.pt']...
2026-03-27 09:53:47,849 [INFO] presentation.associados_controller - [627/921] OK → luisa.ramalhinho@sapo.pt
2026-03-27 09:53:47,849 [INFO] presentation.associados_controller - ✅ [627/921] Enviado para ['luisa.ramalhinho@sapo.pt']
2026-03-27 09:53:47,872 [INFO] presentation.associados_controller - ⏱️  Aguardando 1.7s...
2026-03-27 09:53:49,604 [INFO] presentation.associados_controller - 📨 [628/921] Enviando para ['jasfaneco@sapo.pt']...
2026-03-27 09:54:18,307 [INFO] presentation.associados_controller - [628/921] ERRO: (550, b'5.2.0 63tCwlPAVGKP163tDw7Qi9 Sending Prohibited (Max RcptTo Daily limit)') → jasfaneco@sapo.pt
2026-03-27 09:54:18,312 [INFO] presentation.associados_controller - ❌ [628/921] Erro: ERRO: (550, b'5.2.0 63tCwlPAVGKP163tDw7Qi9 Sending Prohibited (Max RcptTo Daily limit)')
2026-03-27 09:54:18,351 [INFO] presentation.associados_controller - ⏱️  Aguardando 2.1s...
2026-03-27 09:54:20,450 [INFO] presentation.associados_controller - 📨 [629/921] Enviando para ['joseribeirolemos@gmail.com']...
2026-03-27 09:55:40,235 [INFO] presentation.associados_controller - [629/921] OK → joseribeirolemos@gmail.com
2026-03-27 09:55:40,235 [INFO] presentation.associados_controller - ✅ [629/921] Enviado para ['joseribeirolemos@gmail.com']
2026-03-27 09:55:40,250 [INFO] presentation.associados_controller - ⏱️  Aguardando 2.7s...
2026-03-27 09:55:43,003 [INFO] presentation.associados_controller - 📨 [630/921] Enviando para ['clara.magalhaes@gmail.com']...
2026-03-27 09:57:08,479 [INFO] presentation.associados_controller - [630/921] OK → clara.magalhaes@gmail.com
2026-03-27 09:57:08,479 [INFO] presentation.associados_controller - ✅ [630/921] Enviado para ['clara.magalhaes@gmail.com']
2026-03-27 09:57:08,495 [INFO] presentation.associados_controller - ⏱️  Aguardando 1.8s...
2026-03-27 09:57:10,325 [INFO] presentation.associados_controller - 📨 [631/921] Enviando para ['balinho1949@gmail.com']...
2026-03-27 09:59:37,827 [INFO] presentation.associados_controller - [631/921] ERRO: (550, b'5.2.0 63xXwRY9FgBXk63xYwPjd2 Sending Prohibited (Max RcptTo Daily limit)') → balinho1949@gmail.com
2026-03-27 09:59:37,835 [INFO] presentation.associados_controller - ❌ [631/921] Erro: ERRO: (550, b'5.2.0 63xXwRY9FgBXk63xYwPjd2 Sending Prohibited (Max RcptTo Daily limit)')
2026-03-27 09:59:37,859 [INFO] presentation.associados_controller - ⏱️  Aguardando 2.5s...
2026-03-27 09:59:40,338 [INFO] presentation.associados_controller - 📨 [632/921] Enviando para ['dinisdeoliveira@gmail.com']...
2026-03-27 10:01:32,242 [INFO] presentation.associados_controller - [632/921] ERRO: (550, b'5.2.0 63zhwQmHZ04iI63zjwf9pr Sending Prohibited (Max RcptTo Daily limit)') → dinisdeoliveira@gmail.com
2026-03-27 10:01:32,242 [INFO] presentation.associados_controller - ❌ [632/921] Erro: ERRO: (550, b'5.2.0 63zhwQmHZ04iI63zjwf9pr Sending Prohibited (Max RcptTo Daily limit)')
2026-03-27 10:01:32,272 [INFO] presentation.associados_controller - ⏱️  Aguardando 2.1s...
2026-03-27 10:01:34,365 [INFO] presentation.associados_controller - 📨 [633/921] Enviando para ['fernandomonteiro70@sapo.pt']...
2026-03-27 10:03:04,056 [INFO] presentation.associados_controller - [633/921] OK → fernandomonteiro70@sapo.pt
2026-03-27 10:03:04,063 [INFO] presentation.associados_controller - ✅ [633/921] Enviado para ['fernandomonteiro70@sapo.pt']
2026-03-27 10:03:04,071 [INFO] presentation.associados_controller - ⏱️  Aguardando 1.9s...
2026-03-27 10:03:05,943 [INFO] presentation.associados_controller - 📨 [634/921] Enviando para ['rogerio-f-azevedo@telecom.pt']...
2026-03-27 10:04:27,326 [INFO] presentation.associados_controller - [634/921] OK → rogerio-f-azevedo@telecom.pt
2026-03-27 10:04:27,326 [INFO] presentation.associados_controller - ✅ [634/921] Enviado para ['rogerio-f-azevedo@telecom.pt']
2026-03-27 10:04:27,342 [INFO] presentation.associados_controller - ⏱️  Aguardando 3.0s...
2026-03-27 10:04:30,355 [INFO] presentation.associados_controller - 📨 [635/921] Enviando para ['gloriagomes@live.com.pt']...
2026-03-27 10:05:30,175 [INFO] presentation.associados_controller - [635/921] ERRO: (550, b'5.2.0 643zwowZrvo9B6440w4dOz Sending Prohibited (Max RcptTo Daily limit)') → gloriagomes@live.com.pt
2026-03-27 10:05:30,191 [INFO] presentation.associados_controller - ❌ [635/921] Erro: ERRO: (550, b'5.2.0 643zwowZrvo9B6440w4dOz Sending Prohibited (Max RcptTo Daily limit)')
2026-03-27 10:05:30,222 [INFO] presentation.associados_controller - ⏱️  Aguardando 2.2s...
2026-03-27 10:05:32,475 [INFO] presentation.associados_controller - 📨 [636/921] Enviando para ['horacio.p.silva@sapo.pt']...
2026-03-27 10:06:14,639 [INFO] presentation.associados_controller - [636/921] OK → horacio.p.silva@sapo.pt
2026-03-27 10:06:14,654 [INFO] presentation.associados_controller - ✅ [636/921] Enviado para ['horacio.p.silva@sapo.pt']
2026-03-27 10:06:14,671 [INFO] presentation.associados_controller - ⏱️  Aguardando 2.1s...
2026-03-27 10:06:16,825 [INFO] presentation.associados_controller - 📨 [637/921] Enviando para ['jsousabessa@gmail.com']...
2026-03-27 10:08:03,369 [INFO] presentation.associados_controller - [637/921] ERRO: (550, b'5.2.0 645twQuB604iI645uwfDFq Sending Prohibited (Max RcptTo Daily limit)') → jsousabessa@gmail.com
2026-03-27 10:08:03,385 [INFO] presentation.associados_controller - ❌ [637/921] Erro: ERRO: (550, b'5.2.0 645twQuB604iI645uwfDFq Sending Prohibited (Max RcptTo Daily limit)')
2026-03-27 10:08:03,417 [INFO] presentation.associados_controller - ⏱️  Aguardando 1.8s...
2026-03-27 10:08:05,270 [INFO] presentation.associados_controller - 📨 [638/921] Enviando para ['pedro-s-guimaraes@sapo.pt']...
2026-03-27 10:09:36,585 [INFO] presentation.associados_controller - [638/921] ERRO: (550, b'5.2.0 647qw8OFDroyV647rw2d0h Sending Prohibited (Max RcptTo Daily limit)') → pedro-s-guimaraes@sapo.pt
2026-03-27 10:09:36,585 [INFO] presentation.associados_controller - ❌ [638/921] Erro: ERRO: (550, b'5.2.0 647qw8OFDroyV647rw2d0h Sending Prohibited (Max RcptTo Daily limit)')
2026-03-27 10:09:36,626 [INFO] presentation.associados_controller - ⏱️  Aguardando 1.1s...
2026-03-27 10:09:37,780 [INFO] presentation.associados_controller - 📨 [639/921] Enviando para ['jose.f.n.costa@sapo.pt']...
2026-03-27 10:12:18,718 [INFO] presentation.associados_controller - [639/921] ERRO: (550, b'5.2.0 649Kwp3CXvo9B649Lw4gC1 Sending Prohibited (Max RcptTo Daily limit)') → jose.f.n.costa@sapo.pt
2026-03-27 10:12:18,718 [INFO] presentation.associados_controller - ❌ [639/921] Erro: ERRO: (550, b'5.2.0 649Kwp3CXvo9B649Lw4gC1 Sending Prohibited (Max RcptTo Daily limit)')
2026-03-27 10:12:18,734 [INFO] presentation.associados_controller - ⏱️  Aguardando 3.0s...
2026-03-27 10:12:21,742 [INFO] presentation.associados_controller - 📨 [640/921] Enviando para ['as2046921@sapo.pt']...
2026-03-27 10:13:21,544 [INFO] presentation.associados_controller - [640/921] OK → as2046921@sapo.pt
2026-03-27 10:13:21,563 [INFO] presentation.associados_controller - ✅ [640/921] Enviado para ['as2046921@sapo.pt']
2026-03-27 10:13:21,575 [INFO] presentation.associados_controller - ⏱️  Aguardando 2.8s...
2026-03-27 10:13:24,354 [INFO] presentation.associados_controller - 📨 [641/921] Enviando para ['pedro.d.sampaio@sapo.pt']...
2026-03-27 10:14:56,632 [INFO] presentation.associados_controller - [641/921] ERRO: (550, b'5.2.0 64CJwRqIegBXk64CKwPr1c Sending Prohibited (Max RcptTo Daily limit)') → pedro.d.sampaio@sapo.pt
2026-03-27 10:14:56,636 [INFO] presentation.associados_controller - ❌ [641/921] Erro: ERRO: (550, b'5.2.0 64CJwRqIegBXk64CKwPr1c Sending Prohibited (Max RcptTo Daily limit)')
2026-03-27 10:14:56,651 [INFO] presentation.associados_controller - ⏱️  Aguardando 2.7s...
2026-03-27 10:14:59,397 [INFO] presentation.associados_controller - 📨 [642/921] Enviando para ['sfonseca1999@gmail.com']...
2026-03-27 10:15:33,164 [INFO] presentation.associados_controller - [642/921] OK → sfonseca1999@gmail.com
2026-03-27 10:15:33,164 [INFO] presentation.associados_controller - ✅ [642/921] Enviado para ['sfonseca1999@gmail.com']
2026-03-27 10:15:33,180 [INFO] presentation.associados_controller - ⏱️  Aguardando 1.4s...
2026-03-27 10:15:34,573 [INFO] presentation.associados_controller - 📨 [643/921] Enviando para ['rui-c-silva@sapo.pt']...
2026-03-27 10:16:08,921 [INFO] presentation.associados_controller - [643/921] ERRO: (550, b'5.2.0 64EVwR4wN04iI64EXwfHg6 Sending Prohibited (Max RcptTo Daily limit)') → rui-c-silva@sapo.pt
2026-03-27 10:16:08,929 [INFO] presentation.associados_controller - ❌ [643/921] Erro: ERRO: (550, b'5.2.0 64EVwR4wN04iI64EXwfHg6 Sending Prohibited (Max RcptTo Daily limit)')
2026-03-27 10:16:08,963 [INFO] presentation.associados_controller - ⏱️  Aguardando 2.9s...
2026-03-27 10:16:11,868 [INFO] presentation.associados_controller - 📨 [644/921] Enviando para ['balbinacarvalho@sapo.pt']...
2026-03-27 10:17:29,750 [INFO] presentation.associados_controller - [644/921] OK → balbinacarvalho@sapo.pt
2026-03-27 10:17:29,750 [INFO] presentation.associados_controller - ✅ [644/921] Enviado para ['balbinacarvalho@sapo.pt']
2026-03-27 10:17:29,766 [INFO] presentation.associados_controller - ⏱️  Aguardando 1.0s...
2026-03-27 10:17:30,793 [INFO] presentation.associados_controller - 📨 [645/921] Enviando para ['mariaemiliaribeiro1950@gmail.com']...
2026-03-27 10:18:30,499 [INFO] presentation.associados_controller - [645/921] ERRO: (550, b'5.2.0 64GNwR7XB04iI64GOwfIl6 Sending Prohibited (Max RcptTo Daily limit)') → mariaemiliaribeiro1950@gmail.com
2026-03-27 10:18:30,501 [INFO] presentation.associados_controller - ❌ [645/921] Erro: ERRO: (550, b'5.2.0 64GNwR7XB04iI64GOwfIl6 Sending Prohibited (Max RcptTo Daily limit)')
2026-03-27 10:18:30,533 [INFO] presentation.associados_controller - ⏱️  Aguardando 2.0s...
2026-03-27 10:18:32,514 [INFO] presentation.associados_controller - 📨 [646/921] Enviando para ['maelaurinda1946@gmail.com']...
2026-03-27 10:19:10,525 [INFO] presentation.associados_controller - [646/921] OK → maelaurinda1946@gmail.com
2026-03-27 10:19:10,542 [INFO] presentation.associados_controller - ✅ [646/921] Enviado para ['maelaurinda1946@gmail.com']
2026-03-27 10:19:10,558 [INFO] presentation.associados_controller - ⏱️  Aguardando 1.7s...
2026-03-27 10:19:12,312 [INFO] presentation.associados_controller - 📨 [647/921] Enviando para ['josesousacoutinho@gmail.com']...
2026-03-27 10:20:03,349 [INFO] presentation.associados_controller - [647/921] ERRO: (550, b'5.2.0 64I5wpEB6vo9B64I6w4ksp Sending Prohibited (Max RcptTo Daily limit)') → josesousacoutinho@gmail.com
2026-03-27 10:20:03,349 [INFO] presentation.associados_controller - ❌ [647/921] Erro: ERRO: (550, b'5.2.0 64I5wpEB6vo9B64I6w4ksp Sending Prohibited (Max RcptTo Daily limit)')
2026-03-27 10:20:03,383 [INFO] presentation.associados_controller - ⏱️  Aguardando 1.2s...
2026-03-27 10:20:04,560 [INFO] presentation.associados_controller - 📨 [648/921] Enviando para ['fernando_oliveira48@hotmail.com']...
2026-03-27 10:21:22,871 [INFO] presentation.associados_controller - [648/921] OK → fernando_oliveira48@hotmail.com
2026-03-27 10:21:22,873 [INFO] presentation.associados_controller - ✅ [648/921] Enviado para ['fernando_oliveira48@hotmail.com']
2026-03-27 10:21:22,889 [INFO] presentation.associados_controller - ⏱️  Aguardando 1.4s...
2026-03-27 10:21:24,292 [INFO] presentation.associados_controller - 📨 [649/921] Enviando para ['maria.f.soares@sapo.pt']...
2026-03-27 10:22:28,134 [INFO] presentation.associados_controller - [649/921] ERRO: (550, b'5.2.0 64KQw8djwroyV64KRw2jSr Sending Prohibited (Max RcptTo Daily limit)') → maria.f.soares@sapo.pt
2026-03-27 10:22:28,141 [INFO] presentation.associados_controller - ❌ [649/921] Erro: ERRO: (550, b'5.2.0 64KQw8djwroyV64KRw2jSr Sending Prohibited (Max RcptTo Daily limit)')
2026-03-27 10:22:28,167 [INFO] presentation.associados_controller - ⏱️  Aguardando 2.4s...
2026-03-27 10:22:30,602 [INFO] presentation.associados_controller - 📨 [650/921] Enviando para ['pedroveiga1983@gmail.com']...
2026-03-27 10:22:56,585 [INFO] presentation.associados_controller - [650/921] OK → pedroveiga1983@gmail.com
2026-03-27 10:22:56,591 [INFO] presentation.associados_controller - ✅ [650/921] Enviado para ['pedroveiga1983@gmail.com']
2026-03-27 10:22:56,602 [INFO] presentation.associados_controller - ⏱️  Aguardando 1.9s...
2026-03-27 10:22:58,471 [INFO] presentation.associados_controller - ⏸️  Pausa de 165s...
2026-03-27 10:25:43,801 [INFO] presentation.associados_controller - Envio concluído.
2026-03-27 10:25:43,814 [INFO] presentation.associados_controller - 📨 [651/921] Enviando para ['claudia.s.tavares@meo.pt']...
2026-03-27 10:26:08,473 [INFO] presentation.associados_controller - [651/921] OK → claudia.s.tavares@meo.pt
2026-03-27 10:26:08,475 [INFO] presentation.associados_controller - ✅ [651/921] Enviado para ['claudia.s.tavares@meo.pt']
2026-03-27 10:26:08,491 [INFO] presentation.associados_controller - ⏱️  Aguardando 2.4s...
2026-03-27 10:26:10,935 [INFO] presentation.associados_controller - 📨 [652/921] Enviando para ['esteves.mario@sapo.pt']...
2026-03-27 10:26:45,107 [INFO] presentation.associados_controller - [652/921] ERRO: (550, b'5.2.0 64OZwS60XgBXk64OawPxYg Sending Prohibited (Max RcptTo Daily limit)') → esteves.mario@sapo.pt
2026-03-27 10:26:45,107 [INFO] presentation.associados_controller - ❌ [652/921] Erro: ERRO: (550, b'5.2.0 64OZwS60XgBXk64OawPxYg Sending Prohibited (Max RcptTo Daily limit)')
2026-03-27 10:26:45,139 [INFO] presentation.associados_controller - ⏱️  Aguardando 1.0s...
2026-03-27 10:26:46,194 [INFO] presentation.associados_controller - 📨 [653/921] Enviando para ['paulo-j-barbosa@sapo.pt']...
2026-03-27 10:28:03,438 [INFO] presentation.associados_controller - [653/921] ERRO: (550, b'5.2.0 64PvwS7oQgBXk64PwwPyMB Sending Prohibited (Max RcptTo Daily limit)') → paulo-j-barbosa@sapo.pt
2026-03-27 10:28:03,438 [INFO] presentation.associados_controller - ❌ [653/921] Erro: ERRO: (550, b'5.2.0 64PvwS7oQgBXk64PwwPyMB Sending Prohibited (Max RcptTo Daily limit)')
2026-03-27 10:28:03,471 [INFO] presentation.associados_controller - ⏱️  Aguardando 1.4s...
2026-03-27 10:28:04,928 [INFO] presentation.associados_controller - 📨 [654/921] Enviando para ['migueljsferreira74@gmail.com']...
2026-03-27 10:28:21,140 [INFO] presentation.associados_controller - [654/921] OK → migueljsferreira74@gmail.com
2026-03-27 10:28:21,140 [INFO] presentation.associados_controller - ✅ [654/921] Enviado para ['migueljsferreira74@gmail.com']
2026-03-27 10:28:21,164 [INFO] presentation.associados_controller - ⏱️  Aguardando 1.8s...
2026-03-27 10:28:22,966 [INFO] presentation.associados_controller - 📨 [655/921] Enviando para ['jdhvalente@gmail.com']...
2026-03-27 10:28:58,547 [INFO] presentation.associados_controller - [655/921] ERRO: (550, b'5.2.0 64QmwS8wTgBXk64QnwPymi Sending Prohibited (Max RcptTo Daily limit)') → jdhvalente@gmail.com
2026-03-27 10:28:58,563 [INFO] presentation.associados_controller - ❌ [655/921] Erro: ERRO: (550, b'5.2.0 64QmwS8wTgBXk64QnwPymi Sending Prohibited (Max RcptTo Daily limit)')
2026-03-27 10:28:58,595 [INFO] presentation.associados_controller - ⏱️  Aguardando 2.2s...
2026-03-27 10:29:00,802 [INFO] presentation.associados_controller - 📨 [656/921] Enviando para ['manueljmachado@sapo.pt']...
2026-03-27 10:30:22,745 [INFO] presentation.associados_controller - [656/921] ERRO: (550, b'5.2.0 64S4wm7khGKP164S5w7jNZ Sending Prohibited (Max RcptTo Daily limit)') → manueljmachado@sapo.pt
2026-03-27 10:30:22,761 [INFO] presentation.associados_controller - ❌ [656/921] Erro: ERRO: (550, b'5.2.0 64S4wm7khGKP164S5w7jNZ Sending Prohibited (Max RcptTo Daily limit)')
2026-03-27 10:30:22,802 [INFO] presentation.associados_controller - ⏱️  Aguardando 2.8s...
2026-03-27 10:30:25,622 [INFO] presentation.associados_controller - 📨 [657/921] Enviando para ['mena.laureano56@sapo.pt']...
2026-03-27 10:31:22,908 [INFO] presentation.associados_controller - [657/921] OK → mena.laureano56@sapo.pt
2026-03-27 10:31:22,914 [INFO] presentation.associados_controller - ✅ [657/921] Enviado para ['mena.laureano56@sapo.pt']
2026-03-27 10:31:22,923 [INFO] presentation.associados_controller - ⏱️  Aguardando 1.9s...
2026-03-27 10:31:24,822 [INFO] presentation.associados_controller - 📨 [658/921] Enviando para ['carocha55@hotmail.com']...
2026-03-27 10:33:08,851 [INFO] presentation.associados_controller - [658/921] ERRO: (550, b'5.2.0 64U4wNfx22rGz64U5wRlOa Sending Prohibited (Max RcptTo Daily limit)') → carocha55@hotmail.com
2026-03-27 10:33:08,865 [INFO] presentation.associados_controller - ❌ [658/921] Erro: ERRO: (550, b'5.2.0 64U4wNfx22rGz64U5wRlOa Sending Prohibited (Max RcptTo Daily limit)')
2026-03-27 10:33:08,867 [INFO] presentation.associados_controller - ⏱️  Aguardando 1.8s...
2026-03-27 10:33:10,723 [INFO] presentation.associados_controller - 📨 [659/921] Enviando para ['vfrocha@sapo.pt']...
2026-03-27 10:33:33,620 [INFO] presentation.associados_controller - [659/921] OK → vfrocha@sapo.pt
2026-03-27 10:33:33,620 [INFO] presentation.associados_controller - ✅ [659/921] Enviado para ['vfrocha@sapo.pt']
2026-03-27 10:33:33,640 [INFO] presentation.associados_controller - ⏱️  Aguardando 2.9s...
2026-03-27 10:33:36,536 [INFO] presentation.associados_controller - 📨 [660/921] Enviando para ['jpldias1952@gmail.com']...
2026-03-27 10:35:07,579 [INFO] presentation.associados_controller - [660/921] OK → jpldias1952@gmail.com
2026-03-27 10:35:07,579 [INFO] presentation.associados_controller - ✅ [660/921] Enviado para ['jpldias1952@gmail.com']
2026-03-27 10:35:07,595 [INFO] presentation.associados_controller - ⏱️  Aguardando 2.8s...
2026-03-27 10:35:10,432 [INFO] presentation.associados_controller - 📨 [661/921] Enviando para ['martamaruja@hotmail.com']...
2026-03-27 10:35:53,409 [INFO] presentation.associados_controller - [661/921] ERRO: (550, b'5.2.0 64XQwSHWFgBXk64XRwQ2Lt Sending Prohibited (Max RcptTo Daily limit)') → martamaruja@hotmail.com
2026-03-27 10:35:53,409 [INFO] presentation.associados_controller - ❌ [661/921] Erro: ERRO: (550, b'5.2.0 64XQwSHWFgBXk64XRwQ2Lt Sending Prohibited (Max RcptTo Daily limit)')
2026-03-27 10:35:53,458 [INFO] presentation.associados_controller - ⏱️  Aguardando 2.0s...
2026-03-27 10:35:55,529 [INFO] presentation.associados_controller - 📨 [662/921] Enviando para ['adriano.costa50@sapo.pt']...
2026-03-27 10:36:31,832 [INFO] presentation.associados_controller - [662/921] OK → adriano.costa50@sapo.pt
2026-03-27 10:36:31,832 [INFO] presentation.associados_controller - ✅ [662/921] Enviado para ['adriano.costa50@sapo.pt']
2026-03-27 10:36:31,847 [INFO] presentation.associados_controller - ⏱️  Aguardando 2.5s...
2026-03-27 10:36:34,386 [INFO] presentation.associados_controller - 📨 [663/921] Enviando para ['mlinabvale@sapo.pt']...
2026-03-27 10:38:32,937 [INFO] presentation.associados_controller - [663/921] ERRO: (550, b'5.2.0 64Zyw8wkwroyV64Zzw2rGl Sending Prohibited (Max RcptTo Daily limit)') → mlinabvale@sapo.pt
2026-03-27 10:38:32,937 [INFO] presentation.associados_controller - ❌ [663/921] Erro: ERRO: (550, b'5.2.0 64Zyw8wkwroyV64Zzw2rGl Sending Prohibited (Max RcptTo Daily limit)')
2026-03-27 10:38:32,975 [INFO] presentation.associados_controller - ⏱️  Aguardando 2.1s...
2026-03-27 10:38:35,141 [INFO] presentation.associados_controller - 📨 [664/921] Enviando para ['casimiracarvalhosilva@sapo.pt']...
2026-03-27 10:39:05,686 [INFO] presentation.associados_controller - [664/921] OK → casimiracarvalhosilva@sapo.pt
2026-03-27 10:39:05,691 [INFO] presentation.associados_controller - ✅ [664/921] Enviado para ['casimiracarvalhosilva@sapo.pt']
2026-03-27 10:39:05,706 [INFO] presentation.associados_controller - ⏱️  Aguardando 2.3s...
2026-03-27 10:39:08,005 [INFO] presentation.associados_controller - 📨 [665/921] Enviando para ['joaosousalima@sapo.pt']...
2026-03-27 10:40:51,135 [INFO] presentation.associados_controller - [665/921] OK → joaosousalima@sapo.pt
2026-03-27 10:40:51,140 [INFO] presentation.associados_controller - ✅ [665/921] Enviado para ['joaosousalima@sapo.pt']
2026-03-27 10:40:51,144 [INFO] presentation.associados_controller - ⏱️  Aguardando 1.3s...
2026-03-27 10:40:52,417 [INFO] presentation.associados_controller - 📨 [666/921] Enviando para ['antonio-lc-sousa@sapo.pt']...
2026-03-27 10:45:16,138 [INFO] presentation.associados_controller - [666/921] OK → antonio-lc-sousa@sapo.pt
2026-03-27 10:45:16,142 [INFO] presentation.associados_controller - ✅ [666/921] Enviado para ['antonio-lc-sousa@sapo.pt']
2026-03-27 10:45:16,154 [INFO] presentation.associados_controller - ⏱️  Aguardando 2.4s...
2026-03-27 10:45:18,554 [INFO] presentation.associados_controller - 📨 [667/921] Enviando para ['m-helena-rodrigues@sapo.pt']...
2026-03-27 10:46:11,034 [INFO] presentation.associados_controller - [667/921] ERRO: (550, b'5.2.0 64hPwmR4NGKP164hQw7rIG Sending Prohibited (Max RcptTo Daily limit)') → m-helena-rodrigues@sapo.pt
2026-03-27 10:46:11,040 [INFO] presentation.associados_controller - ❌ [667/921] Erro: ERRO: (550, b'5.2.0 64hPwmR4NGKP164hQw7rIG Sending Prohibited (Max RcptTo Daily limit)')
2026-03-27 10:46:11,074 [INFO] presentation.associados_controller - ⏱️  Aguardando 1.3s...
2026-03-27 10:46:12,341 [INFO] presentation.associados_controller - 📨 [668/921] Enviando para ['sacoazul62@gmail.com']...
2026-03-27 10:46:43,701 [INFO] presentation.associados_controller - [668/921] OK → sacoazul62@gmail.com
2026-03-27 10:46:43,707 [INFO] presentation.associados_controller - ✅ [668/921] Enviado para ['sacoazul62@gmail.com']
2026-03-27 10:46:43,726 [INFO] presentation.associados_controller - ⏱️  Aguardando 2.7s...
2026-03-27 10:46:46,421 [INFO] presentation.associados_controller - 📨 [669/921] Enviando para ['taveirari@hotmail.com']...
2026-03-27 11:46:11,172 [INFO] presentation.associados_controller - Selecione o template do email.
2026-03-27 11:46:14,719 [INFO] presentation.associados_controller - Template selecionado: JornalMarço26.docx
2026-03-27 11:46:14,719 [INFO] presentation.associados_controller - Selecione um ou mais anexos (opcional).
2026-03-27 11:46:19,500 [INFO] presentation.associados_controller - Anexos selecionados: Guia_Consumidor_Idoso.pdf, Jornal ATRPT março de 2026.pdf
2026-03-27 11:46:19,500 [INFO] presentation.associados_controller - Construindo dados de envio...
2026-03-27 11:46:19,500 [INFO] application.associados.enviar_emails_usecase - ============================================================
2026-03-27 11:46:19,500 [INFO] application.associados.enviar_emails_usecase - FASE 1: PREPARAÇÃO DAS MENSAGENS
2026-03-27 11:46:19,500 [INFO] application.associados.enviar_emails_usecase - ============================================================
2026-03-27 11:46:19,500 [INFO] presentation.associados_controller - 📝 Fase 1: Preparando mensagens...
2026-03-27 11:46:20,026 [INFO] application.associados.enviar_emails_usecase - Dados carregados: 921 associados ativos com email
2026-03-27 11:46:20,233 [INFO] application.associados.enviar_emails_usecase - saldos carregados: 1327 registos
2026-03-27 11:46:20,249 [INFO] presentation.associados_controller - 📧 Assunto: Jornal ATRPT Março 2026
2026-03-27 11:46:20,249 [INFO] presentation.associados_controller - 📁 Logs: logs/associados/jornalatrptmarco2026_*.log
2026-03-27 11:46:20,249 [INFO] application.associados.enviar_emails_usecase - Campo 'sexo' processado
2026-03-27 11:46:20,249 [INFO] application.associados.enviar_emails_usecase - Campo 'nome' processado
2026-03-27 11:46:20,249 [INFO] application.associados.enviar_emails_usecase - Placeholders encontrados: []
2026-03-27 11:46:20,249 [INFO] application.associados.enviar_emails_usecase - 🔄 Renderizando 921 mensagens...
2026-03-27 11:46:20,249 [INFO] presentation.associados_controller - 🔄 Renderizando 921 mensagens...
2026-03-27 11:46:20,328 [INFO] application.associados.enviar_emails_usecase - ✅ Preparação concluída. total de mensagens: 921
2026-03-27 11:46:20,328 [INFO] presentation.associados_controller - ✅ 921 mensagens preparadas
2026-03-27 11:46:20,328 [INFO] presentation.associados_controller - Dados preparados: 921 mensagens
2026-03-27 11:46:26,267 [INFO] presentation.associados_controller - Usando ficheiro existente: G:\.shortcut-targets-by-id\1U63DGZ6urrQl6543DNHJZQR93oRmv-G2\Associados\jornalatrptmarco2026_envio.xlsx
2026-03-27 11:46:26,315 [INFO] application.associados.enviar_emails_usecase - ============================================================
2026-03-27 11:46:26,315 [INFO] application.associados.enviar_emails_usecase - FASE 1: PREPARAÇÃO DAS MENSAGENS
2026-03-27 11:46:26,315 [INFO] application.associados.enviar_emails_usecase - ============================================================
2026-03-27 11:46:26,315 [INFO] presentation.associados_controller - 📝 Fase 1: Preparando mensagens...
2026-03-27 11:46:26,331 [INFO] presentation.associados_controller - 📧 Assunto: Jornal ATRPT Março 2026
2026-03-27 11:46:26,331 [INFO] presentation.associados_controller - 📁 Logs: logs/associados/jornalatrptmarco2026_*.log
2026-03-27 11:46:26,347 [INFO] application.associados.enviar_emails_usecase - Campo 'nome' processado
2026-03-27 11:46:26,347 [INFO] application.associados.enviar_emails_usecase - Placeholders encontrados: []
2026-03-27 11:46:26,347 [INFO] application.associados.enviar_emails_usecase - 🔄 Renderizando 835 mensagens...
2026-03-27 11:46:26,347 [INFO] presentation.associados_controller - 🔄 Renderizando 835 mensagens...
2026-03-27 11:46:26,379 [INFO] application.associados.enviar_emails_usecase - ✅ Preparação concluída. total de mensagens: 835
2026-03-27 11:46:26,379 [INFO] presentation.associados_controller - ✅ 835 mensagens preparadas
2026-03-27 11:46:33,911 [INFO] presentation.associados_controller - Iniciando envio para 835 associados...
2026-03-27 11:46:33,927 [INFO] presentation.associados_controller - 💡 Sistema mantido ativo durante o envio
2026-03-27 11:46:33,927 [INFO] root - Início do envio...
2026-03-27 11:46:33,927 [INFO] root - Associados selecionados=835
2026-03-27 11:46:33,927 [INFO] application.associados.enviar_emails_usecase - ============================================================
2026-03-27 11:46:33,927 [INFO] application.associados.enviar_emails_usecase - FASE 3: ENVIO DAS MENSAGENS (MODO BATCH)
2026-03-27 11:46:33,927 [INFO] application.associados.enviar_emails_usecase - ============================================================
2026-03-27 11:46:33,943 [INFO] presentation.associados_controller - 📧 Fase 3: Iniciando envio...
2026-03-27 11:46:33,943 [INFO] presentation.associados_controller - 📧 Preparando envio de 835 emails...
2026-03-27 11:46:33,972 [INFO] presentation.associados_controller - ✅ 835 mensagens preparadas para envio
2026-03-27 11:46:33,974 [INFO] presentation.associados_controller - 📁 Logs serão guardados em: logs\associados\jornalatrptmarco2026
2026-03-27 11:46:33,974 [INFO] application.associados.enviar_emails_usecase - Usando EmailSender existente
2026-03-27 11:46:33,974 [INFO] presentation.associados_controller - 🚀 A enviar emails...
2026-03-27 11:46:33,990 [INFO] application.associados.enviar_emails_usecase - 📨 [1/835] Enviando para ['2015fatimasilva@gmail.com']...
2026-03-27 11:46:33,990 [INFO] presentation.associados_controller - 📨 [1/835] Enviando para ['2015fatimasilva@gmail.com']...
2026-03-27 11:48:02,127 [INFO] application.associados.enviar_emails_usecase - [1/835] OK → 2015fatimasilva@gmail.com
2026-03-27 11:48:02,127 [INFO] presentation.associados_controller - [1/835] OK → 2015fatimasilva@gmail.com
2026-03-27 11:48:02,127 [INFO] application.associados.enviar_emails_usecase - ✅ [1/835] Enviado para ['2015fatimasilva@gmail.com']
2026-03-27 11:48:02,141 [INFO] presentation.associados_controller - ✅ [1/835] Enviado para ['2015fatimasilva@gmail.com']
2026-03-27 11:48:02,141 [INFO] application.associados.enviar_emails_usecase - ⏱️  Aguardando 1.7s...
2026-03-27 11:48:02,141 [INFO] presentation.associados_controller - ⏱️  Aguardando 1.7s...
2026-03-27 11:48:03,888 [INFO] application.associados.enviar_emails_usecase - 📨 [2/835] Enviando para ['26ruipedro@gmail.com']...
2026-03-27 11:48:03,888 [INFO] presentation.associados_controller - 📨 [2/835] Enviando para ['26ruipedro@gmail.com']...
2026-03-27 11:49:28,587 [INFO] application.associados.enviar_emails_usecase - [2/835] ERRO: (550, b'5.2.0 65gAwAIn9royV65gBw3Ojx Sending Prohibited (Max RcptTo Daily limit)') → 26ruipedro@gmail.com
2026-03-27 11:49:28,587 [INFO] presentation.associados_controller - [2/835] ERRO: (550, b'5.2.0 65gAwAIn9royV65gBw3Ojx Sending Prohibited (Max RcptTo Daily limit)') → 26ruipedro@gmail.com
2026-03-27 11:49:28,603 [INFO] application.associados.enviar_emails_usecase - ❌ [2/835] Erro: ERRO: (550, b'5.2.0 65gAwAIn9royV65gBw3Ojx Sending Prohibited (Max RcptTo Daily limit)')
2026-03-27 11:49:28,635 [INFO] presentation.associados_controller - ❌ [2/835] Erro: ERRO: (550, b'5.2.0 65gAwAIn9royV65gBw3Ojx Sending Prohibited (Max RcptTo Daily limit)')
2026-03-27 11:49:28,635 [INFO] application.associados.enviar_emails_usecase - ⏱️  Aguardando 2.4s...
2026-03-27 11:49:28,648 [INFO] presentation.associados_controller - ⏱️  Aguardando 2.4s...
2026-03-27 11:49:31,013 [INFO] application.associados.enviar_emails_usecase - 📨 [3/835] Enviando para ['a.j.f.simoes1955@gmail.com']...
2026-03-27 11:49:31,013 [INFO] presentation.associados_controller - 📨 [3/835] Enviando para ['a.j.f.simoes1955@gmail.com']...
2026-03-27 11:50:45,025 [INFO] application.associados.enviar_emails_usecase - [3/835] OK → a.j.f.simoes1955@gmail.com
2026-03-27 11:50:45,025 [INFO] presentation.associados_controller - [3/835] OK → a.j.f.simoes1955@gmail.com
2026-03-27 11:50:45,041 [INFO] application.associados.enviar_emails_usecase - ✅ [3/835] Enviado para ['a.j.f.simoes1955@gmail.com']
2026-03-27 11:50:45,047 [INFO] presentation.associados_controller - ✅ [3/835] Enviado para ['a.j.f.simoes1955@gmail.com']
2026-03-27 11:50:45,047 [INFO] application.associados.enviar_emails_usecase - ⏱️  Aguardando 1.9s...
2026-03-27 11:50:45,057 [INFO] presentation.associados_controller - ⏱️  Aguardando 1.9s...
2026-03-27 11:50:46,956 [INFO] application.associados.enviar_emails_usecase - 📨 [4/835] Enviando para ['a.jose.oliveira@sapo.pt']...
2026-03-27 11:50:46,957 [INFO] presentation.associados_controller - 📨 [4/835] Enviando para ['a.jose.oliveira@sapo.pt']...
2026-03-27 11:51:48,341 [INFO] application.associados.enviar_emails_usecase - [4/835] ERRO: (550, b'5.2.0 65ibwPCA82rGz65icwSMVG Sending Prohibited (Max RcptTo Daily limit)') → a.jose.oliveira@sapo.pt
2026-03-27 11:51:48,341 [INFO] presentation.associados_controller - [4/835] ERRO: (550, b'5.2.0 65ibwPCA82rGz65icwSMVG Sending Prohibited (Max RcptTo Daily limit)') → a.jose.oliveira@sapo.pt
2026-03-27 11:51:48,341 [INFO] application.associados.enviar_emails_usecase - ❌ [4/835] Erro: ERRO: (550, b'5.2.0 65ibwPCA82rGz65icwSMVG Sending Prohibited (Max RcptTo Daily limit)')
2026-03-27 11:51:48,373 [INFO] presentation.associados_controller - ❌ [4/835] Erro: ERRO: (550, b'5.2.0 65ibwPCA82rGz65icwSMVG Sending Prohibited (Max RcptTo Daily limit)')
2026-03-27 11:51:48,389 [INFO] application.associados.enviar_emails_usecase - ⏱️  Aguardando 1.9s...
2026-03-27 11:51:48,389 [INFO] presentation.associados_controller - ⏱️  Aguardando 1.9s...
2026-03-27 11:51:50,319 [INFO] application.associados.enviar_emails_usecase - 📨 [5/835] Enviando para ['a.pereira.silva@sapo.pt']...
2026-03-27 11:51:50,319 [INFO] presentation.associados_controller - 📨 [5/835] Enviando para ['a.pereira.silva@sapo.pt']...
2026-03-27 11:53:15,211 [INFO] application.associados.enviar_emails_usecase - [5/835] OK → a.pereira.silva@sapo.pt
2026-03-27 11:53:15,211 [INFO] presentation.associados_controller - [5/835] OK → a.pereira.silva@sapo.pt
2026-03-27 11:53:15,227 [INFO] application.associados.enviar_emails_usecase - ✅ [5/835] Enviado para ['a.pereira.silva@sapo.pt']
2026-03-27 11:53:15,227 [INFO] presentation.associados_controller - ✅ [5/835] Enviado para ['a.pereira.silva@sapo.pt']
2026-03-27 11:53:15,243 [INFO] application.associados.enviar_emails_usecase - ⏱️  Aguardando 2.6s...
2026-03-27 11:53:15,251 [INFO] presentation.associados_controller - ⏱️  Aguardando 2.6s...
2026-03-27 11:53:17,908 [INFO] application.associados.enviar_emails_usecase - 📨 [6/835] Enviando para ['a_lopes_cruz@sapo.pt']...
2026-03-27 11:53:17,908 [INFO] presentation.associados_controller - 📨 [6/835] Enviando para ['a_lopes_cruz@sapo.pt']...
2026-03-27 11:54:45,180 [INFO] application.associados.enviar_emails_usecase - [6/835] OK → a_lopes_cruz@sapo.pt
2026-03-27 11:54:45,180 [INFO] presentation.associados_controller - [6/835] OK → a_lopes_cruz@sapo.pt
2026-03-27 11:54:45,187 [INFO] application.associados.enviar_emails_usecase - ✅ [6/835] Enviado para ['a_lopes_cruz@sapo.pt']
2026-03-27 11:54:45,187 [INFO] presentation.associados_controller - ✅ [6/835] Enviado para ['a_lopes_cruz@sapo.pt']
2026-03-27 11:54:45,203 [INFO] application.associados.enviar_emails_usecase - ⏱️  Aguardando 1.2s...
2026-03-27 11:54:45,203 [INFO] presentation.associados_controller - ⏱️  Aguardando 1.2s...
2026-03-27 11:54:46,459 [INFO] application.associados.enviar_emails_usecase - 📨 [7/835] Enviando para ['a_martins_carvalho@sapo.pt']...
2026-03-27 11:54:46,459 [INFO] presentation.associados_controller - 📨 [7/835] Enviando para ['a_martins_carvalho@sapo.pt']...
2026-03-27 11:56:08,099 [INFO] application.associados.enviar_emails_usecase - [7/835] ERRO: (550, b'5.2.0 65mzwAQr6royV65n0w3RYE Sending Prohibited (Max RcptTo Daily limit)') → a_martins_carvalho@sapo.pt
2026-03-27 11:56:08,099 [INFO] presentation.associados_controller - [7/835] ERRO: (550, b'5.2.0 65mzwAQr6royV65n0w3RYE Sending Prohibited (Max RcptTo Daily limit)') → a_martins_carvalho@sapo.pt
2026-03-27 11:56:08,105 [INFO] application.associados.enviar_emails_usecase - ❌ [7/835] Erro: ERRO: (550, b'5.2.0 65mzwAQr6royV65n0w3RYE Sending Prohibited (Max RcptTo Daily limit)')
2026-03-27 11:56:08,147 [INFO] presentation.associados_controller - ❌ [7/835] Erro: ERRO: (550, b'5.2.0 65mzwAQr6royV65n0w3RYE Sending Prohibited (Max RcptTo Daily limit)')
2026-03-27 11:56:08,147 [INFO] application.associados.enviar_emails_usecase - ⏱️  Aguardando 1.3s...
2026-03-27 11:56:08,147 [INFO] presentation.associados_controller - ⏱️  Aguardando 1.3s...
2026-03-27 11:56:09,476 [INFO] application.associados.enviar_emails_usecase - 📨 [8/835] Enviando para ['aaalmeida@sapo.pt']...
2026-03-27 11:56:09,476 [INFO] presentation.associados_controller - 📨 [8/835] Enviando para ['aaalmeida@sapo.pt']...
2026-03-27 11:56:52,940 [INFO] application.associados.enviar_emails_usecase - [8/835] OK → aaalmeida@sapo.pt
2026-03-27 11:56:52,940 [INFO] presentation.associados_controller - [8/835] OK → aaalmeida@sapo.pt
2026-03-27 11:56:52,956 [INFO] application.associados.enviar_emails_usecase - ✅ [8/835] Enviado para ['aaalmeida@sapo.pt']
2026-03-27 11:56:52,956 [INFO] presentation.associados_controller - ✅ [8/835] Enviado para ['aaalmeida@sapo.pt']
2026-03-27 11:56:52,972 [INFO] application.associados.enviar_emails_usecase - ⏱️  Aguardando 1.9s...
2026-03-27 11:56:52,972 [INFO] presentation.associados_controller - ⏱️  Aguardando 1.9s...
2026-03-27 11:56:54,897 [INFO] application.associados.enviar_emails_usecase - 📨 [9/835] Enviando para ['aalo@sapo.pt']...
2026-03-27 11:56:54,897 [INFO] presentation.associados_controller - 📨 [9/835] Enviando para ['aalo@sapo.pt']...
2026-03-27 11:57:44,478 [INFO] application.associados.enviar_emails_usecase - [9/835] ERRO: (550, b'5.2.0 65ocwT2Rg04iI65odwg3AJ Sending Prohibited (Max RcptTo Daily limit)') → aalo@sapo.pt
2026-03-27 11:57:44,478 [INFO] presentation.associados_controller - [9/835] ERRO: (550, b'5.2.0 65ocwT2Rg04iI65odwg3AJ Sending Prohibited (Max RcptTo Daily limit)') → aalo@sapo.pt
2026-03-27 11:57:44,502 [INFO] application.associados.enviar_emails_usecase - ❌ [9/835] Erro: ERRO: (550, b'5.2.0 65ocwT2Rg04iI65odwg3AJ Sending Prohibited (Max RcptTo Daily limit)')
2026-03-27 11:57:44,529 [INFO] presentation.associados_controller - ❌ [9/835] Erro: ERRO: (550, b'5.2.0 65ocwT2Rg04iI65odwg3AJ Sending Prohibited (Max RcptTo Daily limit)')
2026-03-27 11:57:44,533 [INFO] application.associados.enviar_emails_usecase - ⏱️  Aguardando 2.5s...
2026-03-27 11:57:44,548 [INFO] presentation.associados_controller - ⏱️  Aguardando 2.5s...
2026-03-27 11:57:47,041 [INFO] application.associados.enviar_emails_usecase - 📨 [10/835] Enviando para ['aantoniodamas@sapo.pt']...
2026-03-27 11:57:47,041 [INFO] presentation.associados_controller - 📨 [10/835] Enviando para ['aantoniodamas@sapo.pt']...
2026-03-27 11:58:31,555 [INFO] application.associados.enviar_emails_usecase - [10/835] OK → aantoniodamas@sapo.pt
2026-03-27 11:58:31,555 [INFO] presentation.associados_controller - [10/835] OK → aantoniodamas@sapo.pt
2026-03-27 11:58:31,569 [INFO] application.associados.enviar_emails_usecase - ✅ [10/835] Enviado para ['aantoniodamas@sapo.pt']
2026-03-27 11:58:31,577 [INFO] presentation.associados_controller - ✅ [10/835] Enviado para ['aantoniodamas@sapo.pt']
2026-03-27 11:58:31,581 [INFO] application.associados.enviar_emails_usecase - ⏱️  Aguardando 2.8s...
2026-03-27 11:58:31,589 [INFO] presentation.associados_controller - ⏱️  Aguardando 2.8s...
2026-03-27 11:58:34,438 [INFO] application.associados.enviar_emails_usecase - 📨 [11/835] Enviando para ['abarandela@sapo.pt']...
2026-03-27 11:58:34,438 [INFO] presentation.associados_controller - 📨 [11/835] Enviando para ['abarandela@sapo.pt']...
2026-03-27 11:59:54,833 [INFO] presentation.associados_controller - Selecione o template do email.
2026-03-27 11:59:58,359 [INFO] presentation.associados_controller - Template selecionado: JornalMarço26.docx
2026-03-27 11:59:58,359 [INFO] presentation.associados_controller - Selecione um ou mais anexos (opcional).
2026-03-27 12:00:01,635 [INFO] presentation.associados_controller - Anexos selecionados: Guia_Consumidor_Idoso.pdf, Jornal ATRPT março de 2026.pdf
2026-03-27 12:00:01,635 [INFO] presentation.associados_controller - Construindo dados de envio...
2026-03-27 12:00:01,635 [INFO] application.associados.enviar_emails_usecase - ============================================================
2026-03-27 12:00:01,635 [INFO] application.associados.enviar_emails_usecase - FASE 1: PREPARAÇÃO DAS MENSAGENS
2026-03-27 12:00:01,635 [INFO] application.associados.enviar_emails_usecase - ============================================================
2026-03-27 12:00:01,635 [INFO] presentation.associados_controller - 📝 Fase 1: Preparando mensagens...
2026-03-27 12:00:02,161 [INFO] application.associados.enviar_emails_usecase - Dados carregados: 921 associados ativos com email
2026-03-27 12:00:02,319 [INFO] application.associados.enviar_emails_usecase - saldos carregados: 1327 registos
2026-03-27 12:00:02,335 [INFO] presentation.associados_controller - 📧 Assunto: Jornal ATRPT Março 2026
2026-03-27 12:00:02,351 [INFO] presentation.associados_controller - 📁 Logs: logs/associados/jornalatrptmarco2026_*.log
2026-03-27 12:00:02,351 [INFO] application.associados.enviar_emails_usecase - Campo 'sexo' processado
2026-03-27 12:00:02,351 [INFO] application.associados.enviar_emails_usecase - Campo 'nome' processado
2026-03-27 12:00:02,351 [INFO] application.associados.enviar_emails_usecase - Placeholders encontrados: []
2026-03-27 12:00:02,351 [INFO] application.associados.enviar_emails_usecase - 🔄 Renderizando 921 mensagens...
2026-03-27 12:00:02,351 [INFO] presentation.associados_controller - 🔄 Renderizando 921 mensagens...
2026-03-27 12:00:02,422 [INFO] application.associados.enviar_emails_usecase - ✅ Preparação concluída. total de mensagens: 921
2026-03-27 12:00:02,422 [INFO] presentation.associados_controller - ✅ 921 mensagens preparadas
2026-03-27 12:00:02,422 [INFO] presentation.associados_controller - Dados preparados: 921 mensagens
2026-03-27 12:00:05,482 [INFO] presentation.associados_controller - Usando ficheiro existente: G:\.shortcut-targets-by-id\1U63DGZ6urrQl6543DNHJZQR93oRmv-G2\Associados\jornalatrptmarco2026_envio.xlsx
2026-03-27 12:00:05,530 [INFO] application.associados.enviar_emails_usecase - ============================================================
2026-03-27 12:00:05,530 [INFO] application.associados.enviar_emails_usecase - FASE 1: PREPARAÇÃO DAS MENSAGENS
2026-03-27 12:00:05,530 [INFO] application.associados.enviar_emails_usecase - ============================================================
2026-03-27 12:00:05,538 [INFO] presentation.associados_controller - 📝 Fase 1: Preparando mensagens...
2026-03-27 12:00:05,546 [INFO] presentation.associados_controller - 📧 Assunto: Jornal ATRPT Março 2026
2026-03-27 12:00:05,546 [INFO] presentation.associados_controller - 📁 Logs: logs/associados/jornalatrptmarco2026_*.log
2026-03-27 12:00:05,554 [INFO] application.associados.enviar_emails_usecase - Campo 'nome' processado
2026-03-27 12:00:05,554 [INFO] application.associados.enviar_emails_usecase - Placeholders encontrados: []
2026-03-27 12:00:05,554 [INFO] application.associados.enviar_emails_usecase - 🔄 Renderizando 835 mensagens...
2026-03-27 12:00:05,554 [INFO] presentation.associados_controller - 🔄 Renderizando 835 mensagens...
2026-03-27 12:00:05,593 [INFO] application.associados.enviar_emails_usecase - ✅ Preparação concluída. total de mensagens: 835
2026-03-27 12:00:05,593 [INFO] presentation.associados_controller - ✅ 835 mensagens preparadas
2026-03-27 12:03:45,050 [INFO] presentation.associados_controller - 🔍 Iniciando processo de envio...
2026-03-27 12:03:45,064 [INFO] presentation.associados_controller - 📄 Passo 1: Selecionar template Word...
2026-03-27 12:03:45,065 [INFO] presentation.associados_controller - Selecione o template do email.
2026-03-27 12:03:48,511 [INFO] presentation.associados_controller - ✅ Template selecionado: JornalMarço26.docx
2026-03-27 12:03:48,512 [INFO] presentation.associados_controller - 📎 Passo 2: Selecionar anexos (opcional)...
2026-03-27 12:03:48,512 [INFO] presentation.associados_controller - Selecione um ou mais anexos (opcional).
2026-03-27 12:03:52,634 [INFO] presentation.associados_controller - ✅ Anexos selecionados: Guia_Consumidor_Idoso.pdf, Jornal ATRPT março de 2026.pdf
2026-03-27 12:03:52,634 [INFO] presentation.associados_controller - 📊 Passo 3: Selecionar ficheiro com os associados...
2026-03-27 12:03:52,634 [INFO] presentation.associados_controller - Selecione o ficheiro Excel com os dados dos associados.
2026-03-27 12:04:09,225 [INFO] presentation.associados_controller - ✅ Ficheiro de associados: jornalatrptmarco2026_envio.xlsx
2026-03-27 12:04:09,225 [INFO] presentation.associados_controller - 📁 Repositório atualizado com: jornalatrptmarco2026_envio.xlsx
2026-03-27 12:04:09,225 [INFO] presentation.associados_controller - 🔨 Passo 4: Construindo dados de envio...
2026-03-27 12:04:09,225 [INFO] presentation.associados_controller - Construindo dados de envio...
2026-03-27 12:04:09,225 [INFO] application.associados.enviar_emails_usecase - ============================================================
2026-03-27 12:04:09,225 [INFO] application.associados.enviar_emails_usecase - FASE 1: PREPARAÇÃO DAS MENSAGENS
2026-03-27 12:04:09,225 [INFO] application.associados.enviar_emails_usecase - ============================================================
2026-03-27 12:04:09,225 [INFO] presentation.associados_controller - 📝 Fase 1: Preparando mensagens...
2026-03-27 12:04:09,289 [ERROR] application.associados.enviar_emails_usecase - Erro ao carregar dados do repositório: 'Activo'
2026-03-27 12:04:09,289 [ERROR] application.associados.enviar_emails_usecase - Detalhes do erro:
Traceback (most recent call last):
  File "C:\users\Utilizador\miniconda3\envs\atrpt\Lib\site-packages\pandas\core\indexes\base.py", line 3791, in get_loc
    return self._engine.get_loc(casted_key)
           ^^^^^^^^^^^^^^^^^^^^^^^^^^^^^^^^
  File "index.pyx", line 152, in pandas._libs.index.IndexEngine.get_loc
  File "index.pyx", line 181, in pandas._libs.index.IndexEngine.get_loc
  File "pandas\_libs\hashtable_class_helper.pxi", line 7080, in pandas._libs.hashtable.PyObjectHashTable.get_item
  File "pandas\_libs\hashtable_class_helper.pxi", line 7088, in pandas._libs.hashtable.PyObjectHashTable.get_item
KeyError: 'Activo'

The above exception was the direct cause of the following exception:

Traceback (most recent call last):
  File "G:\.shortcut-targets-by-id\1NsBCziGNFjlQ-f8QRcezPsKVP9QzGdp0\APPs\atrpt\application\associados\enviar_emails_usecase.py", line 91, in construir_df_envio
    df = self.repo_associados.ler_associados()
         ^^^^^^^^^^^^^^^^^^^^^^^^^^^^^^^^^^^^^
  File "G:\.shortcut-targets-by-id\1NsBCziGNFjlQ-f8QRcezPsKVP9QzGdp0\APPs\atrpt\infrastructure\persistence\associados_excel_repo.py", line 14, in ler_associados
    df = df[df["Activo"].str.lower() == "sim"]
            ~~^^^^^^^^^^
  File "C:\users\Utilizador\miniconda3\envs\atrpt\Lib\site-packages\pandas\core\frame.py", line 3893, in __getitem__
    indexer = self.columns.get_loc(key)
              ^^^^^^^^^^^^^^^^^^^^^^^^^
  File "C:\users\Utilizador\miniconda3\envs\atrpt\Lib\site-packages\pandas\core\indexes\base.py", line 3798, in get_loc
    raise KeyError(key) from err
KeyError: 'Activo'
2026-03-27 12:04:09,337 [ERROR] presentation.associados_controller - Erro na preparação: Erro ao carregar dados: 'Activo'
2026-03-27 12:04:09,337 [INFO] presentation.associados_controller - ❌ Erro: Erro ao carregar dados: 'Activo'
2026-03-27 12:05:39,335 [INFO] presentation.associados_controller - 🔍 Iniciando processo de envio...
2026-03-27 12:05:39,339 [INFO] presentation.associados_controller - 📄 Passo 1: Selecionar template Word...
2026-03-27 12:05:39,339 [INFO] presentation.associados_controller - Selecione o template do email.
2026-03-27 12:05:55,605 [INFO] presentation.associados_controller - ✅ Template selecionado: JornalMarço26.docx
2026-03-27 12:05:55,605 [INFO] presentation.associados_controller - 📎 Passo 2: Selecionar anexos (opcional)...
2026-03-27 12:05:55,605 [INFO] presentation.associados_controller - Selecione um ou mais anexos (opcional).
2026-03-27 12:06:01,157 [INFO] presentation.associados_controller - ✅ Anexos selecionados: Guia_Consumidor_Idoso.pdf, Jornal ATRPT março de 2026.pdf
2026-03-27 12:06:01,157 [INFO] presentation.associados_controller - 📊 Passo 3: Selecionar ficheiro com os associados...
2026-03-27 12:06:01,157 [INFO] presentation.associados_controller - Selecione o ficheiro Excel com os dados dos associados.
2026-03-27 12:06:11,664 [INFO] presentation.associados_controller - ✅ Ficheiro de associados: jornalatrptmarco2026_envio.xlsx
2026-03-27 12:06:11,664 [INFO] presentation.associados_controller - 📁 Repositório atualizado com: jornalatrptmarco2026_envio.xlsx
2026-03-27 12:06:11,664 [INFO] presentation.associados_controller - 🔨 Passo 4: Construindo dados de envio...
2026-03-27 12:06:11,664 [INFO] presentation.associados_controller - Construindo dados de envio...
2026-03-27 12:06:11,664 [INFO] application.associados.enviar_emails_usecase - ============================================================
2026-03-27 12:06:11,664 [INFO] application.associados.enviar_emails_usecase - FASE 1: PREPARAÇÃO DAS MENSAGENS
2026-03-27 12:06:11,664 [INFO] application.associados.enviar_emails_usecase - ============================================================
2026-03-27 12:06:11,664 [INFO] presentation.associados_controller - 📝 Fase 1: Preparando mensagens...
2026-03-27 12:06:11,711 [INFO] application.associados.enviar_emails_usecase - Dados carregados: 835 associados ativos com email
2026-03-27 12:06:11,870 [INFO] application.associados.enviar_emails_usecase - saldos carregados: 1327 registos
2026-03-27 12:06:11,902 [INFO] presentation.associados_controller - 📧 Assunto: Jornal ATRPT Março 2026
2026-03-27 12:06:11,902 [INFO] presentation.associados_controller - 📁 Logs: logs/associados/jornalatrptmarco2026_*.log
2026-03-27 12:06:11,902 [INFO] application.associados.enviar_emails_usecase - Campo 'nome' processado
2026-03-27 12:06:11,902 [INFO] application.associados.enviar_emails_usecase - Placeholders encontrados: []
2026-03-27 12:06:11,902 [INFO] application.associados.enviar_emails_usecase - 🔄 Renderizando 835 mensagens...
2026-03-27 12:06:11,902 [INFO] presentation.associados_controller - 🔄 Renderizando 835 mensagens...
2026-03-27 12:06:11,949 [INFO] application.associados.enviar_emails_usecase - ✅ Preparação concluída. total de mensagens: 835
2026-03-27 12:06:11,949 [INFO] presentation.associados_controller - ✅ 835 mensagens preparadas
2026-03-27 12:06:11,949 [INFO] presentation.associados_controller - Dados preparados: 835 mensagens
2026-03-27 12:06:11,949 [INFO] presentation.associados_controller - ✅ 835 mensagens preparadas
2026-03-27 12:06:18,728 [INFO] presentation.associados_controller - Usando ficheiro existente: G:\.shortcut-targets-by-id\1U63DGZ6urrQl6543DNHJZQR93oRmv-G2\Associados\jornalatrptmarco2026_envio.xlsx
2026-03-27 12:06:18,728 [INFO] presentation.associados_controller - 📁 Ficheiro de controle: jornalatrptmarco2026_envio.xlsx
2026-03-27 12:06:18,728 [INFO] presentation.associados_controller - 🚀 Passo 5: Abrindo ecrã de envio...
2026-03-27 12:06:22,201 [INFO] presentation.associados_controller - Iniciando envio para 835 associados...
2026-03-27 12:06:22,201 [INFO] presentation.associados_controller - 💡 Sistema mantido ativo durante o envio
2026-03-27 12:06:22,201 [INFO] root - Início do envio...
2026-03-27 12:06:22,217 [INFO] root - Associados selecionados=835
2026-03-27 12:06:22,217 [INFO] application.associados.enviar_emails_usecase - ============================================================
2026-03-27 12:06:22,217 [INFO] application.associados.enviar_emails_usecase - FASE 3: ENVIO DAS MENSAGENS (MODO BATCH)
2026-03-27 12:06:22,217 [INFO] application.associados.enviar_emails_usecase - ============================================================
2026-03-27 12:06:22,217 [INFO] presentation.associados_controller - 📧 Fase 3: Iniciando envio...
2026-03-27 12:06:22,217 [INFO] presentation.associados_controller - 📧 Preparando envio de 835 emails...
2026-03-27 12:06:22,249 [INFO] presentation.associados_controller - ✅ 835 mensagens preparadas para envio
2026-03-27 12:06:22,249 [INFO] presentation.associados_controller - 📁 Logs serão guardados em: logs\associados\jornalatrptmarco2026
2026-03-27 12:06:22,265 [INFO] application.associados.enviar_emails_usecase - Usando EmailSender existente
2026-03-27 12:06:22,265 [INFO] presentation.associados_controller - 🚀 A enviar emails...
2026-03-27 12:06:22,265 [INFO] application.associados.enviar_emails_usecase - 📨 [1/835] Enviando para ['jlaguiarpinto@gmail.com']...
2026-03-27 12:06:22,265 [INFO] presentation.associados_controller - 📨 [1/835] Enviando para ['jlaguiarpinto@gmail.com']...
2026-03-27 12:18:15,775 [INFO] presentation.associados_controller - 🔍 Iniciando processo de envio...
2026-03-27 12:18:15,775 [INFO] presentation.associados_controller - 📄 Passo 1: Selecionar template Word...
2026-03-27 12:18:15,775 [INFO] presentation.associados_controller - Selecione o template do email.
2026-03-27 12:18:24,399 [INFO] presentation.associados_controller - ✅ Template selecionado: JornalMarço26.docx
2026-03-27 12:18:24,399 [INFO] presentation.associados_controller - 📎 Passo 2: Selecionar anexos (opcional)...
2026-03-27 12:18:24,399 [INFO] presentation.associados_controller - Selecione um ou mais anexos (opcional).
2026-03-27 12:18:29,235 [INFO] presentation.associados_controller - ✅ Anexos selecionados: Guia_Consumidor_Idoso.pdf, Jornal ATRPT março de 2026.pdf
2026-03-27 12:18:29,235 [INFO] presentation.associados_controller - 📊 Passo 3: Selecionar ficheiro com os associados...
2026-03-27 12:18:29,235 [INFO] presentation.associados_controller - Selecione o ficheiro Excel com os dados dos associados.
2026-03-27 12:18:41,768 [INFO] presentation.associados_controller - ✅ Ficheiro de associados: jornalatrptmarco2026_envio.xlsx
2026-03-27 12:18:41,768 [INFO] presentation.associados_controller - 📁 Repositório atualizado com: jornalatrptmarco2026_envio.xlsx
2026-03-27 12:18:41,768 [INFO] presentation.associados_controller - 🔨 Passo 4: Construindo dados de envio...
2026-03-27 12:18:41,768 [INFO] presentation.associados_controller - Construindo dados de envio...
2026-03-27 12:18:41,768 [INFO] application.associados.enviar_emails_usecase - ============================================================
2026-03-27 12:18:41,768 [INFO] application.associados.enviar_emails_usecase - FASE 1: PREPARAÇÃO DAS MENSAGENS
2026-03-27 12:18:41,768 [INFO] application.associados.enviar_emails_usecase - ============================================================
2026-03-27 12:18:41,768 [INFO] presentation.associados_controller - 📝 Fase 1: Preparando mensagens...
2026-03-27 12:18:41,815 [INFO] application.associados.enviar_emails_usecase - Dados carregados: 835 associados ativos com email
2026-03-27 12:18:41,974 [INFO] application.associados.enviar_emails_usecase - saldos carregados: 1327 registos
2026-03-27 12:18:42,008 [INFO] presentation.associados_controller - 📧 Assunto: Jornal ATRPT Março 2026
2026-03-27 12:18:42,008 [INFO] presentation.associados_controller - 📁 Logs: logs/associados/jornalatrptmarco2026_*.log
2026-03-27 12:18:42,010 [INFO] application.associados.enviar_emails_usecase - Campo 'nome' processado
2026-03-27 12:18:42,010 [INFO] application.associados.enviar_emails_usecase - Placeholders encontrados: []
2026-03-27 12:18:42,010 [INFO] application.associados.enviar_emails_usecase - 🔄 Renderizando 835 mensagens...
2026-03-27 12:18:42,010 [INFO] presentation.associados_controller - 🔄 Renderizando 835 mensagens...
2026-03-27 12:18:42,054 [INFO] application.associados.enviar_emails_usecase - ✅ Preparação concluída. total de mensagens: 835
2026-03-27 12:18:42,054 [INFO] presentation.associados_controller - ✅ 835 mensagens preparadas
2026-03-27 12:18:42,054 [INFO] presentation.associados_controller - Dados preparados: 835 mensagens
2026-03-27 12:18:42,054 [INFO] presentation.associados_controller - ✅ 835 mensagens preparadas
2026-03-27 12:19:36,264 [INFO] presentation.associados_controller - Novo ficheiro criado: jornalatrptmarco2026_envio.xlsx
2026-03-27 12:19:36,264 [INFO] presentation.associados_controller - 📁 Ficheiro de controle: jornalatrptmarco2026_envio.xlsx
2026-03-27 12:19:36,264 [INFO] presentation.associados_controller - 🚀 Passo 5: Abrindo ecrã de envio...
2026-03-27 12:19:41,115 [INFO] presentation.associados_controller - Iniciando envio para 835 associados...
2026-03-27 12:19:41,115 [INFO] presentation.associados_controller - 💡 Sistema mantido ativo durante o envio
2026-03-27 12:19:41,115 [INFO] root - Início do envio...
2026-03-27 12:19:41,129 [INFO] root - Associados selecionados=835
2026-03-27 12:19:41,129 [INFO] application.associados.enviar_emails_usecase - ============================================================
2026-03-27 12:19:41,129 [INFO] application.associados.enviar_emails_usecase - FASE 3: ENVIO DAS MENSAGENS (MODO BATCH)
2026-03-27 12:19:41,129 [INFO] application.associados.enviar_emails_usecase - ============================================================
2026-03-27 12:19:41,143 [INFO] presentation.associados_controller - 📧 Fase 3: Iniciando envio...
2026-03-27 12:19:41,146 [INFO] presentation.associados_controller - 📧 Preparando envio de 835 emails...
2026-03-27 12:19:41,180 [INFO] presentation.associados_controller - ✅ 835 mensagens preparadas para envio
2026-03-27 12:19:41,196 [INFO] presentation.associados_controller - 📁 Logs serão guardados em: logs\associados\jornalatrptmarco2026
2026-03-27 12:19:41,201 [INFO] application.associados.enviar_emails_usecase - Usando EmailSender existente
2026-03-27 12:19:41,209 [INFO] presentation.associados_controller - 🚀 A enviar emails...
2026-03-27 12:19:41,217 [INFO] application.associados.enviar_emails_usecase - 📨 [1/835] Enviando para ['jlaguiarpinto@gmail.com']...
2026-03-27 12:19:41,217 [INFO] presentation.associados_controller - 📨 [1/835] Enviando para ['jlaguiarpinto@gmail.com']...
2026-03-28 19:28:12,525 [INFO] presentation.associados_controller - 🔍 Iniciando processo de envio...
2026-03-28 19:28:12,556 [INFO] presentation.associados_controller - 📄 Passo 1: Selecionar template Word...
2026-03-28 19:28:12,556 [INFO] presentation.associados_controller - Selecione o template do email.
2026-03-28 19:28:21,780 [INFO] presentation.associados_controller - ✅ Template selecionado: JornalMarço26.docx
2026-03-28 19:28:21,780 [INFO] presentation.associados_controller - 📎 Passo 2: Selecionar anexos (opcional)...
2026-03-28 19:28:21,780 [INFO] presentation.associados_controller - Selecione um ou mais anexos (opcional).
2026-03-28 19:28:26,712 [INFO] presentation.associados_controller - ✅ Anexos selecionados: Guia_Consumidor_Idoso.pdf, Jornal ATRPT março de 2026.pdf
2026-03-28 19:28:26,712 [INFO] presentation.associados_controller - 📊 Passo 3: Selecionar ficheiro com os associados...
2026-03-28 19:28:26,712 [INFO] presentation.associados_controller - Selecione o ficheiro Excel com os dados dos associados.
2026-03-28 19:28:49,751 [INFO] presentation.associados_controller - ✅ Ficheiro de associados: JornalMarço26_envio.xlsx
2026-03-28 19:28:49,751 [INFO] presentation.associados_controller - 📁 Repositório atualizado com: JornalMarço26_envio.xlsx
2026-03-28 19:28:49,751 [INFO] presentation.associados_controller - 🔨 Passo 4: Construindo dados de envio...
2026-03-28 19:28:49,751 [INFO] presentation.associados_controller - Construindo dados de envio...
2026-03-28 19:28:49,751 [INFO] application.associados.enviar_emails_usecase - ============================================================
2026-03-28 19:28:49,751 [INFO] application.associados.enviar_emails_usecase - FASE 1: PREPARAÇÃO DAS MENSAGENS
2026-03-28 19:28:49,751 [INFO] application.associados.enviar_emails_usecase - ============================================================
2026-03-28 19:28:49,751 [INFO] presentation.associados_controller - 📝 Fase 1: Preparando mensagens...
2026-03-28 19:28:49,862 [ERROR] application.associados.enviar_emails_usecase - Erro ao carregar dados do repositório: 'Activo'
2026-03-28 19:28:49,862 [ERROR] application.associados.enviar_emails_usecase - Detalhes do erro:
Traceback (most recent call last):
  File "C:\users\Utilizador\miniconda3\envs\atrpt\Lib\site-packages\pandas\core\indexes\base.py", line 3791, in get_loc
    return self._engine.get_loc(casted_key)
           ^^^^^^^^^^^^^^^^^^^^^^^^^^^^^^^^
  File "index.pyx", line 152, in pandas._libs.index.IndexEngine.get_loc
  File "index.pyx", line 181, in pandas._libs.index.IndexEngine.get_loc
  File "pandas\_libs\hashtable_class_helper.pxi", line 7080, in pandas._libs.hashtable.PyObjectHashTable.get_item
  File "pandas\_libs\hashtable_class_helper.pxi", line 7088, in pandas._libs.hashtable.PyObjectHashTable.get_item
KeyError: 'Activo'

The above exception was the direct cause of the following exception:

Traceback (most recent call last):
  File "G:\.shortcut-targets-by-id\1NsBCziGNFjlQ-f8QRcezPsKVP9QzGdp0\APPs\atrpt\application\associados\enviar_emails_usecase.py", line 91, in construir_df_envio
    df = self.repo_associados.ler_associados()
         ^^^^^^^^^^^^^^^^^^^^^^^^^^^^^^^^^^^^^
  File "G:\.shortcut-targets-by-id\1NsBCziGNFjlQ-f8QRcezPsKVP9QzGdp0\APPs\atrpt\infrastructure\persistence\associados_excel_repo.py", line 14, in ler_associados
    df = df[df["Activo"].str.lower() == "sim"]
            ~~^^^^^^^^^^
  File "C:\users\Utilizador\miniconda3\envs\atrpt\Lib\site-packages\pandas\core\frame.py", line 3893, in __getitem__
    indexer = self.columns.get_loc(key)
              ^^^^^^^^^^^^^^^^^^^^^^^^^
  File "C:\users\Utilizador\miniconda3\envs\atrpt\Lib\site-packages\pandas\core\indexes\base.py", line 3798, in get_loc
    raise KeyError(key) from err
KeyError: 'Activo'
2026-03-28 19:28:49,910 [ERROR] presentation.associados_controller - Erro na preparação: Erro ao carregar dados: 'Activo'
2026-03-28 19:28:49,910 [INFO] presentation.associados_controller - ❌ Erro: Erro ao carregar dados: 'Activo'
2026-03-28 19:37:53,435 [INFO] presentation.associados_controller - 🔍 Iniciando processo de envio...
2026-03-28 19:37:53,435 [INFO] presentation.associados_controller - 📄 Passo 1: Selecionar template Word...
2026-03-28 19:37:53,435 [INFO] presentation.associados_controller - Selecione o template do email.
2026-03-28 19:37:59,751 [INFO] presentation.associados_controller - ✅ Template selecionado: JornalMarço26.docx
2026-03-28 19:37:59,751 [INFO] presentation.associados_controller - 📎 Passo 2: Selecionar anexos (opcional)...
2026-03-28 19:37:59,751 [INFO] presentation.associados_controller - Selecione um ou mais anexos (opcional).
2026-03-28 19:38:04,562 [INFO] presentation.associados_controller - ✅ Anexos selecionados: Guia_Consumidor_Idoso.pdf, Jornal ATRPT março de 2026.pdf
2026-03-28 19:38:04,562 [INFO] presentation.associados_controller - 📊 Passo 3: Selecionar ficheiro com os associados...
2026-03-28 19:38:04,562 [INFO] presentation.associados_controller - Selecione o ficheiro Excel com os dados dos associados.
2026-03-28 19:38:34,897 [INFO] presentation.associados_controller - ✅ Ficheiro de associados: jornalatrptmarco2026_envio.xlsx
2026-03-28 19:38:34,897 [INFO] presentation.associados_controller - 📁 Repositório atualizado com: jornalatrptmarco2026_envio.xlsx
2026-03-28 19:38:34,899 [INFO] presentation.associados_controller - 🔨 Passo 4: Construindo dados de envio...
2026-03-28 19:38:34,899 [INFO] presentation.associados_controller - Construindo dados de envio...
2026-03-28 19:38:34,899 [INFO] application.associados.enviar_emails_usecase - ============================================================
2026-03-28 19:38:34,899 [INFO] application.associados.enviar_emails_usecase - FASE 1: PREPARAÇÃO DAS MENSAGENS
2026-03-28 19:38:34,899 [INFO] application.associados.enviar_emails_usecase - ============================================================
2026-03-28 19:38:34,899 [INFO] presentation.associados_controller - 📝 Fase 1: Preparando mensagens...
2026-03-28 19:38:34,976 [ERROR] application.associados.enviar_emails_usecase - Erro ao carregar dados do repositório: 'Email'
2026-03-28 19:38:34,976 [ERROR] application.associados.enviar_emails_usecase - Detalhes do erro:
Traceback (most recent call last):
  File "C:\users\Utilizador\miniconda3\envs\atrpt\Lib\site-packages\pandas\core\indexes\base.py", line 3791, in get_loc
    return self._engine.get_loc(casted_key)
           ^^^^^^^^^^^^^^^^^^^^^^^^^^^^^^^^
  File "index.pyx", line 152, in pandas._libs.index.IndexEngine.get_loc
  File "index.pyx", line 181, in pandas._libs.index.IndexEngine.get_loc
  File "pandas\_libs\hashtable_class_helper.pxi", line 7080, in pandas._libs.hashtable.PyObjectHashTable.get_item
  File "pandas\_libs\hashtable_class_helper.pxi", line 7088, in pandas._libs.hashtable.PyObjectHashTable.get_item
KeyError: 'Email'

The above exception was the direct cause of the following exception:

Traceback (most recent call last):
  File "G:\.shortcut-targets-by-id\1NsBCziGNFjlQ-f8QRcezPsKVP9QzGdp0\APPs\atrpt\application\associados\enviar_emails_usecase.py", line 91, in construir_df_envio
    df = self.repo_associados.ler_associados()
         ^^^^^^^^^^^^^^^^^^^^^^^^^^^^^^^^^^^^^
  File "G:\.shortcut-targets-by-id\1NsBCziGNFjlQ-f8QRcezPsKVP9QzGdp0\APPs\atrpt\infrastructure\persistence\associados_excel_repo.py", line 15, in ler_associados
    df = df[df["Email"].notna()]
            ~~^^^^^^^^^
  File "C:\users\Utilizador\miniconda3\envs\atrpt\Lib\site-packages\pandas\core\frame.py", line 3893, in __getitem__
    indexer = self.columns.get_loc(key)
              ^^^^^^^^^^^^^^^^^^^^^^^^^
  File "C:\users\Utilizador\miniconda3\envs\atrpt\Lib\site-packages\pandas\core\indexes\base.py", line 3798, in get_loc
    raise KeyError(key) from err
KeyError: 'Email'
2026-03-28 19:38:35,008 [ERROR] presentation.associados_controller - Erro na preparação: Erro ao carregar dados: 'Email'
2026-03-28 19:38:35,008 [INFO] presentation.associados_controller - ❌ Erro: Erro ao carregar dados: 'Email'
2026-03-31 13:06:38,021 [INFO] presentation.associados.associados_controller - 🔍 Iniciando processo de envio...
2026-03-31 13:06:38,065 [INFO] presentation.associados.associados_controller - 📄 Passo 1: Selecionar template Word...
2026-03-31 13:06:38,065 [INFO] presentation.associados.associados_controller - Selecione o template do email.
2026-03-31 13:06:50,845 [INFO] presentation.associados.associados_controller - Envio cancelado: template não selecionado.
2026-03-31 13:06:50,845 [INFO] presentation.associados.associados_controller - ❌ Envio cancelado: template não selecionado
2026-03-31 13:10:16,467 [INFO] presentation.associados.associados_controller - 🔍 Iniciando processo de envio...
2026-03-31 13:10:16,467 [INFO] presentation.associados.associados_controller - 📄 Passo 1: Selecionar template Word...
2026-03-31 13:10:16,467 [INFO] presentation.associados.associados_controller - Selecione o template do email.
2026-03-31 13:10:24,314 [INFO] presentation.associados.associados_controller - ✅ Template selecionado: JornalMarço26.docx
2026-03-31 13:10:24,314 [INFO] presentation.associados.associados_controller - 📎 Passo 2: Selecionar anexos (opcional)...
2026-03-31 13:10:24,314 [INFO] presentation.associados.associados_controller - Selecione um ou mais anexos (opcional).
2026-03-31 13:10:29,787 [INFO] presentation.associados.associados_controller - ✅ Anexos selecionados: Guia_Consumidor_Idoso.pdf, Jornal ATRPT março de 2026.pdf
2026-03-31 13:10:29,787 [INFO] presentation.associados.associados_controller - 📊 Passo 3: Selecionar ficheiro com os associados...
2026-03-31 13:10:29,787 [INFO] presentation.associados.associados_controller - Selecione o ficheiro Excel com os dados dos associados.
2026-03-31 13:10:44,334 [INFO] presentation.associados.associados_controller - ✅ Ficheiro de associados: JornalMarço26_envio.xlsx
2026-03-31 13:10:44,334 [INFO] presentation.associados.associados_controller - 📁 Repositório atualizado com: JornalMarço26_envio.xlsx
2026-03-31 13:10:44,334 [INFO] presentation.associados.associados_controller - 🔨 Passo 4: Construindo dados de envio...
2026-03-31 13:10:44,334 [INFO] presentation.associados.associados_controller - Construindo dados de envio...
2026-03-31 13:10:44,334 [INFO] application.associados.enviar_emails_usecase - ============================================================
2026-03-31 13:10:44,334 [INFO] application.associados.enviar_emails_usecase - FASE 1: PREPARAÇÃO DAS MENSAGENS
2026-03-31 13:10:44,334 [INFO] application.associados.enviar_emails_usecase - ============================================================
2026-03-31 13:10:44,334 [INFO] presentation.associados.associados_controller - 📝 Fase 1: Preparando mensagens...
2026-03-31 13:10:44,446 [ERROR] application.associados.enviar_emails_usecase - Erro ao carregar dados do repositório: 'activo'
2026-03-31 13:10:44,463 [ERROR] application.associados.enviar_emails_usecase - Detalhes do erro:
Traceback (most recent call last):
  File "C:\Users\Utilizador\miniconda3\envs\atrpt\Lib\site-packages\pandas\core\indexes\base.py", line 3791, in get_loc
    return self._engine.get_loc(casted_key)
           ^^^^^^^^^^^^^^^^^^^^^^^^^^^^^^^^
  File "index.pyx", line 152, in pandas._libs.index.IndexEngine.get_loc
  File "index.pyx", line 181, in pandas._libs.index.IndexEngine.get_loc
  File "pandas\_libs\hashtable_class_helper.pxi", line 7080, in pandas._libs.hashtable.PyObjectHashTable.get_item
  File "pandas\_libs\hashtable_class_helper.pxi", line 7088, in pandas._libs.hashtable.PyObjectHashTable.get_item
KeyError: 'activo'

The above exception was the direct cause of the following exception:

Traceback (most recent call last):
  File "G:\.shortcut-targets-by-id\1NsBCziGNFjlQ-f8QRcezPsKVP9QzGdp0\APPs\atrpt\application\associados\enviar_emails_usecase.py", line 90, in construir_df_envio
    df = self.repo_associados.ler_associados()
         ^^^^^^^^^^^^^^^^^^^^^^^^^^^^^^^^^^^^^
  File "G:\.shortcut-targets-by-id\1NsBCziGNFjlQ-f8QRcezPsKVP9QzGdp0\APPs\atrpt\infrastructure\persistence\associados_repository.py", line 16, in ler_associados
    df = df[df["activo"].str.lower() == "sim"]
            ~~^^^^^^^^^^
  File "C:\Users\Utilizador\miniconda3\envs\atrpt\Lib\site-packages\pandas\core\frame.py", line 3893, in __getitem__
    indexer = self.columns.get_loc(key)
              ^^^^^^^^^^^^^^^^^^^^^^^^^
  File "C:\Users\Utilizador\miniconda3\envs\atrpt\Lib\site-packages\pandas\core\indexes\base.py", line 3798, in get_loc
    raise KeyError(key) from err
KeyError: 'activo'
2026-03-31 13:10:44,517 [ERROR] presentation.associados.associados_controller - Erro na preparação: Erro ao carregar dados: 'activo'
2026-03-31 13:10:44,517 [INFO] presentation.associados.associados_controller - ❌ Erro: Erro ao carregar dados: 'activo'
2026-03-31 15:34:39,116 [INFO] presentation.associados.associados_controller - 🔍 Iniciando processo de envio...
2026-03-31 15:34:39,117 [INFO] presentation.associados.associados_controller - 📄 Passo 1: Selecionar template Word...
2026-03-31 15:34:39,117 [INFO] presentation.associados.associados_controller - Selecione o template do email.
2026-03-31 15:34:51,060 [INFO] presentation.associados.associados_controller - ✅ Template selecionado: JornalMarço26.docx
2026-03-31 15:34:51,060 [INFO] presentation.associados.associados_controller - 📎 Passo 2: Selecionar anexos (opcional)...
2026-03-31 15:34:51,060 [INFO] presentation.associados.associados_controller - Selecione um ou mais anexos (opcional).
2026-03-31 15:34:55,807 [INFO] presentation.associados.associados_controller - ✅ Anexos selecionados: Guia_Consumidor_Idoso.pdf, Jornal ATRPT março de 2026.pdf
2026-03-31 15:34:55,807 [INFO] presentation.associados.associados_controller - 📊 Passo 3: Selecionar ficheiro com os associados...
2026-03-31 15:34:55,807 [INFO] presentation.associados.associados_controller - Selecione o ficheiro Excel com os dados dos associados.
2026-03-31 15:35:02,761 [INFO] presentation.associados.associados_controller - ✅ Ficheiro de associados: convocatoriaAG260327_envio.xlsx
2026-03-31 15:35:02,761 [INFO] presentation.associados.associados_controller - 📁 Repositório atualizado com: convocatoriaAG260327_envio.xlsx
2026-03-31 15:35:02,761 [INFO] presentation.associados.associados_controller - 🔨 Passo 4: Construindo dados de envio...
2026-03-31 15:35:02,761 [INFO] presentation.associados.associados_controller - Construindo dados de envio...
2026-03-31 15:35:02,761 [INFO] application.associados.enviar_emails_usecase - ============================================================
2026-03-31 15:35:02,761 [INFO] application.associados.enviar_emails_usecase - FASE 1: PREPARAÇÃO DAS MENSAGENS
2026-03-31 15:35:02,761 [INFO] application.associados.enviar_emails_usecase - ============================================================
2026-03-31 15:35:02,761 [INFO] presentation.associados.associados_controller - 📝 Fase 1: Preparando mensagens...
2026-03-31 15:35:02,864 [INFO] application.associados.enviar_emails_usecase - Dados carregados: 920 associados ativos com email
2026-03-31 15:35:02,864 [WARNING] application.associados.enviar_emails_usecase - Não foi possível carregar saldos: [Errno 2] No such file or directory: 'G:\\.shortcut-targets-by-id\\1U63DGZ6urrQl6543DNHJZQR93oRmv-G2\\Associados\\Saldos.xlsx'
2026-03-31 15:35:02,888 [INFO] presentation.associados.associados_controller - 📧 Assunto: Jornal ATRPT Março 2026
2026-03-31 15:35:02,888 [INFO] presentation.associados.associados_controller - 📁 Logs: logs/associados/jornalatrptmarco2026_*.log
2026-03-31 15:35:02,888 [INFO] application.associados.enviar_emails_usecase - Campo 'sexo' processado
2026-03-31 15:35:02,888 [INFO] application.associados.enviar_emails_usecase - Campo 'nome' processado
2026-03-31 15:35:02,888 [INFO] application.associados.enviar_emails_usecase - Placeholders encontrados: []
2026-03-31 15:35:02,888 [INFO] application.associados.enviar_emails_usecase - 🔄 Renderizando 920 mensagens...
2026-03-31 15:35:02,888 [INFO] presentation.associados.associados_controller - 🔄 Renderizando 920 mensagens...
2026-03-31 15:35:02,936 [INFO] application.associados.enviar_emails_usecase - ✅ Preparação concluída. total de mensagens: 920
2026-03-31 15:35:02,936 [INFO] presentation.associados.associados_controller - ✅ 920 mensagens preparadas
2026-03-31 15:35:02,936 [ERROR] presentation.associados.associados_controller - Erro ao construir dados: object of type 'NoneType' has no len()
2026-03-31 15:35:02,951 [ERROR] presentation.associados.associados_controller - Erro ao construir dados de envio
Traceback (most recent call last):
  File "G:\.shortcut-targets-by-id\1NsBCziGNFjlQ-f8QRcezPsKVP9QzGdp0\APPs\atrpt\presentation\associados\associados_controller.py", line 118, in abrir_envio_emails
    logger.info(f"Dados preparados: {len(self.df_envio)} mensagens")
                                     ^^^^^^^^^^^^^^^^^^
TypeError: object of type 'NoneType' has no len()
2026-03-31 15:35:02,967 [INFO] presentation.associados.associados_controller - ❌ Erro: object of type 'NoneType' has no len()
2026-03-31 15:40:13,003 [INFO] presentation.associados.associados_controller - 🔍 Iniciando processo de envio...
2026-03-31 15:40:13,019 [INFO] presentation.associados.associados_controller - 📄 Passo 1: Selecionar template Word...
2026-03-31 15:40:13,019 [INFO] presentation.associados.associados_controller - Selecione o template do email.
2026-03-31 15:40:17,000 [INFO] presentation.associados.associados_controller - ✅ Template selecionado: JornalMarço26.docx
2026-03-31 15:40:17,000 [INFO] presentation.associados.associados_controller - 📎 Passo 2: Selecionar anexos (opcional)...
2026-03-31 15:40:17,000 [INFO] presentation.associados.associados_controller - Selecione um ou mais anexos (opcional).
2026-03-31 15:40:22,565 [INFO] presentation.associados.associados_controller - ✅ Anexos selecionados: Guia_Consumidor_Idoso.pdf, Jornal ATRPT março de 2026.pdf
2026-03-31 15:40:22,565 [INFO] presentation.associados.associados_controller - 📊 Passo 3: Selecionar ficheiro com os associados...
2026-03-31 15:40:22,565 [INFO] presentation.associados.associados_controller - Selecione o ficheiro Excel com os dados dos associados.
2026-03-31 15:40:26,158 [INFO] presentation.associados.associados_controller - ✅ Ficheiro de associados: convocatoriaAG260327_envio.xlsx
2026-03-31 15:40:26,158 [INFO] presentation.associados.associados_controller - 📁 Repositório atualizado com: convocatoriaAG260327_envio.xlsx
2026-03-31 15:40:26,158 [INFO] presentation.associados.associados_controller - 🔨 Passo 4: Construindo dados de envio...
2026-03-31 15:40:26,160 [INFO] presentation.associados.associados_controller - Construindo dados de envio...
2026-03-31 15:40:26,160 [INFO] application.associados.enviar_emails_usecase - ============================================================
2026-03-31 15:40:26,160 [INFO] application.associados.enviar_emails_usecase - FASE 1: PREPARAÇÃO DAS MENSAGENS
2026-03-31 15:40:26,160 [INFO] application.associados.enviar_emails_usecase - ============================================================
2026-03-31 15:40:26,160 [INFO] presentation.associados.associados_controller - 📝 Fase 1: Preparando mensagens...
2026-03-31 15:40:26,239 [INFO] application.associados.enviar_emails_usecase - Dados carregados: 920 associados ativos com email
2026-03-31 15:40:26,239 [WARNING] application.associados.enviar_emails_usecase - Não foi possível carregar saldos: [Errno 2] No such file or directory: 'G:\\.shortcut-targets-by-id\\1U63DGZ6urrQl6543DNHJZQR93oRmv-G2\\Associados\\Saldos.xlsx'
2026-03-31 15:40:26,255 [INFO] presentation.associados.associados_controller - 📧 Assunto: Jornal ATRPT Março 2026
2026-03-31 15:40:26,255 [INFO] presentation.associados.associados_controller - 📁 Logs: logs/associados/jornalatrptmarco2026_*.log
2026-03-31 15:40:26,255 [INFO] application.associados.enviar_emails_usecase - Campo 'sexo' processado
2026-03-31 15:40:26,255 [INFO] application.associados.enviar_emails_usecase - Campo 'nome' processado
2026-03-31 15:40:26,255 [INFO] application.associados.enviar_emails_usecase - Placeholders encontrados: []
2026-03-31 15:40:26,255 [INFO] application.associados.enviar_emails_usecase - 🔄 Renderizando 920 mensagens...
2026-03-31 15:40:26,255 [INFO] presentation.associados.associados_controller - 🔄 Renderizando 920 mensagens...
2026-03-31 15:40:26,303 [INFO] application.associados.enviar_emails_usecase - ✅ Preparação concluída. total de mensagens: 920
2026-03-31 15:40:26,303 [INFO] presentation.associados.associados_controller - ✅ 920 mensagens preparadas
2026-03-31 15:40:26,303 [ERROR] presentation.associados.associados_controller - Erro ao construir dados: object of type 'NoneType' has no len()
2026-03-31 15:40:26,303 [ERROR] presentation.associados.associados_controller - Erro ao construir dados de envio
Traceback (most recent call last):
  File "G:\.shortcut-targets-by-id\1NsBCziGNFjlQ-f8QRcezPsKVP9QzGdp0\APPs\atrpt\presentation\associados\associados_controller.py", line 118, in abrir_envio_emails
    logger.info(f"Dados preparados: {len(self.df_envio)} mensagens")
                                     ^^^^^^^^^^^^^^^^^^
TypeError: object of type 'NoneType' has no len()
2026-03-31 15:40:26,318 [INFO] presentation.associados.associados_controller - ❌ Erro: object of type 'NoneType' has no len()
2026-03-31 15:56:42,288 [INFO] presentation.associados.associados_controller - 🔍 Iniciando processo de envio...
2026-03-31 15:56:42,288 [INFO] presentation.associados.associados_controller - 📄 Passo 1: Selecionar template Word...
2026-03-31 15:56:42,288 [INFO] presentation.associados.associados_controller - Selecione o template do email.
2026-03-31 15:59:20,848 [INFO] presentation.associados.associados_controller - Envio cancelado: template não selecionado.
2026-03-31 15:59:20,849 [INFO] presentation.associados.associados_controller - ❌ Envio cancelado: template não selecionado
2026-03-31 15:59:31,378 [INFO] presentation.associados.associados_controller - 🔍 Iniciando processo de envio...
2026-03-31 15:59:31,378 [INFO] presentation.associados.associados_controller - Selecione o template do email.
2026-03-31 15:59:35,326 [INFO] presentation.associados.associados_controller - ✅ Template selecionado: JornalMarço26.docx
2026-03-31 15:59:35,326 [INFO] presentation.associados.associados_controller - Selecione um ou mais anexos (opcional).
2026-03-31 15:59:42,032 [INFO] presentation.associados.associados_controller - ✅ Anexos selecionados: Guia_Consumidor_Idoso.pdf, Jornal ATRPT março de 2026.pdf
2026-03-31 15:59:42,032 [INFO] presentation.associados.associados_controller - Selecione o ficheiro Excel com os dados dos associados.
2026-03-31 15:59:45,686 [INFO] presentation.associados.associados_controller - ✅ Ficheiro de associados: convocatoriaAG260327_envio.xlsx
2026-03-31 15:59:45,686 [INFO] presentation.associados.associados_controller - 📁 Repositório atualizado com: convocatoriaAG260327_envio.xlsx
2026-03-31 15:59:45,686 [INFO] presentation.associados.associados_controller - Construindo dados de envio...
2026-03-31 15:59:45,686 [INFO] application.associados.enviar_emails_usecase - ============================================================
2026-03-31 15:59:45,686 [INFO] application.associados.enviar_emails_usecase - FASE 1: PREPARAÇÃO DAS MENSAGENS
2026-03-31 15:59:45,686 [INFO] application.associados.enviar_emails_usecase - ============================================================
2026-03-31 15:59:45,686 [INFO] presentation.associados.associados_controller - 📝 Fase 1: Preparando mensagens...
2026-03-31 15:59:45,766 [INFO] application.associados.enviar_emails_usecase - Dados carregados: 920 associados ativos com email
2026-03-31 15:59:45,766 [WARNING] application.associados.enviar_emails_usecase - Não foi possível carregar saldos: [Errno 2] No such file or directory: 'G:\\.shortcut-targets-by-id\\1U63DGZ6urrQl6543DNHJZQR93oRmv-G2\\Associados\\Saldos.xlsx'
2026-03-31 15:59:45,782 [INFO] presentation.associados.associados_controller - 📧 Assunto: Jornal ATRPT Março 2026
2026-03-31 15:59:45,782 [INFO] presentation.associados.associados_controller - 📁 Logs: logs/associados/jornalatrptmarco2026_*.log
2026-03-31 15:59:45,782 [INFO] application.associados.enviar_emails_usecase - Campo 'sexo' processado
2026-03-31 15:59:45,782 [INFO] application.associados.enviar_emails_usecase - Campo 'nome' processado
2026-03-31 15:59:45,782 [INFO] application.associados.enviar_emails_usecase - Placeholders encontrados: []
2026-03-31 15:59:45,782 [INFO] application.associados.enviar_emails_usecase - 🔄 Renderizando 920 mensagens...
2026-03-31 15:59:45,782 [INFO] presentation.associados.associados_controller - 🔄 Renderizando 920 mensagens...
2026-03-31 15:59:45,830 [INFO] application.associados.enviar_emails_usecase - ✅ Preparação concluída. total de mensagens: 920
2026-03-31 15:59:45,830 [INFO] presentation.associados.associados_controller - ✅ 920 mensagens preparadas
2026-03-31 15:59:45,830 [ERROR] presentation.associados.associados_controller - Erro ao construir dados: object of type 'NoneType' has no len()
2026-03-31 15:59:45,846 [ERROR] presentation.associados.associados_controller - Erro ao construir dados de envio
Traceback (most recent call last):
  File "G:\.shortcut-targets-by-id\1NsBCziGNFjlQ-f8QRcezPsKVP9QzGdp0\APPs\atrpt\presentation\associados\associados_controller.py", line 110, in abrir_envio_emails
    logger.info(f"Dados preparados: {len(self.df_envio)} mensagens")
                                     ^^^^^^^^^^^^^^^^^^
TypeError: object of type 'NoneType' has no len()
2026-03-31 15:59:45,861 [INFO] presentation.associados.associados_controller - ❌ Erro: object of type 'NoneType' has no len()
2026-03-31 16:02:44,813 [INFO] presentation.associados.associados_controller - 🔍 Iniciando processo de envio...
2026-03-31 16:02:44,813 [INFO] presentation.associados.associados_controller - Selecione o template do email.
2026-03-31 16:02:48,993 [INFO] presentation.associados.associados_controller - ✅ Template selecionado: JornalMarço26.docx
2026-03-31 16:02:48,994 [INFO] presentation.associados.associados_controller - Selecione um ou mais anexos (opcional).
2026-03-31 16:02:56,936 [INFO] presentation.associados.associados_controller - ✅ Anexos selecionados: Guia_Consumidor_Idoso.pdf, Jornal ATRPT março de 2026.pdf
2026-03-31 16:02:56,936 [INFO] presentation.associados.associados_controller - Selecione o ficheiro Excel com os dados dos associados.
2026-03-31 16:03:09,802 [INFO] presentation.associados.associados_controller - ✅ Ficheiro de associados: convocatoriaAG260327_envio.xlsx
2026-03-31 16:03:23,110 [INFO] presentation.associados.associados_controller - 📁 Repositório atualizado com: convocatoriaAG260327_envio.xlsx
2026-03-31 16:05:27,594 [INFO] presentation.associados.associados_controller - 🔍 Iniciando processo de envio...
2026-03-31 16:05:27,594 [INFO] presentation.associados.associados_controller - Selecione o template do email.
2026-03-31 16:05:31,223 [INFO] presentation.associados.associados_controller - ✅ Template selecionado: JornalMarço26.docx
2026-03-31 16:05:31,224 [INFO] presentation.associados.associados_controller - Selecione um ou mais anexos (opcional).
2026-03-31 16:05:35,493 [INFO] presentation.associados.associados_controller - ✅ Anexos selecionados: Guia_Consumidor_Idoso.pdf, Jornal ATRPT março de 2026.pdf
2026-03-31 16:05:35,493 [INFO] presentation.associados.associados_controller - Selecione o ficheiro Excel com os dados dos associados.
2026-03-31 16:06:30,834 [INFO] presentation.associados.associados_controller - ✅ Ficheiro de associados: convocatoriaAG260327_envio.xlsx
2026-03-31 16:08:37,253 [INFO] presentation.associados.associados_controller - 📁 Repositório atualizado com: convocatoriaAG260327_envio.xlsx
2026-03-31 16:08:51,446 [INFO] presentation.associados.associados_controller - Construindo dados de envio...
2026-03-31 16:09:47,681 [INFO] application.associados.enviar_emails_usecase - ============================================================
2026-03-31 16:09:47,681 [INFO] application.associados.enviar_emails_usecase - FASE 1: PREPARAÇÃO DAS MENSAGENS
2026-03-31 16:09:47,681 [INFO] application.associados.enviar_emails_usecase - ============================================================
2026-03-31 16:09:47,681 [INFO] presentation.associados.associados_controller - 📝 Fase 1: Preparando mensagens...
2026-03-31 16:09:48,079 [INFO] application.associados.enviar_emails_usecase - Dados carregados: 920 associados ativos com email
2026-03-31 16:09:48,079 [WARNING] application.associados.enviar_emails_usecase - Não foi possível carregar saldos: [Errno 2] No such file or directory: 'G:\\.shortcut-targets-by-id\\1U63DGZ6urrQl6543DNHJZQR93oRmv-G2\\Associados\\Saldos.xlsx'
2026-03-31 16:09:48,127 [INFO] presentation.associados.associados_controller - 📧 Assunto: Jornal ATRPT Março 2026
2026-03-31 16:09:48,127 [INFO] presentation.associados.associados_controller - 📁 Logs: logs/associados/jornalatrptmarco2026_*.log
2026-03-31 16:09:48,143 [INFO] application.associados.enviar_emails_usecase - Campo 'sexo' processado
2026-03-31 16:09:48,143 [INFO] application.associados.enviar_emails_usecase - Campo 'nome' processado
2026-03-31 16:09:48,143 [INFO] application.associados.enviar_emails_usecase - Placeholders encontrados: []
2026-03-31 16:09:48,159 [INFO] application.associados.enviar_emails_usecase - 🔄 Renderizando 920 mensagens...
2026-03-31 16:09:48,159 [INFO] presentation.associados.associados_controller - 🔄 Renderizando 920 mensagens...
2026-03-31 16:09:48,533 [INFO] application.associados.enviar_emails_usecase - ✅ Preparação concluída. total de mensagens: 920
2026-03-31 16:09:48,533 [INFO] presentation.associados.associados_controller - ✅ 920 mensagens preparadas
2026-03-31 16:10:49,616 [ERROR] presentation.associados.associados_controller - Erro ao construir dados: 
2026-03-31 16:10:57,246 [INFO] presentation.associados.associados_controller - 🔍 Iniciando processo de envio...
2026-03-31 16:10:57,246 [INFO] presentation.associados.associados_controller - Selecione o template do email.
2026-03-31 16:11:00,815 [INFO] presentation.associados.associados_controller - ✅ Template selecionado: JornalMarço26.docx
2026-03-31 16:11:00,815 [INFO] presentation.associados.associados_controller - Selecione um ou mais anexos (opcional).
2026-03-31 16:11:04,749 [INFO] presentation.associados.associados_controller - ✅ Anexos selecionados: Guia_Consumidor_Idoso.pdf, Jornal ATRPT março de 2026.pdf
2026-03-31 16:11:04,749 [INFO] presentation.associados.associados_controller - Selecione o ficheiro Excel com os dados dos associados.
2026-03-31 16:11:07,961 [INFO] presentation.associados.associados_controller - Construindo dados de envio ...
2026-03-31 16:11:07,961 [INFO] application.associados.enviar_emails_usecase - ============================================================
2026-03-31 16:11:07,961 [INFO] application.associados.enviar_emails_usecase - FASE 1: PREPARAÇÃO DAS MENSAGENS
2026-03-31 16:11:07,961 [INFO] application.associados.enviar_emails_usecase - ============================================================
2026-03-31 16:11:07,961 [INFO] presentation.associados.associados_controller - 📝 Fase 1: Preparando mensagens...
2026-03-31 16:11:08,040 [INFO] application.associados.enviar_emails_usecase - Dados carregados: 920 associados ativos com email
2026-03-31 16:11:08,040 [WARNING] application.associados.enviar_emails_usecase - Não foi possível carregar saldos: [Errno 2] No such file or directory: 'G:\\.shortcut-targets-by-id\\1U63DGZ6urrQl6543DNHJZQR93oRmv-G2\\Associados\\Saldos.xlsx'
2026-03-31 16:11:08,066 [INFO] presentation.associados.associados_controller - 📧 Assunto: Jornal ATRPT Março 2026
2026-03-31 16:11:08,066 [INFO] presentation.associados.associados_controller - 📁 Logs: logs/associados/jornalatrptmarco2026_*.log
2026-03-31 16:11:08,066 [INFO] application.associados.enviar_emails_usecase - Campo 'sexo' processado
2026-03-31 16:11:08,066 [INFO] application.associados.enviar_emails_usecase - Campo 'nome' processado
2026-03-31 16:11:08,066 [INFO] application.associados.enviar_emails_usecase - Placeholders encontrados: []
2026-03-31 16:11:08,066 [INFO] application.associados.enviar_emails_usecase - 🔄 Renderizando 920 mensagens...
2026-03-31 16:11:08,066 [INFO] presentation.associados.associados_controller - 🔄 Renderizando 920 mensagens...
2026-03-31 16:11:08,104 [INFO] application.associados.enviar_emails_usecase - ✅ Preparação concluída. total de mensagens: 920
2026-03-31 16:11:08,104 [INFO] presentation.associados.associados_controller - ✅ 920 mensagens preparadas
2026-03-31 16:16:05,759 [ERROR] presentation.associados.associados_controller - Erro ao construir dados: 
2026-03-31 16:16:17,456 [INFO] presentation.associados.associados_controller - 🔍 Iniciando processo de envio...
2026-03-31 16:16:17,456 [INFO] presentation.associados.associados_controller - Selecione o template do email.
2026-03-31 16:16:20,786 [INFO] presentation.associados.associados_controller - ✅ Template selecionado: JornalMarço26.docx
2026-03-31 16:16:20,786 [INFO] presentation.associados.associados_controller - Selecione um ou mais anexos (opcional).
2026-03-31 16:16:25,368 [INFO] presentation.associados.associados_controller - ✅ Anexos selecionados: Guia_Consumidor_Idoso.pdf, Jornal ATRPT março de 2026.pdf
2026-03-31 16:16:25,369 [INFO] presentation.associados.associados_controller - Selecione o ficheiro Excel com os dados dos associados.
2026-03-31 16:16:28,276 [INFO] presentation.associados.associados_controller - Construindo dados de envio ...
2026-03-31 16:16:28,276 [INFO] application.associados.enviar_emails_usecase - ============================================================
2026-03-31 16:16:28,276 [INFO] application.associados.enviar_emails_usecase - FASE 1: PREPARAÇÃO DAS MENSAGENS
2026-03-31 16:16:28,276 [INFO] application.associados.enviar_emails_usecase - ============================================================
2026-03-31 16:16:28,276 [INFO] presentation.associados.associados_controller - 📝 Fase 1: Preparando mensagens...
2026-03-31 16:16:28,356 [INFO] application.associados.enviar_emails_usecase - Dados carregados: 920 associados ativos com email
2026-03-31 16:16:28,356 [WARNING] application.associados.enviar_emails_usecase - Não foi possível carregar saldos: [Errno 2] No such file or directory: 'G:\\.shortcut-targets-by-id\\1U63DGZ6urrQl6543DNHJZQR93oRmv-G2\\Associados\\Saldos.xlsx'
2026-03-31 16:16:28,382 [INFO] presentation.associados.associados_controller - 📧 Assunto: Jornal ATRPT Março 2026
2026-03-31 16:16:28,382 [INFO] presentation.associados.associados_controller - 📁 Logs: logs/associados/jornalatrptmarco2026_*.log
2026-03-31 16:16:28,382 [INFO] application.associados.enviar_emails_usecase - Campo 'sexo' processado
2026-03-31 16:16:28,382 [INFO] application.associados.enviar_emails_usecase - Campo 'nome' processado
2026-03-31 16:16:28,387 [INFO] application.associados.enviar_emails_usecase - Placeholders encontrados: []
2026-03-31 16:16:28,387 [INFO] application.associados.enviar_emails_usecase - 🔄 Renderizando 920 mensagens...
2026-03-31 16:20:15,408 [INFO] application.associados.enviar_emails_usecase - ✅ Preparação concluída. total de mensagens: 920
2026-03-31 16:21:48,824 [ERROR] presentation.associados.associados_controller - Erro ao construir dados: 
2026-03-31 16:23:27,462 [INFO] presentation.associados.associados_controller - 🔍 Iniciando processo de envio...
2026-03-31 16:23:27,477 [INFO] presentation.associados.associados_controller - Selecione o template do email.
2026-03-31 16:23:30,908 [INFO] presentation.associados.associados_controller - ✅ Template selecionado: JornalMarço26.docx
2026-03-31 16:23:30,908 [INFO] presentation.associados.associados_controller - Selecione um ou mais anexos (opcional).
2026-03-31 16:23:39,403 [INFO] presentation.associados.associados_controller - ✅ Anexos selecionados: Guia_Consumidor_Idoso.pdf, Jornal ATRPT março de 2026.pdf
2026-03-31 16:23:39,403 [INFO] presentation.associados.associados_controller - Selecione o ficheiro Excel com os dados dos associados.
2026-03-31 16:23:57,331 [INFO] presentation.associados.associados_controller - Construindo dados de envio ...
2026-03-31 16:23:57,331 [INFO] application.associados.enviar_emails_usecase - ============================================================
2026-03-31 16:23:57,331 [INFO] application.associados.enviar_emails_usecase - FASE 1: PREPARAÇÃO DAS MENSAGENS
2026-03-31 16:23:57,331 [INFO] application.associados.enviar_emails_usecase - ============================================================
2026-03-31 16:23:57,331 [INFO] presentation.associados.associados_controller - 📝 Fase 1: Preparando mensagens...
2026-03-31 16:23:57,426 [INFO] application.associados.enviar_emails_usecase - Dados carregados: 872 associados ativos com email
2026-03-31 16:23:57,442 [WARNING] application.associados.enviar_emails_usecase - Não foi possível carregar saldos: [Errno 2] No such file or directory: 'G:\\.shortcut-targets-by-id\\1U63DGZ6urrQl6543DNHJZQR93oRmv-G2\\Associados\\Saldos.xlsx'
2026-03-31 16:23:57,463 [INFO] presentation.associados.associados_controller - 📧 Assunto: Jornal ATRPT Março 2026
2026-03-31 16:23:57,463 [INFO] presentation.associados.associados_controller - 📁 Logs: logs/associados/jornalatrptmarco2026_*.log
2026-03-31 16:23:57,463 [INFO] application.associados.enviar_emails_usecase - Campo 'sexo' processado
2026-03-31 16:23:57,463 [INFO] application.associados.enviar_emails_usecase - Campo 'nome' processado
2026-03-31 16:23:57,463 [INFO] application.associados.enviar_emails_usecase - Placeholders encontrados: []
2026-03-31 16:23:57,463 [INFO] application.associados.enviar_emails_usecase - 🔄 Renderizando 872 mensagens...
2026-03-31 16:25:45,308 [INFO] application.associados.enviar_emails_usecase - ✅ Preparação concluída. total de mensagens: 872
2026-03-31 16:27:51,070 [ERROR] presentation.associados.associados_controller - Erro ao construir dados: object of type 'NoneType' has no len()
2026-03-31 17:40:46,482 [INFO] presentation.associados.associados_controller - 🔍 Iniciando processo de envio...
2026-03-31 17:40:46,482 [INFO] presentation.associados.associados_controller - Selecione o template do email.
2026-03-31 17:40:53,772 [INFO] presentation.associados.associados_controller - ✅ Template selecionado: JornalMarço26.docx
2026-03-31 17:40:53,772 [INFO] presentation.associados.associados_controller - Selecione um ou mais anexos (opcional).
2026-03-31 17:41:01,629 [INFO] presentation.associados.associados_controller - ✅ Anexos selecionados: Guia_Consumidor_Idoso.pdf, Jornal ATRPT março de 2026.pdf
2026-03-31 17:41:01,629 [INFO] presentation.associados.associados_controller - Selecione o ficheiro Excel com os dados dos associados.
2026-03-31 17:41:13,231 [INFO] presentation.associados.associados_controller - Construindo dados de envio ...
2026-03-31 17:41:13,231 [INFO] application.associados.enviar_emails_usecase - ============================================================
2026-03-31 17:41:13,231 [INFO] application.associados.enviar_emails_usecase - FASE 1: PREPARAÇÃO DAS MENSAGENS
2026-03-31 17:41:13,231 [INFO] application.associados.enviar_emails_usecase - ============================================================
2026-03-31 17:41:13,231 [INFO] presentation.associados.associados_controller - 📝 Fase 1: Preparando mensagens...
2026-03-31 17:41:13,327 [INFO] application.associados.enviar_emails_usecase - Dados carregados: 872 associados ativos com email
2026-03-31 17:41:13,327 [WARNING] application.associados.enviar_emails_usecase - Não foi possível carregar saldos: [Errno 2] No such file or directory: 'G:\\.shortcut-targets-by-id\\1U63DGZ6urrQl6543DNHJZQR93oRmv-G2\\Associados\\Saldos.xlsx'
2026-03-31 17:41:13,343 [INFO] presentation.associados.associados_controller - 📧 Assunto: Jornal ATRPT Março 2026
2026-03-31 17:41:13,343 [INFO] presentation.associados.associados_controller - 📁 Logs: logs/associados/jornalatrptmarco2026_*.log
2026-03-31 17:41:13,343 [INFO] application.associados.enviar_emails_usecase - Campo 'sexo' processado
2026-03-31 17:41:13,343 [INFO] application.associados.enviar_emails_usecase - Campo 'nome' processado
2026-03-31 17:41:13,343 [INFO] application.associados.enviar_emails_usecase - Placeholders encontrados: []
2026-03-31 17:41:13,343 [INFO] application.associados.enviar_emails_usecase - 🔄 Renderizando 872 mensagens...
2026-03-31 17:41:55,877 [INFO] application.associados.enviar_emails_usecase - ✅ Preparação concluída. total de mensagens: 872
2026-03-31 17:42:50,066 [ERROR] presentation.associados.associados_controller - Erro ao construir dados: object of type 'NoneType' has no len()
2026-03-31 17:46:42,594 [INFO] presentation.associados.associados_controller - 🔍 Iniciando processo de envio...
2026-03-31 17:46:42,594 [INFO] presentation.associados.associados_controller - Selecione o template do email.
2026-03-31 17:46:54,100 [INFO] presentation.associados.associados_controller - ✅ Template selecionado: JornalMarço26.docx
2026-03-31 17:46:54,100 [INFO] presentation.associados.associados_controller - Selecione um ou mais anexos (opcional).
2026-03-31 17:46:58,199 [INFO] presentation.associados.associados_controller - ✅ Anexos selecionados: Guia_Consumidor_Idoso.pdf, Jornal ATRPT março de 2026.pdf
2026-03-31 17:46:58,199 [INFO] presentation.associados.associados_controller - Selecione o ficheiro Excel com os dados dos associados.
2026-03-31 17:47:10,096 [INFO] presentation.associados.associados_controller - Construindo dados de envio ...
2026-03-31 17:47:10,096 [INFO] application.associados.enviar_emails_usecase - ============================================================
2026-03-31 17:47:10,096 [INFO] application.associados.enviar_emails_usecase - FASE 1: PREPARAÇÃO DAS MENSAGENS
2026-03-31 17:47:10,096 [INFO] application.associados.enviar_emails_usecase - ============================================================
2026-03-31 17:47:10,096 [INFO] presentation.associados.associados_controller - 📝 Fase 1: Preparando mensagens...
2026-03-31 17:47:10,159 [INFO] application.associados.enviar_emails_usecase - Dados carregados: 872 associados ativos com email
2026-03-31 17:47:10,175 [WARNING] application.associados.enviar_emails_usecase - Não foi possível carregar saldos: [Errno 2] No such file or directory: 'G:\\.shortcut-targets-by-id\\1U63DGZ6urrQl6543DNHJZQR93oRmv-G2\\Associados\\Saldos.xlsx'
2026-03-31 17:47:10,191 [INFO] presentation.associados.associados_controller - 📧 Assunto: Jornal ATRPT Março 2026
2026-03-31 17:47:10,191 [INFO] presentation.associados.associados_controller - 📁 Logs: logs/associados/jornalatrptmarco2026_*.log
2026-03-31 17:47:10,191 [INFO] application.associados.enviar_emails_usecase - Campo 'sexo' processado
2026-03-31 17:47:10,191 [INFO] application.associados.enviar_emails_usecase - Campo 'nome' processado
2026-03-31 17:47:10,191 [INFO] application.associados.enviar_emails_usecase - Placeholders encontrados: []
2026-03-31 17:47:10,191 [INFO] application.associados.enviar_emails_usecase - 🔄 Renderizando 872 mensagens...
2026-03-31 17:51:17,541 [ERROR] presentation.associados.associados_controller - Erro ao construir dados: 
2026-03-31 17:51:38,111 [INFO] presentation.associados.associados_controller - 🔍 Iniciando processo de envio...
2026-03-31 17:51:38,112 [INFO] presentation.associados.associados_controller - Selecione o template do email.
2026-03-31 17:51:43,318 [INFO] presentation.associados.associados_controller - ✅ Template selecionado: JornalMarço26.docx
2026-03-31 17:51:43,318 [INFO] presentation.associados.associados_controller - Selecione um ou mais anexos (opcional).
2026-03-31 17:51:50,096 [INFO] presentation.associados.associados_controller - ✅ Anexos selecionados: Guia_Consumidor_Idoso.pdf, Jornal ATRPT março de 2026.pdf
2026-03-31 17:51:50,096 [INFO] presentation.associados.associados_controller - Selecione o ficheiro Excel com os dados dos associados.
2026-03-31 17:51:56,457 [INFO] presentation.associados.associados_controller - Construindo dados de envio ...
2026-03-31 17:51:56,457 [INFO] application.associados.enviar_emails_usecase - FaSE 1: PREPARAÇÃO DAS MENSAGENS
2026-03-31 17:51:56,536 [INFO] application.associados.enviar_emails_usecase - Dados carregados: 872 associados ativos com email
2026-03-31 17:51:56,536 [WARNING] application.associados.enviar_emails_usecase - Não foi possível carregar saldos: [Errno 2] No such file or directory: 'G:\\.shortcut-targets-by-id\\1U63DGZ6urrQl6543DNHJZQR93oRmv-G2\\Associados\\Saldos.xlsx'
2026-03-31 17:53:01,706 [INFO] presentation.associados.associados_controller - 📧 Assunto: Jornal ATRPT Março 2026
2026-03-31 17:54:06,915 [INFO] presentation.associados.associados_controller - 📁 Logs: logs/associados/jornalatrptmarco2026_*.log
2026-03-31 17:54:54,075 [INFO] application.associados.enviar_emails_usecase - Campo 'sexo' processado
2026-03-31 17:56:35,546 [INFO] application.associados.enviar_emails_usecase - Campo 'nome' processado
2026-03-31 17:56:38,409 [INFO] application.associados.enviar_emails_usecase - Placeholders encontrados: []
2026-03-31 17:57:03,780 [INFO] application.associados.enviar_emails_usecase - 🔄 Renderizando 872 mensagens...
2026-03-31 18:04:11,551 [INFO] application.associados.enviar_emails_usecase - ✅ Preparação concluída. total de mensagens: 872
2026-03-31 18:09:23,621 [ERROR] presentation.associados.associados_controller - Erro ao construir dados: object of type 'NoneType' has no len()
2026-03-31 18:32:19,220 [INFO] presentation.associados.associados_controller - Selecione o template do email.
2026-03-31 18:32:24,876 [INFO] presentation.associados.associados_controller - ✅ Template selecionado: JornalMarço26.docx
2026-03-31 18:32:24,876 [INFO] presentation.associados.associados_controller - Selecione um ou mais anexos (opcional).
2026-03-31 18:32:30,778 [INFO] presentation.associados.associados_controller - ✅ Anexos selecionados: Guia_Consumidor_Idoso.pdf, Jornal ATRPT março de 2026.pdf
2026-03-31 18:32:30,778 [INFO] presentation.associados.associados_controller - Selecione o ficheiro Excel com os dados dos associados.
2026-03-31 18:32:41,796 [INFO] presentation.associados.associados_controller - Construindo dados de envio ...
2026-03-31 18:32:41,796 [INFO] application.associados.enviar_emails_usecase - FaSE 1: PREPARAÇÃO DAS MENSAGENS
2026-03-31 18:32:41,891 [INFO] application.associados.enviar_emails_usecase - Dados carregados: 872 associados ativos com email
2026-03-31 18:32:41,907 [WARNING] application.associados.enviar_emails_usecase - Não foi possível carregar saldos: [Errno 2] No such file or directory: 'G:\\.shortcut-targets-by-id\\1U63DGZ6urrQl6543DNHJZQR93oRmv-G2\\Associados\\Saldos.xlsx'
2026-03-31 18:34:22,979 [ERROR] presentation.associados.associados_controller - Erro ao construir dados: 
2026-03-31 22:06:26,124 [INFO] presentation.associados.associados_controller - Selecione o template do email.
2026-03-31 22:06:32,080 [INFO] presentation.associados.associados_controller - ✅ Template selecionado: JornalMarço26.docx
2026-03-31 22:06:32,080 [INFO] presentation.associados.associados_controller - Selecione um ou mais anexos (opcional).
2026-03-31 22:06:36,439 [INFO] presentation.associados.associados_controller - ✅ Anexos selecionados: Guia_Consumidor_Idoso.pdf, Jornal ATRPT março de 2026.pdf
2026-03-31 22:06:36,439 [INFO] presentation.associados.associados_controller - Selecione o ficheiro Excel com os dados dos associados.
2026-03-31 22:06:45,409 [INFO] presentation.associados.associados_controller - Construindo dados de envio ...
2026-03-31 22:06:45,409 [INFO] application.associados.enviar_emails_usecase - FaSE 1: PREPARAÇÃO DAS MENSAGENS
2026-03-31 22:06:45,489 [INFO] application.associados.enviar_emails_usecase - Dados carregados: 872 associados ativos com email
2026-03-31 22:06:45,493 [WARNING] application.associados.enviar_emails_usecase - Não foi possível carregar saldos: [Errno 2] No such file or directory: 'G:\\.shortcut-targets-by-id\\1U63DGZ6urrQl6543DNHJZQR93oRmv-G2\\Associados\\Saldos.xlsx'
2026-03-31 22:07:42,635 [INFO] application.associados.enviar_emails_usecase - Placeholders encontrados: []
2026-03-31 22:07:42,635 [INFO] application.associados.enviar_emails_usecase - 🔄 Renderizando 872 mensagens...
2026-03-31 22:07:42,747 [INFO] application.associados.enviar_emails_usecase - ✅ Preparação concluída. total de mensagens: 872
2026-03-31 22:07:42,747 [ERROR] presentation.associados.associados_controller - Erro ao construir dados: object of type 'NoneType' has no len()
2026-04-01 10:43:42,229 [INFO] presentation.associados.associados_controller - 🔍 Iniciando processo de envio...
2026-04-01 10:43:47,392 [INFO] presentation.associados.associados_controller - ✅ Template selecionado: JornalMarço26.docx
2026-04-01 10:43:57,914 [INFO] presentation.associados.associados_controller - ✅ Anexos: Guia_Consumidor_Idoso.pdf, Jornal ATRPT março de 2026.pdf
2026-04-01 10:44:10,288 [INFO] presentation.associados.associados_controller - 📄 Ficheiro: JornalMarço26_envio.xlsx
2026-04-01 10:44:10,288 [INFO] application.associados.enviar_emails_usecase - ============================================================
2026-04-01 10:44:10,288 [INFO] application.associados.enviar_emails_usecase - FASE 1: PREPARAÇÃO DAS MENSAGENS
2026-04-01 10:44:10,288 [INFO] application.associados.enviar_emails_usecase - ============================================================
2026-04-01 10:44:10,415 [INFO] application.associados.enviar_emails_usecase - Dados carregados: 872 registos
2026-04-01 10:44:10,415 [INFO] application.associados.enviar_emails_usecase - Emails válidos: 872
2026-04-01 10:44:10,447 [ERROR] application.associados.enviar_emails_usecase - Erro na preparação
Traceback (most recent call last):
  File "G:\.shortcut-targets-by-id\1NsBCziGNFjlQ-f8QRcezPsKVP9QzGdp0\APPs\atrpt\application\associados\enviar_emails_usecase.py", line 146, in preparar
    subject_template, body_template, placeholders = self._carregar_template(template_path)
                                                    ^^^^^^^^^^^^^^^^^^^^^^^^^^^^^^^^^^^^^^
  File "G:\.shortcut-targets-by-id\1NsBCziGNFjlQ-f8QRcezPsKVP9QzGdp0\APPs\atrpt\application\associados\enviar_emails_usecase.py", line 218, in _carregar_template
    subject, body, placeholders = render_template(template_path)
    ^^^^^^^^^^^^^^^^^^^^^^^^^^^
ValueError: not enough values to unpack (expected 3, got 2)
2026-04-01 10:44:10,481 [ERROR] presentation.associados.associados_controller - Erro na preparação: not enough values to unpack (expected 3, got 2)
2026-04-01 11:07:21,765 [INFO] presentation.associados.associados_controller - 🔍 Iniciando processo de envio...
2026-04-01 11:07:27,144 [INFO] presentation.associados.associados_controller - ✅ Template selecionado: JornalMarço26.docx
2026-04-01 11:07:32,591 [INFO] presentation.associados.associados_controller - ✅ Anexos: Guia_Consumidor_Idoso.pdf, Jornal ATRPT março de 2026.pdf
2026-04-01 11:07:36,386 [INFO] presentation.associados.associados_controller - 📄 Ficheiro: convocatoriaAG260327_envio.xlsx
2026-04-01 11:07:36,386 [INFO] application.associados.enviar_emails_usecase - FASE 1: PREPARAÇÃO DAS MENSAGENS
2026-04-01 11:07:36,466 [INFO] application.associados.enviar_emails_usecase - Dados carregados: 920 registos
2026-04-01 11:07:36,466 [INFO] application.associados.enviar_emails_usecase - Emails válidos: 920
2026-04-01 11:07:36,482 [ERROR] application.associados.enviar_emails_usecase - Erro na preparação
Traceback (most recent call last):
  File "G:\.shortcut-targets-by-id\1NsBCziGNFjlQ-f8QRcezPsKVP9QzGdp0\APPs\atrpt\application\associados\enviar_emails_usecase.py", line 151, in preparar
    df = self._renderizar(df, subject_template, body_template)
                              ^^^^^^^^^^^^^^^^
NameError: name 'subject_template' is not defined
2026-04-01 11:07:36,498 [ERROR] presentation.associados.associados_controller - Erro na preparação: name 'subject_template' is not defined
2026-04-01 11:20:34,380 [INFO] presentation.associados.associados_controller - 🔍 Iniciando processo de envio...
2026-04-01 11:20:38,809 [INFO] presentation.associados.associados_controller - ✅ Template selecionado: JornalMarço26.docx
2026-04-01 11:20:43,497 [INFO] presentation.associados.associados_controller - ✅ Anexos: Guia_Consumidor_Idoso.pdf, Jornal ATRPT março de 2026.pdf
2026-04-01 11:20:50,867 [INFO] presentation.associados.associados_controller - 📄 Ficheiro: JornalMarço26_envio.xlsx
2026-04-01 11:20:50,867 [INFO] application.associados.enviar_emails_usecase - FASE 1: PREPARAÇÃO DAS MENSAGENS
2026-04-01 11:20:50,947 [INFO] application.associados.enviar_emails_usecase - Dados carregados: 872 registos
2026-04-01 11:20:50,947 [INFO] application.associados.enviar_emails_usecase - Emails válidos: 872
2026-04-01 11:20:50,947 [INFO] application.associados.enviar_emails_usecase - 🔄 Renderizando 872 mensagens...
2026-04-01 11:20:55,154 [INFO] application.associados.enviar_emails_usecase - ✅ Preparação concluída. total de mensagens: 872
2026-04-01 11:20:55,154 [INFO] presentation.associados.associados_controller - ✅ 872 mensagens preparadas
2026-04-01 11:21:03,364 [INFO] presentation.associados.associados_controller - 📁 Usando existente: JornalMarço26_envio.xlsx
2026-04-01 15:17:43,106 [INFO] presentation.associados.associados_controller - 🔍 Iniciando processo de envio...
2026-04-01 15:17:48,453 [INFO] presentation.associados.associados_controller - ✅ Template selecionado: JornalMarço26.docx
2026-04-01 15:17:53,063 [INFO] presentation.associados.associados_controller - ✅ Anexos: Guia_Consumidor_Idoso.pdf, Jornal ATRPT março de 2026.pdf
2026-04-01 15:18:20,208 [INFO] presentation.associados.associados_controller - 📄 Ficheiro: JornalMarço26_envio.xlsx
2026-04-01 15:18:20,208 [INFO] application.associados.enviar_emails_usecase - FASE 1: PREPARAÇÃO DAS MENSAGENS
2026-04-01 15:18:20,304 [INFO] application.associados.enviar_emails_usecase - Dados carregados: 872 registos
2026-04-01 15:18:20,304 [INFO] application.associados.enviar_emails_usecase - Emails válidos: 872
2026-04-01 15:18:20,304 [ERROR] application.associados.enviar_emails_usecase - Erro na preparação
Traceback (most recent call last):
  File "G:\.shortcut-targets-by-id\1NsBCziGNFjlQ-f8QRcezPsKVP9QzGdp0\APPs\atrpt\application\associados\enviar_emails_usecase.py", line 138, in preparar
    df = self._tratar_campos(df)
         ^^^^^^^^^^^^^^^^^^^^^^^
  File "G:\.shortcut-targets-by-id\1NsBCziGNFjlQ-f8QRcezPsKVP9QzGdp0\APPs\atrpt\application\associados\enviar_emails_usecase.py", line 208, in _tratar_campos
    df["nome"] = df["nome"].apply(self.simplificar_nome)
                                  ^^^^^^^^^^^^^^^^^^^^^
AttributeError: 'EnviarEmailsAssociadosUseCase' object has no attribute 'simplificar_nome'
2026-04-01 15:18:20,320 [ERROR] presentation.associados.associados_controller - Erro na preparação: 'EnviarEmailsAssociadosUseCase' object has no attribute 'simplificar_nome'
2026-04-01 15:21:28,899 [INFO] presentation.associados.associados_controller - 🔍 Iniciando processo de envio...
2026-04-01 15:21:33,292 [INFO] presentation.associados.associados_controller - ✅ Template selecionado: JornalMarço26.docx
2026-04-01 15:21:37,942 [INFO] presentation.associados.associados_controller - ✅ Anexos: Guia_Consumidor_Idoso.pdf, Jornal ATRPT março de 2026.pdf
2026-04-01 15:21:52,718 [INFO] presentation.associados.associados_controller - 📄 Ficheiro: JornalMarço26_envio.xlsx
2026-04-01 15:21:52,718 [INFO] application.associados.enviar_emails_usecase - FASE 1: PREPARAÇÃO DAS MENSAGENS
2026-04-01 15:21:52,813 [INFO] application.associados.enviar_emails_usecase - Dados carregados: 872 registos
2026-04-01 15:21:52,813 [INFO] application.associados.enviar_emails_usecase - Emails válidos: 872
2026-04-01 15:21:52,813 [ERROR] application.associados.enviar_emails_usecase - Erro na preparação
Traceback (most recent call last):
  File "G:\.shortcut-targets-by-id\1NsBCziGNFjlQ-f8QRcezPsKVP9QzGdp0\APPs\atrpt\application\associados\enviar_emails_usecase.py", line 138, in preparar
    df = self._tratar_campos(df)
         ^^^^^^^^^^^^^^^^^^^^^^^
  File "G:\.shortcut-targets-by-id\1NsBCziGNFjlQ-f8QRcezPsKVP9QzGdp0\APPs\atrpt\application\associados\enviar_emails_usecase.py", line 208, in _tratar_campos
    df["nome"] = df["nome"].apply(self.simplificar_nome)
                                  ^^^^^^^^^^^^^^^^^^^^^
AttributeError: 'EnviarEmailsAssociadosUseCase' object has no attribute 'simplificar_nome'
2026-04-01 15:21:52,829 [ERROR] presentation.associados.associados_controller - Erro na preparação: 'EnviarEmailsAssociadosUseCase' object has no attribute 'simplificar_nome'
2026-04-01 15:23:09,741 [INFO] presentation.associados.associados_controller - 🔍 Iniciando processo de envio...
2026-04-01 15:23:15,104 [INFO] presentation.associados.associados_controller - ✅ Template selecionado: JornalMarço26.docx
2026-04-01 15:23:23,620 [INFO] presentation.associados.associados_controller - ✅ Anexos: Guia_Consumidor_Idoso.pdf, Jornal ATRPT março de 2026.pdf
2026-04-01 15:23:31,080 [INFO] presentation.associados.associados_controller - 📄 Ficheiro: JornalMarço26_envio.xlsx
2026-04-01 15:23:31,080 [INFO] application.associados.enviar_emails_usecase - FASE 1: PREPARAÇÃO DAS MENSAGENS
2026-04-01 15:23:31,168 [INFO] application.associados.enviar_emails_usecase - Dados carregados: 872 registos
2026-04-01 15:23:31,168 [INFO] application.associados.enviar_emails_usecase - Emails válidos: 872
2026-04-01 15:23:31,187 [INFO] application.associados.enviar_emails_usecase - 🔄 Renderizando 872 mensagens...
2026-04-01 15:23:37,721 [INFO] application.associados.enviar_emails_usecase - ✅ Preparação concluída. total de mensagens: 872
2026-04-01 15:23:37,721 [ERROR] application.associados.enviar_emails_usecase - Erro na preparação
Traceback (most recent call last):
  File "G:\.shortcut-targets-by-id\1NsBCziGNFjlQ-f8QRcezPsKVP9QzGdp0\APPs\atrpt\application\associados\enviar_emails_usecase.py", line 158, in preparar
    ficheiro = self.envio_repository.guardar(
               ^^^^^^^^^^^^^^^^^^^^^^^^^^^^^
AttributeError: 'NoneType' object has no attribute 'guardar'
2026-04-01 15:23:37,744 [ERROR] presentation.associados.associados_controller - Erro na preparação: 'NoneType' object has no attribute 'guardar'
2026-04-01 15:26:01,396 [INFO] presentation.associados.associados_controller - 🔍 Iniciando processo de envio...
2026-04-01 15:26:07,147 [INFO] presentation.associados.associados_controller - ✅ Template selecionado: JornalMarço26.docx
2026-04-01 15:26:11,057 [INFO] presentation.associados.associados_controller - ✅ Anexos: Guia_Consumidor_Idoso.pdf, Jornal ATRPT março de 2026.pdf
2026-04-01 15:26:17,448 [INFO] presentation.associados.associados_controller - 📄 Ficheiro: JornalMarço26_envio.xlsx
2026-04-01 15:26:17,448 [INFO] application.associados.enviar_emails_usecase - FASE 1: PREPARAÇÃO DAS MENSAGENS
2026-04-01 15:26:17,527 [INFO] application.associados.enviar_emails_usecase - Dados carregados: 872 registos
2026-04-01 15:26:17,527 [INFO] application.associados.enviar_emails_usecase - Emails válidos: 872
2026-04-01 15:26:17,537 [INFO] application.associados.enviar_emails_usecase - 🔄 Renderizando 872 mensagens...
2026-04-01 15:26:21,735 [INFO] application.associados.enviar_emails_usecase - ✅ Preparação concluída. total de mensagens: 872
2026-04-01 15:54:16,706 [ERROR] application.associados.enviar_emails_usecase - Erro na preparação
Traceback (most recent call last):
  File "G:\.shortcut-targets-by-id\1NsBCziGNFjlQ-f8QRcezPsKVP9QzGdp0\APPs\atrpt\application\associados\enviar_emails_usecase.py", line 159, in preparar
    nome_ficheiro = f"{base_nome}_{timestamp}.xlsx"
               ^^^^
  File "C:\Users\Utilizador\miniconda3\envs\atrpt\Lib\bdb.py", line 90, in trace_dispatch
    return self.dispatch_line(frame)
           ^^^^^^^^^^^^^^^^^^^^^^^^^
  File "C:\Users\Utilizador\miniconda3\envs\atrpt\Lib\bdb.py", line 115, in dispatch_line
    if self.quitting: raise BdbQuit
                      ^^^^^^^^^^^^^
bdb.BdbQuit
2026-04-01 15:54:16,753 [ERROR] presentation.associados.associados_controller - Erro na preparação: 
2026-04-01 15:54:33,042 [INFO] presentation.associados.associados_controller - 🔍 Iniciando processo de envio...
2026-04-01 15:54:37,877 [INFO] presentation.associados.associados_controller - ✅ Template selecionado: JornalMarço26.docx
2026-04-01 15:54:42,132 [INFO] presentation.associados.associados_controller - ✅ Anexos: Guia_Consumidor_Idoso.pdf, Jornal ATRPT março de 2026.pdf
2026-04-01 15:54:47,239 [INFO] presentation.associados.associados_controller - 📄 Ficheiro: JornalMarço26_envio.xlsx
2026-04-01 15:54:47,239 [INFO] application.associados.enviar_emails_usecase - FASE 1: PREPARAÇÃO DAS MENSAGENS
2026-04-01 15:54:47,303 [INFO] application.associados.enviar_emails_usecase - Dados carregados: 872 registos
2026-04-01 15:54:47,319 [INFO] application.associados.enviar_emails_usecase - Emails válidos: 872
2026-04-01 15:54:47,319 [INFO] application.associados.enviar_emails_usecase - 🔄 Renderizando 872 mensagens...
2026-04-01 15:54:51,472 [ERROR] application.associados.enviar_emails_usecase - Erro na preparação
Traceback (most recent call last):
  File "G:\.shortcut-targets-by-id\1NsBCziGNFjlQ-f8QRcezPsKVP9QzGdp0\APPs\atrpt\application\associados\enviar_emails_usecase.py", line 149, in preparar
    anexos_str = ";".join(self.anexos) if self.anexos else ""
                                          ^^^^^^^^^^^
AttributeError: 'EnviarEmailsAssociadosUseCase' object has no attribute 'anexos'
2026-04-01 15:54:51,504 [ERROR] presentation.associados.associados_controller - Erro na preparação: 'EnviarEmailsAssociadosUseCase' object has no attribute 'anexos'
2026-04-01 16:10:17,952 [INFO] presentation.associados.associados_controller - 🔍 Iniciando processo de envio...
2026-04-01 16:10:23,182 [INFO] presentation.associados.associados_controller - ✅ Template selecionado: JornalMarço26.docx
2026-04-01 16:10:27,559 [INFO] presentation.associados.associados_controller - ✅ Anexos: Guia_Consumidor_Idoso.pdf, Jornal ATRPT março de 2026.pdf
2026-04-01 16:10:37,817 [INFO] presentation.associados.associados_controller - 📄 Ficheiro: JornalMarço26_envio.xlsx
2026-04-01 16:10:37,817 [INFO] application.associados.enviar_emails_usecase - FASE 1: PREPARAÇÃO DAS MENSAGENS
2026-04-01 16:10:37,897 [INFO] application.associados.enviar_emails_usecase - Dados carregados: 872 registos
2026-04-01 16:10:37,897 [INFO] application.associados.enviar_emails_usecase - Emails válidos: 872
2026-04-01 16:10:37,897 [INFO] application.associados.enviar_emails_usecase - 🔄 Renderizando 872 mensagens...
2026-04-01 16:10:42,073 [ERROR] application.associados.enviar_emails_usecase - Erro na preparação
Traceback (most recent call last):
  File "G:\.shortcut-targets-by-id\1NsBCziGNFjlQ-f8QRcezPsKVP9QzGdp0\APPs\atrpt\application\associados\enviar_emails_usecase.py", line 150, in preparar
    anexos_str = ";".join(anexos) if self.anexos else ""
                                     ^^^^^^^^^^^
AttributeError: 'EnviarEmailsAssociadosUseCase' object has no attribute 'anexos'
2026-04-01 16:10:42,081 [ERROR] presentation.associados.associados_controller - Erro na preparação: 'EnviarEmailsAssociadosUseCase' object has no attribute 'anexos'
2026-04-01 16:11:20,956 [INFO] presentation.associados.associados_controller - 🔍 Iniciando processo de envio...
2026-04-01 16:11:25,819 [INFO] presentation.associados.associados_controller - ✅ Template selecionado: JornalMarço26.docx
2026-04-01 16:11:29,668 [INFO] presentation.associados.associados_controller - ✅ Anexos: Guia_Consumidor_Idoso.pdf, Jornal ATRPT março de 2026.pdf
2026-04-01 16:11:35,861 [INFO] presentation.associados.associados_controller - 📄 Ficheiro: JornalMarço26_envio.xlsx
2026-04-01 16:11:35,861 [INFO] application.associados.enviar_emails_usecase - FASE 1: PREPARAÇÃO DAS MENSAGENS
2026-04-01 16:11:35,974 [INFO] application.associados.enviar_emails_usecase - Dados carregados: 872 registos
2026-04-01 16:11:35,975 [INFO] application.associados.enviar_emails_usecase - Emails válidos: 872
2026-04-01 16:11:35,988 [INFO] application.associados.enviar_emails_usecase - 🔄 Renderizando 872 mensagens...
2026-04-01 16:11:40,677 [INFO] application.associados.enviar_emails_usecase - ✅ Preparação concluída. total de mensagens: 872
2026-04-01 16:13:05,008 [ERROR] application.associados.enviar_emails_usecase - Erro na preparação
Traceback (most recent call last):
  File "G:\.shortcut-targets-by-id\1NsBCziGNFjlQ-f8QRcezPsKVP9QzGdp0\APPs\atrpt\application\associados\enviar_emails_usecase.py", line 164, in preparar
    ficheiro = self.envio_repository.guardar(
               ^^^^^^^^^^^^^^^^^^^^^^^^^^^^^
AttributeError: 'NoneType' object has no attribute 'guardar'
2026-04-01 16:13:05,055 [ERROR] presentation.associados.associados_controller - Erro na preparação: 'NoneType' object has no attribute 'guardar'
2026-04-01 16:42:40,961 [INFO] presentation.associados.associados_controller - 🔍 Iniciando processo de envio...
2026-04-01 16:42:45,025 [INFO] presentation.associados.associados_controller - ✅ Template selecionado: JornalMarço26.docx
2026-04-01 16:42:49,074 [INFO] presentation.associados.associados_controller - ✅ Anexos: Guia_Consumidor_Idoso.pdf, Jornal ATRPT março de 2026.pdf
2026-04-01 16:42:55,237 [INFO] presentation.associados.associados_controller - 📄 Ficheiro: JornalMarço26_envio.xlsx
2026-04-01 16:42:55,237 [INFO] application.associados.enviar_emails_usecase - FASE 1: PREPARAÇÃO DAS MENSAGENS
2026-04-01 16:42:55,316 [INFO] application.associados.enviar_emails_usecase - Dados carregados: 872 registos
2026-04-01 16:42:55,316 [INFO] application.associados.enviar_emails_usecase - Emails válidos: 872
2026-04-01 16:42:55,330 [INFO] application.associados.enviar_emails_usecase - 🔄 Renderizando 872 mensagens...
2026-04-01 16:42:59,496 [INFO] application.associados.enviar_emails_usecase - ✅ Preparação concluída. total de mensagens: 872
2026-04-01 16:46:41,893 [ERROR] application.associados.enviar_emails_usecase - Erro na preparação
Traceback (most recent call last):
  File "G:\.shortcut-targets-by-id\1NsBCziGNFjlQ-f8QRcezPsKVP9QzGdp0\APPs\atrpt\application\associados\enviar_emails_usecase.py", line 169, in preparar
  File "C:\Users\Utilizador\miniconda3\envs\atrpt\Lib\bdb.py", line 90, in trace_dispatch
    return self.dispatch_line(frame)
           ^^^^^^^^^^^^^^^^^^^^^^^^^
  File "C:\Users\Utilizador\miniconda3\envs\atrpt\Lib\bdb.py", line 115, in dispatch_line
    if self.quitting: raise BdbQuit
                      ^^^^^^^^^^^^^
bdb.BdbQuit
2026-04-01 16:46:41,924 [ERROR] presentation.associados.associados_controller - Erro na preparação: 
2026-04-01 16:46:58,891 [INFO] presentation.associados.associados_controller - 🔍 Iniciando processo de envio...
2026-04-01 16:47:03,669 [INFO] presentation.associados.associados_controller - ✅ Template selecionado: JornalMarço26.docx
2026-04-01 16:47:07,918 [INFO] presentation.associados.associados_controller - ✅ Anexos: Guia_Consumidor_Idoso.pdf, Jornal ATRPT março de 2026.pdf
2026-04-01 16:47:17,133 [INFO] presentation.associados.associados_controller - 📄 Ficheiro: JornalMarço26_envio.xlsx
2026-04-01 16:47:17,133 [INFO] application.associados.enviar_emails_usecase - FASE 1: PREPARAÇÃO DAS MENSAGENS
2026-04-01 16:47:17,213 [INFO] application.associados.enviar_emails_usecase - Dados carregados: 872 registos
2026-04-01 16:47:17,213 [INFO] application.associados.enviar_emails_usecase - Emails válidos: 872
2026-04-01 16:47:17,221 [INFO] application.associados.enviar_emails_usecase - 🔄 Renderizando 872 mensagens...
2026-04-01 16:47:21,376 [INFO] application.associados.enviar_emails_usecase - ✅ Preparação concluída. total de mensagens: 872
2026-04-01 18:56:35,090 [ERROR] application.associados.enviar_emails_usecase - Erro na preparação
Traceback (most recent call last):
  File "G:\.shortcut-targets-by-id\1NsBCziGNFjlQ-f8QRcezPsKVP9QzGdp0\APPs\atrpt\application\associados\enviar_emails_usecase.py", line 165, in preparar
    ficheiro = self.envio_repository.guardar(
               ^^^^
  File "C:\Users\Utilizador\miniconda3\envs\atrpt\Lib\bdb.py", line 90, in trace_dispatch
    return self.dispatch_line(frame)
           ^^^^^^^^^^^^^^^^^^^^^^^^^
  File "C:\Users\Utilizador\miniconda3\envs\atrpt\Lib\bdb.py", line 115, in dispatch_line
    if self.quitting: raise BdbQuit
                      ^^^^^^^^^^^^^
bdb.BdbQuit
2026-04-01 18:56:35,106 [ERROR] presentation.associados.associados_controller - Erro na preparação: 
2026-04-02 01:31:16,389 [INFO] presentation.associados.associados_controller - 🔍 Iniciando processo de envio...
2026-04-02 01:31:22,694 [INFO] presentation.associados.associados_controller - Envio cancelado: template não selecionado
2026-04-02 01:31:47,719 [INFO] presentation.associados.associados_controller - 🔍 Iniciando processo de envio...
2026-04-02 01:31:51,896 [INFO] presentation.associados.associados_controller - ✅ Template selecionado: JornalMarço26.docx
2026-04-02 01:32:06,686 [INFO] presentation.associados.associados_controller - ℹ️ Sem anexos
2026-04-02 01:37:38,303 [INFO] presentation.associados.associados_controller - 📄 Ficheiro: jornalatrptmarco2026_envio.xlsx
2026-04-02 01:37:38,303 [INFO] application.associados.enviar_emails_usecase - FASE 1: PREPARAÇÃO DAS MENSAGENS
2026-04-02 01:37:38,399 [INFO] application.associados.enviar_emails_usecase - Dados carregados: 835 registos
2026-04-02 01:37:38,399 [INFO] application.associados.enviar_emails_usecase - Emails válidos: 835
2026-04-02 01:37:38,415 [ERROR] application.associados.enviar_emails_usecase - Erro na preparação
Traceback (most recent call last):
  File "G:\.shortcut-targets-by-id\1NsBCziGNFjlQ-f8QRcezPsKVP9QzGdp0\APPs\atrpt\application\associados\enviar_emails_usecase.py", line 139, in preparar
    df = self._tratar_campos(df)
         ^^^^^^^^^^^^^^^^^^^^^^^
  File "G:\.shortcut-targets-by-id\1NsBCziGNFjlQ-f8QRcezPsKVP9QzGdp0\APPs\atrpt\application\associados\enviar_emails_usecase.py", line 214, in _tratar_campos
    df["nome"] = df["nome"].apply(simplificar_nome)
                 ^^^^^^^^^^^^^^^^^^^^^^^^^^^^^^^^^^
  File "C:\Users\Utilizador\miniconda3\envs\atrpt\Lib\site-packages\pandas\core\frame.py", line 10034, in apply
    return op.apply().__finalize__(self, method="apply")
           ^^^^^^^^^^
  File "C:\Users\Utilizador\miniconda3\envs\atrpt\Lib\site-packages\pandas\core\apply.py", line 837, in apply
    return self.apply_standard()
           ^^^^^^^^^^^^^^^^^^^^^
  File "C:\Users\Utilizador\miniconda3\envs\atrpt\Lib\site-packages\pandas\core\apply.py", line 965, in apply_standard
    results, res_index = self.apply_series_generator()
                         ^^^^^^^^^^^^^^^^^^^^^^^^^^^^^
  File "C:\Users\Utilizador\miniconda3\envs\atrpt\Lib\site-packages\pandas\core\apply.py", line 981, in apply_series_generator
    results[i] = self.func(v, *self.args, **self.kwargs)
                 ^^^^^^^^^^^^^^^^^^^^^^^^^^^^^^^^^^^^^^^
  File "G:\.shortcut-targets-by-id\1NsBCziGNFjlQ-f8QRcezPsKVP9QzGdp0\APPs\atrpt\domain\shared\strings.py", line 46, in simplificar_nome
    if pd.isna(nome) or not str(nome).strip():
  File "C:\Users\Utilizador\miniconda3\envs\atrpt\Lib\site-packages\pandas\core\generic.py", line 1519, in __nonzero__
    raise ValueError(
ValueError: The truth value of a Series is ambiguous. Use a.empty, a.bool(), a.item(), a.any() or a.all().
2026-04-02 01:37:38,462 [ERROR] presentation.associados.associados_controller - Erro na preparação: The truth value of a Series is ambiguous. Use a.empty, a.bool(), a.item(), a.any() or a.all().
2026-04-02 02:36:00,913 [INFO] presentation.associados.associados_envio_submenu - ❌ Nenhum ficheiro selecionado
2026-04-02 02:36:20,267 [INFO] presentation.associados.associados_envio_submenu - ✅ Ficheiro selecionado: jornalatrptmarco2026_envio.xlsx
2026-04-02 02:36:20,504 [INFO] presentation.associados.associados_envio_submenu - 📊 Total: 835 | Pendentes: 278
2026-04-02 02:36:54,236 [INFO] presentation.associados.associados_envio_submenu - 🚀 Enviando 278 emails...
2026-04-02 02:38:46,511 [INFO] presentation.associados.associados_controller - 📄 Ficheiro selecionado: jornalatrptmarco2026_envio.xlsx
2026-04-02 02:38:46,511 [INFO] presentation.associados.associados_controller - 🚀 Iniciando envio...
2026-04-02 02:38:46,511 [INFO] application.associados.enviar_emails_usecase - FASE 3: ENVIO DAS MENSAGENS (MODO BATCH)
2026-04-02 02:38:46,511 [ERROR] presentation.associados.associados_controller - Erro no envio
Traceback (most recent call last):
  File "G:\.shortcut-targets-by-id\1NsBCziGNFjlQ-f8QRcezPsKVP9QzGdp0\APPs\atrpt\presentation\associados\associados_controller.py", line 215, in enviar
    resultado = self.usecase.enviar(
                ^^^^^^^^^^^^^^^^^^^^
  File "G:\.shortcut-targets-by-id\1NsBCziGNFjlQ-f8QRcezPsKVP9QzGdp0\APPs\atrpt\application\associados\enviar_emails_usecase.py", line 343, in enviar
    raise ValueError("Nenhuma mensagem preparada. Execute preparar() primeiro.")
ValueError: Nenhuma mensagem preparada. Execute preparar() primeiro.
2026-04-02 02:38:46,543 [INFO] presentation.associados.associados_envio_submenu - ❌ Erro: 'NoneType' object has no attribute 'get'
2026-04-02 02:45:20,899 [INFO] presentation.associados.associados_envio_submenu - ❌ Nenhum ficheiro selecionado
2026-04-02 02:45:34,786 [INFO] presentation.associados.associados_envio_submenu - ✅ Ficheiro selecionado: jornalatrptmarco2026_envio.xlsx
2026-04-02 02:45:35,020 [INFO] presentation.associados.associados_envio_submenu - 📊 Total: 835 | Pendentes: 278
2026-04-02 02:45:49,903 [INFO] presentation.associados.associados_envio_submenu - 🚀 Iniciando envio...
2026-04-02 02:46:06,020 [INFO] presentation.associados.associados_controller - 📄 Ficheiro selecionado: jornalatrptmarco2026_envio.xlsx
2026-04-02 02:46:06,020 [INFO] presentation.associados.associados_controller - 🚀 Iniciando envio...
2026-04-02 02:46:06,020 [INFO] application.associados.enviar_emails_usecase - FASE 3: ENVIO DAS MENSAGENS (MODO BATCH)
2026-04-02 02:46:06,020 [ERROR] presentation.associados.associados_controller - Erro no envio
Traceback (most recent call last):
  File "G:\.shortcut-targets-by-id\1NsBCziGNFjlQ-f8QRcezPsKVP9QzGdp0\APPs\atrpt\presentation\associados\associados_controller.py", line 215, in enviar
    resultado = self.usecase.enviar(
                ^^^^^^^^^^^^^^^^^^^^
  File "G:\.shortcut-targets-by-id\1NsBCziGNFjlQ-f8QRcezPsKVP9QzGdp0\APPs\atrpt\application\associados\enviar_emails_usecase.py", line 343, in enviar
    raise ValueError("Nenhuma mensagem preparada. Execute preparar() primeiro.")
ValueError: Nenhuma mensagem preparada. Execute preparar() primeiro.
2026-04-02 02:58:19,223 [INFO] presentation.associados.associados_envio_submenu - ❌ Nenhum ficheiro selecionado
2026-04-02 02:58:27,356 [INFO] presentation.associados.associados_envio_submenu - ✅ Ficheiro selecionado: jornalatrptmarco2026_envio.xlsx
2026-04-02 02:58:27,587 [INFO] presentation.associados.associados_envio_submenu - 📊 Total: 835 | Pendentes: 278
2026-04-02 02:58:49,513 [INFO] presentation.associados.associados_envio_submenu - 🚀 Iniciando envio...
2026-04-02 02:59:06,604 [INFO] presentation.associados.associados_controller - 📄 Ficheiro selecionado: jornalatrptmarco2026_envio.xlsx
2026-04-02 02:59:06,604 [INFO] presentation.associados.associados_controller - 🚀 Iniciando envio...
2026-04-02 02:59:06,604 [INFO] application.associados.enviar_emails_usecase - ============================================================
2026-04-02 02:59:06,604 [INFO] application.associados.enviar_emails_usecase - FASE 3: ENVIO DAS MENSAGENS
2026-04-02 02:59:06,604 [INFO] application.associados.enviar_emails_usecase - ============================================================
2026-04-02 02:59:06,699 [INFO] application.associados.enviar_emails_usecase - Ficheiro carregado: 835 mensagens
2026-04-02 02:59:06,740 [ERROR] application.associados.enviar_emails_usecase - Erro no envio
Traceback (most recent call last):
  File "G:\.shortcut-targets-by-id\1NsBCziGNFjlQ-f8QRcezPsKVP9QzGdp0\APPs\atrpt\application\associados\enviar_emails_usecase.py", line 446, in enviar
    resultado = email_sender.send_batch(
                ^^^^^^^^^^^^^^^^^^^^^^^
AttributeError: 'Emailer' object has no attribute 'send_batch'
2026-04-02 02:59:06,761 [ERROR] presentation.associados.associados_controller - 'Emailer' object has no attribute 'send_batch'
2026-04-02 03:02:26,036 [INFO] presentation.associados.associados_envio_submenu - ❌ Nenhum ficheiro selecionado
2026-04-02 03:02:33,071 [INFO] presentation.associados.associados_envio_submenu - ✅ Ficheiro selecionado: jornalatrptmarco2026_envio.xlsx
2026-04-02 03:02:33,267 [INFO] presentation.associados.associados_envio_submenu - 📊 Total: 835 | Pendentes: 278
2026-04-02 03:02:38,004 [INFO] presentation.associados.associados_envio_submenu - 🚀 Iniciando envio...
2026-04-02 03:02:50,811 [INFO] presentation.associados.associados_controller - 📄 Ficheiro selecionado: jornalatrptmarco2026_envio.xlsx
2026-04-02 03:02:50,813 [INFO] presentation.associados.associados_controller - 🚀 Iniciando envio...
2026-04-02 03:02:50,817 [INFO] application.associados.enviar_emails_usecase - ============================================================
2026-04-02 03:02:50,817 [INFO] application.associados.enviar_emails_usecase - FASE 3: ENVIO DAS MENSAGENS
2026-04-02 03:02:50,817 [INFO] application.associados.enviar_emails_usecase - ============================================================
2026-04-02 03:02:50,909 [INFO] application.associados.enviar_emails_usecase - Ficheiro carregado: 835 mensagens
2026-04-02 03:02:50,941 [ERROR] application.associados.enviar_emails_usecase - Erro no envio
Traceback (most recent call last):
  File "G:\.shortcut-targets-by-id\1NsBCziGNFjlQ-f8QRcezPsKVP9QzGdp0\APPs\atrpt\application\associados\enviar_emails_usecase.py", line 446, in enviar
    resultado = email_sender.send_batch(
                ^^^^^^^^^^^^^^^^^^^^^^^
AttributeError: 'Emailer' object has no attribute 'send_batch'
2026-04-02 03:02:50,973 [ERROR] presentation.associados.associados_controller - 'Emailer' object has no attribute 'send_batch'
2026-04-02 03:08:09,016 [INFO] presentation.associados.associados_envio_submenu - ❌ Nenhum ficheiro selecionado
2026-04-02 03:08:16,543 [INFO] presentation.associados.associados_envio_submenu - ✅ Ficheiro selecionado: jornalatrptmarco2026_envio.xlsx
2026-04-02 03:08:16,735 [INFO] presentation.associados.associados_envio_submenu - 📊 Total: 835 | Pendentes: 278
2026-04-02 03:08:30,411 [INFO] presentation.associados.associados_envio_submenu - 🚀 Iniciando envio...
2026-04-02 03:08:48,753 [INFO] presentation.associados.associados_controller - 📄 Ficheiro selecionado: jornalatrptmarco2026_envio.xlsx
2026-04-02 03:08:48,753 [INFO] presentation.associados.associados_controller - 🚀 Iniciando envio...
2026-04-02 03:08:48,758 [INFO] application.associados.enviar_emails_usecase - ============================================================
2026-04-02 03:08:48,758 [INFO] application.associados.enviar_emails_usecase - FASE 3: ENVIO DAS MENSAGENS
2026-04-02 03:08:48,758 [INFO] application.associados.enviar_emails_usecase - ============================================================
2026-04-02 03:08:48,849 [INFO] application.associados.enviar_emails_usecase - Ficheiro carregado: 835 mensagens
2026-04-02 03:08:48,894 [ERROR] application.associados.enviar_emails_usecase - Erro no envio
Traceback (most recent call last):
  File "G:\.shortcut-targets-by-id\1NsBCziGNFjlQ-f8QRcezPsKVP9QzGdp0\APPs\atrpt\application\associados\enviar_emails_usecase.py", line 446, in enviar
    resultado = email_sender.send_batch(
                ^^^^^^^^^^^^^^^^^^^^^^^
AttributeError: 'Emailer' object has no attribute 'send_batch'
2026-04-02 03:08:48,912 [ERROR] presentation.associados.associados_controller - 'Emailer' object has no attribute 'send_batch'
2026-04-02 03:36:21,358 [INFO] presentation.associados.associados_envio_submenu - ❌ Nenhum ficheiro selecionado
2026-04-02 03:36:27,664 [INFO] presentation.associados.associados_envio_submenu - ✅ Ficheiro selecionado: jornalatrptmarco2026_envio.xlsx
2026-04-02 03:36:27,839 [INFO] presentation.associados.associados_envio_submenu - 📊 Total: 835 | Pendentes: 278
2026-04-02 03:36:34,072 [INFO] presentation.associados.associados_envio_submenu - 🚀 Iniciando envio...
2026-04-02 03:36:34,072 [INFO] presentation.associados.associados_controller - 📧 Iniciando envio de emails...
2026-04-02 03:36:34,072 [INFO] presentation.associados.associados_controller - 📄 Ficheiro: jornalatrptmarco2026_envio.xlsx
2026-04-02 03:36:34,088 [ERROR] presentation.associados.associados_controller - Erro no envio
Traceback (most recent call last):
  File "G:\.shortcut-targets-by-id\1NsBCziGNFjlQ-f8QRcezPsKVP9QzGdp0\APPs\atrpt\presentation\associados\associados_controller.py", line 219, in enviar
    resultado = self.usecase.enviar(
                ^^^^^^^^^^^^^^^^^^^
AttributeError: 'EnviarEmailsAssociadosUseCase' object has no attribute 'enviar'
2026-04-02 03:36:34,104 [INFO] presentation.associados.associados_envio_submenu - ❌ Erro: 'EnviarEmailsAssociadosUseCase' object has no attribute 'enviar'
2026-04-02 03:37:59,997 [INFO] presentation.associados.associados_envio_submenu - ❌ Nenhum ficheiro selecionado
2026-04-02 03:38:08,083 [INFO] presentation.associados.associados_envio_submenu - ✅ Ficheiro selecionado: jornalatrptmarco2026_envio.xlsx
2026-04-02 03:38:08,258 [INFO] presentation.associados.associados_envio_submenu - 📊 Total: 835 | Pendentes: 278
2026-04-02 03:38:10,834 [INFO] presentation.associados.associados_envio_submenu - 🚀 Iniciando envio...
2026-04-02 03:38:10,834 [INFO] presentation.associados.associados_controller - 📧 Iniciando envio de emails...
2026-04-02 03:38:10,834 [INFO] presentation.associados.associados_controller - 📄 Ficheiro: jornalatrptmarco2026_envio.xlsx
2026-04-02 03:38:10,850 [ERROR] presentation.associados.associados_controller - Erro no envio
Traceback (most recent call last):
  File "G:\.shortcut-targets-by-id\1NsBCziGNFjlQ-f8QRcezPsKVP9QzGdp0\APPs\atrpt\presentation\associados\associados_controller.py", line 219, in enviar
    resultado = self.usecase.enviar_emails(
                ^^^^^^^^^^^^^^^^^^^^^^^^^^^
TypeError: EnviarEmailsAssociadosUseCase.enviar_emails() got an unexpected keyword argument 'ficheiro_envio'
2026-04-02 03:38:10,866 [INFO] presentation.associados.associados_envio_submenu - ❌ Erro: EnviarEmailsAssociadosUseCase.enviar_emails() got an unexpected keyword argument 'ficheiro_envio'
2026-04-02 03:41:19,726 [INFO] presentation.associados.associados_envio_submenu - ❌ Nenhum ficheiro selecionado
2026-04-02 03:41:24,836 [INFO] presentation.associados.associados_envio_submenu - ✅ Ficheiro selecionado: jornalatrptmarco2026_envio.xlsx
2026-04-02 03:41:25,008 [INFO] presentation.associados.associados_envio_submenu - 📊 Total: 835 | Pendentes: 278
2026-04-02 03:41:26,912 [INFO] presentation.associados.associados_envio_submenu - 🚀 Iniciando envio...
2026-04-02 03:41:26,912 [INFO] presentation.associados.associados_controller - 📧 Iniciando envio de emails...
2026-04-02 03:41:26,912 [INFO] presentation.associados.associados_controller - 📄 Ficheiro: jornalatrptmarco2026_envio.xlsx
2026-04-02 03:41:26,912 [ERROR] presentation.associados.associados_controller - Erro no envio
Traceback (most recent call last):
  File "G:\.shortcut-targets-by-id\1NsBCziGNFjlQ-f8QRcezPsKVP9QzGdp0\APPs\atrpt\presentation\associados\associados_controller.py", line 219, in enviar
    resultado = self.usecase.enviar_emails(
                ^^^^^^^^^^^^^^^^^^^^^^^^^^^
TypeError: EnviarEmailsAssociadosUseCase.enviar_emails() got an unexpected keyword argument 'on_progress'
2026-04-02 03:41:26,944 [INFO] presentation.associados.associados_envio_submenu - ❌ Erro: EnviarEmailsAssociadosUseCase.enviar_emails() got an unexpected keyword argument 'on_progress'
2026-04-02 03:42:20,786 [INFO] presentation.associados.associados_envio_submenu - ❌ Nenhum ficheiro selecionado
2026-04-02 03:42:28,612 [INFO] presentation.associados.associados_envio_submenu - ✅ Ficheiro selecionado: jornalatrptmarco2026_envio.xlsx
2026-04-02 03:42:28,801 [INFO] presentation.associados.associados_envio_submenu - 📊 Total: 835 | Pendentes: 278
2026-04-02 03:42:30,799 [INFO] presentation.associados.associados_envio_submenu - 🚀 Iniciando envio...
2026-04-02 03:42:30,799 [INFO] presentation.associados.associados_controller - 📧 Iniciando envio de emails...
2026-04-02 03:42:30,799 [INFO] presentation.associados.associados_controller - 📄 Ficheiro: jornalatrptmarco2026_envio.xlsx
2026-04-02 03:42:30,815 [ERROR] presentation.associados.associados_controller - Erro no envio
Traceback (most recent call last):
  File "G:\.shortcut-targets-by-id\1NsBCziGNFjlQ-f8QRcezPsKVP9QzGdp0\APPs\atrpt\presentation\associados\associados_controller.py", line 219, in enviar
    resultado = self.usecase.enviar_emails()
                ^^^^^^^^^^^^^^^^^^^^^^^^^^^^
  File "G:\.shortcut-targets-by-id\1NsBCziGNFjlQ-f8QRcezPsKVP9QzGdp0\APPs\atrpt\application\associados\enviar_emails_usecase.py", line 315, in enviar_emails
    if not self.ficheiro_envio:
           ^^^^^^^^^^^^^^^^^^^
AttributeError: 'EnviarEmailsAssociadosUseCase' object has no attribute 'ficheiro_envio'
2026-04-02 03:42:30,830 [INFO] presentation.associados.associados_envio_submenu - ❌ Erro: 'EnviarEmailsAssociadosUseCase' object has no attribute 'ficheiro_envio'
2026-04-02 03:48:42,591 [INFO] presentation.associados.associados_envio_submenu - ❌ Nenhum ficheiro selecionado
2026-04-02 03:48:50,342 [INFO] presentation.associados.associados_envio_submenu - ✅ Ficheiro selecionado: jornalatrptmarco2026_envio.xlsx
2026-04-02 03:48:50,537 [INFO] presentation.associados.associados_envio_submenu - 📊 Total: 835 | Pendentes: 278
2026-04-02 03:48:52,314 [INFO] presentation.associados.associados_envio_submenu - 🚀 Iniciando envio...
2026-04-02 03:48:52,322 [INFO] presentation.associados.associados_controller - 📧 Iniciando envio de emails...
2026-04-02 03:48:52,322 [INFO] presentation.associados.associados_controller - 📄 Ficheiro: jornalatrptmarco2026_envio.xlsx
2026-04-02 03:48:52,322 [ERROR] presentation.associados.associados_controller - Erro no envio
Traceback (most recent call last):
  File "G:\.shortcut-targets-by-id\1NsBCziGNFjlQ-f8QRcezPsKVP9QzGdp0\APPs\atrpt\presentation\associados\associados_controller.py", line 219, in enviar
    resultado = self.usecase.enviar_emails()
                ^^^^^^^^^^^^^^^^^^^^^^^^^^^^
  File "G:\.shortcut-targets-by-id\1NsBCziGNFjlQ-f8QRcezPsKVP9QzGdp0\APPs\atrpt\application\associados\enviar_emails_usecase.py", line 318, in enviar_emails
    self.log("❌ Nenhum ficheiro selecionado")
    ^^^^^^^^
AttributeError: 'EnviarEmailsAssociadosUseCase' object has no attribute 'log'
2026-04-02 03:48:52,349 [INFO] presentation.associados.associados_envio_submenu - ❌ Erro: 'EnviarEmailsAssociadosUseCase' object has no attribute 'log'
2026-04-02 03:52:26,691 [INFO] presentation.associados.associados_envio_submenu - ❌ Nenhum ficheiro selecionado
2026-04-02 03:52:31,404 [INFO] presentation.associados.associados_envio_submenu - ✅ Ficheiro selecionado: jornalatrptmarco2026_envio.xlsx
2026-04-02 03:52:31,592 [INFO] presentation.associados.associados_envio_submenu - 📊 Total: 835 | Pendentes: 278
2026-04-02 03:52:33,125 [INFO] presentation.associados.associados_envio_submenu - 🚀 Iniciando envio...
2026-04-02 03:52:33,125 [INFO] presentation.associados.associados_controller - 📧 Iniciando envio de emails...
2026-04-02 03:52:33,125 [INFO] presentation.associados.associados_controller - 📄 Ficheiro: jornalatrptmarco2026_envio.xlsx
2026-04-02 03:52:33,141 [INFO] application.associados.enviar_emails_usecase - ❌ Nenhum ficheiro selecionado
2026-04-02 03:52:38,712 [INFO] presentation.associados.associados_envio_submenu - ❌ Erro: Resultado vazio do usecase
2026-04-02 03:56:15,597 [INFO] presentation.associados.associados_envio_submenu - ❌ Nenhum ficheiro selecionado
2026-04-02 03:56:21,502 [INFO] presentation.associados.associados_envio_submenu - ✅ Ficheiro selecionado: jornalatrptmarco2026_envio.xlsx
2026-04-02 03:56:21,677 [INFO] presentation.associados.associados_envio_submenu - 📊 Total: 835 | Pendentes: 278
2026-04-02 03:56:24,513 [INFO] presentation.associados.associados_envio_submenu - 🚀 Iniciando envio...
2026-04-02 03:56:24,513 [INFO] presentation.associados.associados_controller - 📧 Iniciando envio de emails...
2026-04-02 03:56:24,521 [INFO] presentation.associados.associados_controller - 📄 Ficheiro: jornalatrptmarco2026_envio.xlsx
2026-04-02 03:56:24,521 [ERROR] presentation.associados.associados_controller - Erro no envio
Traceback (most recent call last):
  File "G:\.shortcut-targets-by-id\1NsBCziGNFjlQ-f8QRcezPsKVP9QzGdp0\APPs\atrpt\presentation\associados\associados_controller.py", line 219, in enviar
    resultado = self.usecase.enviar_emails()
                ^^^^^^^^^^^^^^^^^^^^^^^^^^^^
  File "G:\.shortcut-targets-by-id\1NsBCziGNFjlQ-f8QRcezPsKVP9QzGdp0\APPs\atrpt\application\associados\enviar_emails_usecase.py", line 320, in enviar_emails
    self.log("❌ Nenhum ficheiro selecionado")
    ^^^^^^^^
AttributeError: 'EnviarEmailsAssociadosUseCase' object has no attribute 'log'
2026-04-02 03:56:24,553 [INFO] presentation.associados.associados_envio_submenu - ❌ Erro: 'EnviarEmailsAssociadosUseCase' object has no attribute 'log'
2026-04-02 03:57:31,848 [INFO] presentation.associados.associados_envio_submenu - ❌ Nenhum ficheiro selecionado
2026-04-02 03:57:37,642 [INFO] presentation.associados.associados_envio_submenu - ✅ Ficheiro selecionado: jornalatrptmarco2026_envio.xlsx
2026-04-02 03:57:37,828 [INFO] presentation.associados.associados_envio_submenu - 📊 Total: 835 | Pendentes: 278
2026-04-02 03:57:40,549 [INFO] presentation.associados.associados_envio_submenu - 🚀 Iniciando envio...
2026-04-02 03:57:40,549 [INFO] presentation.associados.associados_controller - 📧 Iniciando envio de emails...
2026-04-02 03:57:40,549 [INFO] presentation.associados.associados_controller - 📄 Ficheiro: jornalatrptmarco2026_envio.xlsx
2026-04-02 03:57:40,564 [ERROR] presentation.associados.associados_controller - Erro no envio
Traceback (most recent call last):
  File "G:\.shortcut-targets-by-id\1NsBCziGNFjlQ-f8QRcezPsKVP9QzGdp0\APPs\atrpt\presentation\associados\associados_controller.py", line 219, in enviar
    resultado = self.usecase.enviar_emails()
                ^^^^^^^^^^^^^^^^^^^^^^^^^^^^
  File "G:\.shortcut-targets-by-id\1NsBCziGNFjlQ-f8QRcezPsKVP9QzGdp0\APPs\atrpt\application\associados\enviar_emails_usecase.py", line 320, in enviar_emails
    logger("❌ Nenhum ficheiro selecionado")
TypeError: 'Logger' object is not callable
2026-04-02 03:57:40,596 [INFO] presentation.associados.associados_envio_submenu - ❌ Erro: 'Logger' object is not callable
2026-04-02 04:04:08,699 [INFO] presentation.associados.associados_envio_submenu - ❌ Nenhum ficheiro selecionado
2026-04-02 04:04:14,346 [INFO] presentation.associados.associados_envio_submenu - ✅ Ficheiro selecionado: jornalatrptmarco2026_envio.xlsx
2026-04-02 04:04:14,523 [INFO] presentation.associados.associados_envio_submenu - 📊 Total: 835 | Pendentes: 278
2026-04-02 04:04:16,151 [INFO] presentation.associados.associados_envio_submenu - 🚀 Iniciando envio...
2026-04-02 04:04:16,151 [INFO] presentation.associados.associados_controller - 📧 Iniciando envio de emails...
2026-04-02 04:04:16,151 [INFO] presentation.associados.associados_controller - 📄 Ficheiro: jornalatrptmarco2026_envio.xlsx
2026-04-02 04:04:16,151 [INFO] application.associados.enviar_emails_usecase - ❌ Nenhum ficheiro selecionado
2026-04-02 04:04:17,573 [ERROR] presentation.associados.associados_controller - Erro no envio
Traceback (most recent call last):
  File "G:\.shortcut-targets-by-id\1NsBCziGNFjlQ-f8QRcezPsKVP9QzGdp0\APPs\atrpt\presentation\associados\associados_controller.py", line 219, in enviar
    resultado = self.usecase.enviar_emails()
                ^^^^^^^^^^^^^^^^^^^^^^^^^^^^
  File "G:\.shortcut-targets-by-id\1NsBCziGNFjlQ-f8QRcezPsKVP9QzGdp0\APPs\atrpt\application\associados\enviar_emails_usecase.py", line 324, in enviar_emails
    self.selecionar_ficheiro()
    ^^^^^^^^^^^^^^^^^^^^^^^^
AttributeError: 'EnviarEmailsAssociadosUseCase' object has no attribute 'selecionar_ficheiro'
2026-04-02 04:04:17,610 [INFO] presentation.associados.associados_envio_submenu - ❌ Erro: 'EnviarEmailsAssociadosUseCase' object has no attribute 'selecionar_ficheiro'
2026-04-02 04:22:23,639 [INFO] presentation.associados.associados_envio_submenu - ❌ Nenhum ficheiro de envio selecionado
2026-04-02 04:22:30,060 [INFO] presentation.associados.associados_envio_submenu - ✅ Ficheiro de envio selecionado: jornalatrptmarco2026_envio.xlsx
2026-04-02 04:22:30,251 [INFO] presentation.associados.associados_envio_submenu - 📊 Total: 835 | Pendentes: 278
2026-04-02 04:22:32,447 [INFO] presentation.associados.associados_envio_submenu - 🚀 Iniciando envio...
2026-04-02 04:22:32,447 [INFO] presentation.associados.associados_controller - 📧 Iniciando envio de emails...
2026-04-02 04:22:32,459 [INFO] presentation.associados.associados_controller - 📄 Ficheiro: jornalatrptmarco2026_envio.xlsx
2026-04-02 04:22:32,466 [INFO] application.associados.enviar_emails_usecase - ❌ Nenhum ficheiro selecionado
2026-04-02 04:22:40,906 [INFO] presentation.associados.associados_envio_submenu - ❌ Erro: Resultado vazio do usecase
2026-04-02 04:37:37,644 [INFO] presentation.associados.associados_envio_submenu - ❌ Nenhum ficheiro de envio selecionado
2026-04-02 04:37:42,132 [INFO] presentation.associados.associados_envio_submenu - ✅ Ficheiro de envio selecionado: jornalatrptmarco2026_envio.xlsx
2026-04-02 04:37:42,324 [INFO] presentation.associados.associados_envio_submenu - 📊 Total: 835 | Pendentes: 278
2026-04-02 04:37:42,398 [INFO] presentation.associados.associados_envio_submenu - 📊 557 já enviados, 278 pendentes
2026-04-02 04:37:46,537 [INFO] presentation.associados.associados_envio_submenu - 🚀 Iniciando envio...
2026-04-02 04:37:46,537 [INFO] application.associados.enviar_emails_usecase - ============================================================
2026-04-02 04:37:46,537 [INFO] application.associados.enviar_emails_usecase - ENVIO DE EMAILS
2026-04-02 04:37:46,537 [INFO] application.associados.enviar_emails_usecase - ============================================================
2026-04-02 04:37:46,553 [INFO] presentation.associados.associados_envio_submenu - 📧 Iniciando envio...
2026-04-02 04:37:46,553 [INFO] presentation.associados.associados_envio_submenu - 📧 Preparando 278 mensagens...
2026-04-02 04:37:46,569 [INFO] presentation.associados.associados_envio_submenu - ✅ 278 mensagens válidas
2026-04-02 04:37:46,589 [INFO] presentation.associados.associados_envio_submenu - 🚀 Enviando emails...
2026-04-02 04:37:46,591 [INFO] application.email.email_sender - Iniciando envio de 278 emails
2026-04-02 04:37:46,592 [INFO] application.associados.enviar_emails_usecase - 🚀 Iniciando envio de 278 emails
2026-04-02 04:37:46,595 [INFO] presentation.associados.associados_envio_submenu - 🚀 Iniciando envio de 278 emails
2026-04-02 04:37:46,596 [INFO] application.email.email_sender - LOTE 1/12 - 25 emails
2026-04-02 04:37:46,596 [INFO] application.associados.enviar_emails_usecase - 
📦 LOTE 1/12 - 25 emails
2026-04-02 04:37:46,602 [INFO] presentation.associados.associados_envio_submenu - 
📦 LOTE 1/12 - 25 emails
2026-04-02 04:37:49,180 [INFO] application.associados.enviar_emails_usecase - [1/278] OK → zzrodrigues55@gmail.com
2026-04-02 04:37:49,188 [INFO] presentation.associados.associados_envio_submenu - [1/278] OK → zzrodrigues55@gmail.com
2026-04-02 04:37:56,408 [INFO] application.associados.enviar_emails_usecase - [2/278] OK → zemanelms@hotmail.com
2026-04-02 04:37:56,419 [INFO] presentation.associados.associados_envio_submenu - [2/278] OK → zemanelms@hotmail.com
2026-04-02 04:38:05,765 [INFO] application.associados.enviar_emails_usecase - [3/278] OK → zegui@sapo.pt
2026-04-02 04:38:05,781 [INFO] presentation.associados.associados_envio_submenu - [3/278] OK → zegui@sapo.pt
2026-04-02 04:38:13,897 [INFO] application.associados.enviar_emails_usecase - [4/278] OK → zeanlopica@gmail.com
2026-04-02 04:38:13,923 [INFO] presentation.associados.associados_envio_submenu - [4/278] OK → zeanlopica@gmail.com
2026-04-02 04:38:23,521 [INFO] application.associados.enviar_emails_usecase - [5/278] OK → vitorsilva74@gmail.com
2026-04-02 04:38:23,537 [INFO] presentation.associados.associados_envio_submenu - [5/278] OK → vitorsilva74@gmail.com
2026-04-02 04:38:31,319 [INFO] application.associados.enviar_emails_usecase - [6/278] OK → vitor-amor@sapo.pt
2026-04-02 04:38:31,335 [INFO] presentation.associados.associados_envio_submenu - [6/278] OK → vitor-amor@sapo.pt
2026-04-02 04:38:37,819 [INFO] application.associados.enviar_emails_usecase - [7/278] OK → virginia72guerra@gmail.com
2026-04-02 04:38:37,835 [INFO] presentation.associados.associados_envio_submenu - [7/278] OK → virginia72guerra@gmail.com
2026-04-02 04:38:45,858 [INFO] application.associados.enviar_emails_usecase - [8/278] OK → vilhena.fatima@gmail.com
2026-04-02 04:38:45,874 [INFO] presentation.associados.associados_envio_submenu - [8/278] OK → vilhena.fatima@gmail.com
2026-04-02 04:38:52,344 [INFO] application.associados.enviar_emails_usecase - [9/278] OK → vfrocha@sapo.pt
2026-04-02 04:38:52,344 [INFO] presentation.associados.associados_envio_submenu - [9/278] OK → vfrocha@sapo.pt
2026-04-02 04:38:58,811 [INFO] application.associados.enviar_emails_usecase - [10/278] OK → valdemarantoniosoares@gmail.com
2026-04-02 04:38:58,827 [INFO] presentation.associados.associados_envio_submenu - [10/278] OK → valdemarantoniosoares@gmail.com
2026-04-02 04:39:06,333 [INFO] application.associados.enviar_emails_usecase - [11/278] OK → v.n.ferreira@sapo.pt
2026-04-02 04:39:06,348 [INFO] presentation.associados.associados_envio_submenu - [11/278] OK → v.n.ferreira@sapo.pt
2026-04-02 04:39:13,959 [INFO] application.associados.enviar_emails_usecase - [12/278] OK → teresaoliveira1231@gmail.com
2026-04-02 04:39:13,975 [INFO] presentation.associados.associados_envio_submenu - [12/278] OK → teresaoliveira1231@gmail.com
2026-04-02 04:39:20,716 [INFO] application.associados.enviar_emails_usecase - [13/278] OK → taveirari@hotmail.com
2026-04-02 04:39:20,716 [INFO] presentation.associados.associados_envio_submenu - [13/278] OK → taveirari@hotmail.com
2026-04-02 04:39:30,484 [INFO] application.associados.enviar_emails_usecase - [14/278] OK → svitor2017@gmail.com
2026-04-02 04:39:30,500 [INFO] presentation.associados.associados_envio_submenu - [14/278] OK → svitor2017@gmail.com
2026-04-02 04:39:37,713 [INFO] application.associados.enviar_emails_usecase - [15/278] OK → su.p.s.tavares@gmail.com
2026-04-02 04:39:37,723 [INFO] presentation.associados.associados_envio_submenu - [15/278] OK → su.p.s.tavares@gmail.com
2026-04-02 04:39:47,468 [INFO] application.associados.enviar_emails_usecase - [16/278] OK → spgest@sapo.pt
2026-04-02 04:39:47,484 [INFO] presentation.associados.associados_envio_submenu - [16/278] OK → spgest@sapo.pt
2026-04-02 04:39:55,017 [INFO] application.associados.enviar_emails_usecase - [17/278] OK → sonia.g.carvalho@sapo.pt
2026-04-02 04:39:55,033 [INFO] presentation.associados.associados_envio_submenu - [17/278] OK → sonia.g.carvalho@sapo.pt
2026-04-02 04:40:03,511 [INFO] application.associados.enviar_emails_usecase - [18/278] OK → serafim.monteiro@sapo.pt
2026-04-02 04:40:03,527 [INFO] presentation.associados.associados_envio_submenu - [18/278] OK → serafim.monteiro@sapo.pt
2026-04-02 04:40:11,151 [INFO] application.associados.enviar_emails_usecase - [19/278] OK → scarmocruz@gmail.com
2026-04-02 04:40:11,166 [INFO] presentation.associados.associados_envio_submenu - [19/278] OK → scarmocruz@gmail.com
2026-04-02 04:40:18,496 [INFO] application.associados.enviar_emails_usecase - [20/278] OK → sacoazul62@gmail.com
2026-04-02 04:40:18,527 [INFO] presentation.associados.associados_envio_submenu - [20/278] OK → sacoazul62@gmail.com
2026-04-02 04:40:26,766 [INFO] application.associados.enviar_emails_usecase - [21/278] OK → rui-c-silva@sapo.pt
2026-04-02 04:40:26,773 [INFO] presentation.associados.associados_envio_submenu - [21/278] OK → rui-c-silva@sapo.pt
2026-04-02 04:40:32,395 [INFO] application.associados.enviar_emails_usecase - [22/278] OK → rui.pl.moreira@icloud.com
2026-04-02 04:40:32,395 [INFO] presentation.associados.associados_envio_submenu - [22/278] OK → rui.pl.moreira@icloud.com
2026-04-02 04:40:40,243 [INFO] application.associados.enviar_emails_usecase - [23/278] OK → rui.felizes@oocn.eu
2026-04-02 04:40:40,243 [INFO] presentation.associados.associados_envio_submenu - [23/278] OK → rui.felizes@oocn.eu
2026-04-02 04:40:45,971 [INFO] application.associados.enviar_emails_usecase - [24/278] OK → rosaspinto@gmail.com
2026-04-02 04:40:45,987 [INFO] presentation.associados.associados_envio_submenu - [24/278] OK → rosaspinto@gmail.com
2026-04-02 04:40:54,303 [INFO] application.associados.enviar_emails_usecase - [25/278] OK → rosalina.f.conceicao@gmail.com
2026-04-02 04:40:54,303 [INFO] presentation.associados.associados_envio_submenu - [25/278] OK → rosalina.f.conceicao@gmail.com
2026-04-02 04:40:59,626 [INFO] application.email.email_sender - Ficheiro guardado após lote 1
2026-04-02 04:40:59,626 [INFO] application.associados.enviar_emails_usecase - 💾 Guardado após lote 1
2026-04-02 04:40:59,642 [INFO] presentation.associados.associados_envio_submenu - 💾 Guardado após lote 1
2026-04-02 04:40:59,642 [INFO] application.email.email_sender - Pausa de 94s entre lotes
2026-04-02 04:40:59,659 [INFO] application.associados.enviar_emails_usecase - 
⏸️ Pausa de 94s...
2026-04-02 04:40:59,676 [INFO] presentation.associados.associados_envio_submenu - 
⏸️ Pausa de 94s...
2026-04-02 04:42:34,088 [INFO] application.email.email_sender - LOTE 2/12 - 25 emails
2026-04-02 04:42:34,088 [INFO] application.associados.enviar_emails_usecase - 
📦 LOTE 2/12 - 25 emails
2026-04-02 04:42:34,100 [INFO] presentation.associados.associados_envio_submenu - 
📦 LOTE 2/12 - 25 emails
2026-04-02 04:42:38,763 [INFO] application.associados.enviar_emails_usecase - [26/278] OK → rosa.d.sousa1968@gmail.com
2026-04-02 04:42:38,770 [INFO] presentation.associados.associados_envio_submenu - [26/278] OK → rosa.d.sousa1968@gmail.com
2026-04-02 04:42:45,678 [INFO] application.associados.enviar_emails_usecase - [27/278] OK → rogerio.santos@netcabo.pt
2026-04-02 04:42:45,678 [INFO] presentation.associados.associados_envio_submenu - [27/278] OK → rogerio.santos@netcabo.pt
2026-04-02 04:42:53,018 [INFO] application.associados.enviar_emails_usecase - [28/278] OK → ritadanielamarques@gmail.com
2026-04-02 04:42:53,032 [INFO] presentation.associados.associados_envio_submenu - [28/278] OK → ritadanielamarques@gmail.com
2026-04-02 04:43:00,245 [INFO] application.associados.enviar_emails_usecase - [29/278] OK → ribeirohelder@sapo.pt
2026-04-02 04:43:00,245 [INFO] presentation.associados.associados_envio_submenu - [29/278] OK → ribeirohelder@sapo.pt
2026-04-02 04:43:06,767 [INFO] application.associados.enviar_emails_usecase - [30/278] OK → renato_tavares@sapo.pt
2026-04-02 04:43:06,767 [INFO] presentation.associados.associados_envio_submenu - [30/278] OK → renato_tavares@sapo.pt
2026-04-02 04:43:16,066 [INFO] application.associados.enviar_emails_usecase - [31/278] OK → quica.carvalho@sapo.pt
2026-04-02 04:43:16,082 [INFO] presentation.associados.associados_envio_submenu - [31/278] OK → quica.carvalho@sapo.pt
2026-04-02 04:43:22,732 [INFO] application.associados.enviar_emails_usecase - [32/278] OK → prin.diana2009@gmail.com
2026-04-02 04:43:22,742 [INFO] presentation.associados.associados_envio_submenu - [32/278] OK → prin.diana2009@gmail.com
2026-04-02 04:43:30,156 [INFO] application.associados.enviar_emails_usecase - [33/278] OK → porfiriofaria@sapo.pt
2026-04-02 04:43:30,173 [INFO] presentation.associados.associados_envio_submenu - [33/278] OK → porfiriofaria@sapo.pt
2026-04-02 04:43:37,780 [INFO] application.associados.enviar_emails_usecase - [34/278] OK → pjc1999@gmail.com
2026-04-02 04:43:37,783 [INFO] presentation.associados.associados_envio_submenu - [34/278] OK → pjc1999@gmail.com
2026-04-02 04:43:47,776 [INFO] application.associados.enviar_emails_usecase - [35/278] OK → pintant@sapo.pt
2026-04-02 04:43:47,792 [INFO] presentation.associados.associados_envio_submenu - [35/278] OK → pintant@sapo.pt
2026-04-02 04:43:54,238 [INFO] application.associados.enviar_emails_usecase - [36/278] OK → perfeitot@gmail.com
2026-04-02 04:43:54,253 [INFO] presentation.associados.associados_envio_submenu - [36/278] OK → perfeitot@gmail.com
2026-04-02 04:44:00,974 [INFO] application.associados.enviar_emails_usecase - [37/278] OK → pedro-s-guimaraes@sapo.pt
2026-04-02 04:44:01,001 [INFO] presentation.associados.associados_envio_submenu - [37/278] OK → pedro-s-guimaraes@sapo.pt
2026-04-02 04:44:10,166 [INFO] application.associados.enviar_emails_usecase - [38/278] OK → pedrosardinha40@hotmail.com
2026-04-02 04:44:10,169 [INFO] presentation.associados.associados_envio_submenu - [38/278] OK → pedrosardinha40@hotmail.com
2026-04-02 04:44:17,573 [INFO] application.associados.enviar_emails_usecase - [39/278] OK → pedro.d.sampaio@sapo.pt
2026-04-02 04:44:17,576 [INFO] presentation.associados.associados_envio_submenu - [39/278] OK → pedro.d.sampaio@sapo.pt
2026-04-02 04:44:23,164 [INFO] application.associados.enviar_emails_usecase - [40/278] OK → paulopinheiro@dimitri.com.pt
2026-04-02 04:44:23,180 [INFO] presentation.associados.associados_envio_submenu - [40/278] OK → paulopinheiro@dimitri.com.pt
2026-04-02 04:44:28,313 [INFO] application.associados.enviar_emails_usecase - [41/278] OK → paulo-j-barbosa@sapo.pt
2026-04-02 04:44:28,329 [INFO] presentation.associados.associados_envio_submenu - [41/278] OK → paulo-j-barbosa@sapo.pt
2026-04-02 04:44:36,799 [INFO] application.associados.enviar_emails_usecase - [42/278] OK → paulocameira@sapo.pt
2026-04-02 04:44:36,799 [INFO] presentation.associados.associados_envio_submenu - [42/278] OK → paulocameira@sapo.pt
2026-04-02 04:44:44,921 [INFO] application.associados.enviar_emails_usecase - [43/278] OK → paulobarbedo@sapo.pt
2026-04-02 04:44:44,921 [INFO] presentation.associados.associados_envio_submenu - [43/278] OK → paulobarbedo@sapo.pt
2026-04-02 04:44:53,543 [INFO] application.associados.enviar_emails_usecase - [44/278] OK → paulo.s.correia@sapo.pt
2026-04-02 04:44:53,566 [INFO] presentation.associados.associados_envio_submenu - [44/278] OK → paulo.s.correia@sapo.pt
2026-04-02 04:45:03,418 [INFO] application.associados.enviar_emails_usecase - [45/278] OK → paulampmoura@gmail.com
2026-04-02 04:45:03,444 [INFO] presentation.associados.associados_envio_submenu - [45/278] OK → paulampmoura@gmail.com
2026-04-02 04:45:11,674 [INFO] application.associados.enviar_emails_usecase - [46/278] OK → paulamguimaraes@gmail.com
2026-04-02 04:45:11,692 [INFO] presentation.associados.associados_envio_submenu - [46/278] OK → paulamguimaraes@gmail.com
2026-04-02 04:45:20,265 [INFO] application.associados.enviar_emails_usecase - [47/278] OK → paulagbs.pereira@gmail.com
2026-04-02 04:45:20,279 [INFO] presentation.associados.associados_envio_submenu - [47/278] OK → paulagbs.pereira@gmail.com
2026-04-02 04:45:28,054 [INFO] application.associados.enviar_emails_usecase - [48/278] OK → paula.m.rodrigues@sapo.pt
2026-04-02 04:45:28,059 [INFO] presentation.associados.associados_envio_submenu - [48/278] OK → paula.m.rodrigues@sapo.pt
2026-04-02 04:45:35,973 [INFO] application.associados.enviar_emails_usecase - [49/278] OK → patricianogueira27@gmail.com
2026-04-02 04:45:35,997 [INFO] presentation.associados.associados_envio_submenu - [49/278] OK → patricianogueira27@gmail.com
2026-04-02 04:45:42,485 [INFO] application.associados.enviar_emails_usecase - [50/278] OK → paixao.vitor@gmail.com
2026-04-02 04:45:42,488 [INFO] presentation.associados.associados_envio_submenu - [50/278] OK → paixao.vitor@gmail.com
2026-04-02 04:45:46,617 [INFO] application.email.email_sender - Ficheiro guardado após lote 2
2026-04-02 04:45:46,618 [INFO] application.associados.enviar_emails_usecase - 💾 Guardado após lote 2
2026-04-02 04:45:46,627 [INFO] presentation.associados.associados_envio_submenu - 💾 Guardado após lote 2
2026-04-02 04:45:46,628 [INFO] application.email.email_sender - Pausa de 119s entre lotes
2026-04-02 04:45:46,630 [INFO] application.associados.enviar_emails_usecase - 
⏸️ Pausa de 119s...
2026-04-02 04:45:46,636 [INFO] presentation.associados.associados_envio_submenu - 
⏸️ Pausa de 119s...
2026-04-02 04:47:46,222 [INFO] application.email.email_sender - LOTE 3/12 - 25 emails
2026-04-02 04:47:46,222 [INFO] application.associados.enviar_emails_usecase - 
📦 LOTE 3/12 - 25 emails
2026-04-02 04:47:46,233 [INFO] presentation.associados.associados_envio_submenu - 
📦 LOTE 3/12 - 25 emails
2026-04-02 04:47:49,445 [INFO] application.associados.enviar_emails_usecase - [51/278] OK → oscar-c-moutinho@sapo.pt
2026-04-02 04:47:49,469 [INFO] presentation.associados.associados_envio_submenu - [51/278] OK → oscar-c-moutinho@sapo.pt
2026-04-02 04:47:56,178 [INFO] application.associados.enviar_emails_usecase - [52/278] OK → origami.hana@gmail.com
2026-04-02 04:47:56,194 [INFO] presentation.associados.associados_envio_submenu - [52/278] OK → origami.hana@gmail.com
2026-04-02 04:48:04,724 [INFO] application.associados.enviar_emails_usecase - [53/278] OK → nunespinhel@gmail.com
2026-04-02 04:48:04,740 [INFO] presentation.associados.associados_envio_submenu - [53/278] OK → nunespinhel@gmail.com
2026-04-02 04:48:12,507 [INFO] application.associados.enviar_emails_usecase - [54/278] OK → nitabarandela@gmail.com
2026-04-02 04:48:12,523 [INFO] presentation.associados.associados_envio_submenu - [54/278] OK → nitabarandela@gmail.com
2026-04-02 04:48:19,167 [INFO] application.associados.enviar_emails_usecase - [55/278] OK → nelson-g-cruz@sapo.pt
2026-04-02 04:48:19,187 [INFO] presentation.associados.associados_envio_submenu - [55/278] OK → nelson-g-cruz@sapo.pt
2026-04-02 04:48:26,351 [INFO] application.associados.enviar_emails_usecase - [56/278] OK → negilvaia@gmail.com
2026-04-02 04:48:26,367 [INFO] presentation.associados.associados_envio_submenu - [56/278] OK → negilvaia@gmail.com
2026-04-02 04:48:35,929 [INFO] application.associados.enviar_emails_usecase - [57/278] OK → nascimentoduarte@hotmail.com
2026-04-02 04:48:35,941 [INFO] presentation.associados.associados_envio_submenu - [57/278] OK → nascimentoduarte@hotmail.com
2026-04-02 04:48:43,576 [INFO] application.associados.enviar_emails_usecase - [58/278] OK → mlinabvale@sapo.pt
2026-04-02 04:48:43,590 [INFO] presentation.associados.associados_envio_submenu - [58/278] OK → mlinabvale@sapo.pt
2026-04-02 04:48:52,636 [INFO] application.associados.enviar_emails_usecase - [59/278] OK → mjrcunha@gmail.com
2026-04-02 04:48:52,652 [INFO] presentation.associados.associados_envio_submenu - [59/278] OK → mjrcunha@gmail.com
2026-04-02 04:49:01,830 [INFO] application.associados.enviar_emails_usecase - [60/278] OK → mjorgeqsilva@sapo.pt
2026-04-02 04:49:01,844 [INFO] presentation.associados.associados_envio_submenu - [60/278] OK → mjorgeqsilva@sapo.pt
2026-04-02 04:49:08,469 [INFO] application.associados.enviar_emails_usecase - [61/278] OK → misabelcyrne@gmail.com
2026-04-02 04:49:08,469 [INFO] presentation.associados.associados_envio_submenu - [61/278] OK → misabelcyrne@gmail.com
2026-04-02 04:49:13,900 [INFO] application.associados.enviar_emails_usecase - [62/278] OK → mininha59@gmail.com
2026-04-02 04:49:13,917 [INFO] presentation.associados.associados_envio_submenu - [62/278] OK → mininha59@gmail.com
2026-04-02 04:49:20,518 [INFO] application.associados.enviar_emails_usecase - [63/278] OK → migueljsferreira74@gmail.com
2026-04-02 04:49:20,534 [INFO] presentation.associados.associados_envio_submenu - [63/278] OK → migueljsferreira74@gmail.com
2026-04-02 04:49:29,344 [INFO] application.associados.enviar_emails_usecase - [64/278] OK → m-helena-rodrigues@sapo.pt
2026-04-02 04:49:29,360 [INFO] presentation.associados.associados_envio_submenu - [64/278] OK → m-helena-rodrigues@sapo.pt
2026-04-02 04:49:36,831 [INFO] application.associados.enviar_emails_usecase - [65/278] OK → mgracaalmeida@sapo.pt
2026-04-02 04:49:36,847 [INFO] presentation.associados.associados_envio_submenu - [65/278] OK → mgracaalmeida@sapo.pt
2026-04-02 04:49:44,721 [INFO] application.associados.enviar_emails_usecase - [66/278] OK → mena.laureano56@sapo.pt
2026-04-02 04:49:44,737 [INFO] presentation.associados.associados_envio_submenu - [66/278] OK → mena.laureano56@sapo.pt
2026-04-02 04:49:54,105 [INFO] application.associados.enviar_emails_usecase - [67/278] OK → mclaramsousa@sapo.pt
2026-04-02 04:49:54,121 [INFO] presentation.associados.associados_envio_submenu - [67/278] OK → mclaramsousa@sapo.pt
2026-04-02 04:50:02,647 [INFO] application.associados.enviar_emails_usecase - [68/278] OK → martinsferreira@net.sapo.pt
2026-04-02 04:50:02,652 [INFO] presentation.associados.associados_envio_submenu - [68/278] OK → martinsferreira@net.sapo.pt
2026-04-02 04:50:10,303 [INFO] application.associados.enviar_emails_usecase - [69/278] OK → martilde@hotmail.com
2026-04-02 04:50:10,319 [INFO] presentation.associados.associados_envio_submenu - [69/278] OK → martilde@hotmail.com
2026-04-02 04:50:18,624 [INFO] application.associados.enviar_emails_usecase - [70/278] OK → martamaruja@hotmail.com
2026-04-02 04:50:18,640 [INFO] presentation.associados.associados_envio_submenu - [70/278] OK → martamaruja@hotmail.com
2026-04-02 04:50:25,967 [INFO] application.associados.enviar_emails_usecase - [71/278] OK → mario.silva@sapo.pt
2026-04-02 04:50:25,983 [INFO] presentation.associados.associados_envio_submenu - [71/278] OK → mario.silva@sapo.pt
2026-04-02 04:50:31,407 [INFO] application.associados.enviar_emails_usecase - [72/278] OK → marinhoaugusto@sapo.pt
2026-04-02 04:50:31,422 [INFO] presentation.associados.associados_envio_submenu - [72/278] OK → marinhoaugusto@sapo.pt
2026-04-02 04:50:38,623 [INFO] application.associados.enviar_emails_usecase - [73/278] OK → mariasousaneves@hotmail.com
2026-04-02 04:50:38,639 [INFO] presentation.associados.associados_envio_submenu - [73/278] OK → mariasousaneves@hotmail.com
2026-04-02 04:50:44,235 [INFO] application.associados.enviar_emails_usecase - [74/278] OK → mariajose.matos40@gmail.com
2026-04-02 04:50:44,251 [INFO] presentation.associados.associados_envio_submenu - [74/278] OK → mariajose.matos40@gmail.com
2026-04-02 04:50:51,247 [INFO] application.associados.enviar_emails_usecase - [75/278] OK → mariajoao@lojav.pt
2026-04-02 04:50:51,263 [INFO] presentation.associados.associados_envio_submenu - [75/278] OK → mariajoao@lojav.pt
2026-04-02 04:50:55,985 [INFO] application.email.email_sender - Ficheiro guardado após lote 3
2026-04-02 04:50:55,985 [INFO] application.associados.enviar_emails_usecase - 💾 Guardado após lote 3
2026-04-02 04:50:56,001 [INFO] presentation.associados.associados_envio_submenu - 💾 Guardado após lote 3
2026-04-02 04:50:56,001 [INFO] application.email.email_sender - Pausa de 92s entre lotes
2026-04-02 04:50:56,001 [INFO] application.associados.enviar_emails_usecase - 
⏸️ Pausa de 92s...
2026-04-02 04:50:56,013 [INFO] presentation.associados.associados_envio_submenu - 
⏸️ Pausa de 92s...
2026-04-02 04:52:28,325 [INFO] application.email.email_sender - LOTE 4/12 - 25 emails
2026-04-02 04:52:28,325 [INFO] application.associados.enviar_emails_usecase - 
📦 LOTE 4/12 - 25 emails
2026-04-02 04:52:28,339 [INFO] presentation.associados.associados_envio_submenu - 
📦 LOTE 4/12 - 25 emails
2026-04-02 04:52:32,445 [INFO] application.associados.enviar_emails_usecase - [76/278] OK → mariagracindavieira64@gmail.com
2026-04-02 04:52:32,461 [INFO] presentation.associados.associados_envio_submenu - [76/278] OK → mariagracindavieira64@gmail.com
2026-04-02 04:52:39,507 [INFO] application.associados.enviar_emails_usecase - [77/278] OK → mariafgemeas@gmail.com
2026-04-02 04:52:39,507 [INFO] presentation.associados.associados_envio_submenu - [77/278] OK → mariafgemeas@gmail.com
2026-04-02 04:52:47,072 [INFO] application.associados.enviar_emails_usecase - [78/278] OK → mariaemiliaribeiro1950@gmail.com
2026-04-02 04:52:47,088 [INFO] presentation.associados.associados_envio_submenu - [78/278] OK → mariaemiliaribeiro1950@gmail.com
2026-04-02 04:52:54,415 [INFO] application.associados.enviar_emails_usecase - [79/278] OK → mariaalicedias@gmail.com
2026-04-02 04:52:54,439 [INFO] presentation.associados.associados_envio_submenu - [79/278] OK → mariaalicedias@gmail.com
2026-04-02 04:53:02,317 [INFO] application.associados.enviar_emails_usecase - [80/278] OK → maria49daluz@gmail.com
2026-04-02 04:53:02,333 [INFO] presentation.associados.associados_envio_submenu - [80/278] OK → maria49daluz@gmail.com
2026-04-02 04:53:10,415 [INFO] application.associados.enviar_emails_usecase - [81/278] OK → maria.jesus.bastos@hotmail.com
2026-04-02 04:53:10,431 [INFO] presentation.associados.associados_envio_submenu - [81/278] OK → maria.jesus.bastos@hotmail.com
2026-04-02 04:53:16,406 [INFO] application.associados.enviar_emails_usecase - [82/278] OK → maria.irenef@live.com.pt
2026-04-02 04:53:16,422 [INFO] presentation.associados.associados_envio_submenu - [82/278] OK → maria.irenef@live.com.pt
2026-04-02 04:53:23,695 [INFO] application.associados.enviar_emails_usecase - [83/278] OK → maria.f.soares@sapo.pt
2026-04-02 04:53:23,711 [INFO] presentation.associados.associados_envio_submenu - [83/278] OK → maria.f.soares@sapo.pt
2026-04-02 04:53:29,957 [INFO] application.associados.enviar_emails_usecase - [84/278] OK → maria.c.o.machado@gmail.com
2026-04-02 04:53:29,973 [INFO] presentation.associados.associados_envio_submenu - [84/278] OK → maria.c.o.machado@gmail.com
2026-04-02 04:53:38,113 [INFO] application.associados.enviar_emails_usecase - [85/278] OK → maria.albertina.neves.pereira1950@gmail.com
2026-04-02 04:53:38,129 [INFO] presentation.associados.associados_envio_submenu - [85/278] OK → maria.albertina.neves.pereira1950@gmail.com
2026-04-02 04:53:45,388 [INFO] application.associados.enviar_emails_usecase - [86/278] OK → margaridamouro2@gmail.com
2026-04-02 04:53:45,388 [INFO] presentation.associados.associados_envio_submenu - [86/278] OK → margaridamouro2@gmail.com
2026-04-02 04:53:54,082 [INFO] application.associados.enviar_emails_usecase - [87/278] OK → marcio-rocha@sapo.pt
2026-04-02 04:53:54,781 [INFO] presentation.associados.associados_envio_submenu - [87/278] OK → marcio-rocha@sapo.pt
2026-04-02 04:54:02,592 [INFO] application.associados.enviar_emails_usecase - [88/278] OK → manuelpsilva60@gmail.com
2026-04-02 04:54:02,607 [INFO] presentation.associados.associados_envio_submenu - [88/278] OK → manuelpsilva60@gmail.com
2026-04-02 04:54:09,478 [INFO] application.associados.enviar_emails_usecase - [89/278] OK → manuelpinheirobarbosa@gmail.com
2026-04-02 04:54:09,491 [INFO] presentation.associados.associados_envio_submenu - [89/278] OK → manuelpinheirobarbosa@gmail.com
2026-04-02 04:54:16,820 [INFO] application.associados.enviar_emails_usecase - [90/278] OK → manuelmeireis13@gmail.com
2026-04-02 04:54:16,836 [INFO] presentation.associados.associados_envio_submenu - [90/278] OK → manuelmeireis13@gmail.com
2026-04-02 04:54:23,774 [INFO] application.associados.enviar_emails_usecase - [91/278] OK → manueljmachado@sapo.pt
2026-04-02 04:54:23,782 [INFO] presentation.associados.associados_envio_submenu - [91/278] OK → manueljmachado@sapo.pt
2026-04-02 04:54:31,549 [INFO] application.associados.enviar_emails_usecase - [92/278] OK → manuelantonio.pereirasilva@edp.pt
2026-04-02 04:54:31,565 [INFO] presentation.associados.associados_envio_submenu - [92/278] OK → manuelantonio.pereirasilva@edp.pt
2026-04-02 04:54:38,339 [INFO] application.associados.enviar_emails_usecase - [93/278] OK → maios@sapo.pt
2026-04-02 04:54:38,355 [INFO] presentation.associados.associados_envio_submenu - [93/278] OK → maios@sapo.pt
2026-04-02 04:54:43,303 [INFO] application.associados.enviar_emails_usecase - [94/278] OK → magui2017@sapo.pt
2026-04-02 04:54:43,319 [INFO] presentation.associados.associados_envio_submenu - [94/278] OK → magui2017@sapo.pt
2026-04-02 04:54:49,423 [INFO] application.associados.enviar_emails_usecase - [95/278] OK → magalhaes.elsa@gmail.com
2026-04-02 04:54:49,446 [INFO] presentation.associados.associados_envio_submenu - [95/278] OK → magalhaes.elsa@gmail.com
2026-04-02 04:54:57,844 [INFO] application.associados.enviar_emails_usecase - [96/278] OK → maestroferreiradasilva@hotmail.com
2026-04-02 04:54:57,862 [INFO] presentation.associados.associados_envio_submenu - [96/278] OK → maestroferreiradasilva@hotmail.com
2026-04-02 04:55:06,318 [INFO] application.associados.enviar_emails_usecase - [97/278] OK → m.ju.guimaraes@gmail.com
2026-04-02 04:55:06,318 [INFO] presentation.associados.associados_envio_submenu - [97/278] OK → m.ju.guimaraes@gmail.com
2026-04-02 04:55:14,165 [INFO] application.associados.enviar_emails_usecase - [98/278] OK → m.joao.sa@hotmail.com
2026-04-02 04:55:14,165 [INFO] presentation.associados.associados_envio_submenu - [98/278] OK → m.joao.sa@hotmail.com
2026-04-02 04:55:21,936 [INFO] application.associados.enviar_emails_usecase - [99/278] OK → m.emilia.ferreira17@sapo.pt
2026-04-02 04:55:21,959 [INFO] presentation.associados.associados_envio_submenu - [99/278] OK → m.emilia.ferreira17@sapo.pt
2026-04-02 04:55:28,431 [INFO] application.associados.enviar_emails_usecase - [100/278] OK → m.arminda.c.barbosa@gmail.com
2026-04-02 04:55:28,447 [INFO] presentation.associados.associados_envio_submenu - [100/278] OK → m.arminda.c.barbosa@gmail.com
2026-04-02 04:55:33,655 [INFO] application.email.email_sender - Ficheiro guardado após lote 4
2026-04-02 04:55:33,656 [INFO] application.associados.enviar_emails_usecase - 💾 Guardado após lote 4
2026-04-02 04:55:33,666 [INFO] presentation.associados.associados_envio_submenu - 💾 Guardado após lote 4
2026-04-02 04:55:33,667 [INFO] application.email.email_sender - Pausa de 83s entre lotes
2026-04-02 04:55:33,669 [INFO] application.associados.enviar_emails_usecase - 
⏸️ Pausa de 83s...
2026-04-02 04:55:33,675 [INFO] presentation.associados.associados_envio_submenu - 
⏸️ Pausa de 83s...
2026-04-02 04:56:57,328 [INFO] application.email.email_sender - LOTE 5/12 - 25 emails
2026-04-02 04:56:57,331 [INFO] application.associados.enviar_emails_usecase - 
📦 LOTE 5/12 - 25 emails
2026-04-02 04:56:57,336 [INFO] presentation.associados.associados_envio_submenu - 
📦 LOTE 5/12 - 25 emails
2026-04-02 04:57:01,134 [INFO] application.associados.enviar_emails_usecase - [101/278] OK → m.alexandra.gouveia@sapo.pt
2026-04-02 04:57:01,153 [INFO] presentation.associados.associados_envio_submenu - [101/278] OK → m.alexandra.gouveia@sapo.pt
2026-04-02 04:57:09,079 [INFO] application.associados.enviar_emails_usecase - [102/278] OK → m.a.rabbit@hotmail.com
2026-04-02 04:57:09,102 [INFO] presentation.associados.associados_envio_submenu - [102/278] OK → m.a.rabbit@hotmail.com
2026-04-02 04:57:15,266 [INFO] application.associados.enviar_emails_usecase - [103/278] OK → lurdes_mlopes@hotmail.com
2026-04-02 04:57:15,289 [INFO] presentation.associados.associados_envio_submenu - [103/278] OK → lurdes_mlopes@hotmail.com
2026-04-02 04:57:24,745 [INFO] application.associados.enviar_emails_usecase - [104/278] OK → lurdes@tradetex.pt
2026-04-02 04:57:24,763 [INFO] presentation.associados.associados_envio_submenu - [104/278] OK → lurdes@tradetex.pt
2026-04-02 04:57:30,667 [INFO] application.associados.enviar_emails_usecase - [105/278] OK → luisa.loureiro@sapo.pt
2026-04-02 04:57:30,693 [INFO] presentation.associados.associados_envio_submenu - [105/278] OK → luisa.loureiro@sapo.pt
2026-04-02 04:57:38,927 [INFO] application.associados.enviar_emails_usecase - [106/278] OK → luciliasales@sapo.pt
2026-04-02 04:57:38,927 [INFO] presentation.associados.associados_envio_submenu - [106/278] OK → luciliasales@sapo.pt
2026-04-02 04:57:46,904 [INFO] application.associados.enviar_emails_usecase - [107/278] OK → lucia.c.dias@sapo.pt
2026-04-02 04:57:46,908 [INFO] presentation.associados.associados_envio_submenu - [107/278] OK → lucia.c.dias@sapo.pt
2026-04-02 04:57:55,839 [INFO] application.associados.enviar_emails_usecase - [108/278] OK → levi@jorgelevi.com
2026-04-02 04:57:55,860 [INFO] presentation.associados.associados_envio_submenu - [108/278] OK → levi@jorgelevi.com
2026-04-02 04:58:03,554 [INFO] application.associados.enviar_emails_usecase - [109/278] OK → leonorpinheiro1974@gmail.com
2026-04-02 04:58:03,559 [INFO] presentation.associados.associados_envio_submenu - [109/278] OK → leonorpinheiro1974@gmail.com
2026-04-02 04:58:10,397 [INFO] application.associados.enviar_emails_usecase - [110/278] OK → lboticario@gmail.com
2026-04-02 04:58:10,417 [INFO] presentation.associados.associados_envio_submenu - [110/278] OK → lboticario@gmail.com
2026-04-02 04:58:20,326 [INFO] application.associados.enviar_emails_usecase - [111/278] OK → laxmi.varajidas@sapo.pt
2026-04-02 04:58:20,354 [INFO] presentation.associados.associados_envio_submenu - [111/278] OK → laxmi.varajidas@sapo.pt
2026-04-02 04:58:27,337 [INFO] application.associados.enviar_emails_usecase - [112/278] OK → laurentinacorreia1967@gmail.com
2026-04-02 04:58:27,353 [INFO] presentation.associados.associados_envio_submenu - [112/278] OK → laurentinacorreia1967@gmail.com
2026-04-02 04:58:32,446 [INFO] application.associados.enviar_emails_usecase - [113/278] OK → lauracqueiros@sapo.pt
2026-04-02 04:58:32,468 [INFO] presentation.associados.associados_envio_submenu - [113/278] OK → lauracqueiros@sapo.pt
2026-04-02 04:58:41,410 [INFO] application.associados.enviar_emails_usecase - [114/278] OK → larsgabriel@atrpt.pt
2026-04-02 04:58:41,437 [INFO] presentation.associados.associados_envio_submenu - [114/278] OK → larsgabriel@atrpt.pt
2026-04-02 04:58:50,807 [INFO] application.associados.enviar_emails_usecase - [115/278] OK → julio-v-marinho@sapo.pt
2026-04-02 04:58:50,824 [INFO] presentation.associados.associados_envio_submenu - [115/278] OK → julio-v-marinho@sapo.pt
2026-04-02 04:58:58,086 [INFO] application.associados.enviar_emails_usecase - [116/278] OK → julioascarvalho@gmail.com
2026-04-02 04:58:58,114 [INFO] presentation.associados.associados_envio_submenu - [116/278] OK → julioascarvalho@gmail.com
2026-04-02 04:59:07,836 [INFO] application.associados.enviar_emails_usecase - [117/278] OK → juliasousa221519@gmail.com
2026-04-02 04:59:07,850 [INFO] presentation.associados.associados_envio_submenu - [117/278] OK → juliasousa221519@gmail.com
2026-04-02 04:59:17,793 [INFO] application.associados.enviar_emails_usecase - [118/278] OK → jtfontes@hotmail.com
2026-04-02 04:59:17,793 [INFO] presentation.associados.associados_envio_submenu - [118/278] OK → jtfontes@hotmail.com
2026-04-02 04:59:23,678 [INFO] application.associados.enviar_emails_usecase - [119/278] OK → jsousabessa@gmail.com
2026-04-02 04:59:23,696 [INFO] presentation.associados.associados_envio_submenu - [119/278] OK → jsousabessa@gmail.com
2026-04-02 04:59:30,402 [INFO] application.associados.enviar_emails_usecase - [120/278] OK → js63lopes@gmail.com
2026-04-02 04:59:30,423 [INFO] presentation.associados.associados_envio_submenu - [120/278] OK → js63lopes@gmail.com
2026-04-02 04:59:38,091 [INFO] application.associados.enviar_emails_usecase - [121/278] OK → jpldias1952@gmail.com
2026-04-02 04:59:38,094 [INFO] presentation.associados.associados_envio_submenu - [121/278] OK → jpldias1952@gmail.com
2026-04-02 09:15:12,519 [INFO] application.associados.enviar_emails_usecase - [122/278] OK → jpaiva45@gmail.com
2026-04-02 09:15:12,534 [INFO] presentation.associados.associados_envio_submenu - [122/278] OK → jpaiva45@gmail.com
2026-04-02 09:15:21,927 [INFO] application.associados.enviar_emails_usecase - [123/278] OK → josesousacoutinho@gmail.com
2026-04-02 09:15:21,934 [INFO] presentation.associados.associados_envio_submenu - [123/278] OK → josesousacoutinho@gmail.com
2026-04-02 09:15:31,045 [INFO] application.associados.enviar_emails_usecase - [124/278] OK → joseportela2@sapo.pt
2026-04-02 09:15:31,045 [INFO] presentation.associados.associados_envio_submenu - [124/278] OK → joseportela2@sapo.pt
2026-04-02 09:15:37,229 [INFO] application.associados.enviar_emails_usecase - [125/278] OK → josecmendes@sapo.pt
2026-04-02 09:15:37,251 [INFO] presentation.associados.associados_envio_submenu - [125/278] OK → josecmendes@sapo.pt
2026-04-02 09:15:40,821 [INFO] application.email.email_sender - Ficheiro guardado após lote 5
2026-04-02 09:15:40,821 [INFO] application.associados.enviar_emails_usecase - 💾 Guardado após lote 5
2026-04-02 09:15:40,837 [INFO] presentation.associados.associados_envio_submenu - 💾 Guardado após lote 5
2026-04-02 09:15:40,838 [INFO] application.email.email_sender - Pausa de 63s entre lotes
2026-04-02 09:15:40,838 [INFO] application.associados.enviar_emails_usecase - 
⏸️ Pausa de 63s...
2026-04-02 09:15:40,838 [INFO] presentation.associados.associados_envio_submenu - 
⏸️ Pausa de 63s...
2026-04-02 09:16:44,345 [INFO] application.email.email_sender - LOTE 6/12 - 25 emails
2026-04-02 09:16:44,345 [INFO] application.associados.enviar_emails_usecase - 
📦 LOTE 6/12 - 25 emails
2026-04-02 09:16:44,357 [INFO] presentation.associados.associados_envio_submenu - 
📦 LOTE 6/12 - 25 emails
2026-04-02 09:16:48,796 [INFO] application.associados.enviar_emails_usecase - [126/278] OK → jose-a-coimbra@sapo.pt
2026-04-02 09:16:48,809 [INFO] presentation.associados.associados_envio_submenu - [126/278] OK → jose-a-coimbra@sapo.pt
2026-04-02 09:16:56,490 [INFO] application.associados.enviar_emails_usecase - [127/278] OK → jose.f.n.costa@sapo.pt
2026-04-02 09:16:56,503 [INFO] presentation.associados.associados_envio_submenu - [127/278] OK → jose.f.n.costa@sapo.pt
2026-04-02 09:17:06,189 [INFO] application.associados.enviar_emails_usecase - [128/278] OK → jose.cabral.trindade@gmail.com
2026-04-02 09:17:06,204 [INFO] presentation.associados.associados_envio_submenu - [128/278] OK → jose.cabral.trindade@gmail.com
2026-04-02 09:17:12,833 [INFO] application.associados.enviar_emails_usecase - [129/278] OK → jorgeuria@sapo.pt
2026-04-02 09:17:12,853 [INFO] presentation.associados.associados_envio_submenu - [129/278] OK → jorgeuria@sapo.pt
2026-04-02 09:17:21,590 [INFO] application.associados.enviar_emails_usecase - [130/278] OK → jorgenuno04@gmail.com
2026-04-02 09:17:21,610 [INFO] presentation.associados.associados_envio_submenu - [130/278] OK → jorgenuno04@gmail.com
2026-04-02 09:17:29,638 [INFO] application.associados.enviar_emails_usecase - [131/278] OK → jorge.cunha@sapo.pt
2026-04-02 09:17:29,644 [INFO] presentation.associados.associados_envio_submenu - [131/278] OK → jorge.cunha@sapo.pt
2026-04-02 09:17:38,263 [INFO] application.associados.enviar_emails_usecase - [132/278] OK → joaquim.manuel.assuncao@gmail.com
2026-04-02 09:17:38,272 [INFO] presentation.associados.associados_envio_submenu - [132/278] OK → joaquim.manuel.assuncao@gmail.com
2026-04-02 09:17:46,858 [INFO] application.associados.enviar_emails_usecase - [133/278] OK → joaquim.m.faria@sapo.pt
2026-04-02 09:17:46,868 [INFO] presentation.associados.associados_envio_submenu - [133/278] OK → joaquim.m.faria@sapo.pt
2026-04-02 09:17:55,760 [INFO] application.associados.enviar_emails_usecase - [134/278] OK → joaosousalima@sapo.pt
2026-04-02 09:17:55,766 [INFO] presentation.associados.associados_envio_submenu - [134/278] OK → joaosousalima@sapo.pt
2026-04-02 09:18:02,259 [INFO] application.associados.enviar_emails_usecase - [135/278] OK → joaoccmonteiro2013@sapo.pt
2026-04-02 09:18:02,271 [INFO] presentation.associados.associados_envio_submenu - [135/278] OK → joaoccmonteiro2013@sapo.pt
2026-04-02 09:18:10,115 [INFO] application.associados.enviar_emails_usecase - [136/278] OK → joao.s.moura@sapo.pt
2026-04-02 09:18:10,127 [INFO] presentation.associados.associados_envio_submenu - [136/278] OK → joao.s.moura@sapo.pt
2026-04-02 09:18:20,050 [INFO] application.associados.enviar_emails_usecase - [137/278] OK → joana_nunes@sapo.pt
2026-04-02 09:18:20,063 [INFO] presentation.associados.associados_envio_submenu - [137/278] OK → joana_nunes@sapo.pt
2026-04-02 09:18:27,111 [INFO] application.associados.enviar_emails_usecase - [138/278] OK → joakim_coelho@hotmail.com
2026-04-02 09:18:27,123 [INFO] presentation.associados.associados_envio_submenu - [138/278] OK → joakim_coelho@hotmail.com
2026-04-02 09:18:33,370 [INFO] application.associados.enviar_emails_usecase - [139/278] OK → jmppacheco@sapo.pt
2026-04-02 09:18:33,379 [INFO] presentation.associados.associados_envio_submenu - [139/278] OK → jmppacheco@sapo.pt
2026-04-02 09:18:43,569 [INFO] application.associados.enviar_emails_usecase - [140/278] OK → jfatavares@gmail.com
2026-04-02 09:18:43,580 [INFO] presentation.associados.associados_envio_submenu - [140/278] OK → jfatavares@gmail.com
2026-04-02 09:18:52,252 [INFO] application.associados.enviar_emails_usecase - [141/278] OK → jf1958@sapo.pt
2026-04-02 09:18:52,260 [INFO] presentation.associados.associados_envio_submenu - [141/278] OK → jf1958@sapo.pt
2026-04-02 09:18:59,399 [INFO] application.associados.enviar_emails_usecase - [142/278] OK → jdomingos36@gmail.com
2026-04-02 09:18:59,410 [INFO] presentation.associados.associados_envio_submenu - [142/278] OK → jdomingos36@gmail.com
2026-04-02 09:19:06,800 [INFO] application.associados.enviar_emails_usecase - [143/278] OK → jdhvalente@gmail.com
2026-04-02 09:19:06,814 [INFO] presentation.associados.associados_envio_submenu - [143/278] OK → jdhvalente@gmail.com
2026-04-02 09:19:14,980 [INFO] application.associados.enviar_emails_usecase - [144/278] OK → jcouto07@hotmail.com
2026-04-02 09:19:14,992 [INFO] presentation.associados.associados_envio_submenu - [144/278] OK → jcouto07@hotmail.com
2026-04-02 09:19:24,850 [INFO] application.associados.enviar_emails_usecase - [145/278] OK → jcga52@gmail.com
2026-04-02 09:19:24,860 [INFO] presentation.associados.associados_envio_submenu - [145/278] OK → jcga52@gmail.com
2026-04-02 09:19:34,522 [INFO] application.associados.enviar_emails_usecase - [146/278] OK → jasfaneco@sapo.pt
2026-04-02 09:19:34,530 [INFO] presentation.associados.associados_envio_submenu - [146/278] OK → jasfaneco@sapo.pt
2026-04-02 09:19:43,002 [INFO] application.associados.enviar_emails_usecase - [147/278] OK → j.luisnunes@sapo.pt
2026-04-02 09:19:43,015 [INFO] presentation.associados.associados_envio_submenu - [147/278] OK → j.luisnunes@sapo.pt
2026-04-02 09:19:48,650 [INFO] application.associados.enviar_emails_usecase - [148/278] OK → ivone.barbieri@gmail.com
2026-04-02 09:19:48,667 [INFO] presentation.associados.associados_envio_submenu - [148/278] OK → ivone.barbieri@gmail.com
2026-04-02 09:19:54,760 [INFO] application.associados.enviar_emails_usecase - [149/278] OK → islau105@gmail.com
2026-04-02 09:19:54,770 [INFO] presentation.associados.associados_envio_submenu - [149/278] OK → islau105@gmail.com
2026-04-02 09:20:02,170 [INFO] application.associados.enviar_emails_usecase - [150/278] OK → isabeldesousaemoura@gmail.com
2026-04-02 09:20:02,179 [INFO] presentation.associados.associados_envio_submenu - [150/278] OK → isabeldesousaemoura@gmail.com
2026-04-02 09:20:05,499 [INFO] application.email.email_sender - Ficheiro guardado após lote 6
2026-04-02 09:20:05,499 [INFO] application.associados.enviar_emails_usecase - 💾 Guardado após lote 6
2026-04-02 09:20:05,512 [INFO] presentation.associados.associados_envio_submenu - 💾 Guardado após lote 6
2026-04-02 09:20:05,512 [INFO] application.email.email_sender - Pausa de 111s entre lotes
2026-04-02 09:20:05,520 [INFO] application.associados.enviar_emails_usecase - 
⏸️ Pausa de 111s...
2026-04-02 09:20:05,520 [INFO] presentation.associados.associados_envio_submenu - 
⏸️ Pausa de 111s...
2026-04-02 09:21:56,920 [INFO] application.email.email_sender - LOTE 7/12 - 25 emails
2026-04-02 09:21:56,922 [INFO] application.associados.enviar_emails_usecase - 
📦 LOTE 7/12 - 25 emails
2026-04-02 09:21:56,930 [INFO] presentation.associados.associados_envio_submenu - 
📦 LOTE 7/12 - 25 emails
2026-04-02 09:21:59,467 [INFO] application.associados.enviar_emails_usecase - [151/278] OK → isabel.o.matos@gmail.com
2026-04-02 09:21:59,482 [INFO] presentation.associados.associados_envio_submenu - [151/278] OK → isabel.o.matos@gmail.com
2026-04-02 09:22:08,520 [INFO] application.associados.enviar_emails_usecase - [152/278] OK → irenedomingues55@hotmail.com
2026-04-02 09:22:08,537 [INFO] presentation.associados.associados_envio_submenu - [152/278] OK → irenedomingues55@hotmail.com
2026-04-02 09:22:16,279 [INFO] application.associados.enviar_emails_usecase - [153/278] OK → info@numo.pt
2026-04-02 09:22:16,290 [INFO] presentation.associados.associados_envio_submenu - [153/278] OK → info@numo.pt
2026-04-02 09:22:24,690 [INFO] application.associados.enviar_emails_usecase - [154/278] OK → idalinaalmeida59@gmail.com
2026-04-02 09:22:24,705 [INFO] presentation.associados.associados_envio_submenu - [154/278] OK → idalinaalmeida59@gmail.com
2026-04-02 09:22:35,294 [INFO] application.associados.enviar_emails_usecase - [155/278] OK → hjesusleite@gmail.com
2026-04-02 09:22:35,311 [INFO] presentation.associados.associados_envio_submenu - [155/278] OK → hjesusleite@gmail.com
2026-04-02 09:22:44,460 [INFO] application.associados.enviar_emails_usecase - [156/278] OK → higino.angelo.silva@gmail.com
2026-04-02 09:22:44,480 [INFO] presentation.associados.associados_envio_submenu - [156/278] OK → higino.angelo.silva@gmail.com
2026-04-02 09:22:51,316 [INFO] application.associados.enviar_emails_usecase - [157/278] OK → hernanimarinho@sapo.pt
2026-04-02 09:22:51,321 [INFO] presentation.associados.associados_envio_submenu - [157/278] OK → hernanimarinho@sapo.pt
2026-04-02 09:22:59,040 [INFO] application.associados.enviar_emails_usecase - [158/278] OK → hermanolandrade@gmail.com
2026-04-02 09:22:59,053 [INFO] presentation.associados.associados_envio_submenu - [158/278] OK → hermanolandrade@gmail.com
2026-04-02 09:23:06,790 [INFO] application.associados.enviar_emails_usecase - [159/278] OK → heringpaula@gmail.com
2026-04-02 09:23:06,800 [INFO] presentation.associados.associados_envio_submenu - [159/278] OK → heringpaula@gmail.com
2026-04-02 09:23:14,869 [INFO] application.associados.enviar_emails_usecase - [160/278] OK → helenajacques@hotmail.com
2026-04-02 09:23:14,881 [INFO] presentation.associados.associados_envio_submenu - [160/278] OK → helenajacques@hotmail.com
2026-04-02 09:23:21,165 [INFO] application.associados.enviar_emails_usecase - [161/278] OK → helenacasteloes@gmail.com
2026-04-02 09:23:21,180 [INFO] presentation.associados.associados_envio_submenu - [161/278] OK → helenacasteloes@gmail.com
2026-04-02 09:23:27,500 [INFO] application.associados.enviar_emails_usecase - [162/278] OK → helena.carla.rodrigues@gmail.com
2026-04-02 09:23:27,510 [INFO] presentation.associados.associados_envio_submenu - [162/278] OK → helena.carla.rodrigues@gmail.com
2026-04-02 09:23:36,039 [INFO] application.associados.enviar_emails_usecase - [163/278] OK → gorettishenriques@gmail.com
2026-04-02 09:23:36,050 [INFO] presentation.associados.associados_envio_submenu - [163/278] OK → gorettishenriques@gmail.com
2026-04-02 09:23:41,690 [INFO] application.associados.enviar_emails_usecase - [164/278] OK → goreti-a-coelho@sapo.pt
2026-04-02 09:23:41,705 [INFO] presentation.associados.associados_envio_submenu - [164/278] OK → goreti-a-coelho@sapo.pt
2026-04-02 09:23:49,630 [INFO] application.associados.enviar_emails_usecase - [165/278] OK → gloriagomes@live.com.pt
2026-04-02 09:23:49,645 [INFO] presentation.associados.associados_envio_submenu - [165/278] OK → gloriagomes@live.com.pt
2026-04-02 09:23:56,109 [INFO] application.associados.enviar_emails_usecase - [166/278] OK → gisela.morais@gmail.com
2026-04-02 09:23:56,120 [INFO] presentation.associados.associados_envio_submenu - [166/278] OK → gisela.morais@gmail.com
2026-04-02 09:24:05,910 [INFO] application.associados.enviar_emails_usecase - [167/278] OK → gabrielavqueiros@gmail.com
2026-04-02 09:24:05,920 [INFO] presentation.associados.associados_envio_submenu - [167/278] OK → gabrielavqueiros@gmail.com
2026-04-02 09:24:13,695 [INFO] application.associados.enviar_emails_usecase - [168/278] OK → franciscoorgebasadre@gmail.com
2026-04-02 09:24:13,699 [INFO] presentation.associados.associados_envio_submenu - [168/278] OK → franciscoorgebasadre@gmail.com
2026-04-02 09:24:23,024 [INFO] application.associados.enviar_emails_usecase - [169/278] OK → fonsecamandio@gmail.com
2026-04-02 09:24:23,042 [INFO] presentation.associados.associados_envio_submenu - [169/278] OK → fonsecamandio@gmail.com
2026-04-02 09:24:32,504 [INFO] application.associados.enviar_emails_usecase - [170/278] OK → filomenamcmferreira@gmail.com
2026-04-02 09:24:32,520 [INFO] presentation.associados.associados_envio_submenu - [170/278] OK → filomenamcmferreira@gmail.com
2026-04-02 09:24:39,401 [INFO] application.associados.enviar_emails_usecase - [171/278] OK → filipaespinhanunes@gmail.com
2026-04-02 09:24:39,409 [INFO] presentation.associados.associados_envio_submenu - [171/278] OK → filipaespinhanunes@gmail.com
2026-04-02 09:24:47,430 [INFO] application.associados.enviar_emails_usecase - [172/278] OK → ffsantos8@gmail.com
2026-04-02 09:24:47,440 [INFO] presentation.associados.associados_envio_submenu - [172/278] OK → ffsantos8@gmail.com
2026-04-02 09:24:54,070 [INFO] application.associados.enviar_emails_usecase - [173/278] OK → ferreira-d-silva@sapo.pt
2026-04-02 09:24:54,080 [INFO] presentation.associados.associados_envio_submenu - [173/278] OK → ferreira-d-silva@sapo.pt
2026-04-02 09:25:00,261 [INFO] application.associados.enviar_emails_usecase - [174/278] OK → fernando.p.nunes@hotmail.com
2026-04-02 09:25:00,270 [INFO] presentation.associados.associados_envio_submenu - [174/278] OK → fernando.p.nunes@hotmail.com
2026-04-02 09:25:08,043 [INFO] application.associados.enviar_emails_usecase - [175/278] OK → fernando.m.dias@sapo.pt
2026-04-02 09:25:08,059 [INFO] presentation.associados.associados_envio_submenu - [175/278] OK → fernando.m.dias@sapo.pt
2026-04-02 09:25:14,078 [INFO] application.email.email_sender - Ficheiro guardado após lote 7
2026-04-02 09:25:14,079 [INFO] application.associados.enviar_emails_usecase - 💾 Guardado após lote 7
2026-04-02 09:25:14,091 [INFO] presentation.associados.associados_envio_submenu - 💾 Guardado após lote 7
2026-04-02 09:25:14,091 [INFO] application.email.email_sender - Pausa de 95s entre lotes
2026-04-02 09:25:14,091 [INFO] application.associados.enviar_emails_usecase - 
⏸️ Pausa de 95s...
2026-04-02 09:25:14,100 [INFO] presentation.associados.associados_envio_submenu - 
⏸️ Pausa de 95s...
2026-04-02 09:26:49,950 [INFO] application.email.email_sender - LOTE 8/12 - 25 emails
2026-04-02 09:26:49,950 [INFO] application.associados.enviar_emails_usecase - 
📦 LOTE 8/12 - 25 emails
2026-04-02 09:26:49,960 [INFO] presentation.associados.associados_envio_submenu - 
📦 LOTE 8/12 - 25 emails
2026-04-02 09:26:52,890 [INFO] application.associados.enviar_emails_usecase - [176/278] OK → fernando.araujo@sapo.pt
2026-04-02 09:26:52,902 [INFO] presentation.associados.associados_envio_submenu - [176/278] OK → fernando.araujo@sapo.pt
2026-04-02 09:26:59,660 [INFO] application.associados.enviar_emails_usecase - [177/278] OK → fernandanunesmoreira@gmail.com
2026-04-02 09:26:59,671 [INFO] presentation.associados.associados_envio_submenu - [177/278] OK → fernandanunesmoreira@gmail.com
2026-04-02 09:27:06,869 [INFO] application.associados.enviar_emails_usecase - [178/278] OK → fernandamacedo214@hotmail.com
2026-04-02 09:27:06,882 [INFO] presentation.associados.associados_envio_submenu - [178/278] OK → fernandamacedo214@hotmail.com
2026-04-02 09:27:13,770 [INFO] application.associados.enviar_emails_usecase - [179/278] OK → faustoviegasnunes@gmail.com
2026-04-02 09:27:13,789 [INFO] presentation.associados.associados_envio_submenu - [179/278] OK → faustoviegasnunes@gmail.com
2026-04-02 09:27:21,790 [INFO] application.associados.enviar_emails_usecase - [180/278] OK → fatuxa1966@hotmail.com
2026-04-02 09:27:21,803 [INFO] presentation.associados.associados_envio_submenu - [180/278] OK → fatuxa1966@hotmail.com
2026-04-02 09:27:28,500 [INFO] application.associados.enviar_emails_usecase - [181/278] OK → fatimarodriguesgregorio@gmail.com
2026-04-02 09:27:28,511 [INFO] presentation.associados.associados_envio_submenu - [181/278] OK → fatimarodriguesgregorio@gmail.com
2026-04-02 09:27:35,742 [INFO] application.associados.enviar_emails_usecase - [182/278] OK → fatimaccarvalhal@sapo.pt
2026-04-02 09:27:35,759 [INFO] presentation.associados.associados_envio_submenu - [182/278] OK → fatimaccarvalhal@sapo.pt
2026-04-02 09:27:41,230 [INFO] application.associados.enviar_emails_usecase - [183/278] OK → fatima.s.afonso@hotmail.com
2026-04-02 09:27:41,249 [INFO] presentation.associados.associados_envio_submenu - [183/278] OK → fatima.s.afonso@hotmail.com
2026-04-02 09:27:49,780 [INFO] application.associados.enviar_emails_usecase - [184/278] OK → fandrade65@gmail.com
2026-04-02 09:27:49,790 [INFO] presentation.associados.associados_envio_submenu - [184/278] OK → fandrade65@gmail.com
2026-04-02 09:27:55,569 [INFO] application.associados.enviar_emails_usecase - [185/278] OK → f.m.n.marques@hotmail.com
2026-04-02 09:27:55,580 [INFO] presentation.associados.associados_envio_submenu - [185/278] OK → f.m.n.marques@hotmail.com
2026-04-02 09:28:04,932 [INFO] application.associados.enviar_emails_usecase - [186/278] OK → eugeniagbessa@gmail.com
2026-04-02 09:28:04,950 [INFO] presentation.associados.associados_envio_submenu - [186/278] OK → eugeniagbessa@gmail.com
2026-04-02 09:28:14,846 [INFO] application.associados.enviar_emails_usecase - [187/278] OK → eugenia.m.franco@sapo.pt
2026-04-02 09:28:14,862 [INFO] presentation.associados.associados_envio_submenu - [187/278] OK → eugenia.m.franco@sapo.pt
2026-04-02 09:28:21,361 [INFO] application.associados.enviar_emails_usecase - [188/278] OK → esteves.mario@sapo.pt
2026-04-02 09:28:21,377 [INFO] presentation.associados.associados_envio_submenu - [188/278] OK → esteves.mario@sapo.pt
2026-04-02 09:28:28,660 [INFO] application.associados.enviar_emails_usecase - [189/278] OK → ema.caseiro@gmail.com
2026-04-02 09:28:28,674 [INFO] presentation.associados.associados_envio_submenu - [189/278] OK → ema.caseiro@gmail.com
2026-04-02 09:28:37,771 [INFO] application.associados.enviar_emails_usecase - [190/278] OK → eduardo-ressurreicao@sapo.pt
2026-04-02 09:28:37,788 [INFO] presentation.associados.associados_envio_submenu - [190/278] OK → eduardo-ressurreicao@sapo.pt
2026-04-02 09:28:45,930 [INFO] application.associados.enviar_emails_usecase - [191/278] OK → domingos-m-silva-23@sapo.pt
2026-04-02 09:28:45,940 [INFO] presentation.associados.associados_envio_submenu - [191/278] OK → domingos-m-silva-23@sapo.pt
2026-04-02 09:28:55,240 [INFO] application.associados.enviar_emails_usecase - [192/278] OK → diogotiago1@live.com.pt
2026-04-02 09:28:55,254 [INFO] presentation.associados.associados_envio_submenu - [192/278] OK → diogotiago1@live.com.pt
2026-04-02 09:29:01,799 [INFO] application.associados.enviar_emails_usecase - [193/278] OK → dignis@gmail.com
2026-04-02 09:29:01,813 [INFO] presentation.associados.associados_envio_submenu - [193/278] OK → dignis@gmail.com
2026-04-02 09:29:10,560 [INFO] application.associados.enviar_emails_usecase - [194/278] OK → cristinsf@gmail.com
2026-04-02 09:29:10,577 [INFO] presentation.associados.associados_envio_submenu - [194/278] OK → cristinsf@gmail.com
2026-04-02 09:29:19,008 [INFO] application.associados.enviar_emails_usecase - [195/278] OK → cristina.m.soares@meo.pt
2026-04-02 09:29:19,029 [INFO] presentation.associados.associados_envio_submenu - [195/278] OK → cristina.m.soares@meo.pt
2026-04-02 09:29:26,149 [INFO] application.associados.enviar_emails_usecase - [196/278] OK → cristina.m.loureiro@sapo.pt
2026-04-02 09:29:26,159 [INFO] presentation.associados.associados_envio_submenu - [196/278] OK → cristina.m.loureiro@sapo.pt
2026-04-02 09:29:34,108 [INFO] application.associados.enviar_emails_usecase - [197/278] OK → cristina.helena.pereira@gmail.com
2026-04-02 09:29:34,119 [INFO] presentation.associados.associados_envio_submenu - [197/278] OK → cristina.helena.pereira@gmail.com
2026-04-02 09:29:41,168 [INFO] application.associados.enviar_emails_usecase - [198/278] OK → crislui@hotmail.com
2026-04-02 09:29:41,183 [INFO] presentation.associados.associados_envio_submenu - [198/278] OK → crislui@hotmail.com
2026-04-02 09:29:49,999 [INFO] application.associados.enviar_emails_usecase - [199/278] OK → crestina@gmail.com
2026-04-02 09:29:50,014 [INFO] presentation.associados.associados_envio_submenu - [199/278] OK → crestina@gmail.com
2026-04-02 09:29:56,379 [INFO] application.associados.enviar_emails_usecase - [200/278] OK → cpintoteixeira@netcabo.pt
2026-04-02 09:29:56,395 [INFO] presentation.associados.associados_envio_submenu - [200/278] OK → cpintoteixeira@netcabo.pt
2026-04-02 09:30:02,225 [INFO] application.email.email_sender - Ficheiro guardado após lote 8
2026-04-02 09:30:02,226 [INFO] application.associados.enviar_emails_usecase - 💾 Guardado após lote 8
2026-04-02 09:30:02,241 [INFO] presentation.associados.associados_envio_submenu - 💾 Guardado após lote 8
2026-04-02 09:30:02,243 [INFO] application.email.email_sender - Pausa de 66s entre lotes
2026-04-02 09:30:02,244 [INFO] application.associados.enviar_emails_usecase - 
⏸️ Pausa de 66s...
2026-04-02 09:30:02,248 [INFO] presentation.associados.associados_envio_submenu - 
⏸️ Pausa de 66s...
2026-04-02 09:31:09,101 [INFO] application.email.email_sender - LOTE 9/12 - 25 emails
2026-04-02 09:31:09,102 [INFO] application.associados.enviar_emails_usecase - 
📦 LOTE 9/12 - 25 emails
2026-04-02 09:31:09,109 [INFO] presentation.associados.associados_envio_submenu - 
📦 LOTE 9/12 - 25 emails
2026-04-02 09:31:12,569 [INFO] application.associados.enviar_emails_usecase - [201/278] OK → conceicaoneiva2@gmail.com
2026-04-02 09:31:12,586 [INFO] presentation.associados.associados_envio_submenu - [201/278] OK → conceicaoneiva2@gmail.com
2026-04-02 09:31:22,482 [INFO] application.associados.enviar_emails_usecase - [202/278] OK → cmmonteiro79@gmail.com
2026-04-02 09:31:22,489 [INFO] presentation.associados.associados_envio_submenu - [202/278] OK → cmmonteiro79@gmail.com
2026-04-02 09:31:30,730 [INFO] application.associados.enviar_emails_usecase - [203/278] OK → cmmneves@gmail.com
2026-04-02 09:31:30,745 [INFO] presentation.associados.associados_envio_submenu - [203/278] OK → cmmneves@gmail.com
2026-04-02 09:31:37,639 [INFO] application.associados.enviar_emails_usecase - [204/278] OK → cletus@sapo.pt
2026-04-02 09:31:37,653 [INFO] presentation.associados.associados_envio_submenu - [204/278] OK → cletus@sapo.pt
2026-04-02 09:31:47,301 [INFO] application.associados.enviar_emails_usecase - [205/278] OK → claudia.s.tavares@meo.pt
2026-04-02 09:31:47,311 [INFO] presentation.associados.associados_envio_submenu - [205/278] OK → claudia.s.tavares@meo.pt
2026-04-02 09:31:55,045 [INFO] application.associados.enviar_emails_usecase - [206/278] OK → claudia.i.monteiro@meo.pt
2026-04-02 09:31:55,052 [INFO] presentation.associados.associados_envio_submenu - [206/278] OK → claudia.i.monteiro@meo.pt
2026-04-02 09:32:01,919 [INFO] application.associados.enviar_emails_usecase - [207/278] OK → clau.verissimo@gmail.com
2026-04-02 09:32:01,936 [INFO] presentation.associados.associados_envio_submenu - [207/278] OK → clau.verissimo@gmail.com
2026-04-02 09:32:08,889 [INFO] application.associados.enviar_emails_usecase - [208/278] OK → celsoprior@gmail.com
2026-04-02 09:32:08,901 [INFO] presentation.associados.associados_envio_submenu - [208/278] OK → celsoprior@gmail.com
2026-04-02 09:32:17,589 [INFO] application.associados.enviar_emails_usecase - [209/278] OK → cecilia.maia.santos@sapo.pt
2026-04-02 09:32:17,598 [INFO] presentation.associados.associados_envio_submenu - [209/278] OK → cecilia.maia.santos@sapo.pt
2026-04-02 09:32:22,962 [INFO] application.associados.enviar_emails_usecase - [210/278] OK → casimiracarvalhosilva@sapo.pt
2026-04-02 09:32:22,978 [INFO] presentation.associados.associados_envio_submenu - [210/278] OK → casimiracarvalhosilva@sapo.pt
2026-04-02 09:32:31,304 [INFO] application.associados.enviar_emails_usecase - [211/278] OK → carvalhosetembro70@gmail.com
2026-04-02 09:32:31,313 [INFO] presentation.associados.associados_envio_submenu - [211/278] OK → carvalhosetembro70@gmail.com
2026-04-02 09:32:37,524 [INFO] application.associados.enviar_emails_usecase - [212/278] OK → carocha55@hotmail.com
2026-04-02 09:32:37,534 [INFO] presentation.associados.associados_envio_submenu - [212/278] OK → carocha55@hotmail.com
2026-04-02 09:32:43,987 [INFO] application.associados.enviar_emails_usecase - [213/278] OK → carminda15@sapo.pt
2026-04-02 09:32:43,998 [INFO] presentation.associados.associados_envio_submenu - [213/278] OK → carminda15@sapo.pt
2026-04-02 09:32:52,478 [INFO] application.associados.enviar_emails_usecase - [214/278] OK → carlosomvieira@gmail.com
2026-04-02 09:32:52,489 [INFO] presentation.associados.associados_envio_submenu - [214/278] OK → carlosomvieira@gmail.com
2026-04-02 09:32:59,608 [INFO] application.associados.enviar_emails_usecase - [215/278] OK → carlosmeireles122@gmail.com
2026-04-02 09:32:59,622 [INFO] presentation.associados.associados_envio_submenu - [215/278] OK → carlosmeireles122@gmail.com
2026-04-02 09:33:07,169 [INFO] application.associados.enviar_emails_usecase - [216/278] OK → carlosborgescosta@gmail.com
2026-04-02 09:33:07,180 [INFO] presentation.associados.associados_envio_submenu - [216/278] OK → carlosborgescosta@gmail.com
2026-04-02 09:33:15,879 [INFO] application.associados.enviar_emails_usecase - [217/278] OK → carlos.ferreira.braga@gmail.com
2026-04-02 09:33:15,899 [INFO] presentation.associados.associados_envio_submenu - [217/278] OK → carlos.ferreira.braga@gmail.com
2026-04-02 09:33:21,339 [INFO] application.associados.enviar_emails_usecase - [218/278] OK → carlos.a.moreira@sapo.pt
2026-04-02 09:33:21,348 [INFO] presentation.associados.associados_envio_submenu - [218/278] OK → carlos.a.moreira@sapo.pt
2026-04-02 09:33:29,673 [INFO] application.associados.enviar_emails_usecase - [219/278] OK → carlamribeiro2021@gmail.com
2026-04-02 09:33:29,690 [INFO] presentation.associados.associados_envio_submenu - [219/278] OK → carlamribeiro2021@gmail.com
2026-04-02 09:33:36,548 [INFO] application.associados.enviar_emails_usecase - [220/278] OK → carla.f.mesquita@meo.pt
2026-04-02 09:33:36,559 [INFO] presentation.associados.associados_envio_submenu - [220/278] OK → carla.f.mesquita@meo.pt
2026-04-02 09:33:43,559 [INFO] application.associados.enviar_emails_usecase - [221/278] OK → candida58@sapo.pt
2026-04-02 09:33:43,568 [INFO] presentation.associados.associados_envio_submenu - [221/278] OK → candida58@sapo.pt
2026-04-02 09:33:49,618 [INFO] application.associados.enviar_emails_usecase - [222/278] OK → bpmsantos@hotmail.com
2026-04-02 09:33:49,639 [INFO] presentation.associados.associados_envio_submenu - [222/278] OK → bpmsantos@hotmail.com
2026-04-02 09:33:55,619 [INFO] application.associados.enviar_emails_usecase - [223/278] OK → blackghostknife@sapo.pt
2026-04-02 09:33:55,630 [INFO] presentation.associados.associados_envio_submenu - [223/278] OK → blackghostknife@sapo.pt
2026-04-02 09:34:01,619 [INFO] application.associados.enviar_emails_usecase - [224/278] OK → bastos1948@hotmail.com
2026-04-02 09:34:01,629 [INFO] presentation.associados.associados_envio_submenu - [224/278] OK → bastos1948@hotmail.com
2026-04-02 09:34:09,728 [INFO] application.associados.enviar_emails_usecase - [225/278] OK → balinho1949@gmail.com
2026-04-02 09:34:09,742 [INFO] presentation.associados.associados_envio_submenu - [225/278] OK → balinho1949@gmail.com
2026-04-02 09:34:13,398 [INFO] application.email.email_sender - Ficheiro guardado após lote 9
2026-04-02 09:34:13,398 [INFO] application.associados.enviar_emails_usecase - 💾 Guardado após lote 9
2026-04-02 09:34:13,411 [INFO] presentation.associados.associados_envio_submenu - 💾 Guardado após lote 9
2026-04-02 09:34:13,413 [INFO] application.email.email_sender - Pausa de 108s entre lotes
2026-04-02 09:34:13,417 [INFO] application.associados.enviar_emails_usecase - 
⏸️ Pausa de 108s...
2026-04-02 09:34:13,424 [INFO] presentation.associados.associados_envio_submenu - 
⏸️ Pausa de 108s...
2026-04-02 09:36:01,595 [INFO] application.email.email_sender - LOTE 10/12 - 25 emails
2026-04-02 09:36:01,595 [INFO] application.associados.enviar_emails_usecase - 
📦 LOTE 10/12 - 25 emails
2026-04-02 09:36:01,606 [INFO] presentation.associados.associados_envio_submenu - 
📦 LOTE 10/12 - 25 emails
2026-04-02 09:36:04,929 [INFO] application.associados.enviar_emails_usecase - [226/278] OK → avenomar@sapo.pt
2026-04-02 09:36:04,939 [INFO] presentation.associados.associados_envio_submenu - [226/278] OK → avenomar@sapo.pt
2026-04-02 09:36:13,318 [INFO] application.associados.enviar_emails_usecase - [227/278] OK → avelino.s.pedrosa@gmail.com
2026-04-02 09:36:13,334 [INFO] presentation.associados.associados_envio_submenu - [227/278] OK → avelino.s.pedrosa@gmail.com
2026-04-02 09:36:19,050 [INFO] application.associados.enviar_emails_usecase - [228/278] OK → avaleriocunha@sapo.pt
2026-04-02 09:36:19,066 [INFO] presentation.associados.associados_envio_submenu - [228/278] OK → avaleriocunha@sapo.pt
2026-04-02 09:36:26,280 [INFO] application.associados.enviar_emails_usecase - [229/278] OK → augustocouto@sapo.pt
2026-04-02 09:36:26,295 [INFO] presentation.associados.associados_envio_submenu - [229/278] OK → augustocouto@sapo.pt
2026-04-02 09:36:33,969 [INFO] application.associados.enviar_emails_usecase - [230/278] OK → augustaacarvalho@gmail.com
2026-04-02 09:36:33,983 [INFO] presentation.associados.associados_envio_submenu - [230/278] OK → augustaacarvalho@gmail.com
2026-04-02 09:36:39,739 [INFO] application.associados.enviar_emails_usecase - [231/278] OK → armindogomes@sapo.pt
2026-04-02 09:36:39,749 [INFO] presentation.associados.associados_envio_submenu - [231/278] OK → armindogomes@sapo.pt
2026-04-02 09:36:46,598 [INFO] application.associados.enviar_emails_usecase - [232/278] OK → armanda.f.pinto@gmail.com
2026-04-02 09:36:46,609 [INFO] presentation.associados.associados_envio_submenu - [232/278] OK → armanda.f.pinto@gmail.com
2026-04-02 09:36:53,728 [INFO] application.associados.enviar_emails_usecase - [233/278] OK → apaulabrito@hotmail.com
2026-04-02 09:36:53,743 [INFO] presentation.associados.associados_envio_submenu - [233/278] OK → apaulabrito@hotmail.com
2026-04-02 09:37:01,251 [INFO] application.associados.enviar_emails_usecase - [234/278] OK → antoniovenceslausantos@gmail.com
2026-04-02 09:37:01,268 [INFO] presentation.associados.associados_envio_submenu - [234/278] OK → antoniovenceslausantos@gmail.com
2026-04-02 09:37:10,115 [INFO] application.associados.enviar_emails_usecase - [235/278] OK → antoniosantos@sapo.pt
2026-04-02 09:37:10,129 [INFO] presentation.associados.associados_envio_submenu - [235/278] OK → antoniosantos@sapo.pt
2026-04-02 09:37:16,169 [INFO] application.associados.enviar_emails_usecase - [236/278] OK → antonio-lc-sousa@sapo.pt
2026-04-02 09:37:16,188 [INFO] presentation.associados.associados_envio_submenu - [236/278] OK → antonio-lc-sousa@sapo.pt
2026-04-02 09:37:23,799 [INFO] application.associados.enviar_emails_usecase - [237/278] OK → antoniocunhaoliveira@sapo.pt
2026-04-02 09:37:23,815 [INFO] presentation.associados.associados_envio_submenu - [237/278] OK → antoniocunhaoliveira@sapo.pt
2026-04-02 09:37:30,508 [INFO] application.associados.enviar_emails_usecase - [238/278] OK → antoniocastelhano@sapo.pt
2026-04-02 09:37:30,525 [INFO] presentation.associados.associados_envio_submenu - [238/278] OK → antoniocastelhano@sapo.pt
2026-04-02 09:37:38,598 [INFO] application.associados.enviar_emails_usecase - [239/278] OK → antonio.samagaio.duarte@gmail.com
2026-04-02 09:37:38,609 [INFO] presentation.associados.associados_envio_submenu - [239/278] OK → antonio.samagaio.duarte@gmail.com
2026-04-02 09:37:44,539 [INFO] application.associados.enviar_emails_usecase - [240/278] OK → antonio.j.ferreira@meo.pt
2026-04-02 09:37:44,552 [INFO] presentation.associados.associados_envio_submenu - [240/278] OK → antonio.j.ferreira@meo.pt
2026-04-02 09:37:50,802 [INFO] application.associados.enviar_emails_usecase - [241/278] OK → antoniaaguiar@sapo.pt
2026-04-02 09:37:50,816 [INFO] presentation.associados.associados_envio_submenu - [241/278] OK → antoniaaguiar@sapo.pt
2026-04-02 09:37:59,282 [INFO] application.associados.enviar_emails_usecase - [242/278] OK → antonia.p.sousa@sapo.pt
2026-04-02 09:37:59,297 [INFO] presentation.associados.associados_envio_submenu - [242/278] OK → antonia.p.sousa@sapo.pt
2026-04-02 09:38:06,419 [INFO] application.associados.enviar_emails_usecase - [243/278] OK → antonia.jesus@sapo.pt
2026-04-02 09:38:06,429 [INFO] presentation.associados.associados_envio_submenu - [243/278] OK → antonia.jesus@sapo.pt
2026-04-02 09:38:14,649 [INFO] application.associados.enviar_emails_usecase - [244/278] OK → anaviseu@gmail.com
2026-04-02 09:38:14,660 [INFO] presentation.associados.associados_envio_submenu - [244/278] OK → anaviseu@gmail.com
2026-04-02 09:38:21,029 [INFO] application.associados.enviar_emails_usecase - [245/278] OK → anammgcosta@gmail.com
2026-04-02 09:38:21,041 [INFO] presentation.associados.associados_envio_submenu - [245/278] OK → anammgcosta@gmail.com
2026-04-02 09:38:30,479 [INFO] application.associados.enviar_emails_usecase - [246/278] OK → anamcunha48@gmail.com
2026-04-02 09:38:30,498 [INFO] presentation.associados.associados_envio_submenu - [246/278] OK → anamcunha48@gmail.com
2026-04-02 09:38:38,249 [INFO] application.associados.enviar_emails_usecase - [247/278] OK → anamaria.diogo@sapo.pt
2026-04-02 09:38:38,269 [INFO] presentation.associados.associados_envio_submenu - [247/278] OK → anamaria.diogo@sapo.pt
2026-04-02 09:38:45,147 [INFO] application.associados.enviar_emails_usecase - [248/278] OK → anabelatedim@gmail.com
2026-04-02 09:38:45,162 [INFO] presentation.associados.associados_envio_submenu - [248/278] OK → anabelatedim@gmail.com
2026-04-02 09:38:53,479 [INFO] application.associados.enviar_emails_usecase - [249/278] OK → anabela51goncalves@gmail.com
2026-04-02 09:38:53,504 [INFO] presentation.associados.associados_envio_submenu - [249/278] OK → anabela51goncalves@gmail.com
2026-04-02 09:39:00,353 [INFO] application.associados.enviar_emails_usecase - [250/278] OK → ana.stanislau@mail.telepac.pt
2026-04-02 09:39:00,368 [INFO] presentation.associados.associados_envio_submenu - [250/278] OK → ana.stanislau@mail.telepac.pt
2026-04-02 09:39:05,839 [INFO] application.email.email_sender - Ficheiro guardado após lote 10
2026-04-02 09:39:05,839 [INFO] application.associados.enviar_emails_usecase - 💾 Guardado após lote 10
2026-04-02 09:39:05,858 [INFO] presentation.associados.associados_envio_submenu - 💾 Guardado após lote 10
2026-04-02 09:39:05,860 [INFO] application.email.email_sender - Pausa de 88s entre lotes
2026-04-02 09:39:05,864 [INFO] application.associados.enviar_emails_usecase - 
⏸️ Pausa de 88s...
2026-04-02 09:39:05,873 [INFO] presentation.associados.associados_envio_submenu - 
⏸️ Pausa de 88s...
2026-04-02 09:40:34,538 [INFO] application.email.email_sender - LOTE 11/12 - 25 emails
2026-04-02 09:40:34,539 [INFO] application.associados.enviar_emails_usecase - 
📦 LOTE 11/12 - 25 emails
2026-04-02 09:40:34,543 [INFO] presentation.associados.associados_envio_submenu - 
📦 LOTE 11/12 - 25 emails
2026-04-02 09:40:38,452 [INFO] application.associados.enviar_emails_usecase - [251/278] OK → ana.mf.pereira@sapo.pt
2026-04-02 09:40:38,464 [INFO] presentation.associados.associados_envio_submenu - [251/278] OK → ana.mf.pereira@sapo.pt
2026-04-02 09:40:46,013 [INFO] application.associados.enviar_emails_usecase - [252/278] OK → ana.c.geracao@sapo.pt
2026-04-02 09:40:46,023 [INFO] presentation.associados.associados_envio_submenu - [252/278] OK → ana.c.geracao@sapo.pt
2026-04-02 09:40:54,017 [INFO] application.associados.enviar_emails_usecase - [253/278] OK → ana.2000indouro@gmail.com
2026-04-02 09:40:54,021 [INFO] presentation.associados.associados_envio_submenu - [253/278] OK → ana.2000indouro@gmail.com
2026-04-02 09:41:02,876 [INFO] application.associados.enviar_emails_usecase - [254/278] OK → amp.silva@sapo.pt
2026-04-02 09:41:02,892 [INFO] presentation.associados.associados_envio_submenu - [254/278] OK → amp.silva@sapo.pt
2026-04-02 09:41:08,978 [INFO] application.associados.enviar_emails_usecase - [255/278] OK → amadeu.melo@gmail.com
2026-04-02 09:41:08,995 [INFO] presentation.associados.associados_envio_submenu - [255/278] OK → amadeu.melo@gmail.com
2026-04-02 09:41:15,288 [INFO] application.associados.enviar_emails_usecase - [256/278] OK → alvarocaiado047@gmail.com
2026-04-02 09:41:15,307 [INFO] presentation.associados.associados_envio_submenu - [256/278] OK → alvarocaiado047@gmail.com
2026-04-02 09:41:23,976 [INFO] application.associados.enviar_emails_usecase - [257/278] OK → almeidaav@hotmail.com
2026-04-02 09:41:23,985 [INFO] presentation.associados.associados_envio_submenu - [257/278] OK → almeidaav@hotmail.com
2026-04-02 09:41:29,785 [INFO] application.associados.enviar_emails_usecase - [258/278] OK → almeida.ermelinda@hotmail.com
2026-04-02 09:41:29,806 [INFO] presentation.associados.associados_envio_submenu - [258/278] OK → almeida.ermelinda@hotmail.com
2026-04-02 09:41:37,617 [INFO] application.associados.enviar_emails_usecase - [259/278] OK → alicetramos@gmail.com
2026-04-02 09:41:37,629 [INFO] presentation.associados.associados_envio_submenu - [259/278] OK → alicetramos@gmail.com
2026-04-02 09:41:45,187 [INFO] application.associados.enviar_emails_usecase - [260/278] OK → alexandre_filipe_queiros@yahoo.com
2026-04-02 09:41:45,191 [INFO] presentation.associados.associados_envio_submenu - [260/278] OK → alexandre_filipe_queiros@yahoo.com
2026-04-02 09:41:52,143 [INFO] application.associados.enviar_emails_usecase - [261/278] OK → aldina.r@hotmail.com
2026-04-02 09:41:52,157 [INFO] presentation.associados.associados_envio_submenu - [261/278] OK → aldina.r@hotmail.com
2026-04-02 09:42:00,653 [INFO] application.associados.enviar_emails_usecase - [262/278] OK → alcinamcfonseca@gmail.com
2026-04-02 09:42:00,669 [INFO] presentation.associados.associados_envio_submenu - [262/278] OK → alcinamcfonseca@gmail.com
2026-04-02 09:42:07,317 [INFO] application.associados.enviar_emails_usecase - [263/278] OK → albinosrocha@sapo.pt
2026-04-02 09:42:07,333 [INFO] presentation.associados.associados_envio_submenu - [263/278] OK → albinosrocha@sapo.pt
2026-04-02 09:42:15,933 [INFO] application.associados.enviar_emails_usecase - [264/278] OK → ajfonseca@meo.pt
2026-04-02 09:42:15,946 [INFO] presentation.associados.associados_envio_submenu - [264/278] OK → ajfonseca@meo.pt
2026-04-02 09:42:25,414 [INFO] application.associados.enviar_emails_usecase - [265/278] OK → aidapinto62@gmail.com
2026-04-02 09:42:25,433 [INFO] presentation.associados.associados_envio_submenu - [265/278] OK → aidapinto62@gmail.com
2026-04-02 09:42:34,293 [INFO] application.associados.enviar_emails_usecase - [266/278] OK → afrlopes19@gmail.com
2026-04-02 09:42:34,307 [INFO] presentation.associados.associados_envio_submenu - [266/278] OK → afrlopes19@gmail.com
2026-04-02 09:42:41,913 [INFO] application.associados.enviar_emails_usecase - [267/278] OK → adrianoribeiroc@gmail.com
2026-04-02 09:42:41,920 [INFO] presentation.associados.associados_envio_submenu - [267/278] OK → adrianoribeiroc@gmail.com
2026-04-02 09:42:50,201 [INFO] application.associados.enviar_emails_usecase - [268/278] OK → adriano.s.magalhaes@sapo.pt
2026-04-02 09:42:50,203 [INFO] presentation.associados.associados_envio_submenu - [268/278] OK → adriano.s.magalhaes@sapo.pt
2026-04-02 09:42:55,716 [INFO] application.associados.enviar_emails_usecase - [269/278] OK → adriano.costa50@sapo.pt
2026-04-02 09:42:55,723 [INFO] presentation.associados.associados_envio_submenu - [269/278] OK → adriano.costa50@sapo.pt
2026-04-02 09:43:03,093 [INFO] application.associados.enviar_emails_usecase - [270/278] OK → adrianapinto@ordemsaofrancisco.pt
2026-04-02 09:43:03,103 [INFO] presentation.associados.associados_envio_submenu - [270/278] OK → adrianapinto@ordemsaofrancisco.pt
2026-04-02 09:43:10,463 [INFO] application.associados.enviar_emails_usecase - [271/278] OK → adelinogomesarquitecto@gmail.com
2026-04-02 09:43:10,478 [INFO] presentation.associados.associados_envio_submenu - [271/278] OK → adelinogomesarquitecto@gmail.com
2026-04-02 09:43:17,343 [INFO] application.associados.enviar_emails_usecase - [272/278] OK → acsilva.carlos@gmail.com
2026-04-02 09:43:17,359 [INFO] presentation.associados.associados_envio_submenu - [272/278] OK → acsilva.carlos@gmail.com
2026-04-02 09:43:26,010 [INFO] application.associados.enviar_emails_usecase - [273/278] OK → acabral1965@gmail.com
2026-04-02 09:43:26,024 [INFO] presentation.associados.associados_envio_submenu - [273/278] OK → acabral1965@gmail.com
2026-04-02 09:43:34,183 [INFO] application.associados.enviar_emails_usecase - [274/278] OK → aantoniodamas@sapo.pt
2026-04-02 09:43:34,193 [INFO] presentation.associados.associados_envio_submenu - [274/278] OK → aantoniodamas@sapo.pt
2026-04-02 09:43:41,385 [INFO] application.associados.enviar_emails_usecase - [275/278] OK → a_martins_carvalho@sapo.pt
2026-04-02 09:43:41,401 [INFO] presentation.associados.associados_envio_submenu - [275/278] OK → a_martins_carvalho@sapo.pt
2026-04-02 09:43:46,313 [INFO] application.email.email_sender - Ficheiro guardado após lote 11
2026-04-02 09:43:46,315 [INFO] application.associados.enviar_emails_usecase - 💾 Guardado após lote 11
2026-04-02 09:43:46,327 [INFO] presentation.associados.associados_envio_submenu - 💾 Guardado após lote 11
2026-04-02 09:43:46,327 [INFO] application.email.email_sender - Pausa de 62s entre lotes
2026-04-02 09:43:46,333 [INFO] application.associados.enviar_emails_usecase - 
⏸️ Pausa de 62s...
2026-04-02 09:43:46,338 [INFO] presentation.associados.associados_envio_submenu - 
⏸️ Pausa de 62s...
2026-04-02 09:44:49,041 [INFO] application.email.email_sender - LOTE 12/12 - 3 emails
2026-04-02 09:44:49,043 [INFO] application.associados.enviar_emails_usecase - 
📦 LOTE 12/12 - 3 emails
2026-04-02 09:44:49,053 [INFO] presentation.associados.associados_envio_submenu - 
📦 LOTE 12/12 - 3 emails
2026-04-02 09:44:53,333 [INFO] application.associados.enviar_emails_usecase - [276/278] OK → a.pereira.silva@sapo.pt
2026-04-02 09:44:53,344 [INFO] presentation.associados.associados_envio_submenu - [276/278] OK → a.pereira.silva@sapo.pt
2026-04-02 09:44:59,634 [INFO] application.associados.enviar_emails_usecase - [277/278] OK → a.jose.oliveira@sapo.pt
2026-04-02 09:44:59,634 [INFO] presentation.associados.associados_envio_submenu - [277/278] OK → a.jose.oliveira@sapo.pt
2026-04-02 09:45:07,289 [INFO] application.associados.enviar_emails_usecase - [278/278] OK → a.j.f.simoes1955@gmail.com
2026-04-02 09:45:07,303 [INFO] presentation.associados.associados_envio_submenu - [278/278] OK → a.j.f.simoes1955@gmail.com
2026-04-02 09:45:10,813 [INFO] application.email.email_sender - Ficheiro guardado após lote 12
2026-04-02 09:45:10,813 [INFO] application.associados.enviar_emails_usecase - 💾 Guardado após lote 12
2026-04-02 09:45:10,823 [INFO] presentation.associados.associados_envio_submenu - 💾 Guardado após lote 12
2026-04-02 09:45:10,829 [INFO] application.email.email_sender - Envio concluído. OK: 278 | ERRO: 0
2026-04-02 09:45:10,833 [INFO] application.associados.enviar_emails_usecase - 
✨ Envio concluído.
2026-04-02 09:45:10,843 [INFO] presentation.associados.associados_envio_submenu - 
✨ Envio concluído.
2026-04-02 09:45:10,843 [INFO] application.associados.enviar_emails_usecase - 📊 OK: 278 | ERRO: 0
2026-04-02 09:45:10,863 [INFO] presentation.associados.associados_envio_submenu - 📊 OK: 278 | ERRO: 0
2026-04-02 09:45:11,070 [INFO] presentation.associados.associados_envio_submenu - 
==================================================
2026-04-02 09:45:11,081 [INFO] presentation.associados.associados_envio_submenu - ✅ ENVIO CONCLUÍDO
2026-04-02 09:45:11,088 [INFO] presentation.associados.associados_envio_submenu - Total: 278
2026-04-02 09:45:11,093 [INFO] presentation.associados.associados_envio_submenu - OK: 278
2026-04-02 09:45:11,093 [INFO] presentation.associados.associados_envio_submenu - ERROS: 0
2026-04-02 09:45:11,106 [INFO] presentation.associados.associados_envio_submenu - ==================================================
2026-04-02 09:45:11,113 [INFO] presentation.associados.associados_envio_submenu - 
✅ ENVIO CONCLUÍDO
2026-04-02 09:45:11,122 [INFO] presentation.associados.associados_envio_submenu -    Enviados: 278
2026-04-02 09:45:11,123 [INFO] presentation.associados.associados_envio_submenu -    Erros: 0
2026-04-02 09:45:11,293 [INFO] presentation.associados.associados_envio_submenu - 📊 Restam pendentes: 182
2026-04-03 10:41:18,576 [INFO] presentation.associados.associados_envio_submenu - ❌ Nenhum ficheiro base selecionado
2026-04-03 10:41:48,889 [INFO] presentation.associados.associados_envio_submenu - ❌ Nenhum ficheiro base selecionado
2026-04-03 11:49:48,490 [INFO] presentation.associados.associados_envio_submenu - ❌ Nenhum ficheiro base selecionado
2026-04-03 11:50:23,791 [INFO] presentation.associados.associados_envio_submenu - ❌ Nenhum ficheiro base selecionado
2026-04-03 13:09:58,906 [INFO] presentation.associados.associados_envio_submenu - ❌ Preparação cancelada (sem ficheiro base)
2026-04-03 16:34:34,489 [INFO] presentation.associados.associados_envio_submenu - 📊 Ficheiro base: jornal_envio.xlsx
2026-04-03 16:34:47,289 [INFO] presentation.associados.associados_envio_submenu - 📄 Template: JornalMarço26.docx
2026-04-03 16:34:47,289 [INFO] presentation.associados.associados_envio_submenu - 📎 Anexos: 2
2026-04-03 16:34:47,289 [INFO] presentation.associados.associados_controller - 🔍 Iniciando processo de preparação...
2026-04-03 16:34:55,563 [INFO] presentation.associados.associados_controller - ✅ Template selecionado: JornalMarço26.docx
2026-04-03 16:35:00,350 [INFO] presentation.associados.associados_controller - ✅ Anexos: Guia_Consumidor_Idoso.pdf, Jornal ATRPT março de 2026.pdf
2026-04-03 16:35:17,789 [INFO] presentation.associados.associados_controller - Envio cancelado: ficheiro não selecionado
2026-04-03 16:44:30,472 [INFO] presentation.associados.associados_envio_submenu - 📊 Ficheiro base: jornal_envio.xlsx
2026-04-03 16:44:47,006 [INFO] presentation.associados.associados_envio_submenu - 📄 Template: JornalMarço26.docx
2026-04-03 16:44:47,006 [INFO] presentation.associados.associados_envio_submenu - 📎 Anexos: 2
2026-04-03 16:44:47,006 [INFO] presentation.associados.associados_controller - 🔍 Iniciando processo de preparação...
2026-04-03 16:49:26,456 [INFO] presentation.associados.associados_controller - Envio cancelado: template não selecionado
2026-04-03 18:07:12,817 [INFO] presentation.associados.associados_envio_submenu - 📊 Ficheiro base: convocatoriaAG260327_envio.xlsx
2026-04-03 18:07:24,541 [INFO] presentation.associados.associados_envio_submenu - 📄 Template: JornalMarço26.docx
2026-04-03 18:07:24,550 [INFO] presentation.associados.associados_envio_submenu - 📎 Anexos: 2
2026-04-03 18:07:24,550 [INFO] presentation.associados.associados_controller - 🔍 Iniciando processo de preparação...
2026-04-03 18:07:27,315 [INFO] presentation.associados.associados_controller - Envio cancelado: template não selecionado
2026-04-03 18:10:55,103 [INFO] presentation.associados.associados_envio_submenu - 📊 Ficheiro base: convocatoriaAG260327_envio.xlsx
2026-04-03 18:11:06,177 [INFO] presentation.associados.associados_envio_submenu - 📄 Template: JornalMarço26.docx
2026-04-03 18:11:06,193 [INFO] presentation.associados.associados_envio_submenu - 📎 Anexos: 2
2026-04-03 18:11:06,193 [INFO] presentation.associados.associados_controller - 🔍 Iniciando processo de preparação...
2026-04-03 18:11:14,329 [INFO] presentation.associados.associados_controller - ✅ Template selecionado: JornalMarço26.docx
2026-04-03 18:11:24,685 [INFO] presentation.associados.associados_controller - ✅ Anexos: Guia_Consumidor_Idoso.pdf, Jornal ATRPT março de 2026.pdf
2026-04-03 18:11:39,501 [INFO] presentation.associados.associados_controller - 📄 Ficheiro: jornal_envio.xlsx
2026-04-03 18:11:39,501 [ERROR] presentation.associados.associados_controller - Erro ao preparar dados
Traceback (most recent call last):
  File "G:\.shortcut-targets-by-id\1NsBCziGNFjlQ-f8QRcezPsKVP9QzGdp0\APPs\atrpt\presentation\associados\associados_controller.py", line 95, in preparar_envio
    resultado = self.usecase.preparar(
                ^^^^^^^^^^^^
AttributeError: 'AssociadosController' object has no attribute 'usecase'
2026-04-03 18:57:01,195 [INFO] presentation.associados.associados_controller - 🔍 Iniciando processo de preparação...
2026-04-03 18:57:20,519 [INFO] presentation.associados.associados_controller - ✅ Template selecionado: JornalMarço26.docx
2026-04-03 18:57:34,820 [INFO] presentation.associados.associados_controller - ✅ Anexos: Guia_Consumidor_Idoso.pdf, Jornal ATRPT março de 2026.pdf
2026-04-03 18:57:47,711 [INFO] presentation.associados.associados_controller - 📄 Ficheiro: jornal_envio.xlsx
2026-04-03 18:57:47,711 [ERROR] presentation.associados.associados_controller - Erro ao preparar dados
Traceback (most recent call last):
  File "G:\.shortcut-targets-by-id\1NsBCziGNFjlQ-f8QRcezPsKVP9QzGdp0\APPs\atrpt\presentation\associados\associados_controller.py", line 95, in preparar_envio
    resultado = self.usecase.preparar(
                ^^^^^^^^^^^^
AttributeError: 'AssociadosController' object has no attribute 'usecase'
2026-04-03 19:11:41,151 [INFO] presentation.associados.associados_controller - 🔍 Iniciando processo de preparação...
2026-04-03 19:11:49,175 [INFO] presentation.associados.associados_controller - ✅ Template selecionado: JornalMarço26.docx
2026-04-03 19:11:53,682 [INFO] presentation.associados.associados_controller - ✅ Anexos: Guia_Consumidor_Idoso.pdf, Jornal ATRPT março de 2026.pdf
2026-04-03 19:12:00,524 [INFO] presentation.associados.associados_controller - 📄 Ficheiro: jornal_envio.xlsx
2026-04-03 19:12:00,524 [ERROR] presentation.associados.associados_controller - Erro ao preparar dados
Traceback (most recent call last):
  File "G:\.shortcut-targets-by-id\1NsBCziGNFjlQ-f8QRcezPsKVP9QzGdp0\APPs\atrpt\application\associados\enviar_emails_usecase.py", line 132, in preparar
    self.logger.info.info("FASE 1: PREPARAÇÃO DAS MENSAGENS")
    ^^^^^^^^^^^^^^^^^^^^^
AttributeError: 'function' object has no attribute 'info'

During handling of the above exception, another exception occurred:

Traceback (most recent call last):
  File "G:\.shortcut-targets-by-id\1NsBCziGNFjlQ-f8QRcezPsKVP9QzGdp0\APPs\atrpt\presentation\associados\associados_controller.py", line 95, in preparar_envio
    resultado = self.usecase.preparar(
                ^^^^^^^^^^^^^^^^^^^^^^
  File "G:\.shortcut-targets-by-id\1NsBCziGNFjlQ-f8QRcezPsKVP9QzGdp0\APPs\atrpt\application\associados\enviar_emails_usecase.py", line 179, in preparar
    self.logger.info.exception("Erro na preparação")
    ^^^^^^^^^^^^^^^^^^^^^^^^^^
AttributeError: 'function' object has no attribute 'exception'
2026-04-04 08:13:42,471 [INFO] presentation.associados.associados_controller - 🔍 Iniciando processo de preparação...
2026-04-04 08:13:51,003 [INFO] presentation.associados.associados_controller - ✅ Template selecionado: JornalMarço26.docx
2026-04-04 08:13:58,424 [INFO] presentation.associados.associados_controller - ✅ Anexos: Guia_Consumidor_Idoso.pdf, Jornal ATRPT março de 2026.pdf
2026-04-04 08:14:06,128 [INFO] presentation.associados.associados_controller - 📄 Ficheiro: jornal_envio.xlsx
2026-04-04 08:14:06,128 [ERROR] presentation.associados.associados_controller - Erro ao preparar dados
Traceback (most recent call last):
  File "G:\.shortcut-targets-by-id\1NsBCziGNFjlQ-f8QRcezPsKVP9QzGdp0\APPs\atrpt\presentation\associados\associados_controller.py", line 95, in preparar_envio
    resultado = self.usecase.preparar(
                ^^^^^^^^^^^^^^^^^^^^^^
TypeError: EnviarEmailsAssociadosUseCase.preparar() got an unexpected keyword argument 'template_path'
2026-04-04 08:19:41,051 [INFO] presentation.associados.associados_controller - 🔍 Iniciando processo de preparação...
2026-04-04 08:19:46,081 [INFO] presentation.associados.associados_controller - ✅ Template selecionado: JornalMarço26.docx
2026-04-04 08:19:51,571 [INFO] presentation.associados.associados_controller - ✅ Anexos: Guia_Consumidor_Idoso.pdf, Jornal ATRPT março de 2026.pdf
2026-04-04 08:19:59,585 [INFO] presentation.associados.associados_controller - 📄 Ficheiro: jornal_envio.xlsx
2026-04-04 08:19:59,585 [ERROR] presentation.associados.associados_controller - Erro ao preparar dados
Traceback (most recent call last):
  File "G:\.shortcut-targets-by-id\1NsBCziGNFjlQ-f8QRcezPsKVP9QzGdp0\APPs\atrpt\presentation\associados\associados_controller.py", line 95, in preparar_envio
    resultado = self.usecase.preparar(
                ^^^^^^^^^^^^^^^^^^^^^^
TypeError: EnviarEmailsAssociadosUseCase.preparar() got an unexpected keyword argument 'template_path'
2026-04-04 08:21:06,916 [INFO] presentation.associados.associados_controller - 🔍 Iniciando processo de preparação...
2026-04-04 08:21:12,607 [INFO] presentation.associados.associados_controller - ✅ Template selecionado: JornalMarço26.docx
2026-04-04 08:21:21,264 [INFO] presentation.associados.associados_controller - ✅ Anexos: Guia_Consumidor_Idoso.pdf, Jornal ATRPT março de 2026.pdf
2026-04-04 08:21:30,861 [INFO] presentation.associados.associados_controller - 📄 Ficheiro: jornal_envio.xlsx
2026-04-04 08:21:30,861 [ERROR] presentation.associados.associados_controller - Erro ao preparar dados
Traceback (most recent call last):
  File "G:\.shortcut-targets-by-id\1NsBCziGNFjlQ-f8QRcezPsKVP9QzGdp0\APPs\atrpt\presentation\associados\associados_controller.py", line 95, in preparar_envio
    resultado = self.usecase.preparar(
                ^^^^^^^^^^^^^^^^^^^^^^
TypeError: EnviarEmailsAssociadosUseCase.preparar() got an unexpected keyword argument 'template_path'
2026-04-04 08:23:58,416 [INFO] presentation.associados.associados_controller - 🔍 Iniciando processo de preparação...
2026-04-04 08:24:01,847 [INFO] presentation.associados.associados_controller - ✅ Template selecionado: JornalMarço26.docx
2026-04-04 08:24:10,468 [INFO] presentation.associados.associados_controller - ✅ Anexos: Guia_Consumidor_Idoso.pdf, Jornal ATRPT março de 2026.pdf
2026-04-04 08:24:17,407 [INFO] presentation.associados.associados_controller - 📄 Ficheiro: jornal_envio.xlsx
2026-04-04 08:24:17,407 [ERROR] presentation.associados.associados_controller - Erro ao preparar dados
Traceback (most recent call last):
  File "G:\.shortcut-targets-by-id\1NsBCziGNFjlQ-f8QRcezPsKVP9QzGdp0\APPs\atrpt\presentation\associados\associados_controller.py", line 97, in preparar_envio
    resultado = self.usecase.preparar(
                ^^^^^^^^^^^^^^^^^^^^^^
TypeError: EnviarEmailsAssociadosUseCase.preparar() got an unexpected keyword argument 'template_path'
2026-04-04 08:26:55,649 [INFO] presentation.associados.associados_controller - 🔍 Iniciando processo de preparação...
2026-04-04 08:27:00,234 [INFO] presentation.associados.associados_controller - ✅ Template selecionado: JornalMarço26.docx
2026-04-04 08:27:04,567 [INFO] presentation.associados.associados_controller - ✅ Anexos: Guia_Consumidor_Idoso.pdf, Jornal ATRPT março de 2026.pdf
2026-04-04 08:27:11,755 [INFO] presentation.associados.associados_controller - 📄 Ficheiro: jornal_envio.xlsx
2026-04-04 08:27:11,819 [ERROR] presentation.associados.associados_controller - Erro ao preparar dados
Traceback (most recent call last):
  File "G:\.shortcut-targets-by-id\1NsBCziGNFjlQ-f8QRcezPsKVP9QzGdp0\APPs\atrpt\presentation\associados\associados_controller.py", line 97, in preparar_envio
    resultado = self.usecase.preparar(
                ^^^^^^^^^^^^^^^^^^^^^^
  File "G:\.shortcut-targets-by-id\1NsBCziGNFjlQ-f8QRcezPsKVP9QzGdp0\APPs\atrpt\application\associados\enviar_emails_usecase.py", line 86, in preparar
    df["nome"] = df.get("nome", "").apply(simplificar_nome)
                 ^^^^^^^^^^^^^^^^^^^^^^^^^^^^^^^^^^^^^^^^^^
  File "C:\Users\Utilizador\miniconda3\envs\atrpt\Lib\site-packages\pandas\core\frame.py", line 10034, in apply
    return op.apply().__finalize__(self, method="apply")
           ^^^^^^^^^^
  File "C:\Users\Utilizador\miniconda3\envs\atrpt\Lib\site-packages\pandas\core\apply.py", line 837, in apply
    return self.apply_standard()
           ^^^^^^^^^^^^^^^^^^^^^
  File "C:\Users\Utilizador\miniconda3\envs\atrpt\Lib\site-packages\pandas\core\apply.py", line 965, in apply_standard
    results, res_index = self.apply_series_generator()
                         ^^^^^^^^^^^^^^^^^^^^^^^^^^^^^
  File "C:\Users\Utilizador\miniconda3\envs\atrpt\Lib\site-packages\pandas\core\apply.py", line 981, in apply_series_generator
    results[i] = self.func(v, *self.args, **self.kwargs)
                 ^^^^^^^^^^^^^^^^^^^^^^^^^^^^^^^^^^^^^^^
  File "G:\.shortcut-targets-by-id\1NsBCziGNFjlQ-f8QRcezPsKVP9QzGdp0\APPs\atrpt\domain\shared\strings.py", line 46, in simplificar_nome
    if pd.isna(nome) or not str(nome).strip():
  File "C:\Users\Utilizador\miniconda3\envs\atrpt\Lib\site-packages\pandas\core\generic.py", line 1519, in __nonzero__
    raise ValueError(
ValueError: The truth value of a Series is ambiguous. Use a.empty, a.bool(), a.item(), a.any() or a.all().
2026-04-04 08:30:23,947 [INFO] presentation.associados.associados_controller - 🔍 Iniciando processo de preparação...
2026-04-04 08:30:28,743 [INFO] presentation.associados.associados_controller - ✅ Template selecionado: JornalMarço26.docx
2026-04-04 08:30:34,135 [INFO] presentation.associados.associados_controller - ✅ Anexos: Guia_Consumidor_Idoso.pdf, Jornal ATRPT março de 2026.pdf
2026-04-04 08:30:41,043 [INFO] presentation.associados.associados_controller - 📄 Ficheiro: jornal_envio.xlsx
2026-04-04 08:30:41,059 [ERROR] presentation.associados.associados_controller - Erro ao preparar dados
Traceback (most recent call last):
  File "G:\.shortcut-targets-by-id\1NsBCziGNFjlQ-f8QRcezPsKVP9QzGdp0\APPs\atrpt\presentation\associados\associados_controller.py", line 97, in preparar_envio
    resultado = self.usecase.preparar(
                ^^^^^^^^^^^^^^^^^^^^^^
  File "G:\.shortcut-targets-by-id\1NsBCziGNFjlQ-f8QRcezPsKVP9QzGdp0\APPs\atrpt\application\associados\enviar_emails_usecase.py", line 87, in preparar
    df["nome"] = df["nome"].apply(simplificar_nome)
                 ^^^^^^^^^^^^^^^^^^^^^^^^^^^^^^^^^^
  File "C:\Users\Utilizador\miniconda3\envs\atrpt\Lib\site-packages\pandas\core\frame.py", line 10034, in apply
    return op.apply().__finalize__(self, method="apply")
           ^^^^^^^^^^
  File "C:\Users\Utilizador\miniconda3\envs\atrpt\Lib\site-packages\pandas\core\apply.py", line 837, in apply
    return self.apply_standard()
           ^^^^^^^^^^^^^^^^^^^^^
  File "C:\Users\Utilizador\miniconda3\envs\atrpt\Lib\site-packages\pandas\core\apply.py", line 965, in apply_standard
    results, res_index = self.apply_series_generator()
                         ^^^^^^^^^^^^^^^^^^^^^^^^^^^^^
  File "C:\Users\Utilizador\miniconda3\envs\atrpt\Lib\site-packages\pandas\core\apply.py", line 981, in apply_series_generator
    results[i] = self.func(v, *self.args, **self.kwargs)
                 ^^^^^^^^^^^^^^^^^^^^^^^^^^^^^^^^^^^^^^^
  File "G:\.shortcut-targets-by-id\1NsBCziGNFjlQ-f8QRcezPsKVP9QzGdp0\APPs\atrpt\domain\shared\strings.py", line 46, in simplificar_nome
    if pd.isna(nome) or not str(nome).strip():
  File "C:\Users\Utilizador\miniconda3\envs\atrpt\Lib\site-packages\pandas\core\generic.py", line 1519, in __nonzero__
    raise ValueError(
ValueError: The truth value of a Series is ambiguous. Use a.empty, a.bool(), a.item(), a.any() or a.all().
2026-04-04 08:34:21,998 [INFO] presentation.associados.associados_controller - 🔍 Iniciando processo de preparação...
2026-04-04 08:34:26,923 [INFO] presentation.associados.associados_controller - ✅ Template selecionado: JornalMarço26.docx
2026-04-04 08:34:32,242 [INFO] presentation.associados.associados_controller - ✅ Anexos: Guia_Consumidor_Idoso.pdf, Jornal ATRPT março de 2026.pdf
2026-04-04 08:34:40,265 [INFO] presentation.associados.associados_controller - 📄 Ficheiro: jornal_envio.xlsx
2026-04-04 08:34:40,298 [ERROR] presentation.associados.associados_controller - Erro ao preparar dados
Traceback (most recent call last):
  File "G:\.shortcut-targets-by-id\1NsBCziGNFjlQ-f8QRcezPsKVP9QzGdp0\APPs\atrpt\presentation\associados\associados_controller.py", line 97, in preparar_envio
    resultado = self.usecase.preparar(
                ^^^^^^^^^^^^^^^^^^^^^^
  File "G:\.shortcut-targets-by-id\1NsBCziGNFjlQ-f8QRcezPsKVP9QzGdp0\APPs\atrpt\application\associados\enviar_emails_usecase.py", line 89, in preparar
    df["nome"] = df["nome"].apply(simplificar_nome)
                 ^^^^^^^^^^^^^^^^^^^^^^^^^^^^^^^^^^
  File "C:\Users\Utilizador\miniconda3\envs\atrpt\Lib\site-packages\pandas\core\frame.py", line 10034, in apply
    return op.apply().__finalize__(self, method="apply")
           ^^^^^^^^^^
  File "C:\Users\Utilizador\miniconda3\envs\atrpt\Lib\site-packages\pandas\core\apply.py", line 837, in apply
    return self.apply_standard()
           ^^^^^^^^^^^^^^^^^^^^^
  File "C:\Users\Utilizador\miniconda3\envs\atrpt\Lib\site-packages\pandas\core\apply.py", line 965, in apply_standard
    results, res_index = self.apply_series_generator()
                         ^^^^^^^^^^^^^^^^^^^^^^^^^^^^^
  File "C:\Users\Utilizador\miniconda3\envs\atrpt\Lib\site-packages\pandas\core\apply.py", line 981, in apply_series_generator
    results[i] = self.func(v, *self.args, **self.kwargs)
                 ^^^^^^^^^^^^^^^^^^^^^^^^^^^^^^^^^^^^^^^
  File "G:\.shortcut-targets-by-id\1NsBCziGNFjlQ-f8QRcezPsKVP9QzGdp0\APPs\atrpt\domain\shared\strings.py", line 46, in simplificar_nome
    if pd.isna(nome) or not str(nome).strip():
  File "C:\Users\Utilizador\miniconda3\envs\atrpt\Lib\site-packages\pandas\core\generic.py", line 1519, in __nonzero__
    raise ValueError(
ValueError: The truth value of a Series is ambiguous. Use a.empty, a.bool(), a.item(), a.any() or a.all().
2026-04-04 08:36:00,546 [INFO] presentation.associados.associados_controller - 🔍 Iniciando processo de preparação...
2026-04-04 08:36:04,861 [INFO] presentation.associados.associados_controller - ✅ Template selecionado: JornalMarço26.docx
2026-04-04 08:36:09,330 [INFO] presentation.associados.associados_controller - ✅ Anexos: Guia_Consumidor_Idoso.pdf, Jornal ATRPT março de 2026.pdf
2026-04-04 08:36:17,269 [INFO] presentation.associados.associados_controller - 📄 Ficheiro: jornal_envio.xlsx
2026-04-04 08:36:17,387 [ERROR] presentation.associados.associados_controller - Erro ao preparar dados
Traceback (most recent call last):
  File "G:\.shortcut-targets-by-id\1NsBCziGNFjlQ-f8QRcezPsKVP9QzGdp0\APPs\atrpt\presentation\associados\associados_controller.py", line 105, in preparar_envio
    df_envio = resultado["df"]
               ~~~~~~~~~^^^^^^
KeyError: 'df'
2026-04-04 08:41:36,946 [INFO] presentation.associados.associados_controller - 🔍 Iniciando processo de preparação...
2026-04-04 08:41:42,112 [INFO] presentation.associados.associados_controller - ✅ Template selecionado: JornalMarço26.docx
2026-04-04 08:41:46,175 [INFO] presentation.associados.associados_controller - ✅ Anexos: Guia_Consumidor_Idoso.pdf, Jornal ATRPT março de 2026.pdf
2026-04-04 08:41:52,517 [INFO] presentation.associados.associados_controller - 📄 Ficheiro: jornal_envio.xlsx
2026-04-04 08:41:52,608 [ERROR] presentation.associados.associados_controller - Erro ao preparar dados
Traceback (most recent call last):
  File "G:\.shortcut-targets-by-id\1NsBCziGNFjlQ-f8QRcezPsKVP9QzGdp0\APPs\atrpt\presentation\associados\associados_controller.py", line 103, in preparar_envio
    assunto_log = resultado["assunto_log"]
                  ~~~~~~~~~^^^^^^^^^^^^^^^
KeyError: 'assunto_log'
2026-04-04 08:48:37,625 [INFO] presentation.associados.associados_controller - 🔍 Iniciando processo de preparação...
2026-04-04 08:48:42,443 [INFO] presentation.associados.associados_controller - ✅ Template selecionado: JornalMarço26.docx
2026-04-04 08:48:47,001 [INFO] presentation.associados.associados_controller - ✅ Anexos: Guia_Consumidor_Idoso.pdf, Jornal ATRPT março de 2026.pdf
2026-04-04 08:48:52,065 [INFO] presentation.associados.associados_controller - 📄 Ficheiro: convocatoriaAG260327_envio.xlsx
2026-04-04 08:50:00,539 [INFO] presentation.associados.associados_controller - 🔍 Iniciando processo de preparação...
2026-04-04 08:50:04,163 [INFO] presentation.associados.associados_controller - ✅ Template selecionado: JornalMarço26.docx
2026-04-04 08:50:08,061 [INFO] presentation.associados.associados_controller - ✅ Anexos: Guia_Consumidor_Idoso.pdf, Jornal ATRPT março de 2026.pdf
2026-04-04 08:50:16,926 [INFO] presentation.associados.associados_controller - 📄 Ficheiro: jornal_envio.xlsx
2026-04-04 08:56:29,418 [INFO] presentation.associados.associados_controller - ✅ Template selecionado: JornalMarço26.docx
2026-04-04 08:56:34,099 [INFO] presentation.associados.associados_controller - ✅ Anexos: Guia_Consumidor_Idoso.pdf, Jornal ATRPT março de 2026.pdf
2026-04-04 08:56:42,112 [INFO] presentation.associados.associados_controller - 📄 Ficheiro: jornal_envio.xlsx
2026-04-04 08:58:01,465 [INFO] presentation.associados.associados_controller - ✅ Template selecionado: JornalMarço26.docx
2026-04-04 08:58:09,029 [INFO] presentation.associados.associados_controller - ✅ Anexos: Guia_Consumidor_Idoso.pdf, Jornal ATRPT março de 2026.pdf
2026-04-04 08:58:21,842 [INFO] presentation.associados.associados_controller - 📄 Ficheiro: jornal_envio.xlsx
2026-04-04 08:58:21,946 [INFO] presentation.associados.associados_controller - ✅ Ficheiro criado: JornalMarço26.docx
2026-04-04 08:58:21,946 [INFO] presentation.associados.associados_controller - ✅ 3 mensagens preparadas
2026-04-04 09:07:53,198 [INFO] presentation.associados.associados_controller - ✅ Template selecionado: JornalMarço26.docx
2026-04-04 09:07:58,331 [INFO] presentation.associados.associados_controller - ✅ Anexos: Guia_Consumidor_Idoso.pdf, Jornal ATRPT março de 2026.pdf
2026-04-04 09:08:09,003 [INFO] presentation.associados.associados_controller - 📄 Ficheiro: jornal_envio.xlsx
2026-04-04 09:08:09,088 [INFO] presentation.associados.associados_controller - ✅ Ficheiro criado: JornalMarço26.docx
2026-04-04 09:08:09,104 [INFO] presentation.associados.associados_controller - ✅ 3 mensagens preparadas
2026-04-04 09:37:44,915 [INFO] presentation.associados.associados_controller - ✅ Template selecionado: JornalMarço26.docx
2026-04-04 09:37:49,908 [INFO] presentation.associados.associados_controller - ✅ Anexos: Guia_Consumidor_Idoso.pdf, Jornal ATRPT março de 2026.pdf
2026-04-04 09:38:01,861 [INFO] presentation.associados.associados_controller - 📄 Ficheiro: jornal_envio.xlsx
2026-04-04 09:38:01,954 [INFO] presentation.associados.associados_controller - ✅ Ficheiro criado: JornalMarço26.docx_20260404_0938.xlsx
2026-04-04 09:38:01,954 [INFO] presentation.associados.associados_controller - ✅ 3 mensagens preparadas
2026-04-04 09:39:51,531 [INFO] presentation.associados.associados_controller - ✅ Template selecionado: JornalMarço26.docx
2026-04-04 09:40:00,262 [INFO] presentation.associados.associados_controller - ✅ Anexos: Guia_Consumidor_Idoso.pdf, Jornal ATRPT março de 2026.pdf
2026-04-04 09:40:09,398 [INFO] presentation.associados.associados_controller - 📄 Ficheiro: jornal_envio.xlsx
2026-04-04 09:40:09,491 [INFO] presentation.associados.associados_controller - ✅ Ficheiro criado: JornalMarço26.docx_20260404_0940.xlsx
2026-04-04 09:40:09,492 [INFO] presentation.associados.associados_controller - ✅ 3 mensagens preparadas
2026-04-04 09:41:19,893 [INFO] presentation.associados.associados_controller - 📧 Iniciando envio de emails...
2026-04-04 09:41:30,441 [INFO] presentation.associados.associados_controller - 📧 Iniciando envio de emails...
2026-04-04 09:41:31,803 [INFO] presentation.associados.associados_controller - 📧 Iniciando envio de emails...
2026-04-04 09:55:31,280 [INFO] presentation.associados.associados_controller - 📧 Iniciando envio de emails...
2026-04-04 09:59:16,674 [INFO] presentation.associados.associados_controller - 📧 Iniciando envio de emails...
2026-04-04 10:08:08,881 [INFO] presentation.associados.associados_controller - 📧 Iniciando envio de emails...
2026-04-04 10:08:49,548 [INFO] presentation.associados.associados_controller - 📧 Iniciando envio de emails...
2026-04-04 10:10:39,193 [INFO] presentation.associados.associados_controller - 📧 Iniciando envio de emails...
2026-04-04 10:16:55,036 [INFO] presentation.associados.associados_controller - 📧 Iniciando envio de emails...
2026-04-04 10:24:05,531 [INFO] presentation.associados.associados_controller - 📧 Iniciando envio de emails...
2026-04-04 10:24:05,546 [INFO] application.email.email_sender - Iniciando envio de 3 emails
2026-04-04 10:24:05,546 [INFO] presentation.associados.associados_controller - 🚀 Iniciando envio de 3 emails
2026-04-04 10:24:05,546 [INFO] application.email.email_sender - LOTE 1/1 - 3 emails
2026-04-04 10:24:05,546 [INFO] presentation.associados.associados_controller - 
📦 LOTE 1/1 - 3 emails
2026-04-04 10:24:26,527 [INFO] presentation.associados.associados_controller - [1/3] OK → jlaguiarpinto@atrpt.pt
2026-04-04 10:24:41,325 [INFO] presentation.associados.associados_controller - [2/3] OK → jlaguiarpinto@proton.me
2026-04-04 10:24:56,941 [INFO] presentation.associados.associados_controller - [3/3] OK → jlaguiarpinto@gmail.com
2026-04-04 10:25:03,720 [WARNING] application.email.email_sender - Ficheiro aberto — não foi possível guardar
2026-04-04 10:25:03,721 [INFO] application.email.email_sender - Envio concluído. OK: 3 | ERRO: 0
2026-04-04 10:25:03,722 [INFO] presentation.associados.associados_controller - 
✨ Envio concluído.
2026-04-04 10:25:03,722 [INFO] presentation.associados.associados_controller - 📊 OK: 3 | ERRO: 0
2026-04-04 10:43:38,891 [INFO] presentation.associados.associados_controller - 📧 Iniciando envio de emails...
2026-04-04 10:43:38,923 [INFO] application.email.email_sender - Iniciando envio de 1 emails
2026-04-04 10:43:38,923 [INFO] presentation.associados.associados_controller - 🚀 Iniciando envio de 1 emails
2026-04-04 10:43:38,923 [INFO] application.email.email_sender - LOTE 1/1 - 1 emails
2026-04-04 10:43:38,923 [INFO] presentation.associados.associados_controller - 
📦 LOTE 1/1 - 1 emails
2026-04-04 10:44:07,193 [INFO] presentation.associados.associados_controller - [1/1] OK → jlaguiarpinto@gmail.com
2026-04-04 10:44:13,129 [INFO] application.email.email_sender - Ficheiro guardado após lote 1
2026-04-04 10:44:13,130 [INFO] presentation.associados.associados_controller - 💾 Guardado após lote 1
2026-04-04 10:44:13,131 [INFO] application.email.email_sender - Envio concluído. OK: 1 | ERRO: 0
2026-04-04 10:44:13,132 [INFO] presentation.associados.associados_controller - 
✨ Envio concluído.
2026-04-04 10:44:13,133 [INFO] presentation.associados.associados_controller - 📊 OK: 1 | ERRO: 0
2026-04-04 11:04:56,400 [INFO] presentation.associados.associados_controller - ✅ Template selecionado: JornalMarço26.docx
2026-04-04 11:05:04,440 [INFO] presentation.associados.associados_controller - ✅ Anexos: Guia_Consumidor_Idoso.pdf, Jornal ATRPT março de 2026.pdf
2026-04-04 11:05:11,862 [INFO] presentation.associados.associados_controller - 📄 Ficheiro: jornalmarço2026.xlsx
2026-04-04 11:05:13,342 [INFO] presentation.associados.associados_controller - ✅ Ficheiro criado: JornalMarço26.docx_20260404_1105.xlsx
2026-04-04 11:05:13,342 [INFO] presentation.associados.associados_controller - ✅ 288 mensagens preparadas
2026-04-04 11:07:16,410 [INFO] presentation.associados.associados_controller - 📧 Iniciando envio de emails...
2026-04-04 11:07:16,458 [INFO] application.email.email_sender - Iniciando envio de 288 emails
2026-04-04 11:07:16,458 [INFO] presentation.associados.associados_controller - 🚀 Iniciando envio de 288 emails
2026-04-04 11:07:16,458 [INFO] application.email.email_sender - LOTE 1/6 - 50 emails
2026-04-04 11:07:16,458 [INFO] presentation.associados.associados_controller - 
📦 LOTE 1/6 - 50 emails
2026-04-04 11:08:02,983 [INFO] presentation.associados.associados_controller - [1/288] OK → jlaguiarpinto@gmail.com
2026-04-04 11:08:19,855 [INFO] presentation.associados.associados_controller - [2/288] OK → higino.angelo.silva@gmail.com
2026-04-04 11:08:32,536 [INFO] presentation.associados.associados_controller - [3/288] OK → a.jose.oliveira@sapo.pt
2026-04-04 11:08:47,114 [INFO] presentation.associados.associados_controller - [4/288] OK → adelinogomesarquitecto@gmail.com
2026-04-04 11:09:01,729 [INFO] presentation.associados.associados_controller - [5/288] OK → adriano.costa50@sapo.pt
2026-04-04 11:09:18,191 [INFO] presentation.associados.associados_controller - [6/288] OK → adrianoribeiroc@gmail.com
2026-04-04 11:09:34,575 [INFO] presentation.associados.associados_controller - [7/288] OK → adriano.s.magalhaes@sapo.pt
2026-04-04 11:09:46,869 [INFO] presentation.associados.associados_controller - [8/288] OK → migueljsferreira74@gmail.com
2026-04-04 11:10:02,645 [INFO] presentation.associados.associados_controller - [9/288] OK → aidapinto62@gmail.com
2026-04-04 11:10:18,383 [INFO] presentation.associados.associados_controller - [10/288] OK → albinosrocha@sapo.pt
2026-04-04 11:10:29,275 [INFO] presentation.associados.associados_controller - [11/288] OK → alcinamcfonseca@gmail.com
2026-04-04 11:10:43,531 [INFO] presentation.associados.associados_controller - [12/288] OK → aldina.r@hotmail.com
2026-04-04 11:11:00,114 [INFO] presentation.associados.associados_controller - [13/288] OK → alexandre_filipe_queiros@yahoo.com
2026-04-04 11:11:16,757 [INFO] presentation.associados.associados_controller - [14/288] OK → cletus@sapo.pt
2026-04-04 11:11:34,411 [INFO] presentation.associados.associados_controller - [15/288] OK → blackghostknife@sapo.pt
2026-04-04 11:11:46,822 [INFO] presentation.associados.associados_controller - [16/288] OK → amadeu.melo@gmail.com
2026-04-04 11:12:00,255 [INFO] presentation.associados.associados_controller - [17/288] OK → fonsecamandio@gmail.com
2026-04-04 11:12:13,642 [INFO] presentation.associados.associados_controller - [18/288] OK → anaviseu@gmail.com
2026-04-04 11:12:26,753 [INFO] presentation.associados.associados_controller - [19/288] OK → ana.c.geracao@sapo.pt
2026-04-04 11:12:42,209 [INFO] presentation.associados.associados_controller - [20/288] OK → j.luisnunes@sapo.pt
2026-04-04 11:12:56,943 [INFO] presentation.associados.associados_controller - [21/288] OK → filipaespinhanunes@gmail.com
2026-04-04 11:13:10,067 [INFO] presentation.associados.associados_controller - [22/288] OK → lena__mag@hotmail.com
2026-04-04 11:13:24,745 [INFO] presentation.associados.associados_controller - [23/288] OK → anamaria.diogo@sapo.pt
2026-04-04 11:13:38,247 [INFO] presentation.associados.associados_controller - [24/288] OK → anamcunha48@gmail.com
2026-04-04 11:13:51,766 [INFO] presentation.associados.associados_controller - [25/288] OK → anammgcosta@gmail.com
2026-04-04 11:14:04,460 [INFO] presentation.associados.associados_controller - [26/288] OK → ana.stanislau@mail.telepac.pt
2026-04-04 11:14:17,337 [INFO] presentation.associados.associados_controller - [27/288] OK → nitabarandela@gmail.com
2026-04-04 11:14:30,774 [INFO] presentation.associados.associados_controller - [28/288] OK → heringpaula@gmail.com
2026-04-04 11:14:44,976 [INFO] presentation.associados.associados_controller - [29/288] OK → afrlopes19@gmail.com
2026-04-04 11:14:59,114 [INFO] presentation.associados.associados_controller - [30/288] OK → anabelatedim@gmail.com
2026-04-04 11:15:13,424 [INFO] presentation.associados.associados_controller - [31/288] OK → anabela51goncalves@gmail.com
2026-04-04 11:15:27,668 [INFO] presentation.associados.associados_controller - [32/288] OK → pintant@sapo.pt
2026-04-04 11:15:38,961 [INFO] presentation.associados.associados_controller - [33/288] OK → aantoniodamas@sapo.pt
2026-04-04 11:15:58,377 [INFO] presentation.associados.associados_controller - [34/288] OK → antoniosantos@sapo.pt
2026-04-04 11:16:11,894 [INFO] presentation.associados.associados_controller - [35/288] OK → irenedomingues55@hotmail.com
2026-04-04 11:16:26,068 [INFO] presentation.associados.associados_controller - [36/288] OK → maestroferreiradasilva@hotmail.com
2026-04-04 11:16:37,008 [INFO] presentation.associados.associados_controller - [37/288] OK → spgest@sapo.pt
2026-04-04 11:16:50,915 [INFO] presentation.associados.associados_controller - [38/288] OK → a.j.f.simoes1955@gmail.com
2026-04-04 11:17:02,112 [INFO] presentation.associados.associados_controller - [39/288] OK → antoniocunhaoliveira@sapo.pt
2026-04-04 11:17:17,282 [INFO] presentation.associados.associados_controller - [40/288] OK → ajfonseca@meo.pt
2026-04-04 11:17:36,330 [INFO] presentation.associados.associados_controller - [41/288] OK → antonio.j.ferreira@meo.pt
2026-04-04 11:17:48,118 [INFO] presentation.associados.associados_controller - [42/288] OK → antonio-lc-sousa@sapo.pt
2026-04-04 11:18:01,866 [INFO] presentation.associados.associados_controller - [43/288] OK → carminda15@sapo.pt
2026-04-04 11:18:19,557 [INFO] presentation.associados.associados_controller - [44/288] OK → antonio.samagaio.duarte@gmail.com
2026-04-04 11:18:33,400 [INFO] presentation.associados.associados_controller - [45/288] OK → amp.silva@sapo.pt
2026-04-04 11:18:50,247 [INFO] presentation.associados.associados_controller - [46/288] OK → a_martins_carvalho@sapo.pt
2026-04-04 11:19:07,023 [INFO] presentation.associados.associados_controller - [47/288] OK → a.pereira.silva@sapo.pt
2026-04-04 11:19:16,742 [INFO] presentation.associados.associados_controller - [48/288] OK → antoniovenceslausantos@gmail.com
2026-04-04 11:19:32,141 [INFO] presentation.associados.associados_controller - [49/288] OK → mgracaalmeida@sapo.pt
2026-04-04 11:19:49,393 [INFO] presentation.associados.associados_controller - [50/288] OK → armindogomes@sapo.pt
2026-04-04 11:19:54,819 [INFO] application.email.email_sender - Ficheiro guardado após lote 1
2026-04-04 11:19:54,819 [INFO] presentation.associados.associados_controller - 💾 Guardado após lote 1
2026-04-04 11:19:54,819 [INFO] application.email.email_sender - Pausa de 108s entre lotes
2026-04-04 11:19:54,819 [INFO] presentation.associados.associados_controller - 
⏸️ Pausa de 108s...
2026-04-04 11:21:43,703 [INFO] application.email.email_sender - LOTE 2/6 - 50 emails
2026-04-04 11:21:43,703 [INFO] presentation.associados.associados_controller - 
📦 LOTE 2/6 - 50 emails
2026-04-04 11:22:03,492 [INFO] presentation.associados.associados_controller - [51/288] OK → avaleriocunha@sapo.pt
2026-04-04 11:22:15,652 [INFO] presentation.associados.associados_controller - [52/288] OK → marinhoaugusto@sapo.pt
2026-04-04 11:22:31,438 [INFO] presentation.associados.associados_controller - [53/288] OK → augustocouto@sapo.pt
2026-04-04 11:22:45,061 [INFO] presentation.associados.associados_controller - [54/288] OK → avenomar@sapo.pt
2026-04-04 11:23:00,598 [INFO] presentation.associados.associados_controller - [55/288] OK → avelino.s.pedrosa@gmail.com
2026-04-04 11:23:16,303 [INFO] presentation.associados.associados_controller - [56/288] OK → almeidaav@hotmail.com
2026-04-04 11:23:29,182 [INFO] presentation.associados.associados_controller - [57/288] OK → bpmsantos@hotmail.com
2026-04-04 11:23:46,818 [INFO] presentation.associados.associados_controller - [58/288] OK → carlamribeiro2021@gmail.com
2026-04-04 11:24:02,801 [INFO] presentation.associados.associados_controller - [59/288] OK → carla.f.mesquita@meo.pt
2026-04-04 11:24:16,207 [INFO] presentation.associados.associados_controller - [60/288] OK → cmmneves@gmail.com
2026-04-04 11:24:29,046 [INFO] presentation.associados.associados_controller - [61/288] OK → cpintoteixeira@netcabo.pt
2026-04-04 11:24:46,155 [INFO] presentation.associados.associados_controller - [62/288] OK → carlos.a.moreira@sapo.pt
2026-04-04 11:24:57,452 [INFO] presentation.associados.associados_controller - [63/288] OK → acsilva.carlos@gmail.com
2026-04-04 11:25:10,898 [INFO] presentation.associados.associados_controller - [64/288] OK → martinsferreira@net.sapo.pt
2026-04-04 11:25:28,587 [INFO] presentation.associados.associados_controller - [65/288] OK → carlosomvieira@gmail.com
2026-04-04 11:25:45,133 [INFO] presentation.associados.associados_controller - [66/288] OK → carlosborgescosta@gmail.com
2026-04-04 11:25:58,369 [INFO] presentation.associados.associados_controller - [67/288] OK → carlos.ferreira.braga@gmail.com
2026-04-04 11:26:15,970 [INFO] presentation.associados.associados_controller - [68/288] OK → dinisdeoliveira@gmail.com
2026-04-04 11:26:33,037 [INFO] presentation.associados.associados_controller - [69/288] OK → carocha55@hotmail.com
2026-04-04 11:26:48,087 [INFO] presentation.associados.associados_controller - [70/288] OK → casimiracarvalhosilva@sapo.pt
2026-04-04 11:26:59,749 [INFO] presentation.associados.associados_controller - [71/288] OK → celsoprior@gmail.com
2026-04-04 11:27:11,595 [INFO] presentation.associados.associados_controller - [72/288] OK → claudia.s.tavares@meo.pt
2026-04-04 11:27:23,145 [INFO] presentation.associados.associados_controller - [73/288] OK → claudia.i.monteiro@meo.pt
2026-04-04 11:27:36,068 [INFO] presentation.associados.associados_controller - [74/288] OK → clau.verissimo@gmail.com
2026-04-04 11:27:49,833 [INFO] presentation.associados.associados_controller - [75/288] OK → cristina.m.soares@meo.pt
2026-04-04 11:28:04,829 [INFO] presentation.associados.associados_controller - [76/288] OK → cristinsf@gmail.com
2026-04-04 11:28:19,104 [INFO] presentation.associados.associados_controller - [77/288] OK → cristina.m.loureiro@sapo.pt
2026-04-04 11:28:35,862 [INFO] presentation.associados.associados_controller - [78/288] OK → dignis@gmail.com
2026-04-04 11:28:51,987 [INFO] presentation.associados.associados_controller - [79/288] OK → jdomingos36@gmail.com
2026-04-04 11:29:07,880 [INFO] presentation.associados.associados_controller - [80/288] OK → domingos-m-silva-23@sapo.pt
2026-04-04 11:29:24,399 [INFO] presentation.associados.associados_controller - [81/288] OK → eduardo-ressurreicao@sapo.pt
2026-04-04 11:29:39,121 [INFO] presentation.associados.associados_controller - [82/288] OK → magalhaes.elsa@gmail.com
2026-04-04 11:29:54,173 [INFO] presentation.associados.associados_controller - [83/288] OK → ema.caseiro@gmail.com
2026-04-04 11:30:06,538 [INFO] presentation.associados.associados_controller - [84/288] OK → cmmonteiro79@gmail.com
2026-04-04 11:37:35,621 [INFO] presentation.associados.associados_controller - [85/288] OK → almeida.ermelinda@hotmail.com
2026-04-04 11:37:47,516 [INFO] presentation.associados.associados_controller - [86/288] OK → eugeniagbessa@gmail.com
2026-04-04 11:38:05,155 [INFO] presentation.associados.associados_controller - [87/288] OK → eugenia.m.franco@sapo.pt
2026-04-04 11:38:17,884 [INFO] presentation.associados.associados_controller - [88/288] OK → ferreira-d-silva@sapo.pt
2026-04-04 11:38:34,592 [INFO] presentation.associados.associados_controller - [89/288] OK → manuelantonio.pereirasilva@edp.pt
2026-04-04 11:38:49,068 [INFO] presentation.associados.associados_controller - [90/288] OK → fatimaccarvalhal@sapo.pt
2026-04-04 11:39:03,967 [INFO] presentation.associados.associados_controller - [91/288] OK → faustoviegasnunes@gmail.com
2026-04-04 11:39:17,185 [INFO] presentation.associados.associados_controller - [92/288] OK → pjc1999@gmail.com
2026-04-04 11:39:28,831 [INFO] presentation.associados.associados_controller - [93/288] OK → fernando.araujo@sapo.pt
2026-04-04 11:39:41,256 [INFO] presentation.associados.associados_controller - [94/288] OK → f.m.n.marques@hotmail.com
2026-04-04 11:39:54,409 [INFO] presentation.associados.associados_controller - [95/288] OK → fernando.m.dias@sapo.pt
2026-04-04 11:40:06,363 [INFO] presentation.associados.associados_controller - [96/288] OK → fernando.p.nunes@hotmail.com
2026-04-04 11:40:19,731 [INFO] presentation.associados.associados_controller - [97/288] OK → filomenamcmferreira@gmail.com
2026-04-04 11:40:35,660 [INFO] presentation.associados.associados_controller - [98/288] OK → mena.laureano56@sapo.pt
2026-04-04 11:40:47,794 [INFO] presentation.associados.associados_controller - [99/288] OK → origami.hana@gmail.com
2026-04-04 11:40:57,928 [INFO] presentation.associados.associados_controller - [100/288] OK → ffsantos8@gmail.com
2026-04-04 11:41:05,125 [INFO] application.email.email_sender - Ficheiro guardado após lote 2
2026-04-04 11:41:05,125 [INFO] presentation.associados.associados_controller - 💾 Guardado após lote 2
2026-04-04 11:41:05,125 [INFO] application.email.email_sender - Pausa de 160s entre lotes
2026-04-04 11:41:05,125 [INFO] presentation.associados.associados_controller - 
⏸️ Pausa de 160s...
2026-04-04 11:43:45,648 [INFO] application.email.email_sender - LOTE 3/6 - 50 emails
2026-04-04 11:43:45,650 [INFO] presentation.associados.associados_controller - 
📦 LOTE 3/6 - 50 emails
2026-04-04 11:45:00,897 [INFO] presentation.associados.associados_controller - [101/288] OK → fandrade65@gmail.com
2026-04-04 11:45:18,380 [INFO] presentation.associados.associados_controller - [102/288] OK → franciscoorgebasadre@gmail.com
2026-04-04 11:45:30,050 [INFO] presentation.associados.associados_controller - [103/288] OK → gisela.morais@gmail.com
2026-04-04 11:45:41,894 [INFO] presentation.associados.associados_controller - [104/288] OK → carvalhosetembro70@gmail.com
2026-04-04 11:45:57,608 [INFO] presentation.associados.associados_controller - [105/288] OK → mininha59@gmail.com
2026-04-04 11:46:13,438 [INFO] presentation.associados.associados_controller - [106/288] OK → ribeirohelder@sapo.pt
2026-04-04 11:46:27,932 [INFO] presentation.associados.associados_controller - [107/288] OK → helena.carla.rodrigues@gmail.com
2026-04-04 11:46:43,041 [INFO] presentation.associados.associados_controller - [108/288] OK → hjesusleite@gmail.com
2026-04-04 11:46:56,102 [INFO] presentation.associados.associados_controller - [109/288] OK → hernanimarinho@sapo.pt
2026-04-04 11:47:13,133 [INFO] presentation.associados.associados_controller - [110/288] OK → laurentinacorreia1967@gmail.com
2026-04-04 11:47:28,072 [INFO] presentation.associados.associados_controller - [111/288] OK → isabel.o.matos@gmail.com
2026-04-04 11:47:43,895 [INFO] presentation.associados.associados_controller - [112/288] OK → isabeldesousaemoura@gmail.com
2026-04-04 11:47:56,373 [INFO] presentation.associados.associados_controller - [113/288] OK → rosalina.f.conceicao@gmail.com
2026-04-04 11:48:12,616 [INFO] presentation.associados.associados_controller - [114/288] OK → joaosousalima@sapo.pt
2026-04-04 11:48:29,550 [INFO] presentation.associados.associados_controller - [115/288] OK → joaoccmonteiro2013@sapo.pt
2026-04-04 11:48:40,205 [INFO] presentation.associados.associados_controller - [116/288] OK → jpaiva45@gmail.com
2026-04-04 11:48:54,978 [INFO] presentation.associados.associados_controller - [117/288] OK → jf1958@sapo.pt
2026-04-04 11:49:12,046 [INFO] presentation.associados.associados_controller - [118/288] OK → joao.s.moura@sapo.pt
2026-04-04 11:49:27,201 [INFO] presentation.associados.associados_controller - [119/288] OK → jtfontes@hotmail.com
2026-04-04 11:49:43,877 [INFO] presentation.associados.associados_controller - [120/288] OK → jcga52@gmail.com
2026-04-04 11:49:59,425 [INFO] presentation.associados.associados_controller - [121/288] OK → joakim_coelho@hotmail.com
2026-04-04 11:50:15,012 [INFO] presentation.associados.associados_controller - [122/288] OK → larsgabriel@atrpt.pt
2026-04-04 11:50:30,261 [INFO] presentation.associados.associados_controller - [123/288] OK → joaquim.manuel.assuncao@gmail.com
2026-04-04 11:50:44,470 [INFO] presentation.associados.associados_controller - [124/288] OK → joaquim.m.faria@sapo.pt
2026-04-04 11:50:58,499 [INFO] presentation.associados.associados_controller - [125/288] OK → vitorsilva74@gmail.com
2026-04-04 11:51:10,220 [INFO] presentation.associados.associados_controller - [126/288] OK → jorgeuria@sapo.pt
2026-04-04 11:51:24,812 [INFO] presentation.associados.associados_controller - [127/288] OK → levi@jorgelevi.com
2026-04-04 11:51:35,975 [INFO] presentation.associados.associados_controller - [128/288] OK → jorge.cunha@sapo.pt
2026-04-04 11:51:49,854 [INFO] presentation.associados.associados_controller - [129/288] OK → apaulabrito@hotmail.com
2026-04-04 11:52:03,785 [INFO] presentation.associados.associados_controller - [130/288] OK → antoniocastelhano@sapo.pt
2026-04-04 11:52:14,734 [INFO] presentation.associados.associados_controller - [131/288] OK → zeanlopica@gmail.com
2026-04-04 11:52:23,932 [INFO] presentation.associados.associados_controller - [132/288] OK → jasfaneco@sapo.pt
2026-04-04 11:52:40,538 [INFO] presentation.associados.associados_controller - [133/288] OK → jose-a-coimbra@sapo.pt
2026-04-04 11:52:55,832 [INFO] presentation.associados.associados_controller - [134/288] OK → crislui@hotmail.com
2026-04-04 11:53:10,855 [INFO] presentation.associados.associados_controller - [135/288] OK → josecmendes@sapo.pt
2026-04-04 11:53:22,556 [INFO] presentation.associados.associados_controller - [136/288] OK → jdhvalente@gmail.com
2026-04-04 11:53:35,570 [INFO] presentation.associados.associados_controller - [137/288] OK → jcouto07@hotmail.com
2026-04-04 11:53:46,970 [INFO] presentation.associados.associados_controller - [138/288] OK → jfatavares@gmail.com
2026-04-04 11:53:59,420 [INFO] presentation.associados.associados_controller - [139/288] OK → josesousacoutinho@gmail.com
2026-04-04 11:54:16,224 [INFO] presentation.associados.associados_controller - [140/288] OK → jose.f.n.costa@sapo.pt
2026-04-04 11:54:44,045 [INFO] presentation.associados.associados_controller - [141/288] OK → jose.cabral.trindade@gmail.com
2026-04-04 11:54:55,202 [INFO] presentation.associados.associados_controller - [142/288] OK → jsousabessa@gmail.com
2026-04-04 11:55:07,312 [INFO] presentation.associados.associados_controller - [143/288] OK → jmppacheco@sapo.pt
2026-04-04 11:55:21,984 [INFO] presentation.associados.associados_controller - [144/288] OK → joseportela2@sapo.pt
2026-04-04 11:55:32,877 [INFO] presentation.associados.associados_controller - [145/288] OK → islau105@gmail.com
2026-04-04 11:55:49,457 [INFO] presentation.associados.associados_controller - [146/288] OK → zemanelms@hotmail.com
2026-04-04 11:56:05,345 [INFO] presentation.associados.associados_controller - [147/288] OK → diogotiago1@live.com.pt
2026-04-04 11:56:22,777 [INFO] presentation.associados.associados_controller - [148/288] OK → mario.silva@sapo.pt
2026-04-04 11:56:37,441 [INFO] presentation.associados.associados_controller - [149/288] OK → paulopinheiro@dimitri.com.pt
2026-04-04 11:56:49,432 [INFO] presentation.associados.associados_controller - [150/288] OK → jpldias1952@gmail.com
2026-04-04 11:56:54,330 [INFO] application.email.email_sender - Ficheiro guardado após lote 3
2026-04-04 11:56:54,330 [INFO] presentation.associados.associados_controller - 💾 Guardado após lote 3
2026-04-04 11:56:54,330 [INFO] application.email.email_sender - Pausa de 147s entre lotes
2026-04-04 11:56:54,330 [INFO] presentation.associados.associados_controller - 
⏸️ Pausa de 147s...
2026-04-04 11:59:22,056 [INFO] application.email.email_sender - LOTE 4/6 - 50 emails
2026-04-04 11:59:22,056 [INFO] presentation.associados.associados_controller - 
📦 LOTE 4/6 - 50 emails
2026-04-04 11:59:47,891 [INFO] presentation.associados.associados_controller - [151/288] OK → nunespinhel@gmail.com
2026-04-04 12:00:00,400 [INFO] presentation.associados.associados_controller - [152/288] OK → js63lopes@gmail.com
2026-04-04 12:00:15,937 [INFO] presentation.associados.associados_controller - [153/288] OK → julioascarvalho@gmail.com
2026-04-04 12:00:29,512 [INFO] presentation.associados.associados_controller - [154/288] OK → julio-v-marinho@sapo.pt
2026-04-04 12:00:45,824 [INFO] presentation.associados.associados_controller - [155/288] OK → lauracqueiros@sapo.pt
2026-04-04 12:00:57,008 [INFO] presentation.associados.associados_controller - [156/288] OK → laxmi.varajidas@sapo.pt
2026-04-04 12:01:09,357 [INFO] presentation.associados.associados_controller - [157/288] OK → lucia.c.dias@sapo.pt
2026-04-04 12:01:23,993 [INFO] presentation.associados.associados_controller - [158/288] OK → luciliasales@sapo.pt
2026-04-04 12:01:34,876 [INFO] presentation.associados.associados_controller - [159/288] OK → bastos1948@hotmail.com
2026-04-04 12:01:47,214 [INFO] presentation.associados.associados_controller - [160/288] OK → lboticario@gmail.com
2026-04-04 12:01:58,325 [INFO] presentation.associados.associados_controller - [161/288] OK → luisa.loureiro@sapo.pt
2026-04-04 12:02:13,630 [INFO] presentation.associados.associados_controller - [162/288] OK → lurdes_mlopes@hotmail.com
2026-04-04 12:02:27,162 [INFO] presentation.associados.associados_controller - [163/288] OK → ana.2000indouro@gmail.com
2026-04-04 12:02:42,209 [INFO] presentation.associados.associados_controller - [164/288] OK → m.a.rabbit@hotmail.com
2026-04-04 12:02:55,333 [INFO] presentation.associados.associados_controller - [165/288] OK → manuelmeireis13@gmail.com
2026-04-04 12:03:07,341 [INFO] presentation.associados.associados_controller - [166/288] OK → mjorgeqsilva@sapo.pt
2026-04-04 12:03:19,917 [INFO] presentation.associados.associados_controller - [167/288] OK → manueljmachado@sapo.pt
2026-04-04 12:03:37,567 [INFO] presentation.associados.associados_controller - [168/288] OK → mjrcunha@gmail.com
2026-04-04 12:03:49,196 [INFO] presentation.associados.associados_controller - [169/288] OK → manuelpsilva60@gmail.com
2026-04-04 12:04:05,889 [INFO] presentation.associados.associados_controller - [170/288] OK → manuelpinheirobarbosa@gmail.com
2026-04-04 12:04:19,451 [INFO] presentation.associados.associados_controller - [171/288] OK → joana_nunes@sapo.pt
2026-04-04 12:04:34,279 [INFO] presentation.associados.associados_controller - [172/288] OK → marcio-rocha@sapo.pt
2026-04-04 12:04:49,856 [INFO] presentation.associados.associados_controller - [173/288] OK → magui2017@sapo.pt
2026-04-04 12:05:03,072 [INFO] presentation.associados.associados_controller - [174/288] OK → maria.albertina.neves.pereira1950@gmail.com
2026-04-04 12:05:12,863 [INFO] presentation.associados.associados_controller - [175/288] OK → pedrosardinha40@hotmail.com
2026-04-04 12:05:26,120 [INFO] presentation.associados.associados_controller - [176/288] OK → m.alexandra.gouveia@sapo.pt
2026-04-04 12:05:44,242 [INFO] presentation.associados.associados_controller - [177/288] OK → mariaalicedias@gmail.com
2026-04-04 12:05:57,137 [INFO] presentation.associados.associados_controller - [178/288] OK → alicetramos@gmail.com
2026-04-04 12:06:13,935 [INFO] presentation.associados.associados_controller - [179/288] OK → fernandamacedo214@hotmail.com
2026-04-04 12:06:26,115 [INFO] presentation.associados.associados_controller - [180/288] OK → antonia.jesus@sapo.pt
2026-04-04 12:06:37,348 [INFO] presentation.associados.associados_controller - [181/288] OK → antoniaaguiar@sapo.pt
2026-04-04 12:06:53,563 [INFO] presentation.associados.associados_controller - [182/288] OK → antonia.p.sousa@sapo.pt
2026-04-04 12:07:06,544 [INFO] presentation.associados.associados_controller - [183/288] OK → alvarocaiado047@gmail.com
2026-04-04 12:07:24,777 [INFO] presentation.associados.associados_controller - [184/288] OK → armanda.f.pinto@gmail.com
2026-04-04 12:07:38,393 [INFO] presentation.associados.associados_controller - [185/288] OK → m.arminda.c.barbosa@gmail.com
2026-04-04 12:07:51,480 [INFO] presentation.associados.associados_controller - [186/288] OK → augustaacarvalho@gmail.com
2026-04-04 12:08:03,945 [INFO] presentation.associados.associados_controller - [187/288] OK → candida58@sapo.pt
2026-04-04 12:08:19,815 [INFO] presentation.associados.associados_controller - [188/288] OK → cecilia.maia.santos@sapo.pt
2026-04-04 12:08:33,807 [INFO] presentation.associados.associados_controller - [189/288] OK → mclaramsousa@sapo.pt
2026-04-04 12:08:48,470 [INFO] presentation.associados.associados_controller - [190/288] OK → conceicaoneiva2@gmail.com
2026-04-04 12:09:08,786 [INFO] presentation.associados.associados_controller - [191/288] OK → quica.carvalho@sapo.pt
2026-04-04 12:09:26,508 [INFO] presentation.associados.associados_controller - [192/288] OK → rosaspinto@gmail.com
2026-04-04 12:09:40,274 [INFO] presentation.associados.associados_controller - [193/288] OK → maria.c.o.machado@gmail.com
2026-04-04 12:09:50,725 [INFO] presentation.associados.associados_controller - [194/288] OK → ana.maria.val60@gmail.com
2026-04-04 12:10:06,186 [INFO] presentation.associados.associados_controller - [195/288] OK → maria49daluz@gmail.com
2026-04-04 12:10:20,113 [INFO] presentation.associados.associados_controller - [196/288] OK → vilhena.fatima@gmail.com
2026-04-04 12:10:34,831 [INFO] presentation.associados.associados_controller - [197/288] OK → fatimarodriguesgregorio@gmail.com
2026-04-04 12:10:50,286 [INFO] presentation.associados.associados_controller - [198/288] OK → maria.jesus.bastos@hotmail.com
2026-04-04 12:11:07,397 [INFO] presentation.associados.associados_controller - [199/288] OK → m.ju.guimaraes@gmail.com
2026-04-04 12:11:22,650 [INFO] presentation.associados.associados_controller - [200/288] OK → arcddavid@gmail.com
2026-04-04 12:11:30,305 [INFO] application.email.email_sender - Ficheiro guardado após lote 4
2026-04-04 12:11:30,305 [INFO] presentation.associados.associados_controller - 💾 Guardado após lote 4
2026-04-04 12:11:30,305 [INFO] application.email.email_sender - Pausa de 128s entre lotes
2026-04-04 12:11:30,305 [INFO] presentation.associados.associados_controller - 
⏸️ Pausa de 128s...
2026-04-04 12:13:38,650 [INFO] application.email.email_sender - LOTE 5/6 - 50 emails
2026-04-04 12:13:38,650 [INFO] presentation.associados.associados_controller - 
📦 LOTE 5/6 - 50 emails
2026-04-04 12:13:55,495 [INFO] presentation.associados.associados_controller - [201/288] OK → lurdes@tradetex.pt
2026-04-04 12:14:08,907 [INFO] presentation.associados.associados_controller - [202/288] OK → mariaemiliaribeiro1950@gmail.com
2026-04-04 12:14:25,249 [INFO] presentation.associados.associados_controller - [203/288] OK → m.emilia.ferreira17@sapo.pt
2026-04-04 12:14:36,118 [INFO] presentation.associados.associados_controller - [204/288] OK → maria.f.soares@sapo.pt
2026-04-04 12:14:53,828 [INFO] presentation.associados.associados_controller - [205/288] OK → fatima.s.afonso@hotmail.com
2026-04-04 12:15:10,560 [INFO] presentation.associados.associados_controller - [206/288] OK → fatuxa1966@hotmail.com
2026-04-04 12:15:24,657 [INFO] presentation.associados.associados_controller - [207/288] OK → hermanolandrade@gmail.com
2026-04-04 12:15:38,414 [INFO] presentation.associados.associados_controller - [208/288] OK → mariasousaneves@hotmail.com
2026-04-04 12:15:52,021 [INFO] presentation.associados.associados_controller - [209/288] OK → martamaruja@hotmail.com
2026-04-04 12:16:03,033 [INFO] presentation.associados.associados_controller - [210/288] OK → fernandanunesmoreira@gmail.com
2026-04-04 12:16:14,566 [INFO] presentation.associados.associados_controller - [211/288] OK → mariafgemeas@gmail.com
2026-04-04 12:16:30,093 [INFO] presentation.associados.associados_controller - [212/288] OK → gabrielavqueiros@gmail.com
2026-04-04 12:16:41,334 [INFO] presentation.associados.associados_controller - [213/288] OK → ana.mf.pereira@sapo.pt
2026-04-04 12:16:57,969 [INFO] presentation.associados.associados_controller - [214/288] OK → gloriagomes@live.com.pt
2026-04-04 12:17:09,289 [INFO] presentation.associados.associados_controller - [215/288] OK → goreti-a-coelho@sapo.pt
2026-04-04 12:17:25,403 [INFO] presentation.associados.associados_controller - [216/288] OK → gorettishenriques@gmail.com
2026-04-04 12:17:37,221 [INFO] presentation.associados.associados_controller - [217/288] OK → mariagracindavieira64@gmail.com
2026-04-04 12:17:52,858 [INFO] presentation.associados.associados_controller - [218/288] OK → helenacasteloes@gmail.com
2026-04-04 12:18:09,769 [INFO] presentation.associados.associados_controller - [219/288] OK → helenajacques@hotmail.com
2026-04-04 12:18:26,868 [INFO] presentation.associados.associados_controller - [220/288] OK → m-helena-rodrigues@sapo.pt
2026-04-04 12:18:41,512 [INFO] presentation.associados.associados_controller - [221/288] OK → idalinaalmeida59@gmail.com
2026-04-04 12:18:55,800 [INFO] presentation.associados.associados_controller - [222/288] OK → maria.irenef@live.com.pt
2026-04-04 12:19:10,190 [INFO] presentation.associados.associados_controller - [223/288] OK → misabelcyrne@gmail.com
2026-04-04 12:19:28,050 [INFO] presentation.associados.associados_controller - [224/288] OK → mluizanoliveira@gmail.com
2026-04-04 12:19:37,892 [INFO] presentation.associados.associados_controller - [225/288] OK → ivone.barbieri@gmail.com
2026-04-04 12:19:50,663 [INFO] presentation.associados.associados_controller - [226/288] OK → danielasereno@gmail.com
2026-04-04 12:20:06,433 [INFO] presentation.associados.associados_controller - [227/288] OK → m.joao.sa@hotmail.com
2026-04-04 12:20:20,527 [INFO] presentation.associados.associados_controller - [228/288] OK → mariajoao@lojav.pt
2026-04-04 12:20:35,120 [INFO] presentation.associados.associados_controller - [229/288] OK → nitabarandela@gmail.com
2026-04-04 12:20:50,670 [INFO] presentation.associados.associados_controller - [230/288] OK → mariajose.matos40@gmail.com
2026-04-04 12:21:02,858 [INFO] presentation.associados.associados_controller - [231/288] OK → zegui@sapo.pt
2026-04-04 12:21:17,855 [INFO] presentation.associados.associados_controller - [232/288] OK → juliasousa221519@gmail.com
2026-04-04 12:21:31,695 [INFO] presentation.associados.associados_controller - [233/288] OK → josemanueltpinheiro@sapo.pt
2026-04-04 12:21:44,427 [INFO] presentation.associados.associados_controller - [234/288] OK → leonorpinheiro1974@gmail.com
2026-04-04 12:21:58,287 [INFO] presentation.associados.associados_controller - [235/288] OK → mlinabvale@sapo.pt
2026-04-04 12:22:15,337 [INFO] presentation.associados.associados_controller - [236/288] OK → vfrocha@sapo.pt
2026-04-04 12:22:27,423 [INFO] presentation.associados.associados_controller - [237/288] OK → prin.diana2009@gmail.com
2026-04-04 12:22:38,814 [INFO] presentation.associados.associados_controller - [238/288] OK → carlosmeireles122@gmail.com
2026-04-04 12:22:50,858 [INFO] presentation.associados.associados_controller - [239/288] OK → jdhvalente@gmail.com
2026-04-04 12:23:02,548 [INFO] presentation.associados.associados_controller - [240/288] OK → adrianapinto@ordemsaofrancisco.pt
2026-04-04 12:23:33,332 [INFO] presentation.associados.associados_controller - [241/288] OK → margaridamouro2@gmail.com
2026-04-04 12:23:50,631 [INFO] presentation.associados.associados_controller - [242/288] OK → jorgenuno04@gmail.com
2026-04-04 12:24:06,191 [INFO] presentation.associados.associados_controller - [243/288] OK → paula.m.rodrigues@sapo.pt
2026-04-04 12:24:21,429 [INFO] presentation.associados.associados_controller - [244/288] OK → esteves.mario@sapo.pt
2026-04-04 12:24:36,454 [INFO] presentation.associados.associados_controller - [245/288] OK → maios@sapo.pt
2026-04-04 12:24:49,967 [INFO] presentation.associados.associados_controller - [246/288] OK → martilde@hotmail.com
2026-04-04 12:25:03,221 [INFO] presentation.associados.associados_controller - [247/288] OK → negilvaia@gmail.com
2026-04-04 12:25:20,423 [INFO] presentation.associados.associados_controller - [248/288] OK → nelson-g-cruz@sapo.pt
2026-04-04 12:25:34,983 [INFO] presentation.associados.associados_controller - [249/288] OK → nascimentoduarte@hotmail.com
2026-04-04 12:25:48,263 [INFO] presentation.associados.associados_controller - [250/288] OK → oscar-c-moutinho@sapo.pt
2026-04-04 12:25:54,501 [INFO] application.email.email_sender - Ficheiro guardado após lote 5
2026-04-04 12:25:54,501 [INFO] presentation.associados.associados_controller - 💾 Guardado após lote 5
2026-04-04 12:25:54,501 [INFO] application.email.email_sender - Pausa de 174s entre lotes
2026-04-04 12:25:54,501 [INFO] presentation.associados.associados_controller - 
⏸️ Pausa de 174s...
2026-04-04 12:28:48,740 [INFO] application.email.email_sender - LOTE 6/6 - 38 emails
2026-04-04 12:28:48,741 [INFO] presentation.associados.associados_controller - 
📦 LOTE 6/6 - 38 emails
2026-04-04 12:29:35,041 [INFO] presentation.associados.associados_controller - [251/288] OK → balinho1949@gmail.com
2026-04-04 12:29:47,256 [INFO] presentation.associados.associados_controller - [252/288] OK → patricianogueira27@gmail.com
2026-04-04 12:30:03,081 [INFO] presentation.associados.associados_controller - [253/288] OK → paulagbs.pereira@gmail.com
2026-04-04 12:30:14,111 [INFO] presentation.associados.associados_controller - [254/288] OK → paulampmoura@gmail.com
2026-04-04 12:30:29,051 [INFO] presentation.associados.associados_controller - [255/288] OK → paulamguimaraes@gmail.com
2026-04-04 12:30:44,941 [INFO] presentation.associados.associados_controller - [256/288] OK → paulo-j-barbosa@sapo.pt
2026-04-04 12:30:56,811 [INFO] presentation.associados.associados_controller - [257/288] OK → paulo.s.correia@sapo.pt
2026-04-04 12:31:12,625 [INFO] presentation.associados.associados_controller - [258/288] OK → paulocameira@sapo.pt
2026-04-04 12:31:23,928 [INFO] presentation.associados.associados_controller - [259/288] OK → paulobarbedo@sapo.pt
2026-04-04 12:31:36,282 [INFO] presentation.associados.associados_controller - [260/288] OK → pedro.d.sampaio@sapo.pt
2026-04-04 12:31:47,094 [INFO] presentation.associados.associados_controller - [261/288] OK → pedro-s-guimaraes@sapo.pt
2026-04-04 12:32:01,333 [INFO] presentation.associados.associados_controller - [262/288] OK → porfiriofaria@sapo.pt
2026-04-04 12:32:13,887 [INFO] presentation.associados.associados_controller - [263/288] OK → zzrodrigues55@gmail.com
2026-04-04 12:32:27,497 [INFO] presentation.associados.associados_controller - [264/288] OK → renato_tavares@sapo.pt
2026-04-04 12:32:42,262 [INFO] presentation.associados.associados_controller - [265/288] OK → taveirari@hotmail.com
2026-04-04 12:32:56,373 [INFO] presentation.associados.associados_controller - [266/288] OK → ritadanielamarques@gmail.com
2026-04-04 12:33:09,415 [INFO] presentation.associados.associados_controller - [267/288] OK → rogerio.santos@netcabo.pt
2026-04-04 12:33:26,187 [INFO] presentation.associados.associados_controller - [268/288] OK → acabral1965@gmail.com
2026-04-04 12:33:36,263 [INFO] presentation.associados.associados_controller - [269/288] OK → cristina.helena.pereira@gmail.com
2026-04-04 12:33:51,076 [INFO] presentation.associados.associados_controller - [270/288] OK → jorgedaom@gmail.com
2026-04-04 12:34:07,163 [INFO] presentation.associados.associados_controller - [271/288] OK → rui.felizes@oocn.eu
2026-04-04 12:34:18,893 [INFO] presentation.associados.associados_controller - [272/288] OK → rui-c-silva@sapo.pt
2026-04-04 12:34:33,673 [INFO] presentation.associados.associados_controller - [273/288] OK → rui.pl.moreira@icloud.com
2026-04-04 12:34:51,319 [INFO] presentation.associados.associados_controller - [274/288] OK → serafim.monteiro@sapo.pt
2026-04-04 12:35:04,913 [INFO] presentation.associados.associados_controller - [275/288] OK → scarmocruz@gmail.com
2026-04-04 12:35:19,956 [INFO] presentation.associados.associados_controller - [276/288] OK → sonia.g.carvalho@sapo.pt
2026-04-04 12:35:34,051 [INFO] presentation.associados.associados_controller - [277/288] OK → su.p.s.tavares@gmail.com
2026-04-04 12:35:50,523 [INFO] presentation.associados.associados_controller - [278/288] OK → teresaoliveira1231@gmail.com
2026-04-04 12:36:03,119 [INFO] presentation.associados.associados_controller - [279/288] OK → perfeitot@gmail.com
2026-04-04 12:36:14,962 [INFO] presentation.associados.associados_controller - [280/288] OK → valdemarantoniosoares@gmail.com
2026-04-04 12:36:31,505 [INFO] presentation.associados.associados_controller - [281/288] OK → v.n.ferreira@sapo.pt
2026-04-04 12:36:46,544 [INFO] presentation.associados.associados_controller - [282/288] OK → virginia72guerra@gmail.com
2026-04-04 12:37:02,022 [INFO] presentation.associados.associados_controller - [283/288] OK → vitor-amor@sapo.pt
2026-04-04 12:37:14,743 [INFO] presentation.associados.associados_controller - [284/288] OK → rosa.d.sousa1968@gmail.com
2026-04-04 12:37:29,963 [INFO] presentation.associados.associados_controller - [285/288] OK → svitor2017@gmail.com
2026-04-04 12:37:46,757 [INFO] presentation.associados.associados_controller - [286/288] OK → info@numo.pt
2026-04-04 12:38:05,502 [INFO] presentation.associados.associados_controller - [287/288] OK → sacoazul62@gmail.com
2026-04-04 12:38:22,073 [INFO] presentation.associados.associados_controller - [288/288] OK → paixao.vitor@gmail.com
2026-04-04 12:38:28,783 [INFO] application.email.email_sender - Ficheiro guardado após lote 6
2026-04-04 12:38:28,783 [INFO] presentation.associados.associados_controller - 💾 Guardado após lote 6
2026-04-04 12:38:28,792 [INFO] application.email.email_sender - Envio concluído. OK: 288 | ERRO: 0
2026-04-04 12:38:28,794 [INFO] presentation.associados.associados_controller - 
✨ Envio concluído.
2026-04-04 12:38:28,794 [INFO] presentation.associados.associados_controller - 📊 OK: 288 | ERRO: 0
