2026-05-08 11:48:16,959 [INFO] presentation.associados.associados_controller - Envio cancelado: template não selecionado
2026-05-08 11:58:32,085 [INFO] presentation.associados.associados_controller - ✅ Template selecionado: JornalMaio26.docx
2026-05-08 11:58:43,288 [INFO] presentation.associados.associados_controller - ✅ Anexos: Jornal ATRPT maio de 2026.pdf
2026-05-08 11:58:47,662 [INFO] presentation.associados.associados_controller - Envio cancelado: ficheiro não selecionado
2026-05-08 12:01:39,241 [INFO] presentation.associados.associados_controller - ✅ Template selecionado: JornalMaio26.docx
2026-05-08 12:01:44,241 [INFO] presentation.associados.associados_controller - ✅ Anexos: Jornal ATRPT maio de 2026.pdf
2026-05-08 12:01:51,850 [INFO] presentation.associados.associados_controller - Envio cancelado: ficheiro não selecionado
2026-05-08 12:02:36,069 [INFO] presentation.associados.associados_controller - 📧 Iniciando envio de emails...
2026-05-08 12:39:09,947 [INFO] presentation.associados.associados_controller - ✅ Template selecionado: JornalMaio26.docx
2026-05-08 12:39:13,144 [INFO] presentation.associados.associados_controller - ✅ Anexo: Jornal ATRPT maio de 2026.pdf
2026-05-08 12:39:17,835 [INFO] presentation.associados.associados_controller - ✅ Anexos: Jornal ATRPT maio de 2026.pdf
2026-05-08 12:39:29,648 [INFO] presentation.associados.associados_controller - 📄 Ficheiro: Associados.xlsx
2026-05-08 12:39:36,508 [ERROR] presentation.associados.associados_controller - Nenhuma mensagem preparada. Execute preparar_envio primeiro.
2026-05-08 12:39:56,074 [INFO] presentation.associados.associados_controller - Envio cancelado:  ficheiro não selecionado
2026-05-08 12:41:49,650 [INFO] presentation.associados.associados_controller - ✅ Template selecionado: JornalMaio26.docx
2026-05-08 12:41:53,643 [INFO] presentation.associados.associados_controller - ✅ Anexo: Jornal ATRPT maio de 2026.pdf
2026-05-08 12:41:55,772 [INFO] presentation.associados.associados_controller - ✅ Anexos: Jornal ATRPT maio de 2026.pdf
2026-05-08 12:41:59,810 [INFO] presentation.associados.associados_controller - 📄 Ficheiro: Associados.xlsx
2026-05-08 12:43:47,026 [INFO] presentation.associados.associados_controller - ✅ Template selecionado: JornalMaio26.docx
2026-05-08 12:43:50,905 [INFO] presentation.associados.associados_controller - ✅ Anexo: Jornal ATRPT maio de 2026.pdf
2026-05-08 12:43:53,692 [INFO] presentation.associados.associados_controller - ✅ Anexos: Jornal ATRPT maio de 2026.pdf
2026-05-08 12:43:58,493 [INFO] presentation.associados.associados_controller - 📄 Ficheiro: Associados.xlsx
2026-05-08 12:45:32,102 [INFO] presentation.associados.associados_controller - ✅ Template selecionado: JornalMaio26.docx
2026-05-08 12:45:35,736 [INFO] presentation.associados.associados_controller - ✅ Anexo: Jornal ATRPT maio de 2026.pdf
2026-05-08 12:45:37,387 [INFO] presentation.associados.associados_controller - ✅ Anexos: Jornal ATRPT maio de 2026.pdf
2026-05-08 12:45:45,032 [INFO] presentation.associados.associados_controller - 📄 Ficheiro: Associados.xlsx
2026-05-08 12:45:51,843 [ERROR] presentation.associados.associados_controller - Nenhuma mensagem preparada. Execute preparar_envio primeiro.
2026-05-08 12:45:58,503 [ERROR] presentation.associados.associados_controller - Nenhum ficheiro de envio preparado. Execute 'Preparar' primeiro.
2026-05-08 12:48:29,841 [INFO] presentation.associados.associados_controller - ✅ Template selecionado: JornalMaio26.docx
2026-05-08 12:48:32,248 [INFO] presentation.associados.associados_controller - ✅ Anexo: Jornal ATRPT maio de 2026.pdf
2026-05-08 12:48:34,635 [INFO] presentation.associados.associados_controller - ✅ Anexos: Jornal ATRPT maio de 2026.pdf
2026-05-08 12:48:40,886 [INFO] presentation.associados.associados_controller - 📄 Ficheiro: Associados.xlsx
2026-05-08 12:51:27,017 [INFO] presentation.associados.associados_controller - ✅ Template selecionado: JornalMaio26.docx
2026-05-08 12:51:31,300 [INFO] presentation.associados.associados_controller - ✅ Anexo: Jornal ATRPT maio de 2026.pdf
2026-05-08 12:51:33,345 [INFO] presentation.associados.associados_controller - ✅ Anexos: Jornal ATRPT maio de 2026.pdf
2026-05-08 12:51:39,163 [INFO] presentation.associados.associados_controller - 📄 Ficheiro: Associados.xlsx
2026-05-08 12:51:51,032 [INFO] presentation.associados.associados_controller - ✅ Ficheiro criado: JornalMaio26.docx_20260508_1251.xlsx
2026-05-08 12:51:51,032 [INFO] presentation.associados.associados_controller - ✅ 905 mensagens preparadas
2026-05-08 12:59:01,240 [INFO] presentation.associados.associados_controller - ✅ Template selecionado: JornalMaio26.docx
2026-05-08 12:59:04,764 [INFO] presentation.associados.associados_controller - ✅ Anexo: Jornal ATRPT maio de 2026.pdf
2026-05-08 12:59:06,806 [INFO] presentation.associados.associados_controller - ✅ Anexos: Jornal ATRPT maio de 2026.pdf
2026-05-08 12:59:13,438 [INFO] presentation.associados.associados_controller - 📄 Ficheiro: Associados.xlsx
2026-05-08 12:59:25,139 [INFO] presentation.associados.associados_controller - ✅ Ficheiro criado: JornalMaio26.docx_20260508_1259.xlsx
2026-05-08 12:59:25,139 [INFO] presentation.associados.associados_controller - ✅ 905 mensagens preparadas
2026-05-08 12:59:25,357 [INFO] presentation.associados.associados_controller - 🔍 Analisando mensagens...
2026-05-08 12:59:25,756 [INFO] presentation.associados.associados_controller - 
📊 Estatísticas:
2026-05-08 12:59:25,756 [INFO] presentation.associados.associados_controller -    Total: 905
2026-05-08 12:59:25,772 [INFO] presentation.associados.associados_controller -    Válidos: 905
2026-05-08 12:59:25,778 [INFO] presentation.associados.associados_controller -    Inválidos: 0
2026-05-08 13:05:09,083 [INFO] presentation.associados.associados_controller - ✅ Template selecionado: JornalMaio26.docx
2026-05-08 13:05:12,353 [INFO] presentation.associados.associados_controller - ✅ Anexo: Jornal ATRPT maio de 2026.pdf
2026-05-08 13:05:14,018 [INFO] presentation.associados.associados_controller - ✅ Anexos: Jornal ATRPT maio de 2026.pdf
2026-05-08 13:05:19,178 [INFO] presentation.associados.associados_controller - 📄 Ficheiro: Associados.xlsx
2026-05-08 13:05:29,384 [INFO] application.associados.enviar_emails_usecase - Primeiros registos:
                            email                           subject
10          mfsaazevedo@gmail.com  Assunto:  Jornal ATRPT maio 2026
20        moraisernesto@gmail.com  Assunto:  Jornal ATRPT maio 2026
22       catiassmoreira@gmail.com  Assunto:  Jornal ATRPT maio 2026
26         americoclino@gmail.com  Assunto:  Jornal ATRPT maio 2026
46  alinamanuelamartins@gmail.com  Assunto:  Jornal ATRPT maio 2026
2026-05-08 13:05:29,699 [INFO] presentation.associados.associados_controller - ✅ Ficheiro criado: JornalMaio26.docx_20260508_1305.xlsx
2026-05-08 13:05:29,699 [INFO] presentation.associados.associados_controller - ✅ 905 mensagens preparadas
2026-05-08 13:05:29,918 [INFO] presentation.associados.associados_controller - 🔍 Analisando mensagens...
2026-05-08 13:05:30,116 [INFO] presentation.associados.associados_controller - 
📊 Estatísticas:
2026-05-08 13:05:30,116 [INFO] presentation.associados.associados_controller -    Total: 905
2026-05-08 13:05:30,132 [INFO] presentation.associados.associados_controller -    Válidos: 905
2026-05-08 13:05:30,132 [INFO] presentation.associados.associados_controller -    Inválidos: 0
2026-05-08 15:36:06,078 [INFO] presentation.associados.associados_controller - ✅ Template selecionado: JornalMaio26.docx
2026-05-08 15:36:09,834 [INFO] presentation.associados.associados_controller - ✅ Anexo: Jornal ATRPT maio de 2026.pdf
2026-05-08 15:36:12,404 [INFO] presentation.associados.associados_controller - ✅ Anexos: Jornal ATRPT maio de 2026.pdf
2026-05-08 15:36:18,451 [INFO] presentation.associados.associados_controller - 📄 Ficheiro: Associados.xlsx
2026-05-08 15:36:31,078 [INFO] application.associados.enviar_emails_usecase - Primeiros registos:
                            email                           subject
10          mfsaazevedo@gmail.com  Assunto:  Jornal ATRPT maio 2026
20        moraisernesto@gmail.com  Assunto:  Jornal ATRPT maio 2026
22       catiassmoreira@gmail.com  Assunto:  Jornal ATRPT maio 2026
26         americoclino@gmail.com  Assunto:  Jornal ATRPT maio 2026
46  alinamanuelamartins@gmail.com  Assunto:  Jornal ATRPT maio 2026
2026-05-08 15:36:31,450 [INFO] presentation.associados.associados_controller - ✅ Ficheiro criado: JornalMaio26.docx_20260508_1536.xlsx
2026-05-08 15:36:31,450 [INFO] presentation.associados.associados_controller - ✅ 905 mensagens preparadas
2026-05-08 15:36:31,668 [INFO] presentation.associados.associados_controller - 🔍 Analisando mensagens...
2026-05-08 15:36:31,950 [INFO] presentation.associados.associados_controller - 
📊 Estatísticas:
2026-05-08 15:36:31,950 [INFO] presentation.associados.associados_controller -    Total: 905
2026-05-08 15:36:31,966 [INFO] presentation.associados.associados_controller -    Válidos: 905
2026-05-08 15:36:31,966 [INFO] presentation.associados.associados_controller -    Inválidos: 0
2026-05-08 15:44:17,343 [INFO] presentation.associados.associados_controller - ✅ Template selecionado: JornalMaio26.docx
2026-05-08 15:44:20,937 [INFO] presentation.associados.associados_controller - ✅ Anexo: Jornal ATRPT maio de 2026.pdf
2026-05-08 15:44:22,697 [INFO] presentation.associados.associados_controller - ✅ Anexos: Jornal ATRPT maio de 2026.pdf
2026-05-08 15:44:28,037 [INFO] presentation.associados.associados_controller - 📄 Ficheiro: Associados.xlsx
2026-05-08 15:44:39,968 [INFO] application.associados.enviar_emails_usecase - Primeiros registos:
                       email                           subject                                                                                                        attachments                                                                                                                   html_body
10     mfsaazevedo@gmail.com  Assunto:  Jornal ATRPT maio 2026  G:/.shortcut-targets-by-id/1U63DGZ6urrQl6543DNHJZQR93oRmv-G2/Associados/Comunicação/Jornal ATRPT maio de 2026.pdf  <html><body><p>Junto enviamos o Jornal ATRPT de maio de 2026 para sua leitura.</p>\n<p>Os seus comentários, sugestões e p…
20   moraisernesto@gmail.com  Assunto:  Jornal ATRPT maio 2026  G:/.shortcut-targets-by-id/1U63DGZ6urrQl6543DNHJZQR93oRmv-G2/Associados/Comunicação/Jornal ATRPT maio de 2026.pdf  <html><body><p>Junto enviamos o Jornal ATRPT de maio de 2026 para sua leitura.</p>\n<p>Os seus comentários, sugestões e p…
22  catiassmoreira@gmail.com  Assunto:  Jornal ATRPT maio 2026  G:/.shortcut-targets-by-id/1U63DGZ6urrQl6543DNHJZQR93oRmv-G2/Associados/Comunicação/Jornal ATRPT maio de 2026.pdf  <html><body><p>Junto enviamos o Jornal ATRPT de maio de 2026 para sua leitura.</p>\n<p>Os seus comentários, sugestões e p…
2026-05-08 15:44:40,268 [INFO] presentation.associados.associados_controller - ✅ Ficheiro criado: JornalMaio26.docx_20260508_1544.xlsx
2026-05-08 15:44:40,268 [INFO] presentation.associados.associados_controller - ✅ 905 mensagens preparadas
2026-05-08 15:44:40,503 [INFO] presentation.associados.associados_controller - 🔍 Analisando mensagens...
2026-05-08 15:44:40,752 [INFO] presentation.associados.associados_controller - 
📊 Estatísticas:
2026-05-08 15:44:40,769 [INFO] presentation.associados.associados_controller -    Total: 905
2026-05-08 15:44:40,769 [INFO] presentation.associados.associados_controller -    Válidos: 905
2026-05-08 15:44:40,769 [INFO] presentation.associados.associados_controller -    Inválidos: 0
2026-05-08 16:43:06,630 [INFO] presentation.associados.associados_controller - ✅ Template selecionado: JornalMaio26.docx
2026-05-08 16:43:09,311 [INFO] presentation.associados.associados_controller - ✅ Anexo: Jornal ATRPT maio de 2026.pdf
2026-05-08 16:43:12,227 [INFO] presentation.associados.associados_controller - ✅ Anexos: Jornal ATRPT maio de 2026.pdf
2026-05-08 16:43:19,442 [INFO] presentation.associados.associados_controller - 📄 Ficheiro: Associados.xlsx
2026-05-08 16:43:31,976 [INFO] application.associados.enviar_emails_usecase - Primeiros registos:
                       email                           subject                                                                                                        attachments                                                                                                                   html_body
10     mfsaazevedo@gmail.com  Assunto:  Jornal ATRPT maio 2026  G:/.shortcut-targets-by-id/1U63DGZ6urrQl6543DNHJZQR93oRmv-G2/Associados/Comunicação/Jornal ATRPT maio de 2026.pdf  <html><body><p>Junto enviamos o Jornal ATRPT de maio de 2026 para sua leitura.</p>\n<p>Os seus comentários, sugestões e p…
20   moraisernesto@gmail.com  Assunto:  Jornal ATRPT maio 2026  G:/.shortcut-targets-by-id/1U63DGZ6urrQl6543DNHJZQR93oRmv-G2/Associados/Comunicação/Jornal ATRPT maio de 2026.pdf  <html><body><p>Junto enviamos o Jornal ATRPT de maio de 2026 para sua leitura.</p>\n<p>Os seus comentários, sugestões e p…
22  catiassmoreira@gmail.com  Assunto:  Jornal ATRPT maio 2026  G:/.shortcut-targets-by-id/1U63DGZ6urrQl6543DNHJZQR93oRmv-G2/Associados/Comunicação/Jornal ATRPT maio de 2026.pdf  <html><body><p>Junto enviamos o Jornal ATRPT de maio de 2026 para sua leitura.</p>\n<p>Os seus comentários, sugestões e p…
2026-05-08 16:43:32,301 [INFO] presentation.associados.associados_controller - ✅ Ficheiro criado: JornalMaio26.docx_20260508_1643.xlsx
2026-05-08 16:43:32,311 [INFO] presentation.associados.associados_controller - ✅ 905 mensagens preparadas
2026-05-08 16:43:32,536 [INFO] presentation.associados.associados_controller - 🔍 Analisando mensagens...
2026-05-08 16:43:32,733 [INFO] presentation.associados.associados_controller - 
📊 Estatísticas:
2026-05-08 16:43:32,733 [INFO] presentation.associados.associados_controller -    Total: 905
2026-05-08 16:43:32,750 [INFO] presentation.associados.associados_controller -    Válidos: 905
2026-05-08 16:43:32,750 [INFO] presentation.associados.associados_controller -    Inválidos: 0
2026-05-08 17:05:07,914 [INFO] presentation.associados.associados_controller - ✅ Template selecionado: JornalMaio26.docx
2026-05-08 17:05:17,960 [INFO] presentation.associados.associados_controller - ✅ Anexo: Jornal ATRPT maio de 2026.pdf
2026-05-08 17:05:20,185 [INFO] presentation.associados.associados_controller - ✅ Anexos: Jornal ATRPT maio de 2026.pdf
2026-05-08 17:05:30,966 [INFO] presentation.associados.associados_controller - 📄 Ficheiro: Associados.xlsx
2026-05-08 17:05:42,258 [INFO] application.associados.enviar_emails_usecase - Primeiros registos:
                       email                           subject                                                                                                        attachments                                                                                                                   html_body
10     mfsaazevedo@gmail.com  Assunto:  Jornal ATRPT maio 2026  G:/.shortcut-targets-by-id/1U63DGZ6urrQl6543DNHJZQR93oRmv-G2/Associados/Comunicação/Jornal ATRPT maio de 2026.pdf  <html><body><p>Junto enviamos o Jornal ATRPT de maio de 2026 para sua leitura.</p>\n<p>Os seus comentários, sugestões e p…
20   moraisernesto@gmail.com  Assunto:  Jornal ATRPT maio 2026  G:/.shortcut-targets-by-id/1U63DGZ6urrQl6543DNHJZQR93oRmv-G2/Associados/Comunicação/Jornal ATRPT maio de 2026.pdf  <html><body><p>Junto enviamos o Jornal ATRPT de maio de 2026 para sua leitura.</p>\n<p>Os seus comentários, sugestões e p…
22  catiassmoreira@gmail.com  Assunto:  Jornal ATRPT maio 2026  G:/.shortcut-targets-by-id/1U63DGZ6urrQl6543DNHJZQR93oRmv-G2/Associados/Comunicação/Jornal ATRPT maio de 2026.pdf  <html><body><p>Junto enviamos o Jornal ATRPT de maio de 2026 para sua leitura.</p>\n<p>Os seus comentários, sugestões e p…
2026-05-08 17:05:42,559 [INFO] presentation.associados.associados_controller - ✅ Ficheiro criado: JornalMaio26.docx_20260508_1705.xlsx
2026-05-08 17:05:42,559 [INFO] presentation.associados.associados_controller - ✅ 905 mensagens preparadas
2026-05-08 17:15:19,610 [INFO] presentation.associados.associados_controller - ✅ Template selecionado: JornalMaio26.docx
2026-05-08 17:15:23,444 [INFO] presentation.associados.associados_controller - ✅ Anexo: Jornal ATRPT maio de 2026.pdf
2026-05-08 17:15:25,880 [INFO] presentation.associados.associados_controller - ✅ Anexos: Jornal ATRPT maio de 2026.pdf
2026-05-08 17:15:31,038 [INFO] presentation.associados.associados_controller - 📄 Ficheiro: Associados.xlsx
2026-05-08 17:15:42,338 [INFO] application.associados.enviar_emails_usecase - Primeiros registos:
                       email                           subject                                                                                                        attachments                                                                                                                   html_body
10     mfsaazevedo@gmail.com  Assunto:  Jornal ATRPT maio 2026  G:/.shortcut-targets-by-id/1U63DGZ6urrQl6543DNHJZQR93oRmv-G2/Associados/Comunicação/Jornal ATRPT maio de 2026.pdf  <html><body><p>Junto enviamos o Jornal ATRPT de maio de 2026 para sua leitura.</p>\n<p>Os seus comentários, sugestões e p…
20   moraisernesto@gmail.com  Assunto:  Jornal ATRPT maio 2026  G:/.shortcut-targets-by-id/1U63DGZ6urrQl6543DNHJZQR93oRmv-G2/Associados/Comunicação/Jornal ATRPT maio de 2026.pdf  <html><body><p>Junto enviamos o Jornal ATRPT de maio de 2026 para sua leitura.</p>\n<p>Os seus comentários, sugestões e p…
22  catiassmoreira@gmail.com  Assunto:  Jornal ATRPT maio 2026  G:/.shortcut-targets-by-id/1U63DGZ6urrQl6543DNHJZQR93oRmv-G2/Associados/Comunicação/Jornal ATRPT maio de 2026.pdf  <html><body><p>Junto enviamos o Jornal ATRPT de maio de 2026 para sua leitura.</p>\n<p>Os seus comentários, sugestões e p…
2026-05-08 17:15:42,640 [INFO] presentation.associados.associados_controller - ✅ Ficheiro criado: JornalMaio26.docx_20260508_1715.xlsx
2026-05-08 17:15:42,640 [INFO] presentation.associados.associados_controller - ✅ 905 mensagens preparadas
2026-05-08 17:15:48,655 [INFO] presentation.associados.associados_controller - ✅ 59 duplicado(s) removido(s). Restam 846 destinatários.
2026-05-08 17:15:59,367 [INFO] presentation.associados.associados_controller - 🔍 Analisando mensagens...
2026-05-08 17:15:59,555 [INFO] presentation.associados.associados_controller - 
📊 Estatísticas:
2026-05-08 17:15:59,565 [INFO] presentation.associados.associados_controller -    Total: 846
2026-05-08 17:15:59,565 [INFO] presentation.associados.associados_controller -    Válidos: 846
2026-05-08 17:15:59,565 [INFO] presentation.associados.associados_controller -    Inválidos: 0
2026-05-08 17:37:40,249 [INFO] presentation.associados.associados_controller - ✅ Template selecionado: JornalMaio26.docx
2026-05-08 17:37:44,040 [INFO] presentation.associados.associados_controller - ✅ Anexo: Jornal ATRPT maio de 2026.pdf
2026-05-08 17:37:46,152 [INFO] presentation.associados.associados_controller - ✅ Anexos: Jornal ATRPT maio de 2026.pdf
2026-05-08 17:37:54,591 [INFO] presentation.associados.associados_controller - 📄 Ficheiro: Associados.xlsx
2026-05-08 17:38:05,797 [INFO] application.associados.enviar_emails_usecase - Primeiros registos:
                       email                           subject                                                                                                        attachments                                                                                                                   html_body
10     mfsaazevedo@gmail.com  Assunto:  Jornal ATRPT maio 2026  G:/.shortcut-targets-by-id/1U63DGZ6urrQl6543DNHJZQR93oRmv-G2/Associados/Comunicação/Jornal ATRPT maio de 2026.pdf  <html><body><p>Junto enviamos o Jornal ATRPT de maio de 2026 para sua leitura.</p>\n<p>Os seus comentários, sugestões e p…
20   moraisernesto@gmail.com  Assunto:  Jornal ATRPT maio 2026  G:/.shortcut-targets-by-id/1U63DGZ6urrQl6543DNHJZQR93oRmv-G2/Associados/Comunicação/Jornal ATRPT maio de 2026.pdf  <html><body><p>Junto enviamos o Jornal ATRPT de maio de 2026 para sua leitura.</p>\n<p>Os seus comentários, sugestões e p…
22  catiassmoreira@gmail.com  Assunto:  Jornal ATRPT maio 2026  G:/.shortcut-targets-by-id/1U63DGZ6urrQl6543DNHJZQR93oRmv-G2/Associados/Comunicação/Jornal ATRPT maio de 2026.pdf  <html><body><p>Junto enviamos o Jornal ATRPT de maio de 2026 para sua leitura.</p>\n<p>Os seus comentários, sugestões e p…
2026-05-08 17:38:06,101 [INFO] presentation.associados.associados_controller - ✅ Ficheiro criado: JornalMaio26.docx_20260508_1738.xlsx
2026-05-08 17:38:06,102 [INFO] presentation.associados.associados_controller - ✅ 905 mensagens preparadas
2026-05-08 17:38:09,435 [INFO] presentation.associados.associados_controller - ✅ 59 duplicado(s) removido(s). Restam 846 destinatários.
2026-05-08 17:38:22,039 [INFO] presentation.associados.associados_controller - 🔍 Analisando mensagens...
2026-05-08 17:38:22,215 [INFO] presentation.associados.associados_controller - 
📊 Estatísticas:
2026-05-08 17:38:22,215 [INFO] presentation.associados.associados_controller -    Total: 846
2026-05-08 17:38:22,215 [INFO] presentation.associados.associados_controller -    Válidos: 846
2026-05-08 17:38:22,215 [INFO] presentation.associados.associados_controller -    Inválidos: 0
2026-05-08 17:38:26,797 [INFO] presentation.associados.associados_controller - 📧 Iniciando envio de emails...
2026-05-08 17:47:43,885 [INFO] presentation.associados.associados_controller - ✅ Template selecionado: JornalMaio26.docx
2026-05-08 17:47:47,139 [INFO] presentation.associados.associados_controller - ✅ Anexo: Jornal ATRPT maio de 2026.pdf
2026-05-08 17:47:52,062 [INFO] presentation.associados.associados_controller - ✅ Anexos: Jornal ATRPT maio de 2026.pdf
2026-05-08 17:47:59,037 [INFO] presentation.associados.associados_controller - 📄 Ficheiro: Associados.xlsx
2026-05-08 17:48:10,491 [INFO] application.associados.enviar_emails_usecase - Primeiros registos:
                       email                           subject                                                                                                        attachments                                                                                                                   html_body
10     mfsaazevedo@gmail.com  Assunto:  Jornal ATRPT maio 2026  G:/.shortcut-targets-by-id/1U63DGZ6urrQl6543DNHJZQR93oRmv-G2/Associados/Comunicação/Jornal ATRPT maio de 2026.pdf  <html><body><p>Junto enviamos o Jornal ATRPT de maio de 2026 para sua leitura.</p>\n<p>Os seus comentários, sugestões e p…
20   moraisernesto@gmail.com  Assunto:  Jornal ATRPT maio 2026  G:/.shortcut-targets-by-id/1U63DGZ6urrQl6543DNHJZQR93oRmv-G2/Associados/Comunicação/Jornal ATRPT maio de 2026.pdf  <html><body><p>Junto enviamos o Jornal ATRPT de maio de 2026 para sua leitura.</p>\n<p>Os seus comentários, sugestões e p…
22  catiassmoreira@gmail.com  Assunto:  Jornal ATRPT maio 2026  G:/.shortcut-targets-by-id/1U63DGZ6urrQl6543DNHJZQR93oRmv-G2/Associados/Comunicação/Jornal ATRPT maio de 2026.pdf  <html><body><p>Junto enviamos o Jornal ATRPT de maio de 2026 para sua leitura.</p>\n<p>Os seus comentários, sugestões e p…
2026-05-08 17:48:10,798 [INFO] presentation.associados.associados_controller - ✅ Ficheiro criado: JornalMaio26.docx_20260508_1748.xlsx
2026-05-08 17:48:10,798 [INFO] presentation.associados.associados_controller - ✅ 905 mensagens preparadas
2026-05-08 17:48:19,377 [INFO] presentation.associados.associados_controller - ✅ 59 duplicado(s) removido(s). Restam 846 destinatários.
2026-05-08 17:48:23,894 [INFO] presentation.associados.associados_controller - 🔍 Analisando mensagens...
2026-05-08 17:48:24,159 [INFO] presentation.associados.associados_controller - 
📊 Estatísticas:
2026-05-08 17:48:24,176 [INFO] presentation.associados.associados_controller -    Total: 846
2026-05-08 17:48:24,176 [INFO] presentation.associados.associados_controller -    Válidos: 846
2026-05-08 17:48:24,183 [INFO] presentation.associados.associados_controller -    Inválidos: 0
2026-05-08 17:48:28,546 [INFO] presentation.associados.associados_controller - 🔍 Analisando mensagens...
2026-05-08 17:48:28,698 [INFO] presentation.associados.associados_controller - 
📊 Estatísticas:
2026-05-08 17:48:28,698 [INFO] presentation.associados.associados_controller -    Total: 846
2026-05-08 17:48:28,714 [INFO] presentation.associados.associados_controller -    Válidos: 846
2026-05-08 17:48:28,714 [INFO] presentation.associados.associados_controller -    Inválidos: 0
2026-05-08 17:48:33,031 [INFO] presentation.associados.associados_controller - 📧 Iniciando envio de emails...
2026-05-08 17:54:45,413 [INFO] presentation.associados.associados_controller - ✅ Template selecionado: JornalMaio26.docx
2026-05-08 17:54:48,647 [INFO] presentation.associados.associados_controller - ✅ Anexo: Jornal ATRPT maio de 2026.pdf
2026-05-08 17:54:51,403 [INFO] presentation.associados.associados_controller - ✅ Anexos: Jornal ATRPT maio de 2026.pdf
2026-05-08 17:54:56,643 [INFO] presentation.associados.associados_controller - 📄 Ficheiro: Associados.xlsx
2026-05-08 17:55:07,659 [INFO] application.associados.enviar_emails_usecase - Primeiros registos:
                       email                           subject                                                                                                        attachments                                                                                                                   html_body
10     mfsaazevedo@gmail.com  Assunto:  Jornal ATRPT maio 2026  G:/.shortcut-targets-by-id/1U63DGZ6urrQl6543DNHJZQR93oRmv-G2/Associados/Comunicação/Jornal ATRPT maio de 2026.pdf  <html><body><p>Junto enviamos o Jornal ATRPT de maio de 2026 para sua leitura.</p>\n<p>Os seus comentários, sugestões e p…
20   moraisernesto@gmail.com  Assunto:  Jornal ATRPT maio 2026  G:/.shortcut-targets-by-id/1U63DGZ6urrQl6543DNHJZQR93oRmv-G2/Associados/Comunicação/Jornal ATRPT maio de 2026.pdf  <html><body><p>Junto enviamos o Jornal ATRPT de maio de 2026 para sua leitura.</p>\n<p>Os seus comentários, sugestões e p…
22  catiassmoreira@gmail.com  Assunto:  Jornal ATRPT maio 2026  G:/.shortcut-targets-by-id/1U63DGZ6urrQl6543DNHJZQR93oRmv-G2/Associados/Comunicação/Jornal ATRPT maio de 2026.pdf  <html><body><p>Junto enviamos o Jornal ATRPT de maio de 2026 para sua leitura.</p>\n<p>Os seus comentários, sugestões e p…
2026-05-08 17:55:08,007 [INFO] presentation.associados.associados_controller - ✅ Ficheiro criado: JornalMaio26.docx_20260508_1755.xlsx
2026-05-08 17:55:08,007 [INFO] presentation.associados.associados_controller - ✅ 905 mensagens preparadas
2026-05-08 17:55:12,273 [INFO] presentation.associados.associados_controller - ✅ 59 duplicado(s) removido(s). Restam 846 destinatários.
2026-05-08 17:55:15,840 [INFO] presentation.associados.associados_controller - 🔍 Analisando mensagens...
2026-05-08 17:55:16,021 [INFO] presentation.associados.associados_controller - 
📊 Estatísticas:
2026-05-08 17:55:16,031 [INFO] presentation.associados.associados_controller -    Total: 846
2026-05-08 17:55:16,038 [INFO] presentation.associados.associados_controller -    Válidos: 846
2026-05-08 17:55:16,038 [INFO] presentation.associados.associados_controller -    Inválidos: 0
2026-05-08 17:55:19,020 [INFO] presentation.associados.associados_controller - 📧 Iniciando envio de emails...
2026-05-08 17:55:19,270 [INFO] presentation.associados.associados_controller - 🚀 Iniciando envio de 846 emails
2026-05-08 17:55:19,287 [INFO] application.email.email_sender - LOTE 1/17 — 50 emails
2026-05-08 17:55:19,287 [INFO] presentation.associados.associados_controller - 
📦 LOTE 1/17 — 50 emails
2026-05-08 17:55:19,654 [INFO] application.email.email_sender - SMTP conectado para lote 1
2026-05-08 17:55:21,155 [INFO] application.email.email_sender - [1/846] OK → mfsaazevedo@gmail.com
2026-05-08 17:55:21,171 [INFO] presentation.associados.associados_controller - [1/846] OK → mfsaazevedo@gmail.com
2026-05-08 17:55:34,004 [INFO] application.email.email_sender - [2/846] OK → moraisernesto@gmail.com
2026-05-08 17:55:34,015 [INFO] presentation.associados.associados_controller - [2/846] OK → moraisernesto@gmail.com
2026-05-08 17:55:43,504 [INFO] application.email.email_sender - [3/846] OK → catiassmoreira@gmail.com
2026-05-08 17:55:43,516 [INFO] presentation.associados.associados_controller - [3/846] OK → catiassmoreira@gmail.com
2026-05-08 17:55:49,360 [INFO] application.email.email_sender - [4/846] OK → americoclino@gmail.com
2026-05-08 17:55:49,369 [INFO] presentation.associados.associados_controller - [4/846] OK → americoclino@gmail.com
2026-05-08 17:55:57,144 [INFO] application.email.email_sender - [5/846] OK → alinamanuelamartins@gmail.com
2026-05-08 17:55:57,154 [INFO] presentation.associados.associados_controller - [5/846] OK → alinamanuelamartins@gmail.com
2026-05-08 17:56:01,823 [INFO] application.email.email_sender - [6/846] OK → sandranestor@gmail.com
2026-05-08 17:56:01,833 [INFO] presentation.associados.associados_controller - [6/846] OK → sandranestor@gmail.com
2026-05-08 17:56:11,604 [INFO] application.email.email_sender - [7/846] OK → antonio.a.ribeiro@sapo.pt
2026-05-08 17:56:11,618 [INFO] presentation.associados.associados_controller - [7/846] OK → antonio.a.ribeiro@sapo.pt
2026-05-08 17:56:20,386 [INFO] application.email.email_sender - [8/846] OK → florindapsousa11@sapo.pt
2026-05-08 17:56:20,386 [INFO] presentation.associados.associados_controller - [8/846] OK → florindapsousa11@sapo.pt
2026-05-08 17:56:25,510 [INFO] application.email.email_sender - [9/846] OK → familia.leal.tavares@gmail.com
2026-05-08 17:56:25,518 [INFO] presentation.associados.associados_controller - [9/846] OK → familia.leal.tavares@gmail.com
2026-05-08 17:56:32,258 [INFO] application.email.email_sender - [10/846] OK → ze.luis.araujo@gmail.com
2026-05-08 17:56:32,258 [INFO] presentation.associados.associados_controller - [10/846] OK → ze.luis.araujo@gmail.com
2026-05-08 17:56:40,258 [INFO] application.email.email_sender - [11/846] OK → afsantos301@sapo.pt
2026-05-08 17:56:40,258 [INFO] presentation.associados.associados_controller - [11/846] OK → afsantos301@sapo.pt
2026-05-08 17:56:46,825 [INFO] application.email.email_sender - [12/846] OK → mpassaro@sapo.pt
2026-05-08 17:56:46,841 [INFO] presentation.associados.associados_controller - [12/846] OK → mpassaro@sapo.pt
2026-05-08 17:56:51,175 [INFO] application.email.email_sender - [13/846] OK → joaquim.meneses@gmail.com
2026-05-08 17:56:51,185 [INFO] presentation.associados.associados_controller - [13/846] OK → joaquim.meneses@gmail.com
2026-05-08 17:56:58,985 [INFO] application.email.email_sender - [14/846] OK → jose.fernando.silva.pereira@gmail.com
2026-05-08 17:56:59,001 [INFO] presentation.associados.associados_controller - [14/846] OK → jose.fernando.silva.pereira@gmail.com
2026-05-08 17:57:08,120 [INFO] application.email.email_sender - [15/846] OK → custodiobeleza@hotmail.com
2026-05-08 17:57:08,136 [INFO] presentation.associados.associados_controller - [15/846] OK → custodiobeleza@hotmail.com
2026-05-08 18:02:44,340 [INFO] presentation.associados.associados_controller - ✅ Template selecionado: JornalMaio26.docx
2026-05-08 18:03:03,529 [INFO] presentation.associados.associados_controller - ✅ Anexo: Jornal ATRPT maio de 2026.pdf
2026-05-08 18:03:05,836 [INFO] presentation.associados.associados_controller - ✅ Anexos: Jornal ATRPT maio de 2026.pdf
2026-05-08 18:03:11,872 [INFO] presentation.associados.associados_controller - 📄 Ficheiro: Associados.xlsx
2026-05-08 18:03:23,135 [INFO] application.associados.enviar_emails_usecase - Primeiros registos:
                       email                           subject                                                                                                        attachments                                                                                                                   html_body
10     mfsaazevedo@gmail.com  Assunto:  Jornal ATRPT maio 2026  G:/.shortcut-targets-by-id/1U63DGZ6urrQl6543DNHJZQR93oRmv-G2/Associados/Comunicação/Jornal ATRPT maio de 2026.pdf  <html><body><p>Junto enviamos o Jornal ATRPT de maio de 2026 para sua leitura.</p>\n<p>Os seus comentários, sugestões e p…
20   moraisernesto@gmail.com  Assunto:  Jornal ATRPT maio 2026  G:/.shortcut-targets-by-id/1U63DGZ6urrQl6543DNHJZQR93oRmv-G2/Associados/Comunicação/Jornal ATRPT maio de 2026.pdf  <html><body><p>Junto enviamos o Jornal ATRPT de maio de 2026 para sua leitura.</p>\n<p>Os seus comentários, sugestões e p…
22  catiassmoreira@gmail.com  Assunto:  Jornal ATRPT maio 2026  G:/.shortcut-targets-by-id/1U63DGZ6urrQl6543DNHJZQR93oRmv-G2/Associados/Comunicação/Jornal ATRPT maio de 2026.pdf  <html><body><p>Junto enviamos o Jornal ATRPT de maio de 2026 para sua leitura.</p>\n<p>Os seus comentários, sugestões e p…
2026-05-08 18:03:23,440 [INFO] presentation.associados.associados_controller - ✅ Ficheiro criado: JornalMaio26.docx_20260508_1803.xlsx
2026-05-08 18:03:23,440 [INFO] presentation.associados.associados_controller - ✅ 905 mensagens preparadas
2026-05-08 18:03:27,890 [INFO] presentation.associados.associados_controller - ✅ 59 duplicado(s) removido(s). Restam 846 destinatários.
2026-05-08 18:03:32,403 [INFO] presentation.associados.associados_controller - 🔍 Analisando mensagens...
2026-05-08 18:03:32,653 [INFO] presentation.associados.associados_controller - 
📊 Estatísticas:
2026-05-08 18:03:32,669 [INFO] presentation.associados.associados_controller -    Total: 846
2026-05-08 18:03:32,669 [INFO] presentation.associados.associados_controller -    Válidos: 846
2026-05-08 18:03:32,669 [INFO] presentation.associados.associados_controller -    Inválidos: 0
2026-05-08 18:03:36,617 [INFO] presentation.associados.associados_controller - 📧 Iniciando envio de emails...
2026-05-08 18:03:36,857 [INFO] presentation.associados.associados_controller - 🚀 Iniciando envio de 846 emails
2026-05-08 18:03:36,873 [INFO] application.email.email_sender - LOTE 1/17 — 50 emails
2026-05-08 18:03:36,873 [INFO] presentation.associados.associados_controller - 
📦 LOTE 1/17 — 50 emails
2026-05-08 18:03:37,256 [INFO] application.email.email_sender - SMTP conectado para lote 1
2026-05-08 18:03:38,088 [INFO] application.email.email_sender - [1/846] OK → mfsaazevedo@gmail.com
2026-05-08 18:03:38,104 [INFO] presentation.associados.associados_controller - [1/846] OK → mfsaazevedo@gmail.com
2026-05-08 18:04:06,621 [INFO] application.email.email_sender - [2/846] OK → moraisernesto@gmail.com
2026-05-08 18:04:06,621 [INFO] presentation.associados.associados_controller - [2/846] OK → moraisernesto@gmail.com
2026-05-08 18:04:30,844 [INFO] application.email.email_sender - [3/846] OK → catiassmoreira@gmail.com
2026-05-08 18:04:30,849 [INFO] presentation.associados.associados_controller - [3/846] OK → catiassmoreira@gmail.com
2026-05-08 18:04:42,864 [INFO] application.email.email_sender - [4/846] OK → americoclino@gmail.com
2026-05-08 18:04:42,884 [INFO] presentation.associados.associados_controller - [4/846] OK → americoclino@gmail.com
2026-05-08 18:04:54,172 [INFO] application.email.email_sender - [5/846] OK → alinamanuelamartins@gmail.com
2026-05-08 18:04:54,174 [INFO] presentation.associados.associados_controller - [5/846] OK → alinamanuelamartins@gmail.com
2026-05-08 18:05:02,101 [INFO] application.email.email_sender - [6/846] OK → sandranestor@gmail.com
2026-05-08 18:05:02,106 [INFO] presentation.associados.associados_controller - [6/846] OK → sandranestor@gmail.com
2026-05-08 18:05:07,276 [INFO] application.email.email_sender - [7/846] OK → antonio.a.ribeiro@sapo.pt
2026-05-08 18:05:07,292 [INFO] presentation.associados.associados_controller - [7/846] OK → antonio.a.ribeiro@sapo.pt
2026-05-08 18:05:14,903 [INFO] application.email.email_sender - [8/846] OK → florindapsousa11@sapo.pt
2026-05-08 18:05:14,909 [INFO] presentation.associados.associados_controller - [8/846] OK → florindapsousa11@sapo.pt
2026-05-08 18:05:24,485 [INFO] application.email.email_sender - [9/846] OK → familia.leal.tavares@gmail.com
2026-05-08 18:05:24,492 [INFO] presentation.associados.associados_controller - [9/846] OK → familia.leal.tavares@gmail.com
2026-05-08 18:05:33,676 [INFO] application.email.email_sender - [10/846] OK → ze.luis.araujo@gmail.com
2026-05-08 18:05:33,676 [INFO] presentation.associados.associados_controller - [10/846] OK → ze.luis.araujo@gmail.com
2026-05-08 18:05:43,049 [INFO] application.email.email_sender - [11/846] OK → afsantos301@sapo.pt
2026-05-08 18:05:43,062 [INFO] presentation.associados.associados_controller - [11/846] OK → afsantos301@sapo.pt
2026-05-08 18:05:48,373 [INFO] application.email.email_sender - [12/846] OK → mpassaro@sapo.pt
2026-05-08 18:05:48,379 [INFO] presentation.associados.associados_controller - [12/846] OK → mpassaro@sapo.pt
2026-05-08 18:05:54,523 [INFO] application.email.email_sender - [13/846] OK → joaquim.meneses@gmail.com
2026-05-08 18:05:54,530 [INFO] presentation.associados.associados_controller - [13/846] OK → joaquim.meneses@gmail.com
2026-05-08 18:06:01,594 [INFO] application.email.email_sender - [14/846] OK → jose.fernando.silva.pereira@gmail.com
2026-05-08 18:06:01,602 [INFO] presentation.associados.associados_controller - [14/846] OK → jose.fernando.silva.pereira@gmail.com
2026-05-08 18:06:08,124 [INFO] application.email.email_sender - [15/846] OK → custodiobeleza@hotmail.com
2026-05-08 18:06:08,134 [INFO] presentation.associados.associados_controller - [15/846] OK → custodiobeleza@hotmail.com
2026-05-08 18:06:15,633 [INFO] application.email.email_sender - [16/846] OK → joaquim.m.andrade@gmail.com
2026-05-08 18:06:15,643 [INFO] presentation.associados.associados_controller - [16/846] OK → joaquim.m.andrade@gmail.com
2026-05-08 18:06:24,745 [INFO] application.email.email_sender - [17/846] OK → amsrocha1955@gmail.com
2026-05-08 18:06:24,757 [INFO] presentation.associados.associados_controller - [17/846] OK → amsrocha1955@gmail.com
2026-05-08 18:06:33,408 [INFO] application.email.email_sender - [18/846] OK → av.moreira@sapo.pt
2026-05-08 18:06:33,413 [INFO] presentation.associados.associados_controller - [18/846] OK → av.moreira@sapo.pt
2026-05-08 18:06:40,989 [INFO] application.email.email_sender - [19/846] OK → docemariaclementina@gmail.com
2026-05-08 18:06:40,993 [INFO] presentation.associados.associados_controller - [19/846] OK → docemariaclementina@gmail.com
2026-05-08 18:06:50,343 [INFO] application.email.email_sender - [20/846] OK → rmgbarbosa@gmail.com
2026-05-08 18:06:50,351 [INFO] presentation.associados.associados_controller - [20/846] OK → rmgbarbosa@gmail.com
2026-05-08 18:06:56,373 [INFO] application.email.email_sender - [21/846] OK → branquinhoramos@sapo.pt
2026-05-08 18:06:56,385 [INFO] presentation.associados.associados_controller - [21/846] OK → branquinhoramos@sapo.pt
2026-05-08 18:07:05,238 [INFO] application.email.email_sender - [22/846] OK → jabarros@sapo.pt
2026-05-08 18:07:05,248 [INFO] presentation.associados.associados_controller - [22/846] OK → jabarros@sapo.pt
2026-05-08 18:07:12,674 [INFO] application.email.email_sender - [23/846] OK → jorgeteixeira55@sapo.pt
2026-05-08 18:07:12,683 [INFO] presentation.associados.associados_controller - [23/846] OK → jorgeteixeira55@sapo.pt
2026-05-08 18:07:19,333 [INFO] application.email.email_sender - [24/846] OK → suzanaflopes@gmail.com
2026-05-08 18:07:19,336 [INFO] presentation.associados.associados_controller - [24/846] OK → suzanaflopes@gmail.com
2026-05-08 18:07:23,461 [INFO] application.email.email_sender - [25/846] OK → maria.e.b.c.m.andrade@gmail.com
2026-05-08 18:07:23,463 [INFO] presentation.associados.associados_controller - [25/846] OK → maria.e.b.c.m.andrade@gmail.com
2026-05-08 18:07:27,963 [INFO] application.email.email_sender - [26/846] OK → mariarodriguessousa@sapo.pt
2026-05-08 18:07:27,976 [INFO] presentation.associados.associados_controller - [26/846] OK → mariarodriguessousa@sapo.pt
2026-05-08 18:07:37,006 [INFO] application.email.email_sender - [27/846] OK → alcino-gomes@outlook.com
2026-05-08 18:07:37,013 [INFO] presentation.associados.associados_controller - [27/846] OK → alcino-gomes@outlook.com
2026-05-08 18:07:41,083 [INFO] application.email.email_sender - [28/846] OK → josemendo@sapo.pt
2026-05-08 18:07:41,087 [INFO] presentation.associados.associados_controller - [28/846] OK → josemendo@sapo.pt
2026-05-08 18:07:48,485 [INFO] application.email.email_sender - [29/846] OK → gabriel.silva1946@hotmail.com
2026-05-08 18:07:48,493 [INFO] presentation.associados.associados_controller - [29/846] OK → gabriel.silva1946@hotmail.com
2026-05-08 18:07:52,799 [INFO] application.email.email_sender - [30/846] OK → diaconojorgemanuelmoreira@gmail.com
2026-05-08 18:07:52,803 [INFO] presentation.associados.associados_controller - [30/846] OK → diaconojorgemanuelmoreira@gmail.com
2026-05-08 18:07:58,333 [INFO] application.email.email_sender - [31/846] OK → carolina.rendeiro65@gmail.com
2026-05-08 18:07:58,333 [INFO] presentation.associados.associados_controller - [31/846] OK → carolina.rendeiro65@gmail.com
2026-05-08 18:08:04,884 [INFO] application.email.email_sender - [32/846] OK → jabf.guitarra@gmail.com
2026-05-08 18:08:04,894 [INFO] presentation.associados.associados_controller - [32/846] OK → jabf.guitarra@gmail.com
2026-05-08 18:08:14,653 [INFO] application.email.email_sender - [33/846] OK → luisfrsilva@gmail.com
2026-05-08 18:08:14,663 [INFO] presentation.associados.associados_controller - [33/846] OK → luisfrsilva@gmail.com
2026-05-08 18:08:18,759 [INFO] application.email.email_sender - [34/846] OK → josesista1959@gmail.com
2026-05-08 18:08:18,763 [INFO] presentation.associados.associados_controller - [34/846] OK → josesista1959@gmail.com
2026-05-08 18:08:24,513 [INFO] application.email.email_sender - [35/846] OK → claradcosta@hotmail.com
2026-05-08 18:08:24,523 [INFO] presentation.associados.associados_controller - [35/846] OK → claradcosta@hotmail.com
2026-05-08 18:08:30,905 [INFO] application.email.email_sender - [36/846] OK → migueljesussilva@sapo.pt
2026-05-08 18:08:30,919 [INFO] presentation.associados.associados_controller - [36/846] OK → migueljesussilva@sapo.pt
2026-05-08 18:08:39,443 [INFO] application.email.email_sender - [37/846] OK → andradefmn@gmail.com
2026-05-08 18:08:39,451 [INFO] presentation.associados.associados_controller - [37/846] OK → andradefmn@gmail.com
2026-05-08 18:08:48,323 [INFO] application.email.email_sender - [38/846] OK → jorge46maciel@gmail.com
2026-05-08 18:08:48,333 [INFO] presentation.associados.associados_controller - [38/846] OK → jorge46maciel@gmail.com
2026-05-08 18:08:57,360 [INFO] application.email.email_sender - [39/846] OK → antonia.cardoso@gmail.com
2026-05-08 18:08:57,364 [INFO] presentation.associados.associados_controller - [39/846] OK → antonia.cardoso@gmail.com
2026-05-08 18:09:06,625 [INFO] application.email.email_sender - [40/846] OK → henriquecosta1947@gmail.com
2026-05-08 18:09:06,640 [INFO] presentation.associados.associados_controller - [40/846] OK → henriquecosta1947@gmail.com
2026-05-08 18:09:13,502 [INFO] application.email.email_sender - max_por_conexao (40) atingido — a reconectar
2026-05-08 18:09:13,507 [INFO] presentation.associados.associados_controller - 🔄 Reconexão SMTP (limite de 40 por sessão)
2026-05-08 18:09:23,354 [INFO] application.email.email_sender - [41/846] OK → soarespinto36@gmail.com
2026-05-08 18:09:23,369 [INFO] presentation.associados.associados_controller - [41/846] OK → soarespinto36@gmail.com
2026-05-08 18:09:33,915 [INFO] application.email.email_sender - [42/846] OK → zel.torres@gmail.com
2026-05-08 18:09:33,917 [INFO] presentation.associados.associados_controller - [42/846] OK → zel.torres@gmail.com
2026-05-08 18:09:49,273 [INFO] application.email.email_sender - [43/846] OK → eferreira1949@gmail.com
2026-05-08 18:09:49,278 [INFO] presentation.associados.associados_controller - [43/846] OK → eferreira1949@gmail.com
2026-05-08 18:10:00,291 [INFO] application.email.email_sender - [44/846] OK → mmargaridafonseca46@gmail.com
2026-05-08 18:10:00,300 [INFO] presentation.associados.associados_controller - [44/846] OK → mmargaridafonseca46@gmail.com
2026-05-08 18:10:16,204 [INFO] application.email.email_sender - [45/846] OK → mariadelurdessalgueiro@gmail.com
2026-05-08 18:10:16,206 [INFO] presentation.associados.associados_controller - [45/846] OK → mariadelurdessalgueiro@gmail.com
2026-05-08 18:10:30,936 [INFO] application.email.email_sender - [46/846] OK → santos1080235@gmail.com
2026-05-08 18:10:30,939 [INFO] presentation.associados.associados_controller - [46/846] OK → santos1080235@gmail.com
2026-05-08 18:10:41,377 [INFO] application.email.email_sender - [47/846] OK → mada-lena_57@hotmail.com
2026-05-08 18:10:41,383 [INFO] presentation.associados.associados_controller - [47/846] OK → mada-lena_57@hotmail.com
2026-05-08 18:10:53,354 [INFO] application.email.email_sender - [48/846] OK → maria.lurdes.sousa@hotmail.com
2026-05-08 18:10:53,357 [INFO] presentation.associados.associados_controller - [48/846] OK → maria.lurdes.sousa@hotmail.com
2026-05-08 18:11:06,135 [INFO] application.email.email_sender - [49/846] OK → silvamariajose55@gmail.com
2026-05-08 18:11:06,150 [INFO] presentation.associados.associados_controller - [49/846] OK → silvamariajose55@gmail.com
2026-05-08 18:11:21,613 [INFO] application.email.email_sender - [50/846] OK → mc.horaferreira@gmail.com
2026-05-08 18:11:21,629 [INFO] presentation.associados.associados_controller - [50/846] OK → mc.horaferreira@gmail.com
2026-05-08 18:11:26,278 [INFO] application.email.email_sender - SMTP desconectado após lote 1
2026-05-08 18:11:26,944 [INFO] application.email.email_sender - 💾 Guardado (lote 1)
2026-05-08 18:11:26,963 [INFO] presentation.associados.associados_controller - 💾 Guardado (lote 1)
2026-05-08 18:11:26,963 [INFO] application.email.email_sender - Pausa de 136s antes do lote 2
2026-05-08 18:11:26,977 [INFO] presentation.associados.associados_controller - 
⏸️ Pausa de 136s antes do próximo lote...
2026-05-08 18:13:43,567 [INFO] application.email.email_sender - LOTE 2/17 — 50 emails
2026-05-08 18:13:43,571 [INFO] presentation.associados.associados_controller - 
📦 LOTE 2/17 — 50 emails
2026-05-08 18:13:44,173 [INFO] application.email.email_sender - SMTP conectado para lote 2
2026-05-08 18:13:45,083 [INFO] application.email.email_sender - [51/846] OK → gloriasantosster@gmail.com
2026-05-08 18:13:45,099 [INFO] presentation.associados.associados_controller - [51/846] OK → gloriasantosster@gmail.com
2026-05-08 18:14:01,534 [INFO] application.email.email_sender - [52/846] OK → emiliaribeiropinto@gmail.com
2026-05-08 18:14:01,543 [INFO] presentation.associados.associados_controller - [52/846] OK → emiliaribeiropinto@gmail.com
2026-05-08 18:14:12,813 [INFO] application.email.email_sender - [53/846] OK → mhelena.cunha@sapo.pt
2026-05-08 18:14:12,822 [INFO] presentation.associados.associados_controller - [53/846] OK → mhelena.cunha@sapo.pt
2026-05-08 18:14:27,917 [INFO] application.email.email_sender - [54/846] OK → libania.felix@gmail.com
2026-05-08 18:14:27,923 [INFO] presentation.associados.associados_controller - [54/846] OK → libania.felix@gmail.com
2026-05-08 18:14:35,413 [INFO] application.email.email_sender - [55/846] OK → piedaderapososilvestre@gmail.com
2026-05-08 18:14:35,413 [INFO] presentation.associados.associados_controller - [55/846] OK → piedaderapososilvestre@gmail.com
2026-05-08 18:14:44,613 [INFO] application.email.email_sender - [56/846] OK → abilio.aires@gmail.com
2026-05-08 18:14:44,623 [INFO] presentation.associados.associados_controller - [56/846] OK → abilio.aires@gmail.com
2026-05-08 18:14:51,393 [INFO] application.email.email_sender - [57/846] OK → almargo17@gmail.com
2026-05-08 18:14:51,393 [INFO] presentation.associados.associados_controller - [57/846] OK → almargo17@gmail.com
2026-05-08 18:14:59,754 [INFO] application.email.email_sender - [58/846] OK → misinha.rocha@hotmail.com
2026-05-08 18:14:59,758 [INFO] presentation.associados.associados_controller - [58/846] OK → misinha.rocha@hotmail.com
2026-05-08 18:15:04,136 [INFO] application.email.email_sender - [59/846] OK → gracinda.cruz@hotmail.com
2026-05-08 18:15:04,136 [INFO] presentation.associados.associados_controller - [59/846] OK → gracinda.cruz@hotmail.com
2026-05-08 18:15:08,201 [INFO] application.email.email_sender - [60/846] OK → jose.trofa@gmail.com
2026-05-08 18:15:08,201 [INFO] presentation.associados.associados_controller - [60/846] OK → jose.trofa@gmail.com
2026-05-08 18:15:17,864 [INFO] application.email.email_sender - [61/846] OK → antoniogomesrosa@gmail.com
2026-05-08 18:15:17,864 [INFO] presentation.associados.associados_controller - [61/846] OK → antoniogomesrosa@gmail.com
2026-05-08 18:15:24,827 [INFO] application.email.email_sender - [62/846] OK → adeolinda@gmail.com
2026-05-08 18:15:24,828 [INFO] presentation.associados.associados_controller - [62/846] OK → adeolinda@gmail.com
2026-05-08 18:15:33,277 [INFO] application.email.email_sender - [63/846] OK → dinapeleteiro@sapo.pt
2026-05-08 18:15:33,283 [INFO] presentation.associados.associados_controller - [63/846] OK → dinapeleteiro@sapo.pt
2026-05-08 18:15:42,421 [INFO] application.email.email_sender - [64/846] OK → vmcarvalho339@gmail.com
2026-05-08 18:15:42,422 [INFO] presentation.associados.associados_controller - [64/846] OK → vmcarvalho339@gmail.com
2026-05-08 18:15:50,818 [INFO] application.email.email_sender - [65/846] OK → beira.de.matos@sapo.pt
2026-05-08 18:15:50,830 [INFO] presentation.associados.associados_controller - [65/846] OK → beira.de.matos@sapo.pt
2026-05-08 18:15:58,835 [INFO] application.email.email_sender - [66/846] OK → adelaidealmeida251942@gmail.com
2026-05-08 18:15:58,849 [INFO] presentation.associados.associados_controller - [66/846] OK → adelaidealmeida251942@gmail.com
2026-05-08 18:16:05,233 [INFO] application.email.email_sender - [67/846] OK → balbinamendonca@gmail.com
2026-05-08 18:16:05,248 [INFO] presentation.associados.associados_controller - [67/846] OK → balbinamendonca@gmail.com
2026-05-08 18:16:14,445 [INFO] application.email.email_sender - [68/846] OK → manuelgomespereira40@gmail.com
2026-05-08 18:16:14,452 [INFO] presentation.associados.associados_controller - [68/846] OK → manuelgomespereira40@gmail.com
2026-05-08 18:16:20,067 [INFO] application.email.email_sender - [69/846] OK → augmarques@sapo.pt
2026-05-08 18:16:20,081 [INFO] presentation.associados.associados_controller - [69/846] OK → augmarques@sapo.pt
2026-05-08 18:16:28,207 [INFO] application.email.email_sender - [70/846] OK → ines.fonseca@live.com.pt
2026-05-08 18:16:28,207 [INFO] presentation.associados.associados_controller - [70/846] OK → ines.fonseca@live.com.pt
2026-05-08 18:16:35,069 [INFO] application.email.email_sender - [71/846] OK → carmindalopes51@gmail.com
2026-05-08 18:16:35,071 [INFO] presentation.associados.associados_controller - [71/846] OK → carmindalopes51@gmail.com
2026-05-08 18:16:44,368 [INFO] application.email.email_sender - [72/846] OK → mcosta074@gmail.com
2026-05-08 18:16:44,368 [INFO] presentation.associados.associados_controller - [72/846] OK → mcosta074@gmail.com
2026-05-08 18:16:48,500 [INFO] application.email.email_sender - [73/846] OK → vitortava@gmail.com
2026-05-08 18:16:48,500 [INFO] presentation.associados.associados_controller - [73/846] OK → vitortava@gmail.com
2026-05-08 18:16:57,114 [INFO] application.email.email_sender - [74/846] OK → ceciliacoutomartins@hotmail.com
2026-05-08 18:16:57,124 [INFO] presentation.associados.associados_controller - [74/846] OK → ceciliacoutomartins@hotmail.com
2026-05-08 18:17:06,527 [INFO] application.email.email_sender - [75/846] OK → celestealvessilva42@gmail.com
2026-05-08 18:17:06,527 [INFO] presentation.associados.associados_controller - [75/846] OK → celestealvessilva42@gmail.com
2026-05-08 18:17:11,463 [INFO] application.email.email_sender - [76/846] OK → and.oliveira78@gmail.com
2026-05-08 18:17:11,476 [INFO] presentation.associados.associados_controller - [76/846] OK → and.oliveira78@gmail.com
2026-05-08 18:17:18,323 [INFO] application.email.email_sender - [77/846] OK → mariarosacouto54@gmail.com
2026-05-08 18:17:18,323 [INFO] presentation.associados.associados_controller - [77/846] OK → mariarosacouto54@gmail.com
2026-05-08 18:17:27,787 [INFO] application.email.email_sender - [78/846] OK → franclim.neto@sapo.pt
2026-05-08 18:17:27,803 [INFO] presentation.associados.associados_controller - [78/846] OK → franclim.neto@sapo.pt
2026-05-08 18:17:31,736 [INFO] application.email.email_sender - [79/846] OK → borgesalzira@gmail.com
2026-05-08 18:17:31,736 [INFO] presentation.associados.associados_controller - [79/846] OK → borgesalzira@gmail.com
2026-05-08 18:17:36,053 [INFO] application.email.email_sender - [80/846] OK → ilidiosantossilva@hotmail.com
2026-05-08 18:17:36,053 [INFO] presentation.associados.associados_controller - [80/846] OK → ilidiosantossilva@hotmail.com
2026-05-08 18:17:43,774 [INFO] application.email.email_sender - [81/846] OK → berialucia@gmail.com
2026-05-08 18:17:43,786 [INFO] presentation.associados.associados_controller - [81/846] OK → berialucia@gmail.com
2026-05-08 18:17:50,895 [INFO] application.email.email_sender - [82/846] OK → antoniopereira011957@gmail.com
2026-05-08 18:17:50,911 [INFO] presentation.associados.associados_controller - [82/846] OK → antoniopereira011957@gmail.com
2026-05-08 18:17:56,411 [INFO] application.email.email_sender - [83/846] OK → vilacaferreira@sapo.pt
2026-05-08 18:17:56,414 [INFO] presentation.associados.associados_controller - [83/846] OK → vilacaferreira@sapo.pt
2026-05-08 18:18:01,926 [INFO] application.email.email_sender - [84/846] OK → lopes.candido@gmail.com
2026-05-08 18:18:01,936 [INFO] presentation.associados.associados_controller - [84/846] OK → lopes.candido@gmail.com
2026-05-08 18:18:06,341 [INFO] application.email.email_sender - [85/846] OK → maria_teresa@sapo.pt
2026-05-08 18:18:06,341 [INFO] presentation.associados.associados_controller - [85/846] OK → maria_teresa@sapo.pt
2026-05-08 18:18:11,259 [INFO] application.email.email_sender - [86/846] OK → nanda.tartaro@gmail.com
2026-05-08 18:18:11,275 [INFO] presentation.associados.associados_controller - [86/846] OK → nanda.tartaro@gmail.com
2026-05-08 18:18:18,105 [INFO] application.email.email_sender - [87/846] OK → franciscopereirapt1@gmail.com
2026-05-08 18:18:18,121 [INFO] presentation.associados.associados_controller - [87/846] OK → franciscopereirapt1@gmail.com
2026-05-08 18:18:24,221 [INFO] application.email.email_sender - [88/846] OK → antoniojosepereira56@gmail.com
2026-05-08 18:18:24,221 [INFO] presentation.associados.associados_controller - [88/846] OK → antoniojosepereira56@gmail.com
2026-05-08 18:18:33,389 [INFO] application.email.email_sender - [89/846] OK → assuncaotocaguitarra@gmail.com
2026-05-08 18:18:33,405 [INFO] presentation.associados.associados_controller - [89/846] OK → assuncaotocaguitarra@gmail.com
2026-05-08 18:18:41,287 [INFO] application.email.email_sender - [90/846] OK → maria.fafa.monteiro@gmail.com
2026-05-08 18:18:41,303 [INFO] presentation.associados.associados_controller - [90/846] OK → maria.fafa.monteiro@gmail.com
2026-05-08 18:18:47,082 [INFO] application.email.email_sender - max_por_conexao (40) atingido — a reconectar
2026-05-08 18:18:47,082 [INFO] presentation.associados.associados_controller - 🔄 Reconexão SMTP (limite de 40 por sessão)
2026-05-08 18:18:53,196 [INFO] application.email.email_sender - [91/846] OK → marialtribeiro@hotmail.com
2026-05-08 18:18:53,198 [INFO] presentation.associados.associados_controller - [91/846] OK → marialtribeiro@hotmail.com
2026-05-08 18:19:05,619 [INFO] application.email.email_sender - [92/846] OK → sao.71@hotmail.com
2026-05-08 18:19:05,619 [INFO] presentation.associados.associados_controller - [92/846] OK → sao.71@hotmail.com
2026-05-08 18:19:19,029 [INFO] application.email.email_sender - [93/846] OK → giselda-m-silva@sapo.pt
2026-05-08 18:19:19,035 [INFO] presentation.associados.associados_controller - [93/846] OK → giselda-m-silva@sapo.pt
2026-05-08 18:19:34,876 [INFO] application.email.email_sender - [94/846] OK → ju.azevedo93@gmail.com
2026-05-08 18:19:34,887 [INFO] presentation.associados.associados_controller - [94/846] OK → ju.azevedo93@gmail.com
2026-05-08 18:19:44,117 [INFO] application.email.email_sender - [95/846] OK → antoniopbarbosa@sapo.pt
2026-05-08 18:19:44,124 [INFO] presentation.associados.associados_controller - [95/846] OK → antoniopbarbosa@sapo.pt
2026-05-08 18:19:57,700 [INFO] application.email.email_sender - [96/846] OK → m.c.c.r.anjos@gmail.com
2026-05-08 18:19:57,714 [INFO] presentation.associados.associados_controller - [96/846] OK → m.c.c.r.anjos@gmail.com
2026-05-08 18:20:08,835 [INFO] application.email.email_sender - [97/846] OK → adriano.torres.neves@gmail.com
2026-05-08 18:20:08,843 [INFO] presentation.associados.associados_controller - [97/846] OK → adriano.torres.neves@gmail.com
2026-05-08 18:20:24,151 [INFO] application.email.email_sender - [98/846] OK → ruiguerra@sapo.pt
2026-05-08 18:20:24,151 [INFO] presentation.associados.associados_controller - [98/846] OK → ruiguerra@sapo.pt
2026-05-08 18:20:34,305 [INFO] application.email.email_sender - [99/846] OK → luciajesusmoreira@gmail.com
2026-05-08 18:20:34,320 [INFO] presentation.associados.associados_controller - [99/846] OK → luciajesusmoreira@gmail.com
2026-05-08 18:20:48,095 [INFO] application.email.email_sender - [100/846] OK → ascencaosantos@gmail.com
2026-05-08 18:20:48,111 [INFO] presentation.associados.associados_controller - [100/846] OK → ascencaosantos@gmail.com
2026-05-08 18:20:52,025 [INFO] application.email.email_sender - SMTP desconectado após lote 2
2026-05-08 18:20:52,552 [INFO] application.email.email_sender - 💾 Guardado (lote 2)
2026-05-08 18:20:52,552 [INFO] presentation.associados.associados_controller - 💾 Guardado (lote 2)
2026-05-08 18:20:52,568 [INFO] application.email.email_sender - Pausa de 174s antes do lote 3
2026-05-08 18:20:52,568 [INFO] presentation.associados.associados_controller - 
⏸️ Pausa de 174s antes do próximo lote...
2026-05-08 18:23:46,800 [INFO] application.email.email_sender - LOTE 3/17 — 50 emails
2026-05-08 18:23:46,805 [INFO] presentation.associados.associados_controller - 
📦 LOTE 3/17 — 50 emails
2026-05-08 18:23:47,143 [INFO] application.email.email_sender - SMTP conectado para lote 3
2026-05-08 18:23:53,394 [INFO] application.email.email_sender - [101/846] OK → carlosmanuel.mendes@gmail.com
2026-05-08 18:23:53,394 [INFO] presentation.associados.associados_controller - [101/846] OK → carlosmanuel.mendes@gmail.com
2026-05-08 18:24:06,028 [INFO] application.email.email_sender - [102/846] OK → dinasilvapereira1953@gmail.com
2026-05-08 18:24:06,030 [INFO] presentation.associados.associados_controller - [102/846] OK → dinasilvapereira1953@gmail.com
2026-05-08 18:24:21,859 [INFO] application.email.email_sender - [103/846] OK → jinhadamas@gmail.com
2026-05-08 18:24:21,859 [INFO] presentation.associados.associados_controller - [103/846] OK → jinhadamas@gmail.com
2026-05-08 18:24:31,289 [INFO] application.email.email_sender - [104/846] OK → nina.andrade@sapo.pt
2026-05-08 18:24:31,305 [INFO] presentation.associados.associados_controller - [104/846] OK → nina.andrade@sapo.pt
2026-05-08 18:24:42,428 [INFO] application.email.email_sender - [105/846] OK → otiliateixeira@sapo.pt
2026-05-08 18:24:42,430 [INFO] presentation.associados.associados_controller - [105/846] OK → otiliateixeira@sapo.pt
2026-05-08 18:24:52,989 [INFO] application.email.email_sender - [106/846] OK → goncjsilva@sapo.pt
2026-05-08 18:24:52,994 [INFO] presentation.associados.associados_controller - [106/846] OK → goncjsilva@sapo.pt
2026-05-08 18:25:09,104 [INFO] application.email.email_sender - [107/846] OK → as4956771@sapo.pt
2026-05-08 18:25:09,125 [INFO] presentation.associados.associados_controller - [107/846] OK → as4956771@sapo.pt
2026-05-08 18:25:19,158 [INFO] application.email.email_sender - [108/846] OK → 26ruipedro@gmail.com
2026-05-08 18:25:19,161 [INFO] presentation.associados.associados_controller - [108/846] OK → 26ruipedro@gmail.com
2026-05-08 18:25:30,599 [INFO] application.email.email_sender - [109/846] OK → fatima.simoes57@sapo.pt
2026-05-08 18:25:30,599 [INFO] presentation.associados.associados_controller - [109/846] OK → fatima.simoes57@sapo.pt
2026-05-08 18:25:41,008 [INFO] application.email.email_sender - [110/846] OK → constanca_santos@sapo.pt
2026-05-08 18:25:41,026 [INFO] presentation.associados.associados_controller - [110/846] OK → constanca_santos@sapo.pt
2026-05-08 18:25:55,262 [INFO] application.email.email_sender - [111/846] OK → duartemanuelduarte@sapo.pt
2026-05-08 18:25:55,262 [INFO] presentation.associados.associados_controller - [111/846] OK → duartemanuelduarte@sapo.pt
2026-05-08 18:26:05,795 [INFO] application.email.email_sender - [112/846] OK → sousanunes@sapo.pt
2026-05-08 18:26:05,797 [INFO] presentation.associados.associados_controller - [112/846] OK → sousanunes@sapo.pt
2026-05-08 18:26:17,992 [INFO] application.email.email_sender - [113/846] OK → anamariamendes51@sapo.pt
2026-05-08 18:26:18,009 [INFO] presentation.associados.associados_controller - [113/846] OK → anamariamendes51@sapo.pt
2026-05-08 18:26:28,484 [INFO] application.email.email_sender - [114/846] OK → amarquesneves@gmail.com
2026-05-08 18:26:28,484 [INFO] presentation.associados.associados_controller - [114/846] OK → amarquesneves@gmail.com
2026-05-08 18:26:44,163 [INFO] application.email.email_sender - [115/846] OK → mbmhm@sapo.pt
2026-05-08 18:26:44,163 [INFO] presentation.associados.associados_controller - [115/846] OK → mbmhm@sapo.pt
2026-05-08 18:26:58,429 [INFO] application.email.email_sender - [116/846] OK → mcramirescosta@gmail.com
2026-05-08 18:26:58,429 [INFO] presentation.associados.associados_controller - [116/846] OK → mcramirescosta@gmail.com
2026-05-08 18:27:10,970 [INFO] application.email.email_sender - [117/846] OK → manuelamorado3@gmail.com
2026-05-08 18:27:10,970 [INFO] presentation.associados.associados_controller - [117/846] OK → manuelamorado3@gmail.com
2026-05-08 18:27:23,594 [INFO] application.email.email_sender - [118/846] OK → irochamatias@gmail.com
2026-05-08 18:27:23,594 [INFO] presentation.associados.associados_controller - [118/846] OK → irochamatias@gmail.com
2026-05-08 18:27:37,120 [INFO] application.email.email_sender - [119/846] OK → estercorina51@gmail.com
2026-05-08 18:27:37,120 [INFO] presentation.associados.associados_controller - [119/846] OK → estercorina51@gmail.com
2026-05-08 18:27:53,603 [INFO] application.email.email_sender - [120/846] OK → fernando.couto.soares@gmail.com
2026-05-08 18:27:53,612 [INFO] presentation.associados.associados_controller - [120/846] OK → fernando.couto.soares@gmail.com
2026-05-08 18:28:08,437 [INFO] application.email.email_sender - [121/846] OK → jose.a.leocadio@hotmail.com
2026-05-08 18:28:08,437 [INFO] presentation.associados.associados_controller - [121/846] OK → jose.a.leocadio@hotmail.com
2026-05-08 18:28:18,802 [INFO] application.email.email_sender - [122/846] OK → gilda.reis.cunha-10693p@adv.oa.pt
2026-05-08 18:28:18,814 [INFO] presentation.associados.associados_controller - [122/846] OK → gilda.reis.cunha-10693p@adv.oa.pt
2026-05-08 18:28:33,210 [INFO] application.email.email_sender - [123/846] OK → paulamvieira57@sapo.pt
2026-05-08 18:28:33,215 [INFO] presentation.associados.associados_controller - [123/846] OK → paulamvieira57@sapo.pt
2026-05-08 18:28:46,188 [INFO] application.email.email_sender - [124/846] OK → fernandofreitasrangel@gmail.com
2026-05-08 18:28:46,188 [INFO] presentation.associados.associados_controller - [124/846] OK → fernandofreitasrangel@gmail.com
2026-05-08 18:28:58,924 [INFO] application.email.email_sender - [125/846] OK → mendesartesanato@hotmail.com
2026-05-08 18:28:58,924 [INFO] presentation.associados.associados_controller - [125/846] OK → mendesartesanato@hotmail.com
2026-05-08 18:29:12,152 [INFO] application.email.email_sender - [126/846] OK → emmas.flower.shop@hotmail.com
2026-05-08 18:29:12,152 [INFO] presentation.associados.associados_controller - [126/846] OK → emmas.flower.shop@hotmail.com
2026-05-08 18:29:26,610 [INFO] application.email.email_sender - [127/846] OK → eduardosalazar@sapo.pt
2026-05-08 18:29:26,610 [INFO] presentation.associados.associados_controller - [127/846] OK → eduardosalazar@sapo.pt
2026-05-08 18:29:38,507 [INFO] application.email.email_sender - [128/846] OK → abiliosoajo@gmail.com
2026-05-08 18:29:38,519 [INFO] presentation.associados.associados_controller - [128/846] OK → abiliosoajo@gmail.com
2026-05-08 18:29:51,545 [INFO] application.email.email_sender - [129/846] OK → mariajfsilva76@gmail.com
2026-05-08 18:29:51,554 [INFO] presentation.associados.associados_controller - [129/846] OK → mariajfsilva76@gmail.com
2026-05-08 18:30:06,114 [INFO] application.email.email_sender - [130/846] OK → olindacunha3@gmail.com
2026-05-08 18:30:06,129 [INFO] presentation.associados.associados_controller - [130/846] OK → olindacunha3@gmail.com
2026-05-08 18:30:17,494 [INFO] application.email.email_sender - [131/846] OK → manuela.ribeiro.pinto@gmail.com
2026-05-08 18:30:17,494 [INFO] presentation.associados.associados_controller - [131/846] OK → manuela.ribeiro.pinto@gmail.com
2026-05-08 18:30:27,438 [INFO] application.email.email_sender - [132/846] OK → ana.lago.vieira.santos@gmail.com
2026-05-08 18:30:27,456 [INFO] presentation.associados.associados_controller - [132/846] OK → ana.lago.vieira.santos@gmail.com
2026-05-08 18:30:37,409 [INFO] application.email.email_sender - [133/846] OK → matdboliveira@hotmail.com
2026-05-08 18:30:37,411 [INFO] presentation.associados.associados_controller - [133/846] OK → matdboliveira@hotmail.com
2026-05-08 18:30:53,498 [INFO] application.email.email_sender - [134/846] OK → martinho.v@gmail.com
2026-05-08 18:30:53,514 [INFO] presentation.associados.associados_controller - [134/846] OK → martinho.v@gmail.com
2026-05-08 18:31:06,694 [INFO] application.email.email_sender - [135/846] OK → benilde.sousa@sapo.pt
2026-05-08 18:31:06,704 [INFO] presentation.associados.associados_controller - [135/846] OK → benilde.sousa@sapo.pt
2026-05-08 18:31:16,790 [INFO] application.email.email_sender - [136/846] OK → ferrazfernando191@gmail.com
2026-05-08 18:31:16,793 [INFO] presentation.associados.associados_controller - [136/846] OK → ferrazfernando191@gmail.com
2026-05-08 18:31:26,364 [INFO] application.email.email_sender - [137/846] OK → Paulo.lima.966232091@gmail.com
2026-05-08 18:31:26,369 [INFO] presentation.associados.associados_controller - [137/846] OK → Paulo.lima.966232091@gmail.com
2026-05-08 18:31:36,838 [INFO] application.email.email_sender - [138/846] OK → eanafigueiredo@gmail.com
2026-05-08 18:31:36,843 [INFO] presentation.associados.associados_controller - [138/846] OK → eanafigueiredo@gmail.com
2026-05-08 18:31:47,502 [INFO] application.email.email_sender - [139/846] OK → sbcontabilidadeslda@gmail.com
2026-05-08 18:31:47,517 [INFO] presentation.associados.associados_controller - [139/846] OK → sbcontabilidadeslda@gmail.com
2026-05-08 18:32:01,429 [INFO] application.email.email_sender - [140/846] OK → abarandela@sapo.pt
2026-05-08 18:32:01,435 [INFO] presentation.associados.associados_controller - [140/846] OK → abarandela@sapo.pt
2026-05-08 18:32:09,905 [INFO] application.email.email_sender - max_por_conexao (40) atingido — a reconectar
2026-05-08 18:32:09,908 [INFO] presentation.associados.associados_controller - 🔄 Reconexão SMTP (limite de 40 por sessão)
2026-05-08 18:32:12,023 [INFO] application.email.email_sender - [141/846] OK → olindacrodrigues@gmail.com
2026-05-08 18:32:12,023 [INFO] presentation.associados.associados_controller - [141/846] OK → olindacrodrigues@gmail.com
2026-05-08 18:32:28,732 [INFO] application.email.email_sender - [142/846] OK → elsacleite@gmail.com
2026-05-08 18:32:28,738 [INFO] presentation.associados.associados_controller - [142/846] OK → elsacleite@gmail.com
2026-05-08 18:32:39,349 [INFO] application.email.email_sender - [143/846] OK → jst1046@gmail.com
2026-05-08 18:32:39,354 [INFO] presentation.associados.associados_controller - [143/846] OK → jst1046@gmail.com
2026-05-08 18:32:48,061 [INFO] application.email.email_sender - [144/846] OK → fernandofacs@gmail.com
2026-05-08 18:32:48,063 [INFO] presentation.associados.associados_controller - [144/846] OK → fernandofacs@gmail.com
2026-05-08 18:32:57,002 [INFO] application.email.email_sender - [145/846] OK → edmundotcouto@hotmail.com
2026-05-08 18:32:57,002 [INFO] presentation.associados.associados_controller - [145/846] OK → edmundotcouto@hotmail.com
2026-05-08 18:33:05,385 [INFO] application.email.email_sender - [146/846] OK → fernando_guedes1945@hotmail.com
2026-05-08 18:33:05,394 [INFO] presentation.associados.associados_controller - [146/846] OK → fernando_guedes1945@hotmail.com
2026-05-08 18:33:15,245 [INFO] application.email.email_sender - [147/846] OK → helena-melo@sapo.pt
2026-05-08 18:33:15,261 [INFO] presentation.associados.associados_controller - [147/846] OK → helena-melo@sapo.pt
2026-05-08 18:33:23,819 [INFO] application.email.email_sender - [148/846] OK → almf392@gmail.com
2026-05-08 18:33:23,822 [INFO] presentation.associados.associados_controller - [148/846] OK → almf392@gmail.com
2026-05-08 18:33:32,115 [INFO] application.email.email_sender - [149/846] OK → violetadias@gmail.com
2026-05-08 18:33:32,131 [INFO] presentation.associados.associados_controller - [149/846] OK → violetadias@gmail.com
2026-05-08 18:33:41,246 [INFO] application.email.email_sender - [150/846] OK → algoba@sapo.pt
2026-05-08 18:33:41,246 [INFO] presentation.associados.associados_controller - [150/846] OK → algoba@sapo.pt
2026-05-08 18:33:44,306 [INFO] application.email.email_sender - SMTP desconectado após lote 3
2026-05-08 18:33:45,141 [INFO] application.email.email_sender - 💾 Guardado (lote 3)
2026-05-08 18:33:45,141 [INFO] presentation.associados.associados_controller - 💾 Guardado (lote 3)
2026-05-08 18:33:45,141 [INFO] application.email.email_sender - Pausa de 144s antes do lote 4
2026-05-08 18:33:45,141 [INFO] presentation.associados.associados_controller - 
⏸️ Pausa de 144s antes do próximo lote...
2026-05-08 18:36:10,140 [INFO] application.email.email_sender - LOTE 4/17 — 50 emails
2026-05-08 18:36:10,146 [INFO] presentation.associados.associados_controller - 
📦 LOTE 4/17 — 50 emails
2026-05-08 18:36:10,491 [INFO] application.email.email_sender - SMTP conectado para lote 4
2026-05-08 18:36:12,050 [INFO] application.email.email_sender - [151/846] OK → deosousa1950@gmail.com
2026-05-08 18:36:12,050 [INFO] presentation.associados.associados_controller - [151/846] OK → deosousa1950@gmail.com
2026-05-08 18:36:38,665 [INFO] application.email.email_sender - [152/846] OK → mindamont@gmail.com
2026-05-08 18:36:38,665 [INFO] presentation.associados.associados_controller - [152/846] OK → mindamont@gmail.com
2026-05-08 18:36:55,039 [INFO] application.email.email_sender - [153/846] OK → jjb.sobral@gmail.com
2026-05-08 18:36:55,046 [INFO] presentation.associados.associados_controller - [153/846] OK → jjb.sobral@gmail.com
2026-05-08 18:37:06,384 [INFO] application.email.email_sender - [154/846] OK → jacintabaptista@gmail.com
2026-05-08 18:37:06,384 [INFO] presentation.associados.associados_controller - [154/846] OK → jacintabaptista@gmail.com
2026-05-08 18:37:16,070 [INFO] application.email.email_sender - [155/846] OK → afpg@sapo.pt
2026-05-08 18:37:16,084 [INFO] presentation.associados.associados_controller - [155/846] OK → afpg@sapo.pt
2026-05-08 18:37:23,134 [INFO] application.email.email_sender - [156/846] OK → joao.conceicao.1944@gmail.com
2026-05-08 18:37:23,134 [INFO] presentation.associados.associados_controller - [156/846] OK → joao.conceicao.1944@gmail.com
2026-05-08 18:37:30,047 [INFO] application.email.email_sender - [157/846] OK → fbranco.pt@gmail.com
2026-05-08 18:37:30,048 [INFO] presentation.associados.associados_controller - [157/846] OK → fbranco.pt@gmail.com
2026-05-08 18:37:33,936 [INFO] application.email.email_sender - [158/846] OK → mariaemiliapinhal@gmail.com
2026-05-08 18:37:33,938 [INFO] presentation.associados.associados_controller - [158/846] OK → mariaemiliapinhal@gmail.com
2026-05-08 18:37:40,851 [INFO] application.email.email_sender - [159/846] OK → antoniocarvalho2209@gmail.com
2026-05-08 18:37:40,857 [INFO] presentation.associados.associados_controller - [159/846] OK → antoniocarvalho2209@gmail.com
2026-05-08 18:37:48,105 [INFO] application.email.email_sender - [160/846] OK → mariadorosariosousa972@gmail.com
2026-05-08 18:37:48,122 [INFO] presentation.associados.associados_controller - [160/846] OK → mariadorosariosousa972@gmail.com
2026-05-08 18:37:55,833 [INFO] application.email.email_sender - [161/846] OK → msilvaoliveirasousa@sapo.pt
2026-05-08 18:37:55,849 [INFO] presentation.associados.associados_controller - [161/846] OK → msilvaoliveirasousa@sapo.pt
2026-05-08 18:38:02,598 [INFO] application.email.email_sender - [162/846] OK → alberto.moura@netcabo.pt
2026-05-08 18:38:02,598 [INFO] presentation.associados.associados_controller - [162/846] OK → alberto.moura@netcabo.pt
2026-05-08 18:38:08,596 [INFO] application.email.email_sender - [163/846] OK → acacio.s.ramos@gmail.com
2026-05-08 18:38:08,612 [INFO] presentation.associados.associados_controller - [163/846] OK → acacio.s.ramos@gmail.com
2026-05-08 18:38:18,061 [INFO] application.email.email_sender - [164/846] OK → gualdino.lopes@live.com.pt
2026-05-08 18:38:18,077 [INFO] presentation.associados.associados_controller - [164/846] OK → gualdino.lopes@live.com.pt
2026-05-08 18:38:24,256 [INFO] application.email.email_sender - [165/846] OK → fjaimefontes@gmail.com
2026-05-08 18:38:24,256 [INFO] presentation.associados.associados_controller - [165/846] OK → fjaimefontes@gmail.com
2026-05-08 18:38:28,687 [INFO] application.email.email_sender - [166/846] OK → mariamoreiranunes@gmail.com
2026-05-08 18:38:28,690 [INFO] presentation.associados.associados_controller - [166/846] OK → mariamoreiranunes@gmail.com
2026-05-08 18:38:34,489 [INFO] application.email.email_sender - [167/846] OK → margarida.magalhaes@sapo.pt
2026-05-08 18:38:34,489 [INFO] presentation.associados.associados_controller - [167/846] OK → margarida.magalhaes@sapo.pt
2026-05-08 18:38:43,945 [INFO] application.email.email_sender - [168/846] OK → delitagoncalves@sapo.pt
2026-05-08 18:38:43,945 [INFO] presentation.associados.associados_controller - [168/846] OK → delitagoncalves@sapo.pt
2026-05-08 18:38:53,373 [INFO] application.email.email_sender - [169/846] OK → miarosasilva@gmail.com
2026-05-08 18:38:53,373 [INFO] presentation.associados.associados_controller - [169/846] OK → miarosasilva@gmail.com
2026-05-08 18:38:58,630 [INFO] application.email.email_sender - [170/846] OK → celesteapms@sapo.pt
2026-05-08 18:38:58,646 [INFO] presentation.associados.associados_controller - [170/846] OK → celesteapms@sapo.pt
2026-05-08 18:39:08,409 [INFO] application.email.email_sender - [171/846] OK → odetesantos1950@gmail.com
2026-05-08 18:39:08,425 [INFO] presentation.associados.associados_controller - [171/846] OK → odetesantos1950@gmail.com
2026-05-08 18:39:13,405 [INFO] application.email.email_sender - [172/846] OK → jmeirelesmachado@gmail.com
2026-05-08 18:39:13,408 [INFO] presentation.associados.associados_controller - [172/846] OK → jmeirelesmachado@gmail.com
2026-05-08 18:39:18,359 [INFO] application.email.email_sender - [173/846] OK → anterofcs@sapo.pt
2026-05-08 18:39:18,359 [INFO] presentation.associados.associados_controller - [173/846] OK → anterofcs@sapo.pt
2026-05-08 18:39:24,232 [INFO] application.email.email_sender - [174/846] OK → aaalmeida@sapo.pt
2026-05-08 18:39:24,232 [INFO] presentation.associados.associados_controller - [174/846] OK → aaalmeida@sapo.pt
2026-05-08 18:39:34,055 [INFO] application.email.email_sender - [175/846] OK → abilioacsoares@sapo.pt
2026-05-08 18:39:34,061 [INFO] presentation.associados.associados_controller - [175/846] OK → abilioacsoares@sapo.pt
2026-05-08 18:39:40,680 [INFO] application.email.email_sender - [176/846] OK → vieiratlp@hotmail.com
2026-05-08 18:39:40,684 [INFO] presentation.associados.associados_controller - [176/846] OK → vieiratlp@hotmail.com
2026-05-08 18:39:47,272 [INFO] application.email.email_sender - [177/846] OK → adrianolopes1947@gmail.com
2026-05-08 18:39:47,279 [INFO] presentation.associados.associados_controller - [177/846] OK → adrianolopes1947@gmail.com
2026-05-08 18:39:52,923 [INFO] application.email.email_sender - [178/846] OK → antoniorstorres@gmail.com
2026-05-08 18:39:52,923 [INFO] presentation.associados.associados_controller - [178/846] OK → antoniorstorres@gmail.com
2026-05-08 18:39:56,904 [INFO] application.email.email_sender - [179/846] OK → jeronimo.s.castro@gmail.com
2026-05-08 18:39:56,910 [INFO] presentation.associados.associados_controller - [179/846] OK → jeronimo.s.castro@gmail.com
2026-05-08 18:40:02,415 [INFO] application.email.email_sender - [180/846] OK → antonioaires3@gmail.com
2026-05-08 18:40:02,431 [INFO] presentation.associados.associados_controller - [180/846] OK → antonioaires3@gmail.com
2026-05-08 18:40:11,187 [INFO] application.email.email_sender - [181/846] OK → afernandotsoares@gmail.com
2026-05-08 18:40:11,203 [INFO] presentation.associados.associados_controller - [181/846] OK → afernandotsoares@gmail.com
2026-05-08 18:40:16,165 [INFO] application.email.email_sender - [182/846] OK → alvarespardal@sapo.pt
2026-05-08 18:40:16,174 [INFO] presentation.associados.associados_controller - [182/846] OK → alvarespardal@sapo.pt
2026-05-08 18:40:25,826 [INFO] application.email.email_sender - [183/846] OK → joaoldfernandes@sapo.pt
2026-05-08 18:40:25,831 [INFO] presentation.associados.associados_controller - [183/846] OK → joaoldfernandes@sapo.pt
2026-05-08 18:40:32,295 [INFO] application.email.email_sender - [184/846] OK → fatimalves1956@gmail.com
2026-05-08 18:40:32,306 [INFO] presentation.associados.associados_controller - [184/846] OK → fatimalves1956@gmail.com
2026-05-08 18:40:41,948 [INFO] application.email.email_sender - [185/846] OK → maiscgo@gmail.com
2026-05-08 18:40:41,963 [INFO] presentation.associados.associados_controller - [185/846] OK → maiscgo@gmail.com
2026-05-08 18:40:47,099 [INFO] application.email.email_sender - [186/846] OK → manuelestradas@sapo.pt
2026-05-08 18:40:47,107 [INFO] presentation.associados.associados_controller - [186/846] OK → manuelestradas@sapo.pt
2026-05-08 18:40:55,520 [INFO] application.email.email_sender - [187/846] OK → rosarioribeiro23@hotmail.com
2026-05-08 18:40:55,536 [INFO] presentation.associados.associados_controller - [187/846] OK → rosarioribeiro23@hotmail.com
2026-05-08 18:40:59,869 [INFO] application.email.email_sender - [188/846] OK → ana.c.faneco@gmail.com
2026-05-08 18:40:59,870 [INFO] presentation.associados.associados_controller - [188/846] OK → ana.c.faneco@gmail.com
2026-05-08 18:41:09,126 [INFO] application.email.email_sender - [189/846] OK → joanafnsantos@gmail.com
2026-05-08 18:41:09,142 [INFO] presentation.associados.associados_controller - [189/846] OK → joanafnsantos@gmail.com
2026-05-08 18:41:18,229 [INFO] application.email.email_sender - [190/846] OK → fernandoribeiro.mtc@gmail.com
2026-05-08 18:41:18,239 [INFO] presentation.associados.associados_controller - [190/846] OK → fernandoribeiro.mtc@gmail.com
2026-05-08 18:41:25,143 [INFO] application.email.email_sender - max_por_conexao (40) atingido — a reconectar
2026-05-08 18:41:25,143 [INFO] presentation.associados.associados_controller - 🔄 Reconexão SMTP (limite de 40 por sessão)
2026-05-08 18:41:27,411 [INFO] application.email.email_sender - [191/846] OK → mconceicao.pereira@sapo.pt
2026-05-08 18:41:27,414 [INFO] presentation.associados.associados_controller - [191/846] OK → mconceicao.pereira@sapo.pt
2026-05-08 18:41:39,461 [INFO] application.email.email_sender - [192/846] OK → jcosta1950@hotmail.com
2026-05-08 18:41:39,478 [INFO] presentation.associados.associados_controller - [192/846] OK → jcosta1950@hotmail.com
2026-05-08 18:41:48,697 [INFO] application.email.email_sender - [193/846] OK → mmargaridapinto@gmail.com
2026-05-08 18:41:48,697 [INFO] presentation.associados.associados_controller - [193/846] OK → mmargaridapinto@gmail.com
2026-05-08 18:41:58,127 [INFO] application.email.email_sender - [194/846] OK → ammfdealmeida@gmail.com
2026-05-08 18:41:58,127 [INFO] presentation.associados.associados_controller - [194/846] OK → ammfdealmeida@gmail.com
2026-05-08 18:42:02,302 [INFO] application.email.email_sender - [195/846] OK → gfab@sapo.pt
2026-05-08 18:42:02,302 [INFO] presentation.associados.associados_controller - [195/846] OK → gfab@sapo.pt
2026-05-08 18:42:12,170 [INFO] application.email.email_sender - [196/846] OK → m-mota-faria@sapo.pt
2026-05-08 18:42:12,189 [INFO] presentation.associados.associados_controller - [196/846] OK → m-mota-faria@sapo.pt
2026-05-08 18:42:16,122 [INFO] application.email.email_sender - [197/846] OK → carlosvilarinho@sapo.pt
2026-05-08 18:42:16,138 [INFO] presentation.associados.associados_controller - [197/846] OK → carlosvilarinho@sapo.pt
2026-05-08 18:42:21,368 [INFO] application.email.email_sender - [198/846] OK → rosa_s_duarte@hotmail.com
2026-05-08 18:42:21,368 [INFO] presentation.associados.associados_controller - [198/846] OK → rosa_s_duarte@hotmail.com
2026-05-08 18:42:32,670 [INFO] application.email.email_sender - [199/846] OK → mariadoceurodrigues@gmail.com
2026-05-08 18:42:32,686 [INFO] presentation.associados.associados_controller - [199/846] OK → mariadoceurodrigues@gmail.com
2026-05-08 18:42:39,123 [INFO] application.email.email_sender - [200/846] OK → antoniofatimasoares@gmail.com
2026-05-08 18:42:39,123 [INFO] presentation.associados.associados_controller - [200/846] OK → antoniofatimasoares@gmail.com
2026-05-08 18:42:42,728 [INFO] application.email.email_sender - SMTP desconectado após lote 4
2026-05-08 18:42:43,342 [INFO] application.email.email_sender - 💾 Guardado (lote 4)
2026-05-08 18:42:43,360 [INFO] presentation.associados.associados_controller - 💾 Guardado (lote 4)
2026-05-08 18:42:43,360 [INFO] application.email.email_sender - Pausa de 153s antes do lote 5
2026-05-08 18:42:43,360 [INFO] presentation.associados.associados_controller - 
⏸️ Pausa de 153s antes do próximo lote...
2026-05-08 18:45:17,219 [INFO] application.email.email_sender - LOTE 5/17 — 50 emails
2026-05-08 18:45:17,225 [INFO] presentation.associados.associados_controller - 
📦 LOTE 5/17 — 50 emails
2026-05-08 18:45:17,545 [INFO] application.email.email_sender - SMTP conectado para lote 5
2026-05-08 18:45:18,456 [INFO] application.email.email_sender - [201/846] OK → mverissimoaraujo@gmail.com
2026-05-08 18:45:18,465 [INFO] presentation.associados.associados_controller - [201/846] OK → mverissimoaraujo@gmail.com
2026-05-08 18:45:42,548 [INFO] application.email.email_sender - [202/846] OK → jmtspt@hotmail.com
2026-05-08 18:45:42,555 [INFO] presentation.associados.associados_controller - [202/846] OK → jmtspt@hotmail.com
2026-05-08 18:45:54,905 [INFO] application.email.email_sender - [203/846] OK → joakim_@hotmail.com
2026-05-08 18:45:54,910 [INFO] presentation.associados.associados_controller - [203/846] OK → joakim_@hotmail.com
2026-05-08 18:46:02,965 [INFO] application.email.email_sender - [204/846] OK → mcesaltina@gmail.com
2026-05-08 18:46:02,972 [INFO] presentation.associados.associados_controller - [204/846] OK → mcesaltina@gmail.com
2026-05-08 18:46:08,875 [INFO] application.email.email_sender - [205/846] OK → deolinda.leite@hotmail.com
2026-05-08 18:46:08,885 [INFO] presentation.associados.associados_controller - [205/846] OK → deolinda.leite@hotmail.com
2026-05-08 18:46:15,636 [INFO] application.email.email_sender - [206/846] OK → 2015fatimasilva@gmail.com
2026-05-08 18:46:15,636 [INFO] presentation.associados.associados_controller - [206/846] OK → 2015fatimasilva@gmail.com
2026-05-08 18:46:20,065 [INFO] application.email.email_sender - [207/846] OK → adelaideribeiro56@gmail.com
2026-05-08 18:46:20,068 [INFO] presentation.associados.associados_controller - [207/846] OK → adelaideribeiro56@gmail.com
2026-05-08 18:46:29,548 [INFO] application.email.email_sender - [208/846] OK → vitormpinho@gmail.com
2026-05-08 18:46:29,555 [INFO] presentation.associados.associados_controller - [208/846] OK → vitormpinho@gmail.com
2026-05-08 18:46:34,048 [INFO] application.email.email_sender - [209/846] OK → noemia.m.madeira@sapo.pt
2026-05-08 18:46:34,057 [INFO] presentation.associados.associados_controller - [209/846] OK → noemia.m.madeira@sapo.pt
2026-05-08 18:46:37,979 [INFO] application.email.email_sender - [210/846] OK → maria.minda@sapo.pt
2026-05-08 18:46:37,985 [INFO] presentation.associados.associados_controller - [210/846] OK → maria.minda@sapo.pt
2026-05-08 18:46:44,297 [INFO] application.email.email_sender - [211/846] OK → luis.cunha.sol@gmail.com
2026-05-08 18:46:44,297 [INFO] presentation.associados.associados_controller - [211/846] OK → luis.cunha.sol@gmail.com
2026-05-08 18:46:49,465 [INFO] application.email.email_sender - [212/846] OK → j.a.reis@sapo.pt
2026-05-08 18:46:49,468 [INFO] presentation.associados.associados_controller - [212/846] OK → j.a.reis@sapo.pt
2026-05-08 18:46:57,425 [INFO] application.email.email_sender - [213/846] OK → a_lopes_cruz@sapo.pt
2026-05-08 18:46:57,425 [INFO] presentation.associados.associados_controller - [213/846] OK → a_lopes_cruz@sapo.pt
2026-05-08 18:47:05,689 [INFO] application.email.email_sender - [214/846] OK → mjpinho45@gmail.com
2026-05-08 18:47:05,690 [INFO] presentation.associados.associados_controller - [214/846] OK → mjpinho45@gmail.com
2026-05-08 18:47:12,550 [INFO] application.email.email_sender - [215/846] OK → lino-campos@mail.telepac.pt
2026-05-08 18:47:12,552 [INFO] presentation.associados.associados_controller - [215/846] OK → lino-campos@mail.telepac.pt
2026-05-08 18:47:19,855 [INFO] application.email.email_sender - [216/846] OK → leonorarmanda@gmail.com
2026-05-08 18:47:19,855 [INFO] presentation.associados.associados_controller - [216/846] OK → leonorarmanda@gmail.com
2026-05-08 18:47:24,025 [INFO] application.email.email_sender - [217/846] OK → laurapsousa51@gmail.com
2026-05-08 18:47:24,030 [INFO] presentation.associados.associados_controller - [217/846] OK → laurapsousa51@gmail.com
2026-05-08 18:47:32,005 [INFO] application.email.email_sender - [218/846] OK → asrm.oliveira@gmail.com
2026-05-08 18:47:32,006 [INFO] presentation.associados.associados_controller - [218/846] OK → asrm.oliveira@gmail.com
2026-05-08 18:47:37,445 [INFO] application.email.email_sender - [219/846] OK → jamarujo22@gmail.com
2026-05-08 18:47:37,445 [INFO] presentation.associados.associados_controller - [219/846] OK → jamarujo22@gmail.com
2026-05-08 18:47:45,945 [INFO] application.email.email_sender - [220/846] OK → pbrandao39@gmail.com
2026-05-08 18:47:45,956 [INFO] presentation.associados.associados_controller - [220/846] OK → pbrandao39@gmail.com
2026-05-08 18:47:54,509 [INFO] application.email.email_sender - [221/846] OK → alfredo.s.cruz@formulavencedora.pt
2026-05-08 18:47:54,513 [INFO] presentation.associados.associados_controller - [221/846] OK → alfredo.s.cruz@formulavencedora.pt
2026-05-08 18:48:01,575 [INFO] application.email.email_sender - [222/846] OK → antoniomarquesmalheiro@gmail.com
2026-05-08 18:48:01,575 [INFO] presentation.associados.associados_controller - [222/846] OK → antoniomarquesmalheiro@gmail.com
2026-05-08 18:48:05,495 [INFO] application.email.email_sender - [223/846] OK → oscarsm1937@gmail.com
2026-05-08 18:48:05,499 [INFO] presentation.associados.associados_controller - [223/846] OK → oscarsm1937@gmail.com
2026-05-08 18:48:12,297 [INFO] application.email.email_sender - [224/846] OK → mina.m.oliveira2018@gmail.com
2026-05-08 18:48:12,305 [INFO] presentation.associados.associados_controller - [224/846] OK → mina.m.oliveira2018@gmail.com
2026-05-08 18:48:16,865 [INFO] application.email.email_sender - [225/846] OK → achilro@sapo.pt
2026-05-08 18:48:16,877 [INFO] presentation.associados.associados_controller - [225/846] OK → achilro@sapo.pt
2026-05-08 18:48:24,759 [INFO] application.email.email_sender - [226/846] OK → alcinolopes3150@gmail.com
2026-05-08 18:48:24,759 [INFO] presentation.associados.associados_controller - [226/846] OK → alcinolopes3150@gmail.com
2026-05-08 18:48:31,607 [INFO] application.email.email_sender - [227/846] OK → geral@clinicadentariacardoso.pt
2026-05-08 18:48:31,607 [INFO] presentation.associados.associados_controller - [227/846] OK → geral@clinicadentariacardoso.pt
2026-05-08 18:48:36,856 [INFO] application.email.email_sender - [228/846] OK → irenemaria.machado@gmail.com
2026-05-08 18:48:36,865 [INFO] presentation.associados.associados_controller - [228/846] OK → irenemaria.machado@gmail.com
2026-05-08 18:48:41,205 [INFO] application.email.email_sender - [229/846] OK → mfernandacoimbra@hotmail.com
2026-05-08 18:48:41,205 [INFO] presentation.associados.associados_controller - [229/846] OK → mfernandacoimbra@hotmail.com
2026-05-08 18:48:49,005 [INFO] application.email.email_sender - [230/846] OK → alvaroseabra1947@gmail.com
2026-05-08 18:48:49,008 [INFO] presentation.associados.associados_controller - [230/846] OK → alvaroseabra1947@gmail.com
2026-05-08 18:48:54,325 [INFO] application.email.email_sender - [231/846] OK → carmoenes@sapo.pt
2026-05-08 18:48:54,332 [INFO] presentation.associados.associados_controller - [231/846] OK → carmoenes@sapo.pt
2026-05-08 18:49:02,085 [INFO] application.email.email_sender - [232/846] OK → anamacedoferreira@sapo.pt
2026-05-08 18:49:02,085 [INFO] presentation.associados.associados_controller - [232/846] OK → anamacedoferreira@sapo.pt
2026-05-08 18:49:06,678 [INFO] application.email.email_sender - [233/846] OK → mariarodriguesster@gmail.com
2026-05-08 18:49:06,681 [INFO] presentation.associados.associados_controller - [233/846] OK → mariarodriguesster@gmail.com
2026-05-08 18:49:14,535 [INFO] application.email.email_sender - [234/846] OK → franceli.mendes@gmail.com
2026-05-08 18:49:14,545 [INFO] presentation.associados.associados_controller - [234/846] OK → franceli.mendes@gmail.com
2026-05-08 18:49:22,915 [INFO] application.email.email_sender - [235/846] OK → maria-zulmira-silva@live.com.pt
2026-05-08 18:49:22,923 [INFO] presentation.associados.associados_controller - [235/846] OK → maria-zulmira-silva@live.com.pt
2026-05-08 18:49:28,525 [INFO] application.email.email_sender - [236/846] OK → teodosiofpereira@sapo.pt
2026-05-08 18:49:28,539 [INFO] presentation.associados.associados_controller - [236/846] OK → teodosiofpereira@sapo.pt
2026-05-08 18:49:36,765 [INFO] application.email.email_sender - [237/846] OK → gomes.coelho1947@gmail.com
2026-05-08 18:49:36,768 [INFO] presentation.associados.associados_controller - [237/846] OK → gomes.coelho1947@gmail.com
2026-05-08 18:49:45,920 [INFO] application.email.email_sender - [238/846] OK → pedrosilvapescador@hotmail.com
2026-05-08 18:49:45,925 [INFO] presentation.associados.associados_controller - [238/846] OK → pedrosilvapescador@hotmail.com
2026-05-08 18:49:51,068 [INFO] application.email.email_sender - [239/846] OK → boaventuralcosta@gmail.com
2026-05-08 18:49:51,076 [INFO] presentation.associados.associados_controller - [239/846] OK → boaventuralcosta@gmail.com
2026-05-08 18:49:59,048 [INFO] application.email.email_sender - [240/846] OK → paul.mendes@hotmail.com
2026-05-08 18:49:59,048 [INFO] presentation.associados.associados_controller - [240/846] OK → paul.mendes@hotmail.com
2026-05-08 18:50:05,860 [INFO] application.email.email_sender - max_por_conexao (40) atingido — a reconectar
2026-05-08 18:50:05,862 [INFO] presentation.associados.associados_controller - 🔄 Reconexão SMTP (limite de 40 por sessão)
2026-05-08 18:50:07,046 [INFO] application.email.email_sender - [241/846] OK → fmv2555@gmail.com
2026-05-08 18:50:07,046 [INFO] presentation.associados.associados_controller - [241/846] OK → fmv2555@gmail.com
2026-05-08 18:50:21,575 [INFO] application.email.email_sender - [242/846] OK → carlitos_pintinho@hotmail.com
2026-05-08 18:50:21,580 [INFO] presentation.associados.associados_controller - [242/846] OK → carlitos_pintinho@hotmail.com
2026-05-08 18:50:30,287 [INFO] application.email.email_sender - [243/846] OK → vitoria11@sapo.pt
2026-05-08 18:50:30,288 [INFO] presentation.associados.associados_controller - [243/846] OK → vitoria11@sapo.pt
2026-05-08 18:50:40,047 [INFO] application.email.email_sender - [244/846] OK → manuel.g.leite@gmail.com
2026-05-08 18:50:40,055 [INFO] presentation.associados.associados_controller - [244/846] OK → manuel.g.leite@gmail.com
2026-05-08 18:50:44,725 [INFO] application.email.email_sender - [245/846] OK → lealsandra10@gmail.com
2026-05-08 18:50:44,729 [INFO] presentation.associados.associados_controller - [245/846] OK → lealsandra10@gmail.com
2026-05-08 18:50:50,606 [INFO] application.email.email_sender - [246/846] OK → joaquimcanez@sapo.pt
2026-05-08 18:50:50,610 [INFO] presentation.associados.associados_controller - [246/846] OK → joaquimcanez@sapo.pt
2026-05-08 18:50:56,195 [INFO] application.email.email_sender - [247/846] OK → antunespai@gmail.com
2026-05-08 18:50:56,208 [INFO] presentation.associados.associados_controller - [247/846] OK → antunespai@gmail.com
2026-05-08 18:51:04,858 [INFO] application.email.email_sender - [248/846] OK → carla@skimmia.pt
2026-05-08 18:51:04,860 [INFO] presentation.associados.associados_controller - [248/846] OK → carla@skimmia.pt
2026-05-08 18:51:12,585 [INFO] application.email.email_sender - [249/846] OK → albinocmarques@gmail.com
2026-05-08 18:51:12,589 [INFO] presentation.associados.associados_controller - [249/846] OK → albinocmarques@gmail.com
2026-05-08 18:51:17,155 [INFO] application.email.email_sender - [250/846] OK → jccm49@sapo.pt
2026-05-08 18:51:17,166 [INFO] presentation.associados.associados_controller - [250/846] OK → jccm49@sapo.pt
2026-05-08 18:51:20,905 [INFO] application.email.email_sender - SMTP desconectado após lote 5
2026-05-08 18:51:21,645 [INFO] application.email.email_sender - 💾 Guardado (lote 5)
2026-05-08 18:51:21,650 [INFO] presentation.associados.associados_controller - 💾 Guardado (lote 5)
2026-05-08 18:51:21,655 [INFO] application.email.email_sender - Pausa de 165s antes do lote 6
2026-05-08 18:51:21,658 [INFO] presentation.associados.associados_controller - 
⏸️ Pausa de 165s antes do próximo lote...
2026-05-08 18:54:07,626 [INFO] application.email.email_sender - LOTE 6/17 — 50 emails
2026-05-08 18:54:07,627 [INFO] presentation.associados.associados_controller - 
📦 LOTE 6/17 — 50 emails
2026-05-08 18:54:07,945 [INFO] application.email.email_sender - SMTP conectado para lote 6
2026-05-08 18:54:10,915 [INFO] application.email.email_sender - [251/846] OK → carlus@sapo.pt
2026-05-08 18:54:10,926 [INFO] presentation.associados.associados_controller - [251/846] OK → carlus@sapo.pt
2026-05-08 18:54:22,625 [INFO] application.email.email_sender - [252/846] OK → fatynomatos@gmail.com
2026-05-08 18:54:22,635 [INFO] presentation.associados.associados_controller - [252/846] OK → fatynomatos@gmail.com
2026-05-08 18:54:33,254 [INFO] application.email.email_sender - [253/846] OK → joaolbotelho@msn.com
2026-05-08 18:54:33,255 [INFO] presentation.associados.associados_controller - [253/846] OK → joaolbotelho@msn.com
2026-05-08 18:54:40,835 [INFO] application.email.email_sender - [254/846] OK → sabino1231@sapo.pt
2026-05-08 18:54:40,849 [INFO] presentation.associados.associados_controller - [254/846] OK → sabino1231@sapo.pt
2026-05-08 18:54:47,735 [INFO] application.email.email_sender - [255/846] OK → bruno.ex.96@hotmail.com
2026-05-08 18:54:47,735 [INFO] presentation.associados.associados_controller - [255/846] OK → bruno.ex.96@hotmail.com
2026-05-08 18:54:57,195 [INFO] application.email.email_sender - [256/846] OK → jmmribeiro@gmail.com
2026-05-08 18:54:57,195 [INFO] presentation.associados.associados_controller - [256/846] OK → jmmribeiro@gmail.com
2026-05-08 18:55:04,675 [INFO] application.email.email_sender - [257/846] OK → conceicao.fontesilva@gmail.com
2026-05-08 18:55:04,675 [INFO] presentation.associados.associados_controller - [257/846] OK → conceicao.fontesilva@gmail.com
2026-05-08 18:55:12,922 [INFO] application.email.email_sender - [258/846] OK → lili-marques@live.com.pt
2026-05-08 18:55:12,930 [INFO] presentation.associados.associados_controller - [258/846] OK → lili-marques@live.com.pt
2026-05-08 18:55:20,925 [INFO] application.email.email_sender - [259/846] OK → carlosmeireles121@gmail.com
2026-05-08 18:55:20,940 [INFO] presentation.associados.associados_controller - [259/846] OK → carlosmeireles121@gmail.com
2026-05-08 18:55:26,525 [INFO] application.email.email_sender - [260/846] OK → femavias.can@gmail.com
2026-05-08 18:55:26,533 [INFO] presentation.associados.associados_controller - [260/846] OK → femavias.can@gmail.com
2026-05-08 18:55:34,666 [INFO] application.email.email_sender - [261/846] OK → olivrod01@gmail.com
2026-05-08 18:55:34,682 [INFO] presentation.associados.associados_controller - [261/846] OK → olivrod01@gmail.com
2026-05-08 18:55:43,535 [INFO] application.email.email_sender - [262/846] OK → lmarquesbernardo@gmail.com
2026-05-08 18:55:43,545 [INFO] presentation.associados.associados_controller - [262/846] OK → lmarquesbernardo@gmail.com
2026-05-08 18:55:48,655 [INFO] application.email.email_sender - [263/846] OK → rosammalves1958@gmail.com
2026-05-08 18:55:48,660 [INFO] presentation.associados.associados_controller - [263/846] OK → rosammalves1958@gmail.com
2026-05-08 18:55:53,242 [INFO] application.email.email_sender - [264/846] OK → mariajuliavieira1954@hotmail.com
2026-05-08 18:55:53,245 [INFO] presentation.associados.associados_controller - [264/846] OK → mariajuliavieira1954@hotmail.com
2026-05-08 18:56:01,015 [INFO] application.email.email_sender - [265/846] OK → adrianocbaptista@gmail.com
2026-05-08 18:56:01,025 [INFO] presentation.associados.associados_controller - [265/846] OK → adrianocbaptista@gmail.com
2026-05-08 18:56:09,319 [INFO] application.email.email_sender - [266/846] OK → antoniocarv@live.com
2026-05-08 18:56:09,327 [INFO] presentation.associados.associados_controller - [266/846] OK → antoniocarv@live.com
2026-05-08 18:56:16,867 [INFO] application.email.email_sender - [267/846] OK → margaridamfsantos18@gmail.com
2026-05-08 18:56:16,882 [INFO] presentation.associados.associados_controller - [267/846] OK → margaridamfsantos18@gmail.com
2026-05-08 18:56:25,435 [INFO] application.email.email_sender - [268/846] OK → dulce.vale@amkor.com
2026-05-08 18:56:25,445 [INFO] presentation.associados.associados_controller - [268/846] OK → dulce.vale@amkor.com
2026-05-08 18:56:30,375 [INFO] application.email.email_sender - [269/846] OK → acastromarques@hotmail.com
2026-05-08 18:56:30,379 [INFO] presentation.associados.associados_controller - [269/846] OK → acastromarques@hotmail.com
2026-05-08 18:56:35,311 [INFO] application.email.email_sender - [270/846] OK → jrbacelar1956@sapo.pt
2026-05-08 18:56:35,315 [INFO] presentation.associados.associados_controller - [270/846] OK → jrbacelar1956@sapo.pt
2026-05-08 18:56:40,415 [INFO] application.email.email_sender - [271/846] OK → mjoao53@gmail.com
2026-05-08 18:56:40,425 [INFO] presentation.associados.associados_controller - [271/846] OK → mjoao53@gmail.com
2026-05-08 18:56:49,546 [INFO] application.email.email_sender - [272/846] OK → carlosrodriguesrocha43@gmail.com
2026-05-08 18:56:49,555 [INFO] presentation.associados.associados_controller - [272/846] OK → carlosrodriguesrocha43@gmail.com
2026-05-08 18:56:55,575 [INFO] application.email.email_sender - [273/846] OK → alfredo@formulavencedora.pt
2026-05-08 18:56:55,583 [INFO] presentation.associados.associados_controller - [273/846] OK → alfredo@formulavencedora.pt
2026-05-08 18:56:59,985 [INFO] application.email.email_sender - [274/846] OK → assuncao.c.oliveira@sapo.pt
2026-05-08 18:56:59,995 [INFO] presentation.associados.associados_controller - [274/846] OK → assuncao.c.oliveira@sapo.pt
2026-05-08 18:57:05,091 [INFO] application.email.email_sender - [275/846] OK → mariaameliaesteves1947@gmail.com
2026-05-08 18:57:05,095 [INFO] presentation.associados.associados_controller - [275/846] OK → mariaameliaesteves1947@gmail.com
2026-05-08 18:57:11,475 [INFO] application.email.email_sender - [276/846] OK → m-fatima-castro@sapo.pt
2026-05-08 18:57:11,485 [INFO] presentation.associados.associados_controller - [276/846] OK → m-fatima-castro@sapo.pt
2026-05-08 18:57:19,285 [INFO] application.email.email_sender - [277/846] OK → julio.lopes0809@gmail.com
2026-05-08 18:57:19,295 [INFO] presentation.associados.associados_controller - [277/846] OK → julio.lopes0809@gmail.com
2026-05-08 18:57:24,105 [INFO] application.email.email_sender - [278/846] OK → aalo@sapo.pt
2026-05-08 18:57:24,111 [INFO] presentation.associados.associados_controller - [278/846] OK → aalo@sapo.pt
2026-05-08 18:57:29,962 [INFO] application.email.email_sender - [279/846] OK → josecarvalho.j@gmail.com
2026-05-08 18:57:29,965 [INFO] presentation.associados.associados_controller - [279/846] OK → josecarvalho.j@gmail.com
2026-05-08 18:57:34,042 [INFO] application.email.email_sender - [280/846] OK → maguimeneses@gmail.com
2026-05-08 18:57:34,045 [INFO] presentation.associados.associados_controller - [280/846] OK → maguimeneses@gmail.com
2026-05-08 18:57:39,975 [INFO] application.email.email_sender - [281/846] OK → jmms09157@gmail.com
2026-05-08 18:57:39,989 [INFO] presentation.associados.associados_controller - [281/846] OK → jmms09157@gmail.com
2026-05-08 18:57:48,235 [INFO] application.email.email_sender - [282/846] OK → jucasguimaraes@hotmail.com
2026-05-08 18:57:48,236 [INFO] presentation.associados.associados_controller - [282/846] OK → jucasguimaraes@hotmail.com
2026-05-08 18:57:58,014 [INFO] application.email.email_sender - [283/846] OK → anamlmagalhaes@gmail.com
2026-05-08 18:57:58,016 [INFO] presentation.associados.associados_controller - [283/846] OK → anamlmagalhaes@gmail.com
2026-05-08 18:58:02,846 [INFO] application.email.email_sender - [284/846] OK → mariaportero@sapo.pt
2026-05-08 18:58:02,850 [INFO] presentation.associados.associados_controller - [284/846] OK → mariaportero@sapo.pt
2026-05-08 18:58:11,449 [INFO] application.email.email_sender - [285/846] OK → lucindavigario@hotmail.com
2026-05-08 18:58:11,449 [INFO] presentation.associados.associados_controller - [285/846] OK → lucindavigario@hotmail.com
2026-05-08 18:58:21,076 [INFO] application.email.email_sender - [286/846] OK → paula.castanheirapereira@gmail.com
2026-05-08 18:58:21,085 [INFO] presentation.associados.associados_controller - [286/846] OK → paula.castanheirapereira@gmail.com
2026-05-08 18:58:28,706 [INFO] application.email.email_sender - [287/846] OK → m.manuela.r.mendes@meo.pt
2026-05-08 18:58:28,717 [INFO] presentation.associados.associados_controller - [287/846] OK → m.manuela.r.mendes@meo.pt
2026-05-08 18:58:32,825 [INFO] application.email.email_sender - [288/846] OK → mariocaldeira1974@gmail.com
2026-05-08 18:58:32,837 [INFO] presentation.associados.associados_controller - [288/846] OK → mariocaldeira1974@gmail.com
2026-05-08 18:58:37,351 [INFO] application.email.email_sender - [289/846] OK → jarmada222@gmail.com
2026-05-08 18:58:37,355 [INFO] presentation.associados.associados_controller - [289/846] OK → jarmada222@gmail.com
2026-05-08 18:58:41,425 [INFO] application.email.email_sender - [290/846] OK → celeste.alves.conde@gmail.com
2026-05-08 18:58:41,425 [INFO] presentation.associados.associados_controller - [290/846] OK → celeste.alves.conde@gmail.com
2026-05-08 18:58:50,437 [INFO] application.email.email_sender - max_por_conexao (40) atingido — a reconectar
2026-05-08 18:58:50,437 [INFO] presentation.associados.associados_controller - 🔄 Reconexão SMTP (limite de 40 por sessão)
2026-05-08 18:58:52,305 [INFO] application.email.email_sender - [291/846] OK → molindacinfaes@gmail.com
2026-05-08 18:58:52,311 [INFO] presentation.associados.associados_controller - [291/846] OK → molindacinfaes@gmail.com
2026-05-08 18:59:06,585 [INFO] application.email.email_sender - [292/846] OK → helenarrfonseca@gmail.com
2026-05-08 18:59:06,592 [INFO] presentation.associados.associados_controller - [292/846] OK → helenarrfonseca@gmail.com
2026-05-08 18:59:19,807 [INFO] application.email.email_sender - [293/846] OK → jm2coelho@sapo.pt
2026-05-08 18:59:19,815 [INFO] presentation.associados.associados_controller - [293/846] OK → jm2coelho@sapo.pt
2026-05-08 18:59:24,025 [INFO] application.email.email_sender - [294/846] OK → henriqueferreira1947@gmail.com
2026-05-08 18:59:24,025 [INFO] presentation.associados.associados_controller - [294/846] OK → henriqueferreira1947@gmail.com
2026-05-08 18:59:29,805 [INFO] application.email.email_sender - [295/846] OK → angelicacosta.84@hotmail.com
2026-05-08 18:59:29,805 [INFO] presentation.associados.associados_controller - [295/846] OK → angelicacosta.84@hotmail.com
2026-05-08 18:59:33,935 [INFO] application.email.email_sender - [296/846] OK → joao_pfernandes@sapo.pt
2026-05-08 18:59:33,935 [INFO] presentation.associados.associados_controller - [296/846] OK → joao_pfernandes@sapo.pt
2026-05-08 18:59:43,665 [INFO] application.email.email_sender - [297/846] OK → arturjvt@sapo.pt
2026-05-08 18:59:43,665 [INFO] presentation.associados.associados_controller - [297/846] OK → arturjvt@sapo.pt
2026-05-08 18:59:48,895 [INFO] application.email.email_sender - [298/846] OK → eduardatferreira@gmail.com
2026-05-08 18:59:48,905 [INFO] presentation.associados.associados_controller - [298/846] OK → eduardatferreira@gmail.com
2026-05-08 18:59:58,761 [INFO] application.email.email_sender - [299/846] OK → josefernandes919@hotmail.com
2026-05-08 18:59:58,765 [INFO] presentation.associados.associados_controller - [299/846] OK → josefernandes919@hotmail.com
2026-05-08 19:00:07,516 [INFO] application.email.email_sender - [300/846] OK → m.sousa.andrade@gmail.com
2026-05-08 19:00:07,521 [INFO] presentation.associados.associados_controller - [300/846] OK → m.sousa.andrade@gmail.com
2026-05-08 19:00:10,695 [INFO] application.email.email_sender - SMTP desconectado após lote 6
2026-05-08 19:00:11,256 [INFO] application.email.email_sender - 💾 Guardado (lote 6)
2026-05-08 19:00:11,256 [INFO] presentation.associados.associados_controller - 💾 Guardado (lote 6)
2026-05-08 19:00:11,265 [INFO] application.email.email_sender - Pausa de 105s antes do lote 7
2026-05-08 19:00:11,265 [INFO] presentation.associados.associados_controller - 
⏸️ Pausa de 105s antes do próximo lote...
2026-05-08 19:01:56,667 [INFO] application.email.email_sender - LOTE 7/17 — 50 emails
2026-05-08 19:01:56,674 [INFO] presentation.associados.associados_controller - 
📦 LOTE 7/17 — 50 emails
2026-05-08 19:01:57,073 [INFO] application.email.email_sender - SMTP conectado para lote 7
2026-05-08 19:01:58,121 [INFO] application.email.email_sender - [301/846] OK → zenaif9@hotmail.com
2026-05-08 19:01:58,133 [INFO] presentation.associados.associados_controller - [301/846] OK → zenaif9@hotmail.com
2026-05-08 19:02:10,782 [INFO] application.email.email_sender - [302/846] OK → fonseca.isabel@mail.telepac.pt
2026-05-08 19:02:10,782 [INFO] presentation.associados.associados_controller - [302/846] OK → fonseca.isabel@mail.telepac.pt
2026-05-08 19:02:20,242 [INFO] application.email.email_sender - [303/846] OK → lilianamaldonadoribeiro@gmail.com
2026-05-08 19:02:20,258 [INFO] presentation.associados.associados_controller - [303/846] OK → lilianamaldonadoribeiro@gmail.com
2026-05-08 19:02:32,664 [INFO] application.email.email_sender - [304/846] OK → ana.on.ferreira@gmail.com
2026-05-08 19:02:32,680 [INFO] presentation.associados.associados_controller - [304/846] OK → ana.on.ferreira@gmail.com
2026-05-08 19:02:43,658 [INFO] application.email.email_sender - [305/846] OK → nascimentomduarte@hotmail.com
2026-05-08 19:02:43,669 [INFO] presentation.associados.associados_controller - [305/846] OK → nascimentomduarte@hotmail.com
2026-05-08 19:02:51,646 [INFO] application.email.email_sender - [306/846] OK → maco@netcabo.pt
2026-05-08 19:02:51,662 [INFO] presentation.associados.associados_controller - [306/846] OK → maco@netcabo.pt
2026-05-08 19:02:58,009 [INFO] application.email.email_sender - [307/846] OK → fxpacheco@gmail.com
2026-05-08 19:02:58,009 [INFO] presentation.associados.associados_controller - [307/846] OK → fxpacheco@gmail.com
2026-05-08 19:03:07,296 [INFO] application.email.email_sender - [308/846] OK → moliveiranunes@sapo.pt
2026-05-08 19:03:07,296 [INFO] presentation.associados.associados_controller - [308/846] OK → moliveiranunes@sapo.pt
2026-05-08 19:03:13,713 [INFO] application.email.email_sender - [309/846] OK → rfeq3131@gmail.com
2026-05-08 19:03:13,713 [INFO] presentation.associados.associados_controller - [309/846] OK → rfeq3131@gmail.com
2026-05-08 19:03:21,207 [INFO] application.email.email_sender - [310/846] OK → mariajoaraujo@gmail.com
2026-05-08 19:03:21,214 [INFO] presentation.associados.associados_controller - [310/846] OK → mariajoaraujo@gmail.com
2026-05-08 19:03:27,395 [INFO] application.email.email_sender - [311/846] OK → belinha60@sapo.pt
2026-05-08 19:03:27,404 [INFO] presentation.associados.associados_controller - [311/846] OK → belinha60@sapo.pt
2026-05-08 19:03:33,340 [INFO] application.email.email_sender - [312/846] OK → mc.salgueiro@sapo.pt
2026-05-08 19:03:33,356 [INFO] presentation.associados.associados_controller - [312/846] OK → mc.salgueiro@sapo.pt
2026-05-08 19:03:40,591 [INFO] application.email.email_sender - [313/846] OK → antonio.p.barbedo@gmail.com
2026-05-08 19:03:40,600 [INFO] presentation.associados.associados_controller - [313/846] OK → antonio.p.barbedo@gmail.com
2026-05-08 19:03:50,008 [INFO] application.email.email_sender - [314/846] OK → rosapupy1951@gmail.com
2026-05-08 19:03:50,008 [INFO] presentation.associados.associados_controller - [314/846] OK → rosapupy1951@gmail.com
2026-05-08 19:03:55,464 [INFO] application.email.email_sender - [315/846] OK → auguribeiro@gmail.com
2026-05-08 19:03:55,464 [INFO] presentation.associados.associados_controller - [315/846] OK → auguribeiro@gmail.com
2026-05-08 19:04:00,979 [INFO] application.email.email_sender - [316/846] OK → zeliafagundesneno@gmail.com
2026-05-08 19:04:00,995 [INFO] presentation.associados.associados_controller - [316/846] OK → zeliafagundesneno@gmail.com
2026-05-08 19:04:10,425 [INFO] application.email.email_sender - [317/846] OK → ct1ayi@gmail.com
2026-05-08 19:04:10,443 [INFO] presentation.associados.associados_controller - [317/846] OK → ct1ayi@gmail.com
2026-05-08 19:04:16,869 [INFO] application.email.email_sender - [318/846] OK → egascarvalho169@gmail.com
2026-05-08 19:04:16,883 [INFO] presentation.associados.associados_controller - [318/846] OK → egascarvalho169@gmail.com
2026-05-08 19:04:24,734 [INFO] application.email.email_sender - [319/846] OK → joel.teixeira@sapo.pt
2026-05-08 19:04:24,744 [INFO] presentation.associados.associados_controller - [319/846] OK → joel.teixeira@sapo.pt
2026-05-08 19:04:29,189 [INFO] application.email.email_sender - [320/846] OK → m.julieta.castro@gmail.com
2026-05-08 19:04:29,199 [INFO] presentation.associados.associados_controller - [320/846] OK → m.julieta.castro@gmail.com
2026-05-08 19:04:35,045 [INFO] application.email.email_sender - [321/846] OK → jr1937@sapo.pt
2026-05-08 19:04:35,093 [INFO] presentation.associados.associados_controller - [321/846] OK → jr1937@sapo.pt
2026-05-08 19:04:39,862 [INFO] application.email.email_sender - [322/846] OK → j-carlos-rocha@sapo.pt
2026-05-08 19:04:39,886 [INFO] presentation.associados.associados_controller - [322/846] OK → j-carlos-rocha@sapo.pt
2026-05-08 19:04:45,555 [INFO] application.email.email_sender - [323/846] OK → filomenarodriguesrocha@gmail.com
2026-05-08 19:04:45,562 [INFO] presentation.associados.associados_controller - [323/846] OK → filomenarodriguesrocha@gmail.com
2026-05-08 19:04:52,807 [INFO] application.email.email_sender - [324/846] OK → edgarmfonseca@sapo.pt
2026-05-08 19:04:52,811 [INFO] presentation.associados.associados_controller - [324/846] OK → edgarmfonseca@sapo.pt
2026-05-08 19:04:58,547 [INFO] application.email.email_sender - [325/846] OK → jcp9903@gmail.com
2026-05-08 19:04:58,553 [INFO] presentation.associados.associados_controller - [325/846] OK → jcp9903@gmail.com
2026-05-08 19:05:05,828 [INFO] application.email.email_sender - [326/846] OK → rita.m.braga@gmail.com
2026-05-08 19:05:05,842 [INFO] presentation.associados.associados_controller - [326/846] OK → rita.m.braga@gmail.com
2026-05-08 19:05:13,699 [INFO] application.email.email_sender - [327/846] OK → mjnfs@yahoo.com
2026-05-08 19:05:13,716 [INFO] presentation.associados.associados_controller - [327/846] OK → mjnfs@yahoo.com
2026-05-08 19:05:22,543 [INFO] application.email.email_sender - [328/846] OK → genyeu@gmail.com
2026-05-08 19:05:22,549 [INFO] presentation.associados.associados_controller - [328/846] OK → genyeu@gmail.com
2026-05-08 19:05:29,843 [INFO] application.email.email_sender - [329/846] OK → amsdias@sapo.pt
2026-05-08 19:05:29,847 [INFO] presentation.associados.associados_controller - [329/846] OK → amsdias@sapo.pt
2026-05-08 19:05:36,124 [INFO] application.email.email_sender - [330/846] OK → fernandosilvasereno@gmail.com
2026-05-08 19:05:36,136 [INFO] presentation.associados.associados_controller - [330/846] OK → fernandosilvasereno@gmail.com
2026-05-08 19:05:43,057 [INFO] application.email.email_sender - [331/846] OK → fmanuelmachado@gmail.com
2026-05-08 19:05:43,059 [INFO] presentation.associados.associados_controller - [331/846] OK → fmanuelmachado@gmail.com
2026-05-08 19:05:48,197 [INFO] application.email.email_sender - [332/846] OK → paulalago@netcabo.pt
2026-05-08 19:05:48,199 [INFO] presentation.associados.associados_controller - [332/846] OK → paulalago@netcabo.pt
2026-05-08 19:05:52,347 [INFO] application.email.email_sender - [333/846] OK → celeste.mrt@gmail.com
2026-05-08 19:05:52,347 [INFO] presentation.associados.associados_controller - [333/846] OK → celeste.mrt@gmail.com
2026-05-08 19:06:00,971 [INFO] application.email.email_sender - [334/846] OK → isabelcardoso24@hotmail.com
2026-05-08 19:06:00,975 [INFO] presentation.associados.associados_controller - [334/846] OK → isabelcardoso24@hotmail.com
2026-05-08 19:06:09,723 [INFO] application.email.email_sender - [335/846] OK → mamialda@yahoo.com
2026-05-08 19:06:09,730 [INFO] presentation.associados.associados_controller - [335/846] OK → mamialda@yahoo.com
2026-05-08 19:06:16,644 [INFO] application.email.email_sender - [336/846] OK → ana.paula.goncalves23@sapo.pt
2026-05-08 19:06:16,649 [INFO] presentation.associados.associados_controller - [336/846] OK → ana.paula.goncalves23@sapo.pt
2026-05-08 19:06:21,710 [INFO] application.email.email_sender - [337/846] OK → isamendes@sapo.pt
2026-05-08 19:06:21,715 [INFO] presentation.associados.associados_controller - [337/846] OK → isamendes@sapo.pt
2026-05-08 19:06:27,004 [INFO] application.email.email_sender - [338/846] OK → virginiacarvalhosousa@gmail.com
2026-05-08 19:06:27,011 [INFO] presentation.associados.associados_controller - [338/846] OK → virginiacarvalhosousa@gmail.com
2026-05-08 19:06:36,234 [INFO] application.email.email_sender - [339/846] OK → candida58@sapo.pt
2026-05-08 19:06:36,242 [INFO] presentation.associados.associados_controller - [339/846] OK → candida58@sapo.pt
2026-05-08 19:06:43,320 [INFO] application.email.email_sender - [340/846] OK → jorgeuria@sapo.pt
2026-05-08 19:06:43,322 [INFO] presentation.associados.associados_controller - [340/846] OK → jorgeuria@sapo.pt
2026-05-08 19:06:51,849 [INFO] application.email.email_sender - max_por_conexao (40) atingido — a reconectar
2026-05-08 19:06:51,852 [INFO] presentation.associados.associados_controller - 🔄 Reconexão SMTP (limite de 40 por sessão)
2026-05-08 19:06:53,285 [INFO] application.email.email_sender - [341/846] OK → vitorsilva74@gmail.com
2026-05-08 19:06:53,291 [INFO] presentation.associados.associados_controller - [341/846] OK → vitorsilva74@gmail.com
2026-05-08 19:07:10,219 [INFO] application.email.email_sender - [342/846] OK → bastos1948@hotmail.com
2026-05-08 19:07:10,225 [INFO] presentation.associados.associados_controller - [342/846] OK → bastos1948@hotmail.com
2026-05-08 19:07:22,490 [INFO] application.email.email_sender - [343/846] OK → maria.jesus.bastos@hotmail.com
2026-05-08 19:07:22,493 [INFO] presentation.associados.associados_controller - [343/846] OK → maria.jesus.bastos@hotmail.com
2026-05-08 19:07:32,093 [INFO] application.email.email_sender - [344/846] OK → anamariaguedes1951@gmail.com
2026-05-08 19:07:32,100 [INFO] presentation.associados.associados_controller - [344/846] OK → anamariaguedes1951@gmail.com
2026-05-08 19:07:41,240 [INFO] application.email.email_sender - [345/846] OK → jcsleitao@gmail.com
2026-05-08 19:07:41,246 [INFO] presentation.associados.associados_controller - [345/846] OK → jcsleitao@gmail.com
2026-05-08 19:07:45,589 [INFO] application.email.email_sender - [346/846] OK → mfmcastro@gmail.com
2026-05-08 19:07:45,591 [INFO] presentation.associados.associados_controller - [346/846] OK → mfmcastro@gmail.com
2026-05-08 19:07:49,852 [INFO] application.email.email_sender - [347/846] OK → candidurao@gmail.com
2026-05-08 19:07:49,854 [INFO] presentation.associados.associados_controller - [347/846] OK → candidurao@gmail.com
2026-05-08 19:07:54,972 [INFO] application.email.email_sender - [348/846] OK → manuel.s.moreira@sapo.pt
2026-05-08 19:07:54,974 [INFO] presentation.associados.associados_controller - [348/846] OK → manuel.s.moreira@sapo.pt
2026-05-08 19:08:01,641 [INFO] application.email.email_sender - [349/846] OK → leopoldina27@gmail.com
2026-05-08 19:08:01,645 [INFO] presentation.associados.associados_controller - [349/846] OK → leopoldina27@gmail.com
2026-05-08 19:08:07,400 [INFO] application.email.email_sender - [350/846] OK → avaleriocunha@sapo.pt
2026-05-08 19:08:07,410 [INFO] presentation.associados.associados_controller - [350/846] OK → avaleriocunha@sapo.pt
2026-05-08 19:08:14,762 [INFO] application.email.email_sender - SMTP desconectado após lote 7
2026-05-08 19:08:15,693 [INFO] application.email.email_sender - 💾 Guardado (lote 7)
2026-05-08 19:08:15,693 [INFO] presentation.associados.associados_controller - 💾 Guardado (lote 7)
2026-05-08 19:08:15,709 [INFO] application.email.email_sender - Pausa de 115s antes do lote 8
2026-05-08 19:08:15,710 [INFO] presentation.associados.associados_controller - 
⏸️ Pausa de 115s antes do próximo lote...
2026-05-08 19:10:11,420 [INFO] application.email.email_sender - LOTE 8/17 — 50 emails
2026-05-08 19:10:11,426 [INFO] presentation.associados.associados_controller - 
📦 LOTE 8/17 — 50 emails
2026-05-08 19:10:11,789 [INFO] application.email.email_sender - SMTP conectado para lote 8
2026-05-08 19:10:12,786 [INFO] application.email.email_sender - [351/846] OK → crislui@hotmail.com
2026-05-08 19:10:12,789 [INFO] presentation.associados.associados_controller - [351/846] OK → crislui@hotmail.com
2026-05-08 19:10:42,274 [INFO] application.email.email_sender - [352/846] OK → a_martins_carvalho@sapo.pt
2026-05-08 19:10:42,282 [INFO] presentation.associados.associados_controller - [352/846] OK → a_martins_carvalho@sapo.pt
2026-05-08 19:11:00,690 [INFO] application.email.email_sender - [353/846] OK → celsoprior@gmail.com
2026-05-08 19:11:00,701 [INFO] presentation.associados.associados_controller - [353/846] OK → celsoprior@gmail.com
2026-05-08 19:11:15,514 [INFO] application.email.email_sender - [354/846] OK → luciliasales@sapo.pt
2026-05-08 19:11:15,521 [INFO] presentation.associados.associados_controller - [354/846] OK → luciliasales@sapo.pt
2026-05-08 19:11:25,663 [INFO] application.email.email_sender - [355/846] OK → m.joao.sa@hotmail.com
2026-05-08 19:11:25,663 [INFO] presentation.associados.associados_controller - [355/846] OK → m.joao.sa@hotmail.com
2026-05-08 19:11:33,926 [INFO] application.email.email_sender - [356/846] OK → svitor2017@gmail.com
2026-05-08 19:11:33,967 [INFO] presentation.associados.associados_controller - [356/846] OK → svitor2017@gmail.com
2026-05-08 19:11:38,759 [INFO] application.email.email_sender - [357/846] OK → anabela51goncalves@gmail.com
2026-05-08 19:11:38,771 [INFO] presentation.associados.associados_controller - [357/846] OK → anabela51goncalves@gmail.com
2026-05-08 19:11:45,154 [INFO] application.email.email_sender - [358/846] OK → carminda15@sapo.pt
2026-05-08 19:11:45,162 [INFO] presentation.associados.associados_controller - [358/846] OK → carminda15@sapo.pt
2026-05-08 19:11:51,590 [INFO] application.email.email_sender - [359/846] OK → maria.albertina.neves.pereira1950@gmail.com
2026-05-08 19:11:51,595 [INFO] presentation.associados.associados_controller - [359/846] OK → maria.albertina.neves.pereira1950@gmail.com
2026-05-08 19:11:56,285 [INFO] application.email.email_sender - [360/846] OK → avelino.s.pedrosa@gmail.com
2026-05-08 19:11:56,295 [INFO] presentation.associados.associados_controller - [360/846] OK → avelino.s.pedrosa@gmail.com
2026-05-08 19:12:04,096 [INFO] application.email.email_sender - [361/846] OK → maria.c.o.machado@gmail.com
2026-05-08 19:12:04,104 [INFO] presentation.associados.associados_controller - [361/846] OK → maria.c.o.machado@gmail.com
2026-05-08 19:12:08,215 [INFO] application.email.email_sender - [362/846] OK → cmmonteiro79@gmail.com
2026-05-08 19:12:08,225 [INFO] presentation.associados.associados_controller - [362/846] OK → cmmonteiro79@gmail.com
2026-05-08 19:12:15,276 [INFO] application.email.email_sender - [363/846] OK → antonio.samagaio.duarte@gmail.com
2026-05-08 19:12:15,282 [INFO] presentation.associados.associados_controller - [363/846] OK → antonio.samagaio.duarte@gmail.com
2026-05-08 19:12:19,391 [INFO] application.email.email_sender - [364/846] OK → acsilva.carlos@gmail.com
2026-05-08 19:12:19,391 [INFO] presentation.associados.associados_controller - [364/846] OK → acsilva.carlos@gmail.com
2026-05-08 19:12:28,690 [INFO] application.email.email_sender - [365/846] OK → bpmsantos@hotmail.com
2026-05-08 19:12:28,690 [INFO] presentation.associados.associados_controller - [365/846] OK → bpmsantos@hotmail.com
2026-05-08 19:12:36,239 [INFO] application.email.email_sender - [366/846] OK → irenedomingues55@hotmail.com
2026-05-08 19:12:36,252 [INFO] presentation.associados.associados_controller - [366/846] OK → irenedomingues55@hotmail.com
2026-05-08 19:12:40,169 [INFO] application.email.email_sender - [367/846] OK → alcinamcfonseca@gmail.com
2026-05-08 19:12:40,171 [INFO] presentation.associados.associados_controller - [367/846] OK → alcinamcfonseca@gmail.com
2026-05-08 19:12:47,733 [INFO] application.email.email_sender - [368/846] OK → fatimarodriguesgregorio@gmail.com
2026-05-08 19:12:47,739 [INFO] presentation.associados.associados_controller - [368/846] OK → fatimarodriguesgregorio@gmail.com
2026-05-08 19:12:54,325 [INFO] application.email.email_sender - [369/846] OK → pjc1999@gmail.com
2026-05-08 19:12:54,330 [INFO] presentation.associados.associados_controller - [369/846] OK → pjc1999@gmail.com
2026-05-08 19:13:01,250 [INFO] application.email.email_sender - [370/846] OK → carlosmeireles122@gmail.com
2026-05-08 19:13:01,263 [INFO] presentation.associados.associados_controller - [370/846] OK → carlosmeireles122@gmail.com
2026-05-08 19:13:09,760 [INFO] application.email.email_sender - [371/846] OK → diogotiago1@live.com.pt
2026-05-08 19:13:09,775 [INFO] presentation.associados.associados_controller - [371/846] OK → diogotiago1@live.com.pt
2026-05-08 19:13:14,330 [INFO] application.email.email_sender - [372/846] OK → hernanimarinho@sapo.pt
2026-05-08 19:13:14,340 [INFO] presentation.associados.associados_controller - [372/846] OK → hernanimarinho@sapo.pt
2026-05-08 19:13:23,084 [INFO] application.email.email_sender - [373/846] OK → antoniocastelhano@sapo.pt
2026-05-08 19:13:23,087 [INFO] presentation.associados.associados_controller - [373/846] OK → antoniocastelhano@sapo.pt
2026-05-08 19:13:30,224 [INFO] application.email.email_sender - [374/846] OK → adriano.s.magalhaes@sapo.pt
2026-05-08 19:13:30,233 [INFO] presentation.associados.associados_controller - [374/846] OK → adriano.s.magalhaes@sapo.pt
2026-05-08 19:13:40,320 [INFO] application.email.email_sender - [375/846] OK → julioascarvalho@gmail.com
2026-05-08 19:13:40,320 [INFO] presentation.associados.associados_controller - [375/846] OK → julioascarvalho@gmail.com
2026-05-08 19:13:45,802 [INFO] application.email.email_sender - [376/846] OK → porfiriofaria@sapo.pt
2026-05-08 19:13:45,810 [INFO] presentation.associados.associados_controller - [376/846] OK → porfiriofaria@sapo.pt
2026-05-08 19:13:53,679 [INFO] application.email.email_sender - [377/846] OK → maria.r.macedo@sapo.pt
2026-05-08 19:13:53,689 [INFO] presentation.associados.associados_controller - [377/846] OK → maria.r.macedo@sapo.pt
2026-05-08 19:14:02,499 [INFO] application.email.email_sender - [378/846] OK → helenajacques@hotmail.com
2026-05-08 19:14:02,505 [INFO] presentation.associados.associados_controller - [378/846] OK → helenajacques@hotmail.com
2026-05-08 19:14:11,339 [INFO] application.email.email_sender - [379/846] OK → js63lopes@gmail.com
2026-05-08 19:14:11,349 [INFO] presentation.associados.associados_controller - [379/846] OK → js63lopes@gmail.com
2026-05-08 19:14:16,280 [INFO] application.email.email_sender - [380/846] OK → paulampmoura@gmail.com
2026-05-08 19:14:16,285 [INFO] presentation.associados.associados_controller - [380/846] OK → paulampmoura@gmail.com
2026-05-08 19:14:25,534 [INFO] application.email.email_sender - [381/846] OK → ivone.barbieri@gmail.com
2026-05-08 19:14:25,540 [INFO] presentation.associados.associados_controller - [381/846] OK → ivone.barbieri@gmail.com
2026-05-08 19:14:31,813 [INFO] application.email.email_sender - [382/846] OK → mario-c-sequeira@sapo.pt
2026-05-08 19:14:31,820 [INFO] presentation.associados.associados_controller - [382/846] OK → mario-c-sequeira@sapo.pt
2026-05-08 19:14:38,338 [INFO] application.email.email_sender - [383/846] OK → carvalhosetembro70@gmail.com
2026-05-08 19:14:38,344 [INFO] presentation.associados.associados_controller - [383/846] OK → carvalhosetembro70@gmail.com
2026-05-08 19:14:48,029 [INFO] application.email.email_sender - [384/846] OK → marialurdesgoncalves1958@gmail.com
2026-05-08 19:14:48,034 [INFO] presentation.associados.associados_controller - [384/846] OK → marialurdesgoncalves1958@gmail.com
2026-05-08 19:14:53,315 [INFO] application.email.email_sender - [385/846] OK → manuelpinheirobarbosa@gmail.com
2026-05-08 19:14:53,342 [INFO] presentation.associados.associados_controller - [385/846] OK → manuelpinheirobarbosa@gmail.com
2026-05-08 19:15:00,937 [INFO] application.email.email_sender - [386/846] OK → f.m.n.marques@hotmail.com
2026-05-08 19:15:00,939 [INFO] presentation.associados.associados_controller - [386/846] OK → f.m.n.marques@hotmail.com
2026-05-08 19:15:08,434 [INFO] application.email.email_sender - [387/846] OK → rosalina.f.conceicao@gmail.com
2026-05-08 19:15:08,464 [INFO] presentation.associados.associados_controller - [387/846] OK → rosalina.f.conceicao@gmail.com
2026-05-08 19:15:17,429 [INFO] application.email.email_sender - [388/846] OK → amadeu.melo@gmail.com
2026-05-08 19:15:17,433 [INFO] presentation.associados.associados_controller - [388/846] OK → amadeu.melo@gmail.com
2026-05-08 19:15:24,845 [INFO] application.email.email_sender - [389/846] OK → fernando.p.nunes@hotmail.com
2026-05-08 19:15:24,864 [INFO] presentation.associados.associados_controller - [389/846] OK → fernando.p.nunes@hotmail.com
2026-05-08 19:15:35,759 [INFO] application.email.email_sender - [390/846] OK → joaquim.m.faria@sapo.pt
2026-05-08 19:15:35,761 [INFO] presentation.associados.associados_controller - [390/846] OK → joaquim.m.faria@sapo.pt
2026-05-08 19:15:44,267 [INFO] application.email.email_sender - max_por_conexao (40) atingido — a reconectar
2026-05-08 19:15:44,272 [INFO] presentation.associados.associados_controller - 🔄 Reconexão SMTP (limite de 40 por sessão)
2026-05-08 19:15:45,592 [INFO] application.email.email_sender - [391/846] OK → joseportela2@sapo.pt
2026-05-08 19:15:45,602 [INFO] presentation.associados.associados_controller - [391/846] OK → joseportela2@sapo.pt
2026-05-08 19:16:11,685 [INFO] application.email.email_sender - [392/846] OK → ana.c.geracao@sapo.pt
2026-05-08 19:16:11,689 [INFO] presentation.associados.associados_controller - [392/846] OK → ana.c.geracao@sapo.pt
2026-05-08 19:16:29,290 [INFO] application.email.email_sender - [393/846] OK → orquideamachado.machado@gmail.com
2026-05-08 19:16:29,296 [INFO] presentation.associados.associados_controller - [393/846] OK → orquideamachado.machado@gmail.com
2026-05-08 19:16:38,320 [INFO] application.email.email_sender - [394/846] OK → ajfonseca@meo.pt
2026-05-08 19:16:38,324 [INFO] presentation.associados.associados_controller - [394/846] OK → ajfonseca@meo.pt
2026-05-08 19:16:46,185 [INFO] application.email.email_sender - [395/846] OK → manuelpsilva60@gmail.com
2026-05-08 19:16:46,188 [INFO] presentation.associados.associados_controller - [395/846] OK → manuelpsilva60@gmail.com
2026-05-08 19:16:53,945 [INFO] application.email.email_sender - [396/846] OK → perfeitot@gmail.com
2026-05-08 19:16:53,951 [INFO] presentation.associados.associados_controller - [396/846] OK → perfeitot@gmail.com
2026-05-08 19:16:57,915 [INFO] application.email.email_sender - [397/846] OK → ana.maria.val60@gmail.com
2026-05-08 19:16:57,921 [INFO] presentation.associados.associados_controller - [397/846] OK → ana.maria.val60@gmail.com
2026-05-08 19:17:02,178 [INFO] application.email.email_sender - [398/846] OK → antoniovenceslausantos@gmail.com
2026-05-08 19:17:02,191 [INFO] presentation.associados.associados_controller - [398/846] OK → antoniovenceslausantos@gmail.com
2026-05-08 19:17:06,761 [INFO] application.email.email_sender - [399/846] OK → adrianoribeiroc@gmail.com
2026-05-08 19:17:06,767 [INFO] presentation.associados.associados_controller - [399/846] OK → adrianoribeiroc@gmail.com
2026-05-08 19:17:13,558 [INFO] application.email.email_sender - [400/846] OK → eugenia.m.franco@sapo.pt
2026-05-08 19:17:13,558 [INFO] presentation.associados.associados_controller - [400/846] OK → eugenia.m.franco@sapo.pt
2026-05-08 19:17:21,649 [INFO] application.email.email_sender - SMTP desconectado após lote 8
2026-05-08 19:17:22,622 [INFO] application.email.email_sender - 💾 Guardado (lote 8)
2026-05-08 19:17:22,628 [INFO] presentation.associados.associados_controller - 💾 Guardado (lote 8)
2026-05-08 19:17:22,638 [INFO] application.email.email_sender - Pausa de 189s antes do lote 9
2026-05-08 19:17:22,642 [INFO] presentation.associados.associados_controller - 
⏸️ Pausa de 189s antes do próximo lote...
2026-05-08 19:20:32,259 [INFO] application.email.email_sender - LOTE 9/17 — 50 emails
2026-05-08 19:20:32,265 [INFO] presentation.associados.associados_controller - 
📦 LOTE 9/17 — 50 emails
2026-05-08 19:20:32,578 [INFO] application.email.email_sender - SMTP conectado para lote 9
2026-05-08 19:20:38,439 [INFO] application.email.email_sender - [401/846] OK → maios@sapo.pt
2026-05-08 19:20:38,449 [INFO] presentation.associados.associados_controller - [401/846] OK → maios@sapo.pt
2026-05-08 19:20:49,909 [INFO] application.email.email_sender - [402/846] OK → fatima.s.afonso@hotmail.com
2026-05-08 19:20:49,918 [INFO] presentation.associados.associados_controller - [402/846] OK → fatima.s.afonso@hotmail.com
2026-05-08 19:21:05,663 [INFO] application.email.email_sender - [403/846] OK → oscar-c-moutinho@sapo.pt
2026-05-08 19:21:05,663 [INFO] presentation.associados.associados_controller - [403/846] OK → oscar-c-moutinho@sapo.pt
2026-05-08 19:21:16,399 [INFO] application.email.email_sender - [404/846] OK → marinhoaugusto@sapo.pt
2026-05-08 19:21:16,405 [INFO] presentation.associados.associados_controller - [404/846] OK → marinhoaugusto@sapo.pt
2026-05-08 19:21:31,735 [INFO] application.email.email_sender - [405/846] OK → josesousacoutinho@gmail.com
2026-05-08 19:21:31,739 [INFO] presentation.associados.associados_controller - [405/846] OK → josesousacoutinho@gmail.com
2026-05-08 19:21:43,251 [INFO] application.email.email_sender - [406/846] OK → fernando_oliveira48@hotmail.com
2026-05-08 19:21:43,263 [INFO] presentation.associados.associados_controller - [406/846] OK → fernando_oliveira48@hotmail.com
2026-05-08 19:21:54,453 [INFO] application.email.email_sender - [407/846] OK → maria.f.soares@sapo.pt
2026-05-08 19:21:54,459 [INFO] presentation.associados.associados_controller - [407/846] OK → maria.f.soares@sapo.pt
2026-05-08 19:22:11,529 [INFO] application.email.email_sender - [408/846] OK → pedroveiga1983@gmail.com
2026-05-08 19:22:11,539 [INFO] presentation.associados.associados_controller - [408/846] OK → pedroveiga1983@gmail.com
2026-05-08 19:22:21,069 [INFO] application.email.email_sender - [409/846] OK → claudia.s.tavares@meo.pt
2026-05-08 19:22:21,072 [INFO] presentation.associados.associados_controller - [409/846] OK → claudia.s.tavares@meo.pt
2026-05-08 19:22:32,279 [INFO] application.email.email_sender - [410/846] OK → antonio.a.barbosa@meo.pt
2026-05-08 19:22:32,279 [INFO] presentation.associados.associados_controller - [410/846] OK → antonio.a.barbosa@meo.pt
2026-05-08 19:22:43,121 [INFO] application.email.email_sender - [411/846] OK → paulo-j-barbosa@sapo.pt
2026-05-08 19:22:43,129 [INFO] presentation.associados.associados_controller - [411/846] OK → paulo-j-barbosa@sapo.pt
2026-05-08 19:22:53,461 [INFO] application.email.email_sender - [412/846] OK → migueljsferreira74@gmail.com
2026-05-08 19:22:53,469 [INFO] presentation.associados.associados_controller - [412/846] OK → migueljsferreira74@gmail.com
2026-05-08 19:23:06,365 [INFO] application.email.email_sender - [413/846] OK → jdhvalente@gmail.com
2026-05-08 19:23:06,365 [INFO] presentation.associados.associados_controller - [413/846] OK → jdhvalente@gmail.com
2026-05-08 19:23:19,303 [INFO] application.email.email_sender - [414/846] OK → manueljmachado@sapo.pt
2026-05-08 19:23:19,303 [INFO] presentation.associados.associados_controller - [414/846] OK → manueljmachado@sapo.pt
2026-05-08 19:23:32,076 [INFO] application.email.email_sender - [415/846] OK → mena.laureano56@sapo.pt
2026-05-08 19:23:32,080 [INFO] presentation.associados.associados_controller - [415/846] OK → mena.laureano56@sapo.pt
2026-05-08 19:23:47,426 [INFO] application.email.email_sender - [416/846] OK → carocha55@hotmail.com
2026-05-08 19:23:47,426 [INFO] presentation.associados.associados_controller - [416/846] OK → carocha55@hotmail.com
2026-05-08 19:23:59,775 [INFO] application.email.email_sender - [417/846] OK → vfrocha@sapo.pt
2026-05-08 19:23:59,779 [INFO] presentation.associados.associados_controller - [417/846] OK → vfrocha@sapo.pt
2026-05-08 19:24:12,235 [INFO] application.email.email_sender - [418/846] OK → jpldias1952@gmail.com
2026-05-08 19:24:12,246 [INFO] presentation.associados.associados_controller - [418/846] OK → jpldias1952@gmail.com
2026-05-08 19:24:21,732 [INFO] application.email.email_sender - [419/846] OK → martamaruja@hotmail.com
2026-05-08 19:24:21,739 [INFO] presentation.associados.associados_controller - [419/846] OK → martamaruja@hotmail.com
2026-05-08 19:24:31,181 [INFO] application.email.email_sender - [420/846] OK → adriano.costa50@sapo.pt
2026-05-08 19:24:31,184 [INFO] presentation.associados.associados_controller - [420/846] OK → adriano.costa50@sapo.pt
2026-05-08 19:24:45,200 [INFO] application.email.email_sender - [421/846] OK → mlinabvale@sapo.pt
2026-05-08 19:24:45,204 [INFO] presentation.associados.associados_controller - [421/846] OK → mlinabvale@sapo.pt
2026-05-08 19:24:54,320 [INFO] application.email.email_sender - [422/846] OK → casimiracarvalhosilva@sapo.pt
2026-05-08 19:24:54,324 [INFO] presentation.associados.associados_controller - [422/846] OK → casimiracarvalhosilva@sapo.pt
2026-05-08 19:25:03,495 [INFO] application.email.email_sender - [423/846] OK → nelsonmpocas0@gmail.com
2026-05-08 19:25:03,499 [INFO] presentation.associados.associados_controller - [423/846] OK → nelsonmpocas0@gmail.com
2026-05-08 19:25:16,248 [INFO] application.email.email_sender - [424/846] OK → joaosousalima@sapo.pt
2026-05-08 19:25:16,253 [INFO] presentation.associados.associados_controller - [424/846] OK → joaosousalima@sapo.pt
2026-05-08 19:25:30,141 [INFO] application.email.email_sender - [425/846] OK → antonio-lc-sousa@sapo.pt
2026-05-08 19:25:30,146 [INFO] presentation.associados.associados_controller - [425/846] OK → antonio-lc-sousa@sapo.pt
2026-05-08 19:25:41,052 [INFO] application.email.email_sender - [426/846] OK → m-helena-rodrigues@sapo.pt
2026-05-08 19:25:41,058 [INFO] presentation.associados.associados_controller - [426/846] OK → m-helena-rodrigues@sapo.pt
2026-05-08 19:25:52,798 [INFO] application.email.email_sender - [427/846] OK → sacoazul62@gmail.com
2026-05-08 19:25:52,804 [INFO] presentation.associados.associados_controller - [427/846] OK → sacoazul62@gmail.com
2026-05-08 19:26:05,623 [INFO] application.email.email_sender - [428/846] OK → taveirari@hotmail.com
2026-05-08 19:26:05,626 [INFO] presentation.associados.associados_controller - [428/846] OK → taveirari@hotmail.com
2026-05-08 19:26:14,671 [INFO] application.email.email_sender - [429/846] OK → claudia.i.monteiro@meo.pt
2026-05-08 19:26:14,674 [INFO] presentation.associados.associados_controller - [429/846] OK → claudia.i.monteiro@meo.pt
2026-05-08 19:26:27,422 [INFO] application.email.email_sender - [430/846] OK → almeida.ermelinda@hotmail.com
2026-05-08 19:26:27,427 [INFO] presentation.associados.associados_controller - [430/846] OK → almeida.ermelinda@hotmail.com
2026-05-08 19:26:41,588 [INFO] application.email.email_sender - [431/846] OK → apaulabrito@hotmail.com
2026-05-08 19:26:41,592 [INFO] presentation.associados.associados_controller - [431/846] OK → apaulabrito@hotmail.com
2026-05-08 19:26:53,877 [INFO] application.email.email_sender - [432/846] OK → filomenamcmferreira@gmail.com
2026-05-08 19:26:53,881 [INFO] presentation.associados.associados_controller - [432/846] OK → filomenamcmferreira@gmail.com
2026-05-08 19:27:06,721 [INFO] application.email.email_sender - [433/846] OK → jdomingos36@gmail.com
2026-05-08 19:27:06,726 [INFO] presentation.associados.associados_controller - [433/846] OK → jdomingos36@gmail.com
2026-05-08 19:27:17,893 [INFO] application.email.email_sender - [434/846] OK → a.pereira.silva@sapo.pt
2026-05-08 19:27:17,896 [INFO] presentation.associados.associados_controller - [434/846] OK → a.pereira.silva@sapo.pt
2026-05-08 19:27:29,508 [INFO] application.email.email_sender - [435/846] OK → julio-v-marinho@sapo.pt
2026-05-08 19:27:29,515 [INFO] presentation.associados.associados_controller - [435/846] OK → julio-v-marinho@sapo.pt
2026-05-08 19:27:42,272 [INFO] application.email.email_sender - [436/846] OK → nitabarandela@gmail.com
2026-05-08 19:27:42,276 [INFO] presentation.associados.associados_controller - [436/846] OK → nitabarandela@gmail.com
2026-05-08 19:27:53,553 [INFO] application.email.email_sender - [437/846] OK → fernandamacedo214@hotmail.com
2026-05-08 19:27:53,556 [INFO] presentation.associados.associados_controller - [437/846] OK → fernandamacedo214@hotmail.com
2026-05-08 19:28:02,586 [INFO] application.email.email_sender - [438/846] OK → faustoviegasnunes@gmail.com
2026-05-08 19:28:02,590 [INFO] presentation.associados.associados_controller - [438/846] OK → faustoviegasnunes@gmail.com
2026-05-08 19:28:15,403 [INFO] application.email.email_sender - [439/846] OK → avenomar@sapo.pt
2026-05-08 19:28:15,412 [INFO] presentation.associados.associados_controller - [439/846] OK → avenomar@sapo.pt
2026-05-08 19:28:29,622 [INFO] application.email.email_sender - [440/846] OK → mtazevedo44@gmail.com
2026-05-08 19:28:29,627 [INFO] presentation.associados.associados_controller - [440/846] OK → mtazevedo44@gmail.com
2026-05-08 19:28:36,468 [INFO] application.email.email_sender - max_por_conexao (40) atingido — a reconectar
2026-05-08 19:28:36,471 [INFO] presentation.associados.associados_controller - 🔄 Reconexão SMTP (limite de 40 por sessão)
2026-05-08 19:28:37,997 [INFO] application.email.email_sender - [441/846] OK → lauracqueiros@sapo.pt
2026-05-08 19:28:38,001 [INFO] presentation.associados.associados_controller - [441/846] OK → lauracqueiros@sapo.pt
2026-05-08 19:28:52,538 [INFO] application.email.email_sender - [442/846] OK → armindocarvalho158@gmail.com
2026-05-08 19:28:52,542 [INFO] presentation.associados.associados_controller - [442/846] OK → armindocarvalho158@gmail.com
2026-05-08 19:29:03,090 [INFO] application.email.email_sender - [443/846] OK → maria49daluz@gmail.com
2026-05-08 19:29:03,093 [INFO] presentation.associados.associados_controller - [443/846] OK → maria49daluz@gmail.com
2026-05-08 19:29:08,952 [INFO] application.email.email_sender - [444/846] OK → isaguedes@sapo.pt
2026-05-08 19:29:08,956 [INFO] presentation.associados.associados_controller - [444/846] OK → isaguedes@sapo.pt
2026-05-08 19:29:18,504 [INFO] application.email.email_sender - [445/846] OK → m.arminda.c.barbosa@gmail.com
2026-05-08 19:29:18,511 [INFO] presentation.associados.associados_controller - [445/846] OK → m.arminda.c.barbosa@gmail.com
2026-05-08 19:29:23,821 [INFO] application.email.email_sender - [446/846] OK → armando.m.campos@sapo.pt
2026-05-08 19:29:23,830 [INFO] presentation.associados.associados_controller - [446/846] OK → armando.m.campos@sapo.pt
2026-05-08 19:29:27,945 [INFO] application.email.email_sender - [447/846] OK → dol@net.sapo.pt
2026-05-08 19:29:27,949 [INFO] presentation.associados.associados_controller - [447/846] OK → dol@net.sapo.pt
2026-05-08 19:29:34,794 [INFO] application.email.email_sender - [448/846] OK → mapa.almeida@gmail.com
2026-05-08 19:29:34,797 [INFO] presentation.associados.associados_controller - [448/846] OK → mapa.almeida@gmail.com
2026-05-08 19:29:42,236 [INFO] application.email.email_sender - [449/846] OK → isabel.alves77@gmail.com
2026-05-08 19:29:42,242 [INFO] presentation.associados.associados_controller - [449/846] OK → isabel.alves77@gmail.com
2026-05-08 19:29:51,874 [INFO] application.email.email_sender - [450/846] OK → a.jose.oliveira@sapo.pt
2026-05-08 19:29:51,877 [INFO] presentation.associados.associados_controller - [450/846] OK → a.jose.oliveira@sapo.pt
2026-05-08 19:29:57,608 [INFO] application.email.email_sender - SMTP desconectado após lote 9
2026-05-08 19:29:58,453 [INFO] application.email.email_sender - 💾 Guardado (lote 9)
2026-05-08 19:29:58,456 [INFO] presentation.associados.associados_controller - 💾 Guardado (lote 9)
2026-05-08 19:29:58,460 [INFO] application.email.email_sender - Pausa de 84s antes do lote 10
2026-05-08 19:29:58,461 [INFO] presentation.associados.associados_controller - 
⏸️ Pausa de 84s antes do próximo lote...
2026-05-08 19:31:22,898 [INFO] application.email.email_sender - LOTE 10/17 — 50 emails
2026-05-08 19:31:22,902 [INFO] presentation.associados.associados_controller - 
📦 LOTE 10/17 — 50 emails
2026-05-08 19:31:23,265 [INFO] application.email.email_sender - SMTP conectado para lote 10
2026-05-08 19:31:24,425 [INFO] application.email.email_sender - [451/846] OK → gloria.l.sousa@meo.pt
2026-05-08 19:31:24,430 [INFO] presentation.associados.associados_controller - [451/846] OK → gloria.l.sousa@meo.pt
2026-05-08 19:31:50,838 [INFO] application.email.email_sender - [452/846] OK → manuelantoniocosta1945@gmail.com
2026-05-08 19:31:50,841 [INFO] presentation.associados.associados_controller - [452/846] OK → manuelantoniocosta1945@gmail.com
2026-05-08 19:32:07,393 [INFO] application.email.email_sender - [453/846] OK → prin.diana2009@gmail.com
2026-05-08 19:32:07,397 [INFO] presentation.associados.associados_controller - [453/846] OK → prin.diana2009@gmail.com
2026-05-08 19:32:19,373 [INFO] application.email.email_sender - [454/846] OK → jasfaneco@sapo.pt
2026-05-08 19:32:19,376 [INFO] presentation.associados.associados_controller - [454/846] OK → jasfaneco@sapo.pt
2026-05-08 19:32:28,407 [INFO] application.email.email_sender - [455/846] OK → joseribeirolemos@gmail.com
2026-05-08 19:32:28,412 [INFO] presentation.associados.associados_controller - [455/846] OK → joseribeirolemos@gmail.com
2026-05-08 19:32:35,131 [INFO] application.email.email_sender - [456/846] OK → manuel_barbosa@sapo.pt
2026-05-08 19:32:35,134 [INFO] presentation.associados.associados_controller - [456/846] OK → manuel_barbosa@sapo.pt
2026-05-08 19:32:40,418 [INFO] application.email.email_sender - [457/846] OK → balinho1949@gmail.com
2026-05-08 19:32:40,422 [INFO] presentation.associados.associados_controller - [457/846] OK → balinho1949@gmail.com
2026-05-08 19:32:48,858 [INFO] application.email.email_sender - [458/846] OK → dinisdeoliveira@gmail.com
2026-05-08 19:32:48,861 [INFO] presentation.associados.associados_controller - [458/846] OK → dinisdeoliveira@gmail.com
2026-05-08 19:32:58,046 [INFO] application.email.email_sender - [459/846] OK → fernandomonteiro70@sapo.pt
2026-05-08 19:32:58,051 [INFO] presentation.associados.associados_controller - [459/846] OK → fernandomonteiro70@sapo.pt
2026-05-08 19:33:07,388 [INFO] application.email.email_sender - [460/846] OK → rogerio-f-azevedo@telecom.pt
2026-05-08 19:33:07,393 [INFO] presentation.associados.associados_controller - [460/846] OK → rogerio-f-azevedo@telecom.pt
2026-05-08 19:33:16,281 [INFO] application.email.email_sender - [461/846] OK → gloriagomes@live.com.pt
2026-05-08 19:33:16,287 [INFO] presentation.associados.associados_controller - [461/846] OK → gloriagomes@live.com.pt
2026-05-08 19:33:23,052 [INFO] application.email.email_sender - [462/846] OK → horacio.p.silva@sapo.pt
2026-05-08 19:33:23,055 [INFO] presentation.associados.associados_controller - [462/846] OK → horacio.p.silva@sapo.pt
2026-05-08 19:33:27,710 [INFO] application.email.email_sender - [463/846] OK → pedro-s-guimaraes@sapo.pt
2026-05-08 19:33:27,713 [INFO] presentation.associados.associados_controller - [463/846] OK → pedro-s-guimaraes@sapo.pt
2026-05-08 19:33:37,453 [INFO] application.email.email_sender - [464/846] OK → jose.f.n.costa@sapo.pt
2026-05-08 19:33:37,457 [INFO] presentation.associados.associados_controller - [464/846] OK → jose.f.n.costa@sapo.pt
2026-05-08 19:33:46,730 [INFO] application.email.email_sender - [465/846] OK → as2046921@sapo.pt
2026-05-08 19:33:46,735 [INFO] presentation.associados.associados_controller - [465/846] OK → as2046921@sapo.pt
2026-05-08 19:33:52,779 [INFO] application.email.email_sender - [466/846] OK → sfonseca1999@gmail.com
2026-05-08 19:33:52,783 [INFO] presentation.associados.associados_controller - [466/846] OK → sfonseca1999@gmail.com
2026-05-08 19:34:02,799 [INFO] application.email.email_sender - [467/846] OK → rui-c-silva@sapo.pt
2026-05-08 19:34:02,806 [INFO] presentation.associados.associados_controller - [467/846] OK → rui-c-silva@sapo.pt
2026-05-08 19:34:12,313 [INFO] application.email.email_sender - [468/846] OK → balbinacarvalho@sapo.pt
2026-05-08 19:34:12,315 [INFO] presentation.associados.associados_controller - [468/846] OK → balbinacarvalho@sapo.pt
2026-05-08 19:34:17,518 [INFO] application.email.email_sender - [469/846] OK → mariaemiliaribeiro1950@gmail.com
2026-05-08 19:34:17,524 [INFO] presentation.associados.associados_controller - [469/846] OK → mariaemiliaribeiro1950@gmail.com
2026-05-08 19:34:22,778 [INFO] application.email.email_sender - [470/846] OK → maelaurinda1946@gmail.com
2026-05-08 19:34:22,782 [INFO] presentation.associados.associados_controller - [470/846] OK → maelaurinda1946@gmail.com
2026-05-08 19:34:28,421 [INFO] application.email.email_sender - [471/846] OK → carmo.mota@vilacomvida.pt
2026-05-08 19:34:28,424 [INFO] presentation.associados.associados_controller - [471/846] OK → carmo.mota@vilacomvida.pt
2026-05-08 19:34:35,385 [INFO] application.email.email_sender - [472/846] OK → ana.mf.pereira@sapo.pt
2026-05-08 19:34:35,390 [INFO] presentation.associados.associados_controller - [472/846] OK → ana.mf.pereira@sapo.pt
2026-05-08 19:34:39,961 [INFO] application.email.email_sender - [473/846] OK → joakim_coelho@hotmail.com
2026-05-08 19:34:39,964 [INFO] presentation.associados.associados_controller - [473/846] OK → joakim_coelho@hotmail.com
2026-05-08 19:34:48,164 [INFO] application.email.email_sender - [474/846] OK → mjosja@hotmail.com
2026-05-08 19:34:48,168 [INFO] presentation.associados.associados_controller - [474/846] OK → mjosja@hotmail.com
2026-05-08 19:34:57,520 [INFO] application.email.email_sender - [475/846] OK → teresaoliveira1231@gmail.com
2026-05-08 19:34:57,525 [INFO] presentation.associados.associados_controller - [475/846] OK → teresaoliveira1231@gmail.com
2026-05-08 19:35:02,626 [INFO] application.email.email_sender - [476/846] OK → jose.l.fernandes@sapo.pt
2026-05-08 19:35:02,633 [INFO] presentation.associados.associados_controller - [476/846] OK → jose.l.fernandes@sapo.pt
2026-05-08 19:35:08,807 [INFO] application.email.email_sender - [477/846] OK → islau105@gmail.com
2026-05-08 19:35:08,814 [INFO] presentation.associados.associados_controller - [477/846] OK → islau105@gmail.com
2026-05-08 19:35:16,082 [INFO] application.email.email_sender - [478/846] OK → mcgoncalves1955@gmail.com
2026-05-08 19:35:16,085 [INFO] presentation.associados.associados_controller - [478/846] OK → mcgoncalves1955@gmail.com
2026-05-08 19:35:20,678 [INFO] application.email.email_sender - [479/846] OK → florindascosta@sapo.pt
2026-05-08 19:35:20,681 [INFO] presentation.associados.associados_controller - [479/846] OK → florindascosta@sapo.pt
2026-05-08 19:35:28,006 [INFO] application.email.email_sender - [480/846] OK → misabelcyrne@gmail.com
2026-05-08 19:35:28,010 [INFO] presentation.associados.associados_controller - [480/846] OK → misabelcyrne@gmail.com
2026-05-08 19:35:34,274 [INFO] application.email.email_sender - [481/846] OK → jorge.v.carreira@sapo.pt
2026-05-08 19:35:34,279 [INFO] presentation.associados.associados_controller - [481/846] OK → jorge.v.carreira@sapo.pt
2026-05-08 19:35:42,803 [INFO] application.email.email_sender - [482/846] OK → iimatisoftii@gmail.com
2026-05-08 19:35:42,807 [INFO] presentation.associados.associados_controller - [482/846] OK → iimatisoftii@gmail.com
2026-05-08 19:35:48,238 [INFO] application.email.email_sender - [483/846] OK → mariaalicedias@gmail.com
2026-05-08 19:35:48,248 [INFO] presentation.associados.associados_controller - [483/846] OK → mariaalicedias@gmail.com
2026-05-08 19:35:55,993 [INFO] application.email.email_sender - [484/846] OK → jorge.cunha@sapo.pt
2026-05-08 19:35:55,998 [INFO] presentation.associados.associados_controller - [484/846] OK → jorge.cunha@sapo.pt
2026-05-08 19:36:00,203 [INFO] application.email.email_sender - [485/846] OK → prazeres60@hotmail.com
2026-05-08 19:36:00,207 [INFO] presentation.associados.associados_controller - [485/846] OK → prazeres60@hotmail.com
2026-05-08 19:36:12,717 [ERROR] application.email.email_sender - [486/846] ERRO → livia.c.pintocardoso@gmail.com
Traceback (most recent call last):
  File "G:\.shortcut-targets-by-id\1NsBCziGNFjlQ-f8QRcezPsKVP9QzGdp0\APPs\atrpt\application\email\email_sender.py", line 318, in send_batch
    self.smtp.send(mime, recipients)
  File "G:\.shortcut-targets-by-id\1NsBCziGNFjlQ-f8QRcezPsKVP9QzGdp0\APPs\atrpt\infrastructure\email\smtp_client.py", line 108, in send
    self._smtp.send_message(mime, to_addrs=recipients)
  File "C:\envs\atrpt\Lib\smtplib.py", line 975, in send_message
    return self.sendmail(from_addr, to_addrs, flatmsg, mail_options,
           ^^^^^^^^^^^^^^^^^^^^^^^^^^^^^^^^^^^^^^^^^^^^^^^^^^^^^^^^^
  File "C:\envs\atrpt\Lib\smtplib.py", line 897, in sendmail
    raise SMTPDataError(code, resp)
smtplib.SMTPDataError: (550, b'5.2.0 LQ3Vw2Z6KdK1ELQ3WwoEGI Sending Prohibited (Max RcptTo Daily limit)')
2026-05-08 19:36:12,828 [INFO] presentation.associados.associados_controller - ❌ [486/846] ERRO: (550, b'5.2.0 LQ3Vw2Z6KdK1ELQ3WwoEGI Sending Prohibited (Max RcptTo Daily limit)') → livia.c.pintocardoso@gmail.com
2026-05-08 19:36:29,858 [INFO] application.email.email_sender - [487/846] OK → maestroferreiradasilva@hotmail.com
2026-05-08 19:36:29,861 [INFO] presentation.associados.associados_controller - [487/846] OK → maestroferreiradasilva@hotmail.com
2026-05-08 19:36:49,399 [ERROR] application.email.email_sender - [488/846] ERRO → jkosta@sapo.pt
Traceback (most recent call last):
  File "G:\.shortcut-targets-by-id\1NsBCziGNFjlQ-f8QRcezPsKVP9QzGdp0\APPs\atrpt\application\email\email_sender.py", line 318, in send_batch
    self.smtp.send(mime, recipients)
  File "G:\.shortcut-targets-by-id\1NsBCziGNFjlQ-f8QRcezPsKVP9QzGdp0\APPs\atrpt\infrastructure\email\smtp_client.py", line 108, in send
    self._smtp.send_message(mime, to_addrs=recipients)
  File "C:\envs\atrpt\Lib\smtplib.py", line 975, in send_message
    return self.sendmail(from_addr, to_addrs, flatmsg, mail_options,
           ^^^^^^^^^^^^^^^^^^^^^^^^^^^^^^^^^^^^^^^^^^^^^^^^^^^^^^^^^
  File "C:\envs\atrpt\Lib\smtplib.py", line 897, in sendmail
    raise SMTPDataError(code, resp)
smtplib.SMTPDataError: (550, b'5.2.0 LQ45wBIEoSMHlLQ45wwvhr Sending Prohibited (Max RcptTo Daily limit)')
2026-05-08 19:36:49,410 [INFO] presentation.associados.associados_controller - ❌ [488/846] ERRO: (550, b'5.2.0 LQ45wBIEoSMHlLQ45wwvhr Sending Prohibited (Max RcptTo Daily limit)') → jkosta@sapo.pt
2026-05-08 19:37:03,586 [INFO] application.email.email_sender - [489/846] OK → antonia.p.sousa@sapo.pt
2026-05-08 19:37:03,588 [INFO] presentation.associados.associados_controller - [489/846] OK → antonia.p.sousa@sapo.pt
2026-05-08 19:37:21,244 [ERROR] application.email.email_sender - [490/846] ERRO → carlosomvieira@gmail.com
Traceback (most recent call last):
  File "G:\.shortcut-targets-by-id\1NsBCziGNFjlQ-f8QRcezPsKVP9QzGdp0\APPs\atrpt\application\email\email_sender.py", line 318, in send_batch
    self.smtp.send(mime, recipients)
  File "G:\.shortcut-targets-by-id\1NsBCziGNFjlQ-f8QRcezPsKVP9QzGdp0\APPs\atrpt\infrastructure\email\smtp_client.py", line 108, in send
    self._smtp.send_message(mime, to_addrs=recipients)
  File "C:\envs\atrpt\Lib\smtplib.py", line 975, in send_message
    return self.sendmail(from_addr, to_addrs, flatmsg, mail_options,
           ^^^^^^^^^^^^^^^^^^^^^^^^^^^^^^^^^^^^^^^^^^^^^^^^^^^^^^^^^
  File "C:\envs\atrpt\Lib\smtplib.py", line 897, in sendmail
    raise SMTPDataError(code, resp)
smtplib.SMTPDataError: (550, b'5.2.0 LQ4cwUYwYUbIPLQ4cwdpoc Sending Prohibited (Max RcptTo Daily limit)')
2026-05-08 19:37:21,252 [INFO] presentation.associados.associados_controller - ❌ [490/846] ERRO: (550, b'5.2.0 LQ4cwUYwYUbIPLQ4cwdpoc Sending Prohibited (Max RcptTo Daily limit)') → carlosomvieira@gmail.com
2026-05-08 19:37:33,139 [INFO] application.email.email_sender - [491/846] OK → manuelavgoliveira@gmail.com
2026-05-08 19:37:33,141 [INFO] presentation.associados.associados_controller - [491/846] OK → manuelavgoliveira@gmail.com
2026-05-08 19:37:55,628 [ERROR] application.email.email_sender - [492/846] ERRO → j.luisnunes@sapo.pt
Traceback (most recent call last):
  File "G:\.shortcut-targets-by-id\1NsBCziGNFjlQ-f8QRcezPsKVP9QzGdp0\APPs\atrpt\application\email\email_sender.py", line 318, in send_batch
    self.smtp.send(mime, recipients)
  File "G:\.shortcut-targets-by-id\1NsBCziGNFjlQ-f8QRcezPsKVP9QzGdp0\APPs\atrpt\infrastructure\email\smtp_client.py", line 108, in send
    self._smtp.send_message(mime, to_addrs=recipients)
  File "C:\envs\atrpt\Lib\smtplib.py", line 975, in send_message
    return self.sendmail(from_addr, to_addrs, flatmsg, mail_options,
           ^^^^^^^^^^^^^^^^^^^^^^^^^^^^^^^^^^^^^^^^^^^^^^^^^^^^^^^^^
  File "C:\envs\atrpt\Lib\smtplib.py", line 897, in sendmail
    raise SMTPDataError(code, resp)
smtplib.SMTPDataError: (550, b'5.2.0 LQ55w2EEomakWLQ56wuZ0B Sending Prohibited (Max RcptTo Daily limit)')
2026-05-08 19:37:55,635 [INFO] presentation.associados.associados_controller - ❌ [492/846] ERRO: (550, b'5.2.0 LQ55w2EEomakWLQ56wuZ0B Sending Prohibited (Max RcptTo Daily limit)') → j.luisnunes@sapo.pt
2026-05-08 19:38:14,515 [INFO] application.email.email_sender - [493/846] OK → farialmeida@sapo.pt
2026-05-08 19:38:14,522 [INFO] presentation.associados.associados_controller - [493/846] OK → farialmeida@sapo.pt
2026-05-08 19:38:36,546 [ERROR] application.email.email_sender - [494/846] ERRO → rosa.d.sousa1968@gmail.com
Traceback (most recent call last):
  File "G:\.shortcut-targets-by-id\1NsBCziGNFjlQ-f8QRcezPsKVP9QzGdp0\APPs\atrpt\application\email\email_sender.py", line 318, in send_batch
    self.smtp.send(mime, recipients)
  File "G:\.shortcut-targets-by-id\1NsBCziGNFjlQ-f8QRcezPsKVP9QzGdp0\APPs\atrpt\infrastructure\email\smtp_client.py", line 108, in send
    self._smtp.send_message(mime, to_addrs=recipients)
  File "C:\envs\atrpt\Lib\smtplib.py", line 975, in send_message
    return self.sendmail(from_addr, to_addrs, flatmsg, mail_options,
           ^^^^^^^^^^^^^^^^^^^^^^^^^^^^^^^^^^^^^^^^^^^^^^^^^^^^^^^^^
  File "C:\envs\atrpt\Lib\smtplib.py", line 897, in sendmail
    raise SMTPDataError(code, resp)
smtplib.SMTPDataError: (550, b'5.2.0 LQ5pw2F1FmakWLQ5qwuZ4S Sending Prohibited (Max RcptTo Daily limit)')
2026-05-08 19:38:36,554 [INFO] presentation.associados.associados_controller - ❌ [494/846] ERRO: (550, b'5.2.0 LQ5pw2F1FmakWLQ5qwuZ4S Sending Prohibited (Max RcptTo Daily limit)') → rosa.d.sousa1968@gmail.com
2026-05-08 19:38:49,468 [INFO] application.email.email_sender - [495/846] OK → gracavarzim@sapo.pt
2026-05-08 19:38:49,483 [INFO] presentation.associados.associados_controller - [495/846] OK → gracavarzim@sapo.pt
2026-05-08 19:39:02,746 [ERROR] application.email.email_sender - [496/846] ERRO → fernando.araujo@sapo.pt
Traceback (most recent call last):
  File "G:\.shortcut-targets-by-id\1NsBCziGNFjlQ-f8QRcezPsKVP9QzGdp0\APPs\atrpt\application\email\email_sender.py", line 318, in send_batch
    self.smtp.send(mime, recipients)
  File "G:\.shortcut-targets-by-id\1NsBCziGNFjlQ-f8QRcezPsKVP9QzGdp0\APPs\atrpt\infrastructure\email\smtp_client.py", line 108, in send
    self._smtp.send_message(mime, to_addrs=recipients)
  File "C:\envs\atrpt\Lib\smtplib.py", line 975, in send_message
    return self.sendmail(from_addr, to_addrs, flatmsg, mail_options,
           ^^^^^^^^^^^^^^^^^^^^^^^^^^^^^^^^^^^^^^^^^^^^^^^^^^^^^^^^^
  File "C:\envs\atrpt\Lib\smtplib.py", line 897, in sendmail
    raise SMTPDataError(code, resp)
smtplib.SMTPDataError: (550, b'5.2.0 LQ6Fwq6m9PqNcLQ6GwHfRz Sending Prohibited (Max RcptTo Daily limit)')
2026-05-08 19:39:02,757 [INFO] presentation.associados.associados_controller - ❌ [496/846] ERRO: (550, b'5.2.0 LQ6Fwq6m9PqNcLQ6GwHfRz Sending Prohibited (Max RcptTo Daily limit)') → fernando.araujo@sapo.pt
2026-05-08 19:39:28,641 [INFO] application.email.email_sender - [497/846] OK → mlcruz@netcabo.pt
2026-05-08 19:39:28,646 [INFO] presentation.associados.associados_controller - [497/846] OK → mlcruz@netcabo.pt
2026-05-08 19:39:43,815 [ERROR] application.email.email_sender - [498/846] ERRO → juliaprima@sapo.pt
Traceback (most recent call last):
  File "G:\.shortcut-targets-by-id\1NsBCziGNFjlQ-f8QRcezPsKVP9QzGdp0\APPs\atrpt\application\email\email_sender.py", line 318, in send_batch
    self.smtp.send(mime, recipients)
  File "G:\.shortcut-targets-by-id\1NsBCziGNFjlQ-f8QRcezPsKVP9QzGdp0\APPs\atrpt\infrastructure\email\smtp_client.py", line 108, in send
    self._smtp.send_message(mime, to_addrs=recipients)
  File "C:\envs\atrpt\Lib\smtplib.py", line 975, in send_message
    return self.sendmail(from_addr, to_addrs, flatmsg, mail_options,
           ^^^^^^^^^^^^^^^^^^^^^^^^^^^^^^^^^^^^^^^^^^^^^^^^^^^^^^^^^
  File "C:\envs\atrpt\Lib\smtplib.py", line 897, in sendmail
    raise SMTPDataError(code, resp)
smtplib.SMTPDataError: (550, b'5.2.0 LQ6vwq7O3PqNcLQ6vwHfXG Sending Prohibited (Max RcptTo Daily limit)')
2026-05-08 19:39:43,825 [INFO] presentation.associados.associados_controller - ❌ [498/846] ERRO: (550, b'5.2.0 LQ6vwq7O3PqNcLQ6vwHfXG Sending Prohibited (Max RcptTo Daily limit)') → juliaprima@sapo.pt
2026-05-08 19:39:57,417 [INFO] application.email.email_sender - [499/846] OK → armindogomes@sapo.pt
2026-05-08 19:39:57,422 [INFO] presentation.associados.associados_controller - [499/846] OK → armindogomes@sapo.pt
2026-05-08 19:40:11,487 [ERROR] application.email.email_sender - [500/846] ERRO → m.carmo.s.cruz@sapo.pt
Traceback (most recent call last):
  File "G:\.shortcut-targets-by-id\1NsBCziGNFjlQ-f8QRcezPsKVP9QzGdp0\APPs\atrpt\application\email\email_sender.py", line 318, in send_batch
    self.smtp.send(mime, recipients)
  File "G:\.shortcut-targets-by-id\1NsBCziGNFjlQ-f8QRcezPsKVP9QzGdp0\APPs\atrpt\infrastructure\email\smtp_client.py", line 108, in send
    self._smtp.send_message(mime, to_addrs=recipients)
  File "C:\envs\atrpt\Lib\smtplib.py", line 975, in send_message
    return self.sendmail(from_addr, to_addrs, flatmsg, mail_options,
           ^^^^^^^^^^^^^^^^^^^^^^^^^^^^^^^^^^^^^^^^^^^^^^^^^^^^^^^^^
  File "C:\envs\atrpt\Lib\smtplib.py", line 897, in sendmail
    raise SMTPDataError(code, resp)
smtplib.SMTPDataError: (550, b'5.2.0 LQ7MwmS4coBA4LQ7Nwgd4A Sending Prohibited (Max RcptTo Daily limit)')
2026-05-08 19:40:11,507 [INFO] presentation.associados.associados_controller - ❌ [500/846] ERRO: (550, b'5.2.0 LQ7MwmS4coBA4LQ7Nwgd4A Sending Prohibited (Max RcptTo Daily limit)') → m.carmo.s.cruz@sapo.pt
2026-05-08 19:40:16,233 [INFO] application.email.email_sender - SMTP desconectado após lote 10
2026-05-08 19:40:17,063 [INFO] application.email.email_sender - 💾 Guardado (lote 10)
2026-05-08 19:40:17,068 [INFO] presentation.associados.associados_controller - 💾 Guardado (lote 10)
2026-05-08 19:40:17,071 [INFO] application.email.email_sender - Pausa de 192s antes do lote 11
2026-05-08 19:40:17,075 [INFO] presentation.associados.associados_controller - 
⏸️ Pausa de 192s antes do próximo lote...
2026-05-08 19:43:29,256 [INFO] application.email.email_sender - LOTE 11/17 — 50 emails
2026-05-08 19:43:29,260 [INFO] presentation.associados.associados_controller - 
📦 LOTE 11/17 — 50 emails
2026-05-08 19:43:29,573 [INFO] application.email.email_sender - SMTP conectado para lote 11
2026-05-08 19:43:42,815 [ERROR] application.email.email_sender - [501/846] ERRO → jorgedaom@gmail.com
Traceback (most recent call last):
  File "G:\.shortcut-targets-by-id\1NsBCziGNFjlQ-f8QRcezPsKVP9QzGdp0\APPs\atrpt\application\email\email_sender.py", line 318, in send_batch
    self.smtp.send(mime, recipients)
  File "G:\.shortcut-targets-by-id\1NsBCziGNFjlQ-f8QRcezPsKVP9QzGdp0\APPs\atrpt\infrastructure\email\smtp_client.py", line 108, in send
    self._smtp.send_message(mime, to_addrs=recipients)
  File "C:\envs\atrpt\Lib\smtplib.py", line 975, in send_message
    return self.sendmail(from_addr, to_addrs, flatmsg, mail_options,
           ^^^^^^^^^^^^^^^^^^^^^^^^^^^^^^^^^^^^^^^^^^^^^^^^^^^^^^^^^
  File "C:\envs\atrpt\Lib\smtplib.py", line 897, in sendmail
    raise SMTPDataError(code, resp)
smtplib.SMTPDataError: (550, b'5.2.0 LQAlw2g6hdK1ELQAmwoF8R Sending Prohibited (Max RcptTo Daily limit)')
2026-05-08 19:43:42,823 [INFO] presentation.associados.associados_controller - ❌ [501/846] ERRO: (550, b'5.2.0 LQAlw2g6hdK1ELQAmwoF8R Sending Prohibited (Max RcptTo Daily limit)') → jorgedaom@gmail.com
2026-05-08 19:44:03,634 [INFO] application.email.email_sender - [502/846] OK → mlmesquita@sapo.pt
2026-05-08 19:44:03,637 [INFO] presentation.associados.associados_controller - [502/846] OK → mlmesquita@sapo.pt
2026-05-08 19:44:18,798 [ERROR] application.email.email_sender - [503/846] ERRO → mjorgeqsilva@sapo.pt
Traceback (most recent call last):
  File "G:\.shortcut-targets-by-id\1NsBCziGNFjlQ-f8QRcezPsKVP9QzGdp0\APPs\atrpt\application\email\email_sender.py", line 318, in send_batch
    self.smtp.send(mime, recipients)
  File "G:\.shortcut-targets-by-id\1NsBCziGNFjlQ-f8QRcezPsKVP9QzGdp0\APPs\atrpt\infrastructure\email\smtp_client.py", line 108, in send
    self._smtp.send_message(mime, to_addrs=recipients)
  File "C:\envs\atrpt\Lib\smtplib.py", line 975, in send_message
    return self.sendmail(from_addr, to_addrs, flatmsg, mail_options,
           ^^^^^^^^^^^^^^^^^^^^^^^^^^^^^^^^^^^^^^^^^^^^^^^^^^^^^^^^^
  File "C:\envs\atrpt\Lib\smtplib.py", line 897, in sendmail
    raise SMTPDataError(code, resp)
smtplib.SMTPDataError: (550, b'5.2.0 LQBLwBPFySMHlLQBLwwwYF Sending Prohibited (Max RcptTo Daily limit)')
2026-05-08 19:44:18,810 [INFO] presentation.associados.associados_controller - ❌ [503/846] ERRO: (550, b'5.2.0 LQBLwBPFySMHlLQBLwwwYF Sending Prohibited (Max RcptTo Daily limit)') → mjorgeqsilva@sapo.pt
2026-05-08 19:44:39,168 [INFO] application.email.email_sender - [504/846] OK → rui.f.morais@sapo.pt
2026-05-08 19:44:39,173 [INFO] presentation.associados.associados_controller - [504/846] OK → rui.f.morais@sapo.pt
2026-05-08 19:45:00,468 [ERROR] application.email.email_sender - [505/846] ERRO → bernardonalves@gmail.com
Traceback (most recent call last):
  File "G:\.shortcut-targets-by-id\1NsBCziGNFjlQ-f8QRcezPsKVP9QzGdp0\APPs\atrpt\application\email\email_sender.py", line 318, in send_batch
    self.smtp.send(mime, recipients)
  File "G:\.shortcut-targets-by-id\1NsBCziGNFjlQ-f8QRcezPsKVP9QzGdp0\APPs\atrpt\infrastructure\email\smtp_client.py", line 108, in send
    self._smtp.send_message(mime, to_addrs=recipients)
  File "C:\envs\atrpt\Lib\smtplib.py", line 975, in send_message
    return self.sendmail(from_addr, to_addrs, flatmsg, mail_options,
           ^^^^^^^^^^^^^^^^^^^^^^^^^^^^^^^^^^^^^^^^^^^^^^^^^^^^^^^^^
  File "C:\envs\atrpt\Lib\smtplib.py", line 897, in sendmail
    raise SMTPDataError(code, resp)
smtplib.SMTPDataError: (550, b'5.2.0 LQBwwUg0fUbIPLQBxwdqdK Sending Prohibited (Max RcptTo Daily limit)')
2026-05-08 19:45:00,478 [INFO] presentation.associados.associados_controller - ❌ [505/846] ERRO: (550, b'5.2.0 LQBwwUg0fUbIPLQBxwdqdK Sending Prohibited (Max RcptTo Daily limit)') → bernardonalves@gmail.com
2026-05-08 19:45:14,839 [INFO] application.email.email_sender - [506/846] OK → canjinhaster@gmail.com
2026-05-08 19:45:14,844 [INFO] presentation.associados.associados_controller - [506/846] OK → canjinhaster@gmail.com
2026-05-08 19:45:31,322 [ERROR] application.email.email_sender - [507/846] ERRO → agiselaf@hotmail.com
Traceback (most recent call last):
  File "G:\.shortcut-targets-by-id\1NsBCziGNFjlQ-f8QRcezPsKVP9QzGdp0\APPs\atrpt\application\email\email_sender.py", line 318, in send_batch
    self.smtp.send(mime, recipients)
  File "G:\.shortcut-targets-by-id\1NsBCziGNFjlQ-f8QRcezPsKVP9QzGdp0\APPs\atrpt\infrastructure\email\smtp_client.py", line 108, in send
    self._smtp.send_message(mime, to_addrs=recipients)
  File "C:\envs\atrpt\Lib\smtplib.py", line 975, in send_message
    return self.sendmail(from_addr, to_addrs, flatmsg, mail_options,
           ^^^^^^^^^^^^^^^^^^^^^^^^^^^^^^^^^^^^^^^^^^^^^^^^^^^^^^^^^
  File "C:\envs\atrpt\Lib\smtplib.py", line 897, in sendmail
    raise SMTPDataError(code, resp)
smtplib.SMTPDataError: (550, b'5.2.0 LQCVwUgmOUbIPLQCWwdqi8 Sending Prohibited (Max RcptTo Daily limit)')
2026-05-08 19:45:31,428 [INFO] presentation.associados.associados_controller - ❌ [507/846] ERRO: (550, b'5.2.0 LQCVwUgmOUbIPLQCWwdqi8 Sending Prohibited (Max RcptTo Daily limit)') → agiselaf@hotmail.com
2026-05-08 19:45:49,769 [INFO] application.email.email_sender - [508/846] OK → laurentinacorreia1967@gmail.com
2026-05-08 19:45:49,771 [INFO] presentation.associados.associados_controller - [508/846] OK → laurentinacorreia1967@gmail.com
2026-05-08 19:46:14,803 [ERROR] application.email.email_sender - [509/846] ERRO → foctavio@sapo.pt
Traceback (most recent call last):
  File "G:\.shortcut-targets-by-id\1NsBCziGNFjlQ-f8QRcezPsKVP9QzGdp0\APPs\atrpt\application\email\email_sender.py", line 318, in send_batch
    self.smtp.send(mime, recipients)
  File "G:\.shortcut-targets-by-id\1NsBCziGNFjlQ-f8QRcezPsKVP9QzGdp0\APPs\atrpt\infrastructure\email\smtp_client.py", line 108, in send
    self._smtp.send_message(mime, to_addrs=recipients)
  File "C:\envs\atrpt\Lib\smtplib.py", line 975, in send_message
    return self.sendmail(from_addr, to_addrs, flatmsg, mail_options,
           ^^^^^^^^^^^^^^^^^^^^^^^^^^^^^^^^^^^^^^^^^^^^^^^^^^^^^^^^^
  File "C:\envs\atrpt\Lib\smtplib.py", line 897, in sendmail
    raise SMTPDataError(code, resp)
smtplib.SMTPDataError: (550, b'5.2.0 LQD9wmY1coBA4LQD9wgdj9 Sending Prohibited (Max RcptTo Daily limit)')
2026-05-08 19:46:14,811 [INFO] presentation.associados.associados_controller - ❌ [509/846] ERRO: (550, b'5.2.0 LQD9wmY1coBA4LQD9wgdj9 Sending Prohibited (Max RcptTo Daily limit)') → foctavio@sapo.pt
2026-05-08 19:46:38,196 [INFO] application.email.email_sender - [510/846] OK → carmarq@sapo.pt
2026-05-08 19:46:38,200 [INFO] presentation.associados.associados_controller - [510/846] OK → carmarq@sapo.pt
2026-05-08 19:47:00,755 [ERROR] application.email.email_sender - [511/846] ERRO → cesar.m.correia@sapo.pt
Traceback (most recent call last):
  File "G:\.shortcut-targets-by-id\1NsBCziGNFjlQ-f8QRcezPsKVP9QzGdp0\APPs\atrpt\application\email\email_sender.py", line 318, in send_batch
    self.smtp.send(mime, recipients)
  File "G:\.shortcut-targets-by-id\1NsBCziGNFjlQ-f8QRcezPsKVP9QzGdp0\APPs\atrpt\infrastructure\email\smtp_client.py", line 108, in send
    self._smtp.send_message(mime, to_addrs=recipients)
  File "C:\envs\atrpt\Lib\smtplib.py", line 975, in send_message
    return self.sendmail(from_addr, to_addrs, flatmsg, mail_options,
           ^^^^^^^^^^^^^^^^^^^^^^^^^^^^^^^^^^^^^^^^^^^^^^^^^^^^^^^^^
  File "C:\envs\atrpt\Lib\smtplib.py", line 897, in sendmail
    raise SMTPDataError(code, resp)
smtplib.SMTPDataError: (550, b'5.2.0 LQDswUi8zUbIPLQDswdqrq Sending Prohibited (Max RcptTo Daily limit)')
2026-05-08 19:47:00,764 [INFO] presentation.associados.associados_controller - ❌ [511/846] ERRO: (550, b'5.2.0 LQDswUi8zUbIPLQDswdqrq Sending Prohibited (Max RcptTo Daily limit)') → cesar.m.correia@sapo.pt
2026-05-08 19:47:17,135 [INFO] application.email.email_sender - [512/846] OK → mariacunha27@gmail.com
2026-05-08 19:47:17,139 [INFO] presentation.associados.associados_controller - [512/846] OK → mariacunha27@gmail.com
2026-05-08 19:47:36,715 [ERROR] application.email.email_sender - [513/846] ERRO → mariojtc56@gmail.com
Traceback (most recent call last):
  File "G:\.shortcut-targets-by-id\1NsBCziGNFjlQ-f8QRcezPsKVP9QzGdp0\APPs\atrpt\application\email\email_sender.py", line 318, in send_batch
    self.smtp.send(mime, recipients)
  File "G:\.shortcut-targets-by-id\1NsBCziGNFjlQ-f8QRcezPsKVP9QzGdp0\APPs\atrpt\infrastructure\email\smtp_client.py", line 108, in send
    self._smtp.send_message(mime, to_addrs=recipients)
  File "C:\envs\atrpt\Lib\smtplib.py", line 975, in send_message
    return self.sendmail(from_addr, to_addrs, flatmsg, mail_options,
           ^^^^^^^^^^^^^^^^^^^^^^^^^^^^^^^^^^^^^^^^^^^^^^^^^^^^^^^^^
  File "C:\envs\atrpt\Lib\smtplib.py", line 897, in sendmail
    raise SMTPDataError(code, resp)
smtplib.SMTPDataError: (550, b'5.2.0 LQEXwUin1UbIPLQEYwdqx4 Sending Prohibited (Max RcptTo Daily limit)')
2026-05-08 19:47:36,722 [INFO] presentation.associados.associados_controller - ❌ [513/846] ERRO: (550, b'5.2.0 LQEXwUin1UbIPLQEYwdqx4 Sending Prohibited (Max RcptTo Daily limit)') → mariojtc56@gmail.com
2026-05-08 19:47:53,255 [INFO] application.email.email_sender - [514/846] OK → mjoaocacosta@gmail.com
2026-05-08 19:47:53,258 [INFO] presentation.associados.associados_controller - [514/846] OK → mjoaocacosta@gmail.com
2026-05-08 19:48:12,055 [ERROR] application.email.email_sender - [515/846] ERRO → manuelambrenhas@gmail.com
Traceback (most recent call last):
  File "G:\.shortcut-targets-by-id\1NsBCziGNFjlQ-f8QRcezPsKVP9QzGdp0\APPs\atrpt\application\email\email_sender.py", line 318, in send_batch
    self.smtp.send(mime, recipients)
  File "G:\.shortcut-targets-by-id\1NsBCziGNFjlQ-f8QRcezPsKVP9QzGdp0\APPs\atrpt\infrastructure\email\smtp_client.py", line 108, in send
    self._smtp.send_message(mime, to_addrs=recipients)
  File "C:\envs\atrpt\Lib\smtplib.py", line 975, in send_message
    return self.sendmail(from_addr, to_addrs, flatmsg, mail_options,
           ^^^^^^^^^^^^^^^^^^^^^^^^^^^^^^^^^^^^^^^^^^^^^^^^^^^^^^^^^
  File "C:\envs\atrpt\Lib\smtplib.py", line 897, in sendmail
    raise SMTPDataError(code, resp)
smtplib.SMTPDataError: (550, b'5.2.0 LQF6w2kWTdK1ELQF7woFaF Sending Prohibited (Max RcptTo Daily limit)')
2026-05-08 19:48:12,063 [INFO] presentation.associados.associados_controller - ❌ [515/846] ERRO: (550, b'5.2.0 LQF6w2kWTdK1ELQF7woFaF Sending Prohibited (Max RcptTo Daily limit)') → manuelambrenhas@gmail.com
2026-05-08 19:48:35,649 [INFO] application.email.email_sender - [516/846] OK → helena.malheiro59@gmail.com
2026-05-08 19:48:35,653 [INFO] presentation.associados.associados_controller - [516/846] OK → helena.malheiro59@gmail.com
2026-05-08 19:48:50,134 [ERROR] application.email.email_sender - [517/846] ERRO → fatima.barroso@hotmail.com
Traceback (most recent call last):
  File "G:\.shortcut-targets-by-id\1NsBCziGNFjlQ-f8QRcezPsKVP9QzGdp0\APPs\atrpt\application\email\email_sender.py", line 318, in send_batch
    self.smtp.send(mime, recipients)
  File "G:\.shortcut-targets-by-id\1NsBCziGNFjlQ-f8QRcezPsKVP9QzGdp0\APPs\atrpt\infrastructure\email\smtp_client.py", line 108, in send
    self._smtp.send_message(mime, to_addrs=recipients)
  File "C:\envs\atrpt\Lib\smtplib.py", line 975, in send_message
    return self.sendmail(from_addr, to_addrs, flatmsg, mail_options,
           ^^^^^^^^^^^^^^^^^^^^^^^^^^^^^^^^^^^^^^^^^^^^^^^^^^^^^^^^^
  File "C:\envs\atrpt\Lib\smtplib.py", line 897, in sendmail
    raise SMTPDataError(code, resp)
smtplib.SMTPDataError: (550, b'5.2.0 LQFjw2OfhmakWLQFjwuaBy Sending Prohibited (Max RcptTo Daily limit)')
2026-05-08 19:48:50,144 [INFO] presentation.associados.associados_controller - ❌ [517/846] ERRO: (550, b'5.2.0 LQFjw2OfhmakWLQFjwuaBy Sending Prohibited (Max RcptTo Daily limit)') → fatima.barroso@hotmail.com
2026-05-08 19:49:09,757 [INFO] application.email.email_sender - [518/846] OK → lurdespretogalego@gmail.com
2026-05-08 19:49:09,760 [INFO] presentation.associados.associados_controller - [518/846] OK → lurdespretogalego@gmail.com
2026-05-08 19:49:29,390 [ERROR] application.email.email_sender - [519/846] ERRO → fernanda.mm.silva@hotmail.com
Traceback (most recent call last):
  File "G:\.shortcut-targets-by-id\1NsBCziGNFjlQ-f8QRcezPsKVP9QzGdp0\APPs\atrpt\application\email\email_sender.py", line 318, in send_batch
    self.smtp.send(mime, recipients)
  File "G:\.shortcut-targets-by-id\1NsBCziGNFjlQ-f8QRcezPsKVP9QzGdp0\APPs\atrpt\infrastructure\email\smtp_client.py", line 108, in send
    self._smtp.send_message(mime, to_addrs=recipients)
  File "C:\envs\atrpt\Lib\smtplib.py", line 975, in send_message
    return self.sendmail(from_addr, to_addrs, flatmsg, mail_options,
           ^^^^^^^^^^^^^^^^^^^^^^^^^^^^^^^^^^^^^^^^^^^^^^^^^^^^^^^^^
  File "C:\envs\atrpt\Lib\smtplib.py", line 897, in sendmail
    raise SMTPDataError(code, resp)
smtplib.SMTPDataError: (550, b'5.2.0 LQGLwBUTSSMHlLQGMwwx6h Sending Prohibited (Max RcptTo Daily limit)')
2026-05-08 19:49:29,526 [INFO] presentation.associados.associados_controller - ❌ [519/846] ERRO: (550, b'5.2.0 LQGLwBUTSSMHlLQGMwwx6h Sending Prohibited (Max RcptTo Daily limit)') → fernanda.mm.silva@hotmail.com
2026-05-08 19:49:42,161 [INFO] application.email.email_sender - [520/846] OK → vitorguedes1961@gmail.com
2026-05-08 19:49:42,165 [INFO] presentation.associados.associados_controller - [520/846] OK → vitorguedes1961@gmail.com
2026-05-08 19:49:56,768 [ERROR] application.email.email_sender - [521/846] ERRO → eduardoacmota@sapo.pt
Traceback (most recent call last):
  File "G:\.shortcut-targets-by-id\1NsBCziGNFjlQ-f8QRcezPsKVP9QzGdp0\APPs\atrpt\application\email\email_sender.py", line 318, in send_batch
    self.smtp.send(mime, recipients)
  File "G:\.shortcut-targets-by-id\1NsBCziGNFjlQ-f8QRcezPsKVP9QzGdp0\APPs\atrpt\infrastructure\email\smtp_client.py", line 108, in send
    self._smtp.send_message(mime, to_addrs=recipients)
  File "C:\envs\atrpt\Lib\smtplib.py", line 975, in send_message
    return self.sendmail(from_addr, to_addrs, flatmsg, mail_options,
           ^^^^^^^^^^^^^^^^^^^^^^^^^^^^^^^^^^^^^^^^^^^^^^^^^^^^^^^^^
  File "C:\envs\atrpt\Lib\smtplib.py", line 897, in sendmail
    raise SMTPDataError(code, resp)
smtplib.SMTPDataError: (550, b'5.2.0 LQGnwmbKfoBA4LQGowge4t Sending Prohibited (Max RcptTo Daily limit)')
2026-05-08 19:49:56,777 [INFO] presentation.associados.associados_controller - ❌ [521/846] ERRO: (550, b'5.2.0 LQGnwmbKfoBA4LQGowge4t Sending Prohibited (Max RcptTo Daily limit)') → eduardoacmota@sapo.pt
2026-05-08 19:50:19,636 [INFO] application.email.email_sender - [522/846] OK → vmm1971@hotmail.com
2026-05-08 19:50:19,639 [INFO] presentation.associados.associados_controller - [522/846] OK → vmm1971@hotmail.com
2026-05-08 19:50:36,794 [ERROR] application.email.email_sender - [523/846] ERRO → mmanuelagaio@gmail.com
Traceback (most recent call last):
  File "G:\.shortcut-targets-by-id\1NsBCziGNFjlQ-f8QRcezPsKVP9QzGdp0\APPs\atrpt\application\email\email_sender.py", line 318, in send_batch
    self.smtp.send(mime, recipients)
  File "G:\.shortcut-targets-by-id\1NsBCziGNFjlQ-f8QRcezPsKVP9QzGdp0\APPs\atrpt\infrastructure\email\smtp_client.py", line 108, in send
    self._smtp.send_message(mime, to_addrs=recipients)
  File "C:\envs\atrpt\Lib\smtplib.py", line 975, in send_message
    return self.sendmail(from_addr, to_addrs, flatmsg, mail_options,
           ^^^^^^^^^^^^^^^^^^^^^^^^^^^^^^^^^^^^^^^^^^^^^^^^^^^^^^^^^
  File "C:\envs\atrpt\Lib\smtplib.py", line 897, in sendmail
    raise SMTPDataError(code, resp)
smtplib.SMTPDataError: (550, b'5.2.0 LQHSw2QOfmakWLQHSwuaNC Sending Prohibited (Max RcptTo Daily limit)')
2026-05-08 19:50:36,803 [INFO] presentation.associados.associados_controller - ❌ [523/846] ERRO: (550, b'5.2.0 LQHSw2QOfmakWLQHSwuaNC Sending Prohibited (Max RcptTo Daily limit)') → mmanuelagaio@gmail.com
2026-05-08 19:50:58,230 [INFO] application.email.email_sender - [524/846] OK → edviges.monteiro@gmail.com
2026-05-08 19:50:58,232 [INFO] presentation.associados.associados_controller - [524/846] OK → edviges.monteiro@gmail.com
2026-05-08 19:51:15,774 [ERROR] application.email.email_sender - [525/846] ERRO → antonio.f.sousa@meo.pt
Traceback (most recent call last):
  File "G:\.shortcut-targets-by-id\1NsBCziGNFjlQ-f8QRcezPsKVP9QzGdp0\APPs\atrpt\application\email\email_sender.py", line 318, in send_batch
    self.smtp.send(mime, recipients)
  File "G:\.shortcut-targets-by-id\1NsBCziGNFjlQ-f8QRcezPsKVP9QzGdp0\APPs\atrpt\infrastructure\email\smtp_client.py", line 108, in send
    self._smtp.send_message(mime, to_addrs=recipients)
  File "C:\envs\atrpt\Lib\smtplib.py", line 975, in send_message
    return self.sendmail(from_addr, to_addrs, flatmsg, mail_options,
           ^^^^^^^^^^^^^^^^^^^^^^^^^^^^^^^^^^^^^^^^^^^^^^^^^^^^^^^^^
  File "C:\envs\atrpt\Lib\smtplib.py", line 897, in sendmail
    raise SMTPDataError(code, resp)
smtplib.SMTPDataError: (550, b'5.2.0 LQI4wBWN9SMHlLQI5wwxK2 Sending Prohibited (Max RcptTo Daily limit)')
2026-05-08 19:51:15,783 [INFO] presentation.associados.associados_controller - ❌ [525/846] ERRO: (550, b'5.2.0 LQI4wBWN9SMHlLQI5wwxK2 Sending Prohibited (Max RcptTo Daily limit)') → antonio.f.sousa@meo.pt
2026-05-08 19:51:33,625 [INFO] application.email.email_sender - [526/846] OK → valmor1@sapo.pt
2026-05-08 19:51:33,628 [INFO] presentation.associados.associados_controller - [526/846] OK → valmor1@sapo.pt
2026-05-08 19:51:54,292 [ERROR] application.email.email_sender - [527/846] ERRO → belmor@sapo.pt
Traceback (most recent call last):
  File "G:\.shortcut-targets-by-id\1NsBCziGNFjlQ-f8QRcezPsKVP9QzGdp0\APPs\atrpt\application\email\email_sender.py", line 318, in send_batch
    self.smtp.send(mime, recipients)
  File "G:\.shortcut-targets-by-id\1NsBCziGNFjlQ-f8QRcezPsKVP9QzGdp0\APPs\atrpt\infrastructure\email\smtp_client.py", line 108, in send
    self._smtp.send_message(mime, to_addrs=recipients)
  File "C:\envs\atrpt\Lib\smtplib.py", line 975, in send_message
    return self.sendmail(from_addr, to_addrs, flatmsg, mail_options,
           ^^^^^^^^^^^^^^^^^^^^^^^^^^^^^^^^^^^^^^^^^^^^^^^^^^^^^^^^^
  File "C:\envs\atrpt\Lib\smtplib.py", line 897, in sendmail
    raise SMTPDataError(code, resp)
smtplib.SMTPDataError: (550, b'5.2.0 LQIbw2RVMmakWLQIcwuaUP Sending Prohibited (Max RcptTo Daily limit)')
2026-05-08 19:51:54,301 [INFO] presentation.associados.associados_controller - ❌ [527/846] ERRO: (550, b'5.2.0 LQIbw2RVMmakWLQIcwuaUP Sending Prohibited (Max RcptTo Daily limit)') → belmor@sapo.pt
2026-05-08 19:52:15,185 [INFO] application.email.email_sender - [528/846] OK → mapsneves@gmail.com
2026-05-08 19:52:15,188 [INFO] presentation.associados.associados_controller - [528/846] OK → mapsneves@gmail.com
2026-05-08 19:52:29,970 [ERROR] application.email.email_sender - [529/846] ERRO → lfcrodrigues28@gmail.com
Traceback (most recent call last):
  File "G:\.shortcut-targets-by-id\1NsBCziGNFjlQ-f8QRcezPsKVP9QzGdp0\APPs\atrpt\application\email\email_sender.py", line 318, in send_batch
    self.smtp.send(mime, recipients)
  File "G:\.shortcut-targets-by-id\1NsBCziGNFjlQ-f8QRcezPsKVP9QzGdp0\APPs\atrpt\infrastructure\email\smtp_client.py", line 108, in send
    self._smtp.send_message(mime, to_addrs=recipients)
  File "C:\envs\atrpt\Lib\smtplib.py", line 975, in send_message
    return self.sendmail(from_addr, to_addrs, flatmsg, mail_options,
           ^^^^^^^^^^^^^^^^^^^^^^^^^^^^^^^^^^^^^^^^^^^^^^^^^^^^^^^^^
  File "C:\envs\atrpt\Lib\smtplib.py", line 897, in sendmail
    raise SMTPDataError(code, resp)
smtplib.SMTPDataError: (550, b'5.2.0 LQJGw2S6bmakWLQJGwuaYY Sending Prohibited (Max RcptTo Daily limit)')
2026-05-08 19:52:29,979 [INFO] presentation.associados.associados_controller - ❌ [529/846] ERRO: (550, b'5.2.0 LQJGw2S6bmakWLQJGwuaYY Sending Prohibited (Max RcptTo Daily limit)') → lfcrodrigues28@gmail.com
2026-05-08 19:52:47,098 [INFO] application.email.email_sender - [530/846] OK → mrtfelix@gmail.com
2026-05-08 19:52:47,104 [INFO] presentation.associados.associados_controller - [530/846] OK → mrtfelix@gmail.com
2026-05-08 19:53:00,243 [ERROR] application.email.email_sender - [531/846] ERRO → gininha121@gmail.com
Traceback (most recent call last):
  File "G:\.shortcut-targets-by-id\1NsBCziGNFjlQ-f8QRcezPsKVP9QzGdp0\APPs\atrpt\application\email\email_sender.py", line 318, in send_batch
    self.smtp.send(mime, recipients)
  File "G:\.shortcut-targets-by-id\1NsBCziGNFjlQ-f8QRcezPsKVP9QzGdp0\APPs\atrpt\infrastructure\email\smtp_client.py", line 108, in send
    self._smtp.send_message(mime, to_addrs=recipients)
  File "C:\envs\atrpt\Lib\smtplib.py", line 975, in send_message
    return self.sendmail(from_addr, to_addrs, flatmsg, mail_options,
           ^^^^^^^^^^^^^^^^^^^^^^^^^^^^^^^^^^^^^^^^^^^^^^^^^^^^^^^^^
  File "C:\envs\atrpt\Lib\smtplib.py", line 897, in sendmail
    raise SMTPDataError(code, resp)
smtplib.SMTPDataError: (550, b'5.2.0 LQJkwmeWkoBA4LQJkwgeRK Sending Prohibited (Max RcptTo Daily limit)')
2026-05-08 19:53:00,250 [INFO] presentation.associados.associados_controller - ❌ [531/846] ERRO: (550, b'5.2.0 LQJkwmeWkoBA4LQJkwgeRK Sending Prohibited (Max RcptTo Daily limit)') → gininha121@gmail.com
2026-05-08 19:53:15,083 [INFO] application.email.email_sender - [532/846] OK → saoperfeito@gmail.com
2026-05-08 19:53:15,086 [INFO] presentation.associados.associados_controller - [532/846] OK → saoperfeito@gmail.com
2026-05-08 19:53:36,072 [ERROR] application.email.email_sender - [533/846] ERRO → m.caldasmatos@sapo.pt
Traceback (most recent call last):
  File "G:\.shortcut-targets-by-id\1NsBCziGNFjlQ-f8QRcezPsKVP9QzGdp0\APPs\atrpt\application\email\email_sender.py", line 318, in send_batch
    self.smtp.send(mime, recipients)
  File "G:\.shortcut-targets-by-id\1NsBCziGNFjlQ-f8QRcezPsKVP9QzGdp0\APPs\atrpt\infrastructure\email\smtp_client.py", line 108, in send
    self._smtp.send_message(mime, to_addrs=recipients)
  File "C:\envs\atrpt\Lib\smtplib.py", line 975, in send_message
    return self.sendmail(from_addr, to_addrs, flatmsg, mail_options,
           ^^^^^^^^^^^^^^^^^^^^^^^^^^^^^^^^^^^^^^^^^^^^^^^^^^^^^^^^^
  File "C:\envs\atrpt\Lib\smtplib.py", line 897, in sendmail
    raise SMTPDataError(code, resp)
smtplib.SMTPDataError: (550, b'5.2.0 LQKLwmf3KoBA4LQKLwgeVk Sending Prohibited (Max RcptTo Daily limit)')
2026-05-08 19:53:36,079 [INFO] presentation.associados.associados_controller - ❌ [533/846] ERRO: (550, b'5.2.0 LQKLwmf3KoBA4LQKLwgeVk Sending Prohibited (Max RcptTo Daily limit)') → m.caldasmatos@sapo.pt
2026-05-08 19:53:59,415 [INFO] application.email.email_sender - [534/846] OK → cristina.n.costa@meo.pt
2026-05-08 19:53:59,418 [INFO] presentation.associados.associados_controller - [534/846] OK → cristina.n.costa@meo.pt
2026-05-08 19:54:14,169 [ERROR] application.email.email_sender - [535/846] ERRO → florentino.a.pereira@sapo.pt
Traceback (most recent call last):
  File "G:\.shortcut-targets-by-id\1NsBCziGNFjlQ-f8QRcezPsKVP9QzGdp0\APPs\atrpt\application\email\email_sender.py", line 318, in send_batch
    self.smtp.send(mime, recipients)
  File "G:\.shortcut-targets-by-id\1NsBCziGNFjlQ-f8QRcezPsKVP9QzGdp0\APPs\atrpt\infrastructure\email\smtp_client.py", line 108, in send
    self._smtp.send_message(mime, to_addrs=recipients)
  File "C:\envs\atrpt\Lib\smtplib.py", line 975, in send_message
    return self.sendmail(from_addr, to_addrs, flatmsg, mail_options,
           ^^^^^^^^^^^^^^^^^^^^^^^^^^^^^^^^^^^^^^^^^^^^^^^^^^^^^^^^^
  File "C:\envs\atrpt\Lib\smtplib.py", line 897, in sendmail
    raise SMTPDataError(code, resp)
smtplib.SMTPDataError: (550, b'5.2.0 LQKxw2qVydK1ELQKxwoGHb Sending Prohibited (Max RcptTo Daily limit)')
2026-05-08 19:54:14,183 [INFO] presentation.associados.associados_controller - ❌ [535/846] ERRO: (550, b'5.2.0 LQKxw2qVydK1ELQKxwoGHb Sending Prohibited (Max RcptTo Daily limit)') → florentino.a.pereira@sapo.pt
2026-05-08 19:54:32,279 [INFO] application.email.email_sender - [536/846] OK → f_loureiro@sapo.pt
2026-05-08 19:54:32,284 [INFO] presentation.associados.associados_controller - [536/846] OK → f_loureiro@sapo.pt
2026-05-08 19:54:53,739 [ERROR] application.email.email_sender - [537/846] ERRO → familia.anjos@sapo.pt
Traceback (most recent call last):
  File "G:\.shortcut-targets-by-id\1NsBCziGNFjlQ-f8QRcezPsKVP9QzGdp0\APPs\atrpt\application\email\email_sender.py", line 318, in send_batch
    self.smtp.send(mime, recipients)
  File "G:\.shortcut-targets-by-id\1NsBCziGNFjlQ-f8QRcezPsKVP9QzGdp0\APPs\atrpt\infrastructure\email\smtp_client.py", line 108, in send
    self._smtp.send_message(mime, to_addrs=recipients)
  File "C:\envs\atrpt\Lib\smtplib.py", line 975, in send_message
    return self.sendmail(from_addr, to_addrs, flatmsg, mail_options,
           ^^^^^^^^^^^^^^^^^^^^^^^^^^^^^^^^^^^^^^^^^^^^^^^^^^^^^^^^^
  File "C:\envs\atrpt\Lib\smtplib.py", line 897, in sendmail
    raise SMTPDataError(code, resp)
smtplib.SMTPDataError: (550, b'5.2.0 LQLbw2UMLmakWLQLbwuaqT Sending Prohibited (Max RcptTo Daily limit)')
2026-05-08 19:54:53,748 [INFO] presentation.associados.associados_controller - ❌ [537/846] ERRO: (550, b'5.2.0 LQLbw2UMLmakWLQLbwuaqT Sending Prohibited (Max RcptTo Daily limit)') → familia.anjos@sapo.pt
2026-05-08 19:55:10,233 [INFO] application.email.email_sender - [538/846] OK → fabio.a.santos@sapo.pt
2026-05-08 19:55:10,248 [INFO] presentation.associados.associados_controller - [538/846] OK → fabio.a.santos@sapo.pt
2026-05-08 19:55:25,033 [ERROR] application.email.email_sender - [539/846] ERRO → valdemarantoniosoares@gmail.com
Traceback (most recent call last):
  File "G:\.shortcut-targets-by-id\1NsBCziGNFjlQ-f8QRcezPsKVP9QzGdp0\APPs\atrpt\application\email\email_sender.py", line 318, in send_batch
    self.smtp.send(mime, recipients)
  File "G:\.shortcut-targets-by-id\1NsBCziGNFjlQ-f8QRcezPsKVP9QzGdp0\APPs\atrpt\infrastructure\email\smtp_client.py", line 108, in send
    self._smtp.send_message(mime, to_addrs=recipients)
  File "C:\envs\atrpt\Lib\smtplib.py", line 975, in send_message
    return self.sendmail(from_addr, to_addrs, flatmsg, mail_options,
           ^^^^^^^^^^^^^^^^^^^^^^^^^^^^^^^^^^^^^^^^^^^^^^^^^^^^^^^^^
  File "C:\envs\atrpt\Lib\smtplib.py", line 897, in sendmail
    raise SMTPDataError(code, resp)
smtplib.SMTPDataError: (550, b'5.2.0 LQM5wUpkVUbIPLQM6wdriV Sending Prohibited (Max RcptTo Daily limit)')
2026-05-08 19:55:25,042 [INFO] presentation.associados.associados_controller - ❌ [539/846] ERRO: (550, b'5.2.0 LQM5wUpkVUbIPLQM6wdriV Sending Prohibited (Max RcptTo Daily limit)') → valdemarantoniosoares@gmail.com
2026-05-08 19:55:40,178 [INFO] application.email.email_sender - [540/846] OK → mariasousaneves@hotmail.com
2026-05-08 19:55:40,182 [INFO] presentation.associados.associados_controller - [540/846] OK → mariasousaneves@hotmail.com
2026-05-08 19:56:03,388 [ERROR] application.email.email_sender - [541/846] ERRO → jlaguiarpinto@gmail.com
Traceback (most recent call last):
  File "G:\.shortcut-targets-by-id\1NsBCziGNFjlQ-f8QRcezPsKVP9QzGdp0\APPs\atrpt\application\email\email_sender.py", line 318, in send_batch
    self.smtp.send(mime, recipients)
  File "G:\.shortcut-targets-by-id\1NsBCziGNFjlQ-f8QRcezPsKVP9QzGdp0\APPs\atrpt\infrastructure\email\smtp_client.py", line 108, in send
    self._smtp.send_message(mime, to_addrs=recipients)
  File "C:\envs\atrpt\Lib\smtplib.py", line 975, in send_message
    return self.sendmail(from_addr, to_addrs, flatmsg, mail_options,
           ^^^^^^^^^^^^^^^^^^^^^^^^^^^^^^^^^^^^^^^^^^^^^^^^^^^^^^^^^
  File "C:\envs\atrpt\Lib\smtplib.py", line 897, in sendmail
    raise SMTPDataError(code, resp)
smtplib.SMTPDataError: (550, b'5.2.0 LQMiwqN1tPqNcLQMiwHhNI Sending Prohibited (Max RcptTo Daily limit)')
2026-05-08 19:56:03,397 [INFO] presentation.associados.associados_controller - ❌ [541/846] ERRO: (550, b'5.2.0 LQMiwqN1tPqNcLQMiwHhNI Sending Prohibited (Max RcptTo Daily limit)') → jlaguiarpinto@gmail.com
2026-05-08 19:56:17,197 [INFO] application.email.email_sender - [542/846] OK → cristina.helena.pereira@gmail.com
2026-05-08 19:56:17,200 [INFO] presentation.associados.associados_controller - [542/846] OK → cristina.helena.pereira@gmail.com
2026-05-08 19:56:36,630 [ERROR] application.email.email_sender - [543/846] ERRO → m.branca.portela@hotmail.com
Traceback (most recent call last):
  File "G:\.shortcut-targets-by-id\1NsBCziGNFjlQ-f8QRcezPsKVP9QzGdp0\APPs\atrpt\application\email\email_sender.py", line 318, in send_batch
    self.smtp.send(mime, recipients)
  File "G:\.shortcut-targets-by-id\1NsBCziGNFjlQ-f8QRcezPsKVP9QzGdp0\APPs\atrpt\infrastructure\email\smtp_client.py", line 108, in send
    self._smtp.send_message(mime, to_addrs=recipients)
  File "C:\envs\atrpt\Lib\smtplib.py", line 975, in send_message
    return self.sendmail(from_addr, to_addrs, flatmsg, mail_options,
           ^^^^^^^^^^^^^^^^^^^^^^^^^^^^^^^^^^^^^^^^^^^^^^^^^^^^^^^^^
  File "C:\envs\atrpt\Lib\smtplib.py", line 897, in sendmail
    raise SMTPDataError(code, resp)
smtplib.SMTPDataError: (550, b'5.2.0 LQNFw2sp6dK1ELQNGwoGbr Sending Prohibited (Max RcptTo Daily limit)')
2026-05-08 19:56:36,639 [INFO] presentation.associados.associados_controller - ❌ [543/846] ERRO: (550, b'5.2.0 LQNFw2sp6dK1ELQNGwoGbr Sending Prohibited (Max RcptTo Daily limit)') → m.branca.portela@hotmail.com
2026-05-08 19:56:54,148 [INFO] application.email.email_sender - [544/846] OK → jose.pestana@mail.telepac.pt
2026-05-08 19:56:54,154 [INFO] presentation.associados.associados_controller - [544/846] OK → jose.pestana@mail.telepac.pt
2026-05-08 19:57:07,813 [ERROR] application.email.email_sender - [545/846] ERRO → fimpsg@gmail.com
Traceback (most recent call last):
  File "G:\.shortcut-targets-by-id\1NsBCziGNFjlQ-f8QRcezPsKVP9QzGdp0\APPs\atrpt\application\email\email_sender.py", line 318, in send_batch
    self.smtp.send(mime, recipients)
  File "G:\.shortcut-targets-by-id\1NsBCziGNFjlQ-f8QRcezPsKVP9QzGdp0\APPs\atrpt\infrastructure\email\smtp_client.py", line 108, in send
    self._smtp.send_message(mime, to_addrs=recipients)
  File "C:\envs\atrpt\Lib\smtplib.py", line 975, in send_message
    return self.sendmail(from_addr, to_addrs, flatmsg, mail_options,
           ^^^^^^^^^^^^^^^^^^^^^^^^^^^^^^^^^^^^^^^^^^^^^^^^^^^^^^^^^
  File "C:\envs\atrpt\Lib\smtplib.py", line 897, in sendmail
    raise SMTPDataError(code, resp)
smtplib.SMTPDataError: (550, b'5.2.0 LQNkwmi4aoBA4LQNlwgetp Sending Prohibited (Max RcptTo Daily limit)')
2026-05-08 19:57:07,821 [INFO] presentation.associados.associados_controller - ❌ [545/846] ERRO: (550, b'5.2.0 LQNkwmi4aoBA4LQNlwgetp Sending Prohibited (Max RcptTo Daily limit)') → fimpsg@gmail.com
2026-05-08 19:57:27,866 [INFO] application.email.email_sender - [546/846] OK → tizamachado23@gmail.com
2026-05-08 19:57:27,869 [INFO] presentation.associados.associados_controller - [546/846] OK → tizamachado23@gmail.com
2026-05-08 19:57:47,170 [ERROR] application.email.email_sender - [547/846] ERRO → alexandrafelixafonso@gmail.com
Traceback (most recent call last):
  File "G:\.shortcut-targets-by-id\1NsBCziGNFjlQ-f8QRcezPsKVP9QzGdp0\APPs\atrpt\application\email\email_sender.py", line 318, in send_batch
    self.smtp.send(mime, recipients)
  File "G:\.shortcut-targets-by-id\1NsBCziGNFjlQ-f8QRcezPsKVP9QzGdp0\APPs\atrpt\infrastructure\email\smtp_client.py", line 108, in send
    self._smtp.send_message(mime, to_addrs=recipients)
  File "C:\envs\atrpt\Lib\smtplib.py", line 975, in send_message
    return self.sendmail(from_addr, to_addrs, flatmsg, mail_options,
           ^^^^^^^^^^^^^^^^^^^^^^^^^^^^^^^^^^^^^^^^^^^^^^^^^^^^^^^^^
  File "C:\envs\atrpt\Lib\smtplib.py", line 897, in sendmail
    raise SMTPDataError(code, resp)
smtplib.SMTPDataError: (550, b'5.2.0 LQOOwBcMuSMHlLQOOwwyC6 Sending Prohibited (Max RcptTo Daily limit)')
2026-05-08 19:57:47,184 [INFO] presentation.associados.associados_controller - ❌ [547/846] ERRO: (550, b'5.2.0 LQOOwBcMuSMHlLQOOwwyC6 Sending Prohibited (Max RcptTo Daily limit)') → alexandrafelixafonso@gmail.com
2026-05-08 19:58:06,236 [INFO] application.email.email_sender - [548/846] OK → luisampgc@sapo.pt
2026-05-08 19:58:06,238 [INFO] presentation.associados.associados_controller - [548/846] OK → luisampgc@sapo.pt
2026-05-08 19:58:25,176 [ERROR] application.email.email_sender - [549/846] ERRO → margarida.m.rocha@sapo.pt
Traceback (most recent call last):
  File "G:\.shortcut-targets-by-id\1NsBCziGNFjlQ-f8QRcezPsKVP9QzGdp0\APPs\atrpt\application\email\email_sender.py", line 318, in send_batch
    self.smtp.send(mime, recipients)
  File "G:\.shortcut-targets-by-id\1NsBCziGNFjlQ-f8QRcezPsKVP9QzGdp0\APPs\atrpt\infrastructure\email\smtp_client.py", line 108, in send
    self._smtp.send_message(mime, to_addrs=recipients)
  File "C:\envs\atrpt\Lib\smtplib.py", line 975, in send_message
    return self.sendmail(from_addr, to_addrs, flatmsg, mail_options,
           ^^^^^^^^^^^^^^^^^^^^^^^^^^^^^^^^^^^^^^^^^^^^^^^^^^^^^^^^^
  File "C:\envs\atrpt\Lib\smtplib.py", line 897, in sendmail
    raise SMTPDataError(code, resp)
smtplib.SMTPDataError: (550, b'5.2.0 LQOzwqPLwPqNcLQP0wHhff Sending Prohibited (Max RcptTo Daily limit)')
2026-05-08 19:58:25,184 [INFO] presentation.associados.associados_controller - ❌ [549/846] ERRO: (550, b'5.2.0 LQOzwqPLwPqNcLQP0wHhff Sending Prohibited (Max RcptTo Daily limit)') → margarida.m.rocha@sapo.pt
2026-05-08 19:58:45,239 [INFO] application.email.email_sender - [550/846] OK → palmirapereira2011@hotmail.com
2026-05-08 19:58:45,241 [INFO] presentation.associados.associados_controller - [550/846] OK → palmirapereira2011@hotmail.com
2026-05-08 19:58:51,846 [INFO] application.email.email_sender - SMTP desconectado após lote 11
2026-05-08 19:58:52,416 [INFO] application.email.email_sender - 💾 Guardado (lote 11)
2026-05-08 19:58:52,421 [INFO] presentation.associados.associados_controller - 💾 Guardado (lote 11)
2026-05-08 19:58:52,423 [INFO] application.email.email_sender - Pausa de 112s antes do lote 12
2026-05-08 19:58:52,427 [INFO] presentation.associados.associados_controller - 
⏸️ Pausa de 112s antes do próximo lote...
2026-05-08 20:00:45,160 [INFO] application.email.email_sender - LOTE 12/17 — 50 emails
2026-05-08 20:00:45,163 [INFO] presentation.associados.associados_controller - 
📦 LOTE 12/17 — 50 emails
2026-05-08 20:00:45,532 [INFO] application.email.email_sender - SMTP conectado para lote 12
2026-05-08 20:00:55,298 [ERROR] application.email.email_sender - [551/846] ERRO → aida.m.ferro18@sapo.pt
Traceback (most recent call last):
  File "G:\.shortcut-targets-by-id\1NsBCziGNFjlQ-f8QRcezPsKVP9QzGdp0\APPs\atrpt\application\email\email_sender.py", line 318, in send_batch
    self.smtp.send(mime, recipients)
  File "G:\.shortcut-targets-by-id\1NsBCziGNFjlQ-f8QRcezPsKVP9QzGdp0\APPs\atrpt\infrastructure\email\smtp_client.py", line 108, in send
    self._smtp.send_message(mime, to_addrs=recipients)
  File "C:\envs\atrpt\Lib\smtplib.py", line 975, in send_message
    return self.sendmail(from_addr, to_addrs, flatmsg, mail_options,
           ^^^^^^^^^^^^^^^^^^^^^^^^^^^^^^^^^^^^^^^^^^^^^^^^^^^^^^^^^
  File "C:\envs\atrpt\Lib\smtplib.py", line 897, in sendmail
    raise SMTPDataError(code, resp)
smtplib.SMTPDataError: (550, b'5.2.0 LQRQwqRniPqNcLQRQwHi53 Sending Prohibited (Max RcptTo Daily limit)')
2026-05-08 20:00:55,306 [INFO] presentation.associados.associados_controller - ❌ [551/846] ERRO: (550, b'5.2.0 LQRQwqRniPqNcLQRQwHi53 Sending Prohibited (Max RcptTo Daily limit)') → aida.m.ferro18@sapo.pt
2026-05-08 20:01:15,021 [INFO] application.email.email_sender - [552/846] OK → j.br@sapo.pt
2026-05-08 20:01:15,026 [INFO] presentation.associados.associados_controller - [552/846] OK → j.br@sapo.pt
2026-05-08 20:01:31,322 [ERROR] application.email.email_sender - [553/846] ERRO → cdanielaf@gmail.com
Traceback (most recent call last):
  File "G:\.shortcut-targets-by-id\1NsBCziGNFjlQ-f8QRcezPsKVP9QzGdp0\APPs\atrpt\application\email\email_sender.py", line 318, in send_batch
    self.smtp.send(mime, recipients)
  File "G:\.shortcut-targets-by-id\1NsBCziGNFjlQ-f8QRcezPsKVP9QzGdp0\APPs\atrpt\infrastructure\email\smtp_client.py", line 108, in send
    self._smtp.send_message(mime, to_addrs=recipients)
  File "C:\envs\atrpt\Lib\smtplib.py", line 975, in send_message
    return self.sendmail(from_addr, to_addrs, flatmsg, mail_options,
           ^^^^^^^^^^^^^^^^^^^^^^^^^^^^^^^^^^^^^^^^^^^^^^^^^^^^^^^^^
  File "C:\envs\atrpt\Lib\smtplib.py", line 897, in sendmail
    raise SMTPDataError(code, resp)
smtplib.SMTPDataError: (550, b'5.2.0 LQS0wmm9poBA4LQS0wgfUi Sending Prohibited (Max RcptTo Daily limit)')
2026-05-08 20:01:31,332 [INFO] presentation.associados.associados_controller - ❌ [553/846] ERRO: (550, b'5.2.0 LQS0wmm9poBA4LQS0wgfUi Sending Prohibited (Max RcptTo Daily limit)') → cdanielaf@gmail.com
2026-05-08 20:01:46,229 [INFO] application.email.email_sender - [554/846] OK → carla-guedes@sapo.pt
2026-05-08 20:01:46,232 [INFO] presentation.associados.associados_controller - [554/846] OK → carla-guedes@sapo.pt
2026-05-08 20:02:03,362 [ERROR] application.email.email_sender - [555/846] ERRO → josemoraissarmento@sapo.pt
Traceback (most recent call last):
  File "G:\.shortcut-targets-by-id\1NsBCziGNFjlQ-f8QRcezPsKVP9QzGdp0\APPs\atrpt\application\email\email_sender.py", line 318, in send_batch
    self.smtp.send(mime, recipients)
  File "G:\.shortcut-targets-by-id\1NsBCziGNFjlQ-f8QRcezPsKVP9QzGdp0\APPs\atrpt\infrastructure\email\smtp_client.py", line 108, in send
    self._smtp.send_message(mime, to_addrs=recipients)
  File "C:\envs\atrpt\Lib\smtplib.py", line 975, in send_message
    return self.sendmail(from_addr, to_addrs, flatmsg, mail_options,
           ^^^^^^^^^^^^^^^^^^^^^^^^^^^^^^^^^^^^^^^^^^^^^^^^^^^^^^^^^
  File "C:\envs\atrpt\Lib\smtplib.py", line 897, in sendmail
    raise SMTPDataError(code, resp)
smtplib.SMTPDataError: (550, b'5.2.0 LQSWwqStFPqNcLQSWwHiGW Sending Prohibited (Max RcptTo Daily limit)')
2026-05-08 20:02:03,372 [INFO] presentation.associados.associados_controller - ❌ [555/846] ERRO: (550, b'5.2.0 LQSWwqStFPqNcLQSWwHiGW Sending Prohibited (Max RcptTo Daily limit)') → josemoraissarmento@sapo.pt
2026-05-08 20:02:19,275 [INFO] application.email.email_sender - [556/846] OK → ajmartinscorreia@sapo.pt
2026-05-08 20:02:19,282 [INFO] presentation.associados.associados_controller - [556/846] OK → ajmartinscorreia@sapo.pt
2026-05-08 20:02:39,352 [ERROR] application.email.email_sender - [557/846] ERRO → jrmilheiro@gmail.com
Traceback (most recent call last):
  File "G:\.shortcut-targets-by-id\1NsBCziGNFjlQ-f8QRcezPsKVP9QzGdp0\APPs\atrpt\application\email\email_sender.py", line 318, in send_batch
    self.smtp.send(mime, recipients)
  File "G:\.shortcut-targets-by-id\1NsBCziGNFjlQ-f8QRcezPsKVP9QzGdp0\APPs\atrpt\infrastructure\email\smtp_client.py", line 108, in send
    self._smtp.send_message(mime, to_addrs=recipients)
  File "C:\envs\atrpt\Lib\smtplib.py", line 975, in send_message
    return self.sendmail(from_addr, to_addrs, flatmsg, mail_options,
           ^^^^^^^^^^^^^^^^^^^^^^^^^^^^^^^^^^^^^^^^^^^^^^^^^^^^^^^^^
  File "C:\envs\atrpt\Lib\smtplib.py", line 897, in sendmail
    raise SMTPDataError(code, resp)
smtplib.SMTPDataError: (550, b'5.2.0 LQT6wBhD5SMHlLQT6wwyvd Sending Prohibited (Max RcptTo Daily limit)')
2026-05-08 20:02:39,366 [INFO] presentation.associados.associados_controller - ❌ [557/846] ERRO: (550, b'5.2.0 LQT6wBhD5SMHlLQT6wwyvd Sending Prohibited (Max RcptTo Daily limit)') → jrmilheiro@gmail.com
2026-05-08 20:02:51,976 [INFO] application.email.email_sender - [558/846] OK → lidia.tavares.coelho@gmail.com
2026-05-08 20:02:51,983 [INFO] presentation.associados.associados_controller - [558/846] OK → lidia.tavares.coelho@gmail.com
2026-05-08 20:03:10,771 [ERROR] application.email.email_sender - [559/846] ERRO → abilio.f.teixeira@meo.pt
Traceback (most recent call last):
  File "G:\.shortcut-targets-by-id\1NsBCziGNFjlQ-f8QRcezPsKVP9QzGdp0\APPs\atrpt\application\email\email_sender.py", line 318, in send_batch
    self.smtp.send(mime, recipients)
  File "G:\.shortcut-targets-by-id\1NsBCziGNFjlQ-f8QRcezPsKVP9QzGdp0\APPs\atrpt\infrastructure\email\smtp_client.py", line 108, in send
    self._smtp.send_message(mime, to_addrs=recipients)
  File "C:\envs\atrpt\Lib\smtplib.py", line 975, in send_message
    return self.sendmail(from_addr, to_addrs, flatmsg, mail_options,
           ^^^^^^^^^^^^^^^^^^^^^^^^^^^^^^^^^^^^^^^^^^^^^^^^^^^^^^^^^
  File "C:\envs\atrpt\Lib\smtplib.py", line 897, in sendmail
    raise SMTPDataError(code, resp)
smtplib.SMTPDataError: (550, b'5.2.0 LQTbwqTxiPqNcLQTcwHiRQ Sending Prohibited (Max RcptTo Daily limit)')
2026-05-08 20:03:10,791 [INFO] presentation.associados.associados_controller - ❌ [559/846] ERRO: (550, b'5.2.0 LQTbwqTxiPqNcLQTcwHiRQ Sending Prohibited (Max RcptTo Daily limit)') → abilio.f.teixeira@meo.pt
2026-05-08 20:03:25,686 [INFO] application.email.email_sender - [560/846] OK → carlamapereira@sapo.pt
2026-05-08 20:03:25,692 [INFO] presentation.associados.associados_controller - [560/846] OK → carlamapereira@sapo.pt
2026-05-08 20:03:47,660 [ERROR] application.email.email_sender - [561/846] ERRO → elisabete.mcosta@gmail.com
Traceback (most recent call last):
  File "G:\.shortcut-targets-by-id\1NsBCziGNFjlQ-f8QRcezPsKVP9QzGdp0\APPs\atrpt\application\email\email_sender.py", line 318, in send_batch
    self.smtp.send(mime, recipients)
  File "G:\.shortcut-targets-by-id\1NsBCziGNFjlQ-f8QRcezPsKVP9QzGdp0\APPs\atrpt\infrastructure\email\smtp_client.py", line 108, in send
    self._smtp.send_message(mime, to_addrs=recipients)
  File "C:\envs\atrpt\Lib\smtplib.py", line 975, in send_message
    return self.sendmail(from_addr, to_addrs, flatmsg, mail_options,
           ^^^^^^^^^^^^^^^^^^^^^^^^^^^^^^^^^^^^^^^^^^^^^^^^^^^^^^^^^
  File "C:\envs\atrpt\Lib\smtplib.py", line 897, in sendmail
    raise SMTPDataError(code, resp)
smtplib.SMTPDataError: (550, b'5.2.0 LQUCwqUZkPqNcLQUDwHiWu Sending Prohibited (Max RcptTo Daily limit)')
2026-05-08 20:03:47,678 [INFO] presentation.associados.associados_controller - ❌ [561/846] ERRO: (550, b'5.2.0 LQUCwqUZkPqNcLQUDwHiWu Sending Prohibited (Max RcptTo Daily limit)') → elisabete.mcosta@gmail.com
2026-05-08 20:04:06,871 [INFO] application.email.email_sender - [562/846] OK → alfredolpinto@gmail.com
2026-05-08 20:04:06,878 [INFO] presentation.associados.associados_controller - [562/846] OK → alfredolpinto@gmail.com
2026-05-08 20:04:29,476 [ERROR] application.email.email_sender - [563/846] ERRO → juliasantoscancela@gmail.com
Traceback (most recent call last):
  File "G:\.shortcut-targets-by-id\1NsBCziGNFjlQ-f8QRcezPsKVP9QzGdp0\APPs\atrpt\application\email\email_sender.py", line 318, in send_batch
    self.smtp.send(mime, recipients)
  File "G:\.shortcut-targets-by-id\1NsBCziGNFjlQ-f8QRcezPsKVP9QzGdp0\APPs\atrpt\infrastructure\email\smtp_client.py", line 108, in send
    self._smtp.send_message(mime, to_addrs=recipients)
  File "C:\envs\atrpt\Lib\smtplib.py", line 975, in send_message
    return self.sendmail(from_addr, to_addrs, flatmsg, mail_options,
           ^^^^^^^^^^^^^^^^^^^^^^^^^^^^^^^^^^^^^^^^^^^^^^^^^^^^^^^^^
  File "C:\envs\atrpt\Lib\smtplib.py", line 897, in sendmail
    raise SMTPDataError(code, resp)
smtplib.SMTPDataError: (550, b'5.2.0 LQUswmozWoBA4LQUswgfuU Sending Prohibited (Max RcptTo Daily limit)')
2026-05-08 20:04:29,496 [INFO] presentation.associados.associados_controller - ❌ [563/846] ERRO: (550, b'5.2.0 LQUswmozWoBA4LQUswgfuU Sending Prohibited (Max RcptTo Daily limit)') → juliasantoscancela@gmail.com
2026-05-08 20:04:51,502 [INFO] application.email.email_sender - [564/846] OK → anabrisa@mail.telepac.pt
2026-05-08 20:04:51,508 [INFO] presentation.associados.associados_controller - [564/846] OK → anabrisa@mail.telepac.pt
2026-05-08 20:05:13,192 [ERROR] application.email.email_sender - [565/846] ERRO → mnazarerei@sapo.pt
Traceback (most recent call last):
  File "G:\.shortcut-targets-by-id\1NsBCziGNFjlQ-f8QRcezPsKVP9QzGdp0\APPs\atrpt\application\email\email_sender.py", line 318, in send_batch
    self.smtp.send(mime, recipients)
  File "G:\.shortcut-targets-by-id\1NsBCziGNFjlQ-f8QRcezPsKVP9QzGdp0\APPs\atrpt\infrastructure\email\smtp_client.py", line 108, in send
    self._smtp.send_message(mime, to_addrs=recipients)
  File "C:\envs\atrpt\Lib\smtplib.py", line 975, in send_message
    return self.sendmail(from_addr, to_addrs, flatmsg, mail_options,
           ^^^^^^^^^^^^^^^^^^^^^^^^^^^^^^^^^^^^^^^^^^^^^^^^^^^^^^^^^
  File "C:\envs\atrpt\Lib\smtplib.py", line 897, in sendmail
    raise SMTPDataError(code, resp)
smtplib.SMTPDataError: (550, b'5.2.0 LQVawmpdwoBA4LQVawgg0i Sending Prohibited (Max RcptTo Daily limit)')
2026-05-08 20:05:13,212 [INFO] presentation.associados.associados_controller - ❌ [565/846] ERRO: (550, b'5.2.0 LQVawmpdwoBA4LQVawgg0i Sending Prohibited (Max RcptTo Daily limit)') → mnazarerei@sapo.pt
2026-05-08 20:05:31,143 [INFO] application.email.email_sender - [566/846] OK → esmeraldasantospaiva@gmail.com
2026-05-08 20:05:31,150 [INFO] presentation.associados.associados_controller - [566/846] OK → esmeraldasantospaiva@gmail.com
2026-05-08 20:05:55,024 [ERROR] application.email.email_sender - [567/846] ERRO → fernandopinto@gmail.com
Traceback (most recent call last):
  File "G:\.shortcut-targets-by-id\1NsBCziGNFjlQ-f8QRcezPsKVP9QzGdp0\APPs\atrpt\application\email\email_sender.py", line 318, in send_batch
    self.smtp.send(mime, recipients)
  File "G:\.shortcut-targets-by-id\1NsBCziGNFjlQ-f8QRcezPsKVP9QzGdp0\APPs\atrpt\infrastructure\email\smtp_client.py", line 108, in send
    self._smtp.send_message(mime, to_addrs=recipients)
  File "C:\envs\atrpt\Lib\smtplib.py", line 975, in send_message
    return self.sendmail(from_addr, to_addrs, flatmsg, mail_options,
           ^^^^^^^^^^^^^^^^^^^^^^^^^^^^^^^^^^^^^^^^^^^^^^^^^^^^^^^^^
  File "C:\envs\atrpt\Lib\smtplib.py", line 897, in sendmail
    raise SMTPDataError(code, resp)
smtplib.SMTPDataError: (550, b'5.2.0 LQW9wqWYsPqNcLQW9wHim1 Sending Prohibited (Max RcptTo Daily limit)')
2026-05-08 20:05:55,040 [INFO] presentation.associados.associados_controller - ❌ [567/846] ERRO: (550, b'5.2.0 LQW9wqWYsPqNcLQW9wHim1 Sending Prohibited (Max RcptTo Daily limit)') → fernandopinto@gmail.com
2026-05-08 20:06:11,255 [INFO] application.email.email_sender - [568/846] OK → ana.duarte@mail.telepac.pt
2026-05-08 20:06:11,263 [INFO] presentation.associados.associados_controller - [568/846] OK → ana.duarte@mail.telepac.pt
2026-05-08 20:06:25,403 [ERROR] application.email.email_sender - [569/846] ERRO → aurelinamonteiro@gmail.com
Traceback (most recent call last):
  File "G:\.shortcut-targets-by-id\1NsBCziGNFjlQ-f8QRcezPsKVP9QzGdp0\APPs\atrpt\application\email\email_sender.py", line 318, in send_batch
    self.smtp.send(mime, recipients)
  File "G:\.shortcut-targets-by-id\1NsBCziGNFjlQ-f8QRcezPsKVP9QzGdp0\APPs\atrpt\infrastructure\email\smtp_client.py", line 108, in send
    self._smtp.send_message(mime, to_addrs=recipients)
  File "C:\envs\atrpt\Lib\smtplib.py", line 975, in send_message
    return self.sendmail(from_addr, to_addrs, flatmsg, mail_options,
           ^^^^^^^^^^^^^^^^^^^^^^^^^^^^^^^^^^^^^^^^^^^^^^^^^^^^^^^^^
  File "C:\envs\atrpt\Lib\smtplib.py", line 897, in sendmail
    raise SMTPDataError(code, resp)
smtplib.SMTPDataError: (550, b'5.2.0 LQWjwmqsfoBA4LQWjwgg9v Sending Prohibited (Max RcptTo Daily limit)')
2026-05-08 20:06:25,419 [INFO] presentation.associados.associados_controller - ❌ [569/846] ERRO: (550, b'5.2.0 LQWjwmqsfoBA4LQWjwgg9v Sending Prohibited (Max RcptTo Daily limit)') → aurelinamonteiro@gmail.com
2026-05-08 20:06:39,181 [INFO] application.email.email_sender - [570/846] OK → anasousa4644@gmail.com
2026-05-08 20:06:39,188 [INFO] presentation.associados.associados_controller - [570/846] OK → anasousa4644@gmail.com
2026-05-08 20:06:57,170 [ERROR] application.email.email_sender - [571/846] ERRO → joaquim.a.passos@sapo.pt
Traceback (most recent call last):
  File "G:\.shortcut-targets-by-id\1NsBCziGNFjlQ-f8QRcezPsKVP9QzGdp0\APPs\atrpt\application\email\email_sender.py", line 318, in send_batch
    self.smtp.send(mime, recipients)
  File "G:\.shortcut-targets-by-id\1NsBCziGNFjlQ-f8QRcezPsKVP9QzGdp0\APPs\atrpt\infrastructure\email\smtp_client.py", line 108, in send
    self._smtp.send_message(mime, to_addrs=recipients)
  File "C:\envs\atrpt\Lib\smtplib.py", line 975, in send_message
    return self.sendmail(from_addr, to_addrs, flatmsg, mail_options,
           ^^^^^^^^^^^^^^^^^^^^^^^^^^^^^^^^^^^^^^^^^^^^^^^^^^^^^^^^^
  File "C:\envs\atrpt\Lib\smtplib.py", line 897, in sendmail
    raise SMTPDataError(code, resp)
smtplib.SMTPDataError: (550, b'5.2.0 LQXGw2fyLmakWLQXGwucTE Sending Prohibited (Max RcptTo Daily limit)')
2026-05-08 20:06:57,190 [INFO] presentation.associados.associados_controller - ❌ [571/846] ERRO: (550, b'5.2.0 LQXGw2fyLmakWLQXGwucTE Sending Prohibited (Max RcptTo Daily limit)') → joaquim.a.passos@sapo.pt
2026-05-08 20:07:14,661 [INFO] application.email.email_sender - [572/846] OK → josemusica@sapo.pt
2026-05-08 20:07:14,668 [INFO] presentation.associados.associados_controller - [572/846] OK → josemusica@sapo.pt
2026-05-08 20:07:32,109 [ERROR] application.email.email_sender - [573/846] ERRO → joaquim.soares.oliveira@gmail.com
Traceback (most recent call last):
  File "G:\.shortcut-targets-by-id\1NsBCziGNFjlQ-f8QRcezPsKVP9QzGdp0\APPs\atrpt\application\email\email_sender.py", line 318, in send_batch
    self.smtp.send(mime, recipients)
  File "G:\.shortcut-targets-by-id\1NsBCziGNFjlQ-f8QRcezPsKVP9QzGdp0\APPs\atrpt\infrastructure\email\smtp_client.py", line 108, in send
    self._smtp.send_message(mime, to_addrs=recipients)
  File "C:\envs\atrpt\Lib\smtplib.py", line 975, in send_message
    return self.sendmail(from_addr, to_addrs, flatmsg, mail_options,
           ^^^^^^^^^^^^^^^^^^^^^^^^^^^^^^^^^^^^^^^^^^^^^^^^^^^^^^^^^
  File "C:\envs\atrpt\Lib\smtplib.py", line 897, in sendmail
    raise SMTPDataError(code, resp)
smtplib.SMTPDataError: (550, b'5.2.0 LQXiw33GwdK1ELQXjwoHtV Sending Prohibited (Max RcptTo Daily limit)')
2026-05-08 20:07:32,127 [INFO] presentation.associados.associados_controller - ❌ [573/846] ERRO: (550, b'5.2.0 LQXiw33GwdK1ELQXjwoHtV Sending Prohibited (Max RcptTo Daily limit)') → joaquim.soares.oliveira@gmail.com
2026-05-08 20:07:47,322 [INFO] application.email.email_sender - [574/846] OK → acsfxavier@gmail.com
2026-05-08 20:07:47,328 [INFO] presentation.associados.associados_controller - [574/846] OK → acsfxavier@gmail.com
2026-05-08 20:08:03,304 [ERROR] application.email.email_sender - [575/846] ERRO → hmgmont@gmail.com
Traceback (most recent call last):
  File "G:\.shortcut-targets-by-id\1NsBCziGNFjlQ-f8QRcezPsKVP9QzGdp0\APPs\atrpt\application\email\email_sender.py", line 318, in send_batch
    self.smtp.send(mime, recipients)
  File "G:\.shortcut-targets-by-id\1NsBCziGNFjlQ-f8QRcezPsKVP9QzGdp0\APPs\atrpt\infrastructure\email\smtp_client.py", line 108, in send
    self._smtp.send_message(mime, to_addrs=recipients)
  File "C:\envs\atrpt\Lib\smtplib.py", line 975, in send_message
    return self.sendmail(from_addr, to_addrs, flatmsg, mail_options,
           ^^^^^^^^^^^^^^^^^^^^^^^^^^^^^^^^^^^^^^^^^^^^^^^^^^^^^^^^^
  File "C:\envs\atrpt\Lib\smtplib.py", line 897, in sendmail
    raise SMTPDataError(code, resp)
smtplib.SMTPDataError: (550, b'5.2.0 LQYIwqYuwPqNcLQYJwHj3Y Sending Prohibited (Max RcptTo Daily limit)')
2026-05-08 20:08:03,321 [INFO] presentation.associados.associados_controller - ❌ [575/846] ERRO: (550, b'5.2.0 LQYIwqYuwPqNcLQYJwHj3Y Sending Prohibited (Max RcptTo Daily limit)') → hmgmont@gmail.com
2026-05-08 20:08:20,679 [INFO] application.email.email_sender - [576/846] OK → ruicastrosilvaacores@gmail.com
2026-05-08 20:08:20,686 [INFO] presentation.associados.associados_controller - [576/846] OK → ruicastrosilvaacores@gmail.com
2026-05-08 20:08:35,397 [ERROR] application.email.email_sender - [577/846] ERRO → carlasilvas@sapo.pt
Traceback (most recent call last):
  File "G:\.shortcut-targets-by-id\1NsBCziGNFjlQ-f8QRcezPsKVP9QzGdp0\APPs\atrpt\application\email\email_sender.py", line 318, in send_batch
    self.smtp.send(mime, recipients)
  File "G:\.shortcut-targets-by-id\1NsBCziGNFjlQ-f8QRcezPsKVP9QzGdp0\APPs\atrpt\infrastructure\email\smtp_client.py", line 108, in send
    self._smtp.send_message(mime, to_addrs=recipients)
  File "C:\envs\atrpt\Lib\smtplib.py", line 975, in send_message
    return self.sendmail(from_addr, to_addrs, flatmsg, mail_options,
           ^^^^^^^^^^^^^^^^^^^^^^^^^^^^^^^^^^^^^^^^^^^^^^^^^^^^^^^^^
  File "C:\envs\atrpt\Lib\smtplib.py", line 897, in sendmail
    raise SMTPDataError(code, resp)
smtplib.SMTPDataError: (550, b'5.2.0 LQYqwBnOCSMHlLQYqwwzgT Sending Prohibited (Max RcptTo Daily limit)')
2026-05-08 20:08:35,408 [INFO] presentation.associados.associados_controller - ❌ [577/846] ERRO: (550, b'5.2.0 LQYqwBnOCSMHlLQYqwwzgT Sending Prohibited (Max RcptTo Daily limit)') → carlasilvas@sapo.pt
2026-05-08 20:08:53,526 [INFO] application.email.email_sender - [578/846] OK → carvalhinho5914@gmail.com
2026-05-08 20:08:53,532 [INFO] presentation.associados.associados_controller - [578/846] OK → carvalhinho5914@gmail.com
2026-05-08 20:09:08,617 [ERROR] application.email.email_sender - [579/846] ERRO → jfamaro333@gmail.com
Traceback (most recent call last):
  File "G:\.shortcut-targets-by-id\1NsBCziGNFjlQ-f8QRcezPsKVP9QzGdp0\APPs\atrpt\application\email\email_sender.py", line 318, in send_batch
    self.smtp.send(mime, recipients)
  File "G:\.shortcut-targets-by-id\1NsBCziGNFjlQ-f8QRcezPsKVP9QzGdp0\APPs\atrpt\infrastructure\email\smtp_client.py", line 108, in send
    self._smtp.send_message(mime, to_addrs=recipients)
  File "C:\envs\atrpt\Lib\smtplib.py", line 975, in send_message
    return self.sendmail(from_addr, to_addrs, flatmsg, mail_options,
           ^^^^^^^^^^^^^^^^^^^^^^^^^^^^^^^^^^^^^^^^^^^^^^^^^^^^^^^^^
  File "C:\envs\atrpt\Lib\smtplib.py", line 897, in sendmail
    raise SMTPDataError(code, resp)
smtplib.SMTPDataError: (550, b'5.2.0 LQZNwmtdVoBA4LQZOwggW4 Sending Prohibited (Max RcptTo Daily limit)')
2026-05-08 20:09:08,637 [INFO] presentation.associados.associados_controller - ❌ [579/846] ERRO: (550, b'5.2.0 LQZNwmtdVoBA4LQZOwggW4 Sending Prohibited (Max RcptTo Daily limit)') → jfamaro333@gmail.com
2026-05-08 20:09:24,506 [INFO] application.email.email_sender - [580/846] OK → sergio.ribeiro909@gmail.com
2026-05-08 20:09:24,512 [INFO] presentation.associados.associados_controller - [580/846] OK → sergio.ribeiro909@gmail.com
2026-05-08 20:09:41,626 [ERROR] application.email.email_sender - [581/846] ERRO → cbbbrandao@sapo.pt
Traceback (most recent call last):
  File "G:\.shortcut-targets-by-id\1NsBCziGNFjlQ-f8QRcezPsKVP9QzGdp0\APPs\atrpt\application\email\email_sender.py", line 318, in send_batch
    self.smtp.send(mime, recipients)
  File "G:\.shortcut-targets-by-id\1NsBCziGNFjlQ-f8QRcezPsKVP9QzGdp0\APPs\atrpt\infrastructure\email\smtp_client.py", line 108, in send
    self._smtp.send_message(mime, to_addrs=recipients)
  File "C:\envs\atrpt\Lib\smtplib.py", line 975, in send_message
    return self.sendmail(from_addr, to_addrs, flatmsg, mail_options,
           ^^^^^^^^^^^^^^^^^^^^^^^^^^^^^^^^^^^^^^^^^^^^^^^^^^^^^^^^^
  File "C:\envs\atrpt\Lib\smtplib.py", line 897, in sendmail
    raise SMTPDataError(code, resp)
smtplib.SMTPDataError: (550, b'5.2.0 LQZuwqaeHPqNcLQZvwHjEh Sending Prohibited (Max RcptTo Daily limit)')
2026-05-08 20:09:41,645 [INFO] presentation.associados.associados_controller - ❌ [581/846] ERRO: (550, b'5.2.0 LQZuwqaeHPqNcLQZvwHjEh Sending Prohibited (Max RcptTo Daily limit)') → cbbbrandao@sapo.pt
2026-05-08 20:09:55,127 [INFO] application.email.email_sender - [582/846] OK → lopes.paula.sofia@sapo.pt
2026-05-08 20:09:55,133 [INFO] presentation.associados.associados_controller - [582/846] OK → lopes.paula.sofia@sapo.pt
2026-05-08 20:10:15,436 [ERROR] application.email.email_sender - [583/846] ERRO → lucianomoutinhotavares@gmail.com
Traceback (most recent call last):
  File "G:\.shortcut-targets-by-id\1NsBCziGNFjlQ-f8QRcezPsKVP9QzGdp0\APPs\atrpt\application\email\email_sender.py", line 318, in send_batch
    self.smtp.send(mime, recipients)
  File "G:\.shortcut-targets-by-id\1NsBCziGNFjlQ-f8QRcezPsKVP9QzGdp0\APPs\atrpt\infrastructure\email\smtp_client.py", line 108, in send
    self._smtp.send_message(mime, to_addrs=recipients)
  File "C:\envs\atrpt\Lib\smtplib.py", line 975, in send_message
    return self.sendmail(from_addr, to_addrs, flatmsg, mail_options,
           ^^^^^^^^^^^^^^^^^^^^^^^^^^^^^^^^^^^^^^^^^^^^^^^^^^^^^^^^^
  File "C:\envs\atrpt\Lib\smtplib.py", line 897, in sendmail
    raise SMTPDataError(code, resp)
smtplib.SMTPDataError: (550, b'5.2.0 LQaSwBp3bSMHlLQaSwwzsJ Sending Prohibited (Max RcptTo Daily limit)')
2026-05-08 20:10:15,455 [INFO] presentation.associados.associados_controller - ❌ [583/846] ERRO: (550, b'5.2.0 LQaSwBp3bSMHlLQaSwwzsJ Sending Prohibited (Max RcptTo Daily limit)') → lucianomoutinhotavares@gmail.com
2026-05-08 20:10:31,881 [INFO] application.email.email_sender - [584/846] OK → carla.monteiro71@gmail.com
2026-05-08 20:10:31,902 [INFO] presentation.associados.associados_controller - [584/846] OK → carla.monteiro71@gmail.com
2026-05-08 20:10:50,665 [ERROR] application.email.email_sender - [585/846] ERRO → jorge.m.guedes@sapo.pt
Traceback (most recent call last):
  File "G:\.shortcut-targets-by-id\1NsBCziGNFjlQ-f8QRcezPsKVP9QzGdp0\APPs\atrpt\application\email\email_sender.py", line 318, in send_batch
    self.smtp.send(mime, recipients)
  File "G:\.shortcut-targets-by-id\1NsBCziGNFjlQ-f8QRcezPsKVP9QzGdp0\APPs\atrpt\infrastructure\email\smtp_client.py", line 108, in send
    self._smtp.send_message(mime, to_addrs=recipients)
  File "C:\envs\atrpt\Lib\smtplib.py", line 975, in send_message
    return self.sendmail(from_addr, to_addrs, flatmsg, mail_options,
           ^^^^^^^^^^^^^^^^^^^^^^^^^^^^^^^^^^^^^^^^^^^^^^^^^^^^^^^^^
  File "C:\envs\atrpt\Lib\smtplib.py", line 897, in sendmail
    raise SMTPDataError(code, resp)
smtplib.SMTPDataError: (550, b'5.2.0 LQaxwqbgdPqNcLQaxwHjMD Sending Prohibited (Max RcptTo Daily limit)')
2026-05-08 20:10:50,697 [INFO] presentation.associados.associados_controller - ❌ [585/846] ERRO: (550, b'5.2.0 LQaxwqbgdPqNcLQaxwHjMD Sending Prohibited (Max RcptTo Daily limit)') → jorge.m.guedes@sapo.pt
2026-05-08 20:11:09,793 [INFO] application.email.email_sender - [586/846] OK → eugenia.m.c.cunha@gmail.com
2026-05-08 20:11:09,803 [INFO] presentation.associados.associados_controller - [586/846] OK → eugenia.m.c.cunha@gmail.com
2026-05-08 20:11:22,062 [ERROR] application.email.email_sender - [587/846] ERRO → alvarosousapereira@gmail.com
Traceback (most recent call last):
  File "G:\.shortcut-targets-by-id\1NsBCziGNFjlQ-f8QRcezPsKVP9QzGdp0\APPs\atrpt\application\email\email_sender.py", line 318, in send_batch
    self.smtp.send(mime, recipients)
  File "G:\.shortcut-targets-by-id\1NsBCziGNFjlQ-f8QRcezPsKVP9QzGdp0\APPs\atrpt\infrastructure\email\smtp_client.py", line 108, in send
    self._smtp.send_message(mime, to_addrs=recipients)
  File "C:\envs\atrpt\Lib\smtplib.py", line 975, in send_message
    return self.sendmail(from_addr, to_addrs, flatmsg, mail_options,
           ^^^^^^^^^^^^^^^^^^^^^^^^^^^^^^^^^^^^^^^^^^^^^^^^^^^^^^^^^
  File "C:\envs\atrpt\Lib\smtplib.py", line 897, in sendmail
    raise SMTPDataError(code, resp)
smtplib.SMTPDataError: (550, b'5.2.0 LQbWw378xdK1ELQbXwoILo Sending Prohibited (Max RcptTo Daily limit)')
2026-05-08 20:11:22,070 [INFO] presentation.associados.associados_controller - ❌ [587/846] ERRO: (550, b'5.2.0 LQbWw378xdK1ELQbXwoILo Sending Prohibited (Max RcptTo Daily limit)') → alvarosousapereira@gmail.com
2026-05-08 20:11:41,241 [INFO] application.email.email_sender - [588/846] OK → barbosagoncalves55@gmail.com
2026-05-08 20:11:41,257 [INFO] presentation.associados.associados_controller - [588/846] OK → barbosagoncalves55@gmail.com
2026-05-08 20:11:56,104 [ERROR] application.email.email_sender - [589/846] ERRO → salopes@sapo.pt
Traceback (most recent call last):
  File "G:\.shortcut-targets-by-id\1NsBCziGNFjlQ-f8QRcezPsKVP9QzGdp0\APPs\atrpt\application\email\email_sender.py", line 318, in send_batch
    self.smtp.send(mime, recipients)
  File "G:\.shortcut-targets-by-id\1NsBCziGNFjlQ-f8QRcezPsKVP9QzGdp0\APPs\atrpt\infrastructure\email\smtp_client.py", line 108, in send
    self._smtp.send_message(mime, to_addrs=recipients)
  File "C:\envs\atrpt\Lib\smtplib.py", line 975, in send_message
    return self.sendmail(from_addr, to_addrs, flatmsg, mail_options,
           ^^^^^^^^^^^^^^^^^^^^^^^^^^^^^^^^^^^^^^^^^^^^^^^^^^^^^^^^^
  File "C:\envs\atrpt\Lib\smtplib.py", line 897, in sendmail
    raise SMTPDataError(code, resp)
smtplib.SMTPDataError: (550, b'5.2.0 LQc5wBqbbSMHlLQc5wx04K Sending Prohibited (Max RcptTo Daily limit)')
2026-05-08 20:11:56,135 [INFO] presentation.associados.associados_controller - ❌ [589/846] ERRO: (550, b'5.2.0 LQc5wBqbbSMHlLQc5wx04K Sending Prohibited (Max RcptTo Daily limit)') → salopes@sapo.pt
2026-05-08 20:12:16,197 [INFO] application.email.email_sender - [590/846] OK → bulhosaeduarda@gmail.com
2026-05-08 20:12:16,197 [INFO] presentation.associados.associados_controller - [590/846] OK → bulhosaeduarda@gmail.com
2026-05-08 20:12:35,209 [ERROR] application.email.email_sender - [591/846] ERRO → graca.p.nogueira@outlook.pt
Traceback (most recent call last):
  File "G:\.shortcut-targets-by-id\1NsBCziGNFjlQ-f8QRcezPsKVP9QzGdp0\APPs\atrpt\application\email\email_sender.py", line 318, in send_batch
    self.smtp.send(mime, recipients)
  File "G:\.shortcut-targets-by-id\1NsBCziGNFjlQ-f8QRcezPsKVP9QzGdp0\APPs\atrpt\infrastructure\email\smtp_client.py", line 108, in send
    self._smtp.send_message(mime, to_addrs=recipients)
  File "C:\envs\atrpt\Lib\smtplib.py", line 975, in send_message
    return self.sendmail(from_addr, to_addrs, flatmsg, mail_options,
           ^^^^^^^^^^^^^^^^^^^^^^^^^^^^^^^^^^^^^^^^^^^^^^^^^^^^^^^^^
  File "C:\envs\atrpt\Lib\smtplib.py", line 897, in sendmail
    raise SMTPDataError(code, resp)
smtplib.SMTPDataError: (550, b'5.2.0 LQciw2lK0makWLQciwudAD Sending Prohibited (Max RcptTo Daily limit)')
2026-05-08 20:12:35,224 [INFO] presentation.associados.associados_controller - ❌ [591/846] ERRO: (550, b'5.2.0 LQciw2lK0makWLQciwudAD Sending Prohibited (Max RcptTo Daily limit)') → graca.p.nogueira@outlook.pt
2026-05-08 20:12:48,849 [INFO] application.email.email_sender - [592/846] OK → apaulaleite59@gmail.com
2026-05-08 20:12:48,855 [INFO] presentation.associados.associados_controller - [592/846] OK → apaulaleite59@gmail.com
2026-05-08 20:13:00,142 [ERROR] application.email.email_sender - [593/846] ERRO → m.fernanda.rodrig@sapo.pt
Traceback (most recent call last):
  File "G:\.shortcut-targets-by-id\1NsBCziGNFjlQ-f8QRcezPsKVP9QzGdp0\APPs\atrpt\application\email\email_sender.py", line 318, in send_batch
    self.smtp.send(mime, recipients)
  File "G:\.shortcut-targets-by-id\1NsBCziGNFjlQ-f8QRcezPsKVP9QzGdp0\APPs\atrpt\infrastructure\email\smtp_client.py", line 108, in send
    self._smtp.send_message(mime, to_addrs=recipients)
  File "C:\envs\atrpt\Lib\smtplib.py", line 975, in send_message
    return self.sendmail(from_addr, to_addrs, flatmsg, mail_options,
           ^^^^^^^^^^^^^^^^^^^^^^^^^^^^^^^^^^^^^^^^^^^^^^^^^^^^^^^^^
  File "C:\envs\atrpt\Lib\smtplib.py", line 897, in sendmail
    raise SMTPDataError(code, resp)
smtplib.SMTPDataError: (550, b'5.2.0 LQd7wBrfQSMHlLQd7wx0Ej Sending Prohibited (Max RcptTo Daily limit)')
2026-05-08 20:13:00,156 [INFO] presentation.associados.associados_controller - ❌ [593/846] ERRO: (550, b'5.2.0 LQd7wBrfQSMHlLQd7wx0Ej Sending Prohibited (Max RcptTo Daily limit)') → m.fernanda.rodrig@sapo.pt
2026-05-08 20:13:15,677 [INFO] application.email.email_sender - [594/846] OK → blackghostknife@sapo.pt
2026-05-08 20:13:15,684 [INFO] presentation.associados.associados_controller - [594/846] OK → blackghostknife@sapo.pt
2026-05-08 20:13:32,693 [ERROR] application.email.email_sender - [595/846] ERRO → manuelfontoura@sapo.pt
Traceback (most recent call last):
  File "G:\.shortcut-targets-by-id\1NsBCziGNFjlQ-f8QRcezPsKVP9QzGdp0\APPs\atrpt\application\email\email_sender.py", line 318, in send_batch
    self.smtp.send(mime, recipients)
  File "G:\.shortcut-targets-by-id\1NsBCziGNFjlQ-f8QRcezPsKVP9QzGdp0\APPs\atrpt\infrastructure\email\smtp_client.py", line 108, in send
    self._smtp.send_message(mime, to_addrs=recipients)
  File "C:\envs\atrpt\Lib\smtplib.py", line 975, in send_message
    return self.sendmail(from_addr, to_addrs, flatmsg, mail_options,
           ^^^^^^^^^^^^^^^^^^^^^^^^^^^^^^^^^^^^^^^^^^^^^^^^^^^^^^^^^
  File "C:\envs\atrpt\Lib\smtplib.py", line 897, in sendmail
    raise SMTPDataError(code, resp)
smtplib.SMTPDataError: (550, b'5.2.0 LQddwV7SCUbIPLQdewdu3U Sending Prohibited (Max RcptTo Daily limit)')
2026-05-08 20:13:32,714 [INFO] presentation.associados.associados_controller - ❌ [595/846] ERRO: (550, b'5.2.0 LQddwV7SCUbIPLQdewdu3U Sending Prohibited (Max RcptTo Daily limit)') → manuelfontoura@sapo.pt
2026-05-08 20:13:52,722 [INFO] application.email.email_sender - [596/846] OK → mgracaalmeida@sapo.pt
2026-05-08 20:13:52,731 [INFO] presentation.associados.associados_controller - [596/846] OK → mgracaalmeida@sapo.pt
2026-05-08 20:14:06,838 [ERROR] application.email.email_sender - [597/846] ERRO → isabelcbalves1@gmail.com
Traceback (most recent call last):
  File "G:\.shortcut-targets-by-id\1NsBCziGNFjlQ-f8QRcezPsKVP9QzGdp0\APPs\atrpt\application\email\email_sender.py", line 318, in send_batch
    self.smtp.send(mime, recipients)
  File "G:\.shortcut-targets-by-id\1NsBCziGNFjlQ-f8QRcezPsKVP9QzGdp0\APPs\atrpt\infrastructure\email\smtp_client.py", line 108, in send
    self._smtp.send_message(mime, to_addrs=recipients)
  File "C:\envs\atrpt\Lib\smtplib.py", line 975, in send_message
    return self.sendmail(from_addr, to_addrs, flatmsg, mail_options,
           ^^^^^^^^^^^^^^^^^^^^^^^^^^^^^^^^^^^^^^^^^^^^^^^^^^^^^^^^^
  File "C:\envs\atrpt\Lib\smtplib.py", line 897, in sendmail
    raise SMTPDataError(code, resp)
smtplib.SMTPDataError: (550, b'5.2.0 LQeBwV81AUbIPLQeCwdu6f Sending Prohibited (Max RcptTo Daily limit)')
2026-05-08 20:14:06,855 [INFO] presentation.associados.associados_controller - ❌ [597/846] ERRO: (550, b'5.2.0 LQeBwV81AUbIPLQeCwdu6f Sending Prohibited (Max RcptTo Daily limit)') → isabelcbalves1@gmail.com
2026-05-08 20:14:30,099 [INFO] application.email.email_sender - [598/846] OK → carlamribeiro2021@gmail.com
2026-05-08 20:14:30,106 [INFO] presentation.associados.associados_controller - [598/846] OK → carlamribeiro2021@gmail.com
2026-05-08 20:14:45,498 [ERROR] application.email.email_sender - [599/846] ERRO → josesousapaiva@gmail.com
Traceback (most recent call last):
  File "G:\.shortcut-targets-by-id\1NsBCziGNFjlQ-f8QRcezPsKVP9QzGdp0\APPs\atrpt\application\email\email_sender.py", line 318, in send_batch
    self.smtp.send(mime, recipients)
  File "G:\.shortcut-targets-by-id\1NsBCziGNFjlQ-f8QRcezPsKVP9QzGdp0\APPs\atrpt\infrastructure\email\smtp_client.py", line 108, in send
    self._smtp.send_message(mime, to_addrs=recipients)
  File "C:\envs\atrpt\Lib\smtplib.py", line 975, in send_message
    return self.sendmail(from_addr, to_addrs, flatmsg, mail_options,
           ^^^^^^^^^^^^^^^^^^^^^^^^^^^^^^^^^^^^^^^^^^^^^^^^^^^^^^^^^
  File "C:\envs\atrpt\Lib\smtplib.py", line 897, in sendmail
    raise SMTPDataError(code, resp)
smtplib.SMTPDataError: (550, b'5.2.0 LQeowqfUmPqNcLQepwHjkS Sending Prohibited (Max RcptTo Daily limit)')
2026-05-08 20:14:45,520 [INFO] presentation.associados.associados_controller - ❌ [599/846] ERRO: (550, b'5.2.0 LQeowqfUmPqNcLQepwHjkS Sending Prohibited (Max RcptTo Daily limit)') → josesousapaiva@gmail.com
2026-05-08 20:15:02,886 [INFO] application.email.email_sender - [600/846] OK → mariarosalinabal@gmail.com
2026-05-08 20:15:02,893 [INFO] presentation.associados.associados_controller - [600/846] OK → mariarosalinabal@gmail.com
2026-05-08 20:15:06,670 [INFO] application.email.email_sender - SMTP desconectado após lote 12
2026-05-08 20:15:07,798 [INFO] application.email.email_sender - 💾 Guardado (lote 12)
2026-05-08 20:15:07,803 [INFO] presentation.associados.associados_controller - 💾 Guardado (lote 12)
2026-05-08 20:15:07,808 [INFO] application.email.email_sender - Pausa de 129s antes do lote 13
2026-05-08 20:15:07,813 [INFO] presentation.associados.associados_controller - 
⏸️ Pausa de 129s antes do próximo lote...
2026-05-08 20:17:17,215 [INFO] application.email.email_sender - LOTE 13/17 — 50 emails
2026-05-08 20:17:17,222 [INFO] presentation.associados.associados_controller - 
📦 LOTE 13/17 — 50 emails
2026-05-08 20:17:17,592 [INFO] application.email.email_sender - SMTP conectado para lote 13
2026-05-08 20:17:30,507 [ERROR] application.email.email_sender - [601/846] ERRO → cristinagracalobo@gmail.com
Traceback (most recent call last):
  File "G:\.shortcut-targets-by-id\1NsBCziGNFjlQ-f8QRcezPsKVP9QzGdp0\APPs\atrpt\application\email\email_sender.py", line 318, in send_batch
    self.smtp.send(mime, recipients)
  File "G:\.shortcut-targets-by-id\1NsBCziGNFjlQ-f8QRcezPsKVP9QzGdp0\APPs\atrpt\infrastructure\email\smtp_client.py", line 108, in send
    self._smtp.send_message(mime, to_addrs=recipients)
  File "C:\envs\atrpt\Lib\smtplib.py", line 975, in send_message
    return self.sendmail(from_addr, to_addrs, flatmsg, mail_options,
           ^^^^^^^^^^^^^^^^^^^^^^^^^^^^^^^^^^^^^^^^^^^^^^^^^^^^^^^^^
  File "C:\envs\atrpt\Lib\smtplib.py", line 897, in sendmail
    raise SMTPDataError(code, resp)
smtplib.SMTPDataError: (550, b'5.2.0 LQhSwqiEvPqNcLQhSwHk3R Sending Prohibited (Max RcptTo Daily limit)')
2026-05-08 20:17:30,521 [INFO] presentation.associados.associados_controller - ❌ [601/846] ERRO: (550, b'5.2.0 LQhSwqiEvPqNcLQhSwHk3R Sending Prohibited (Max RcptTo Daily limit)') → cristinagracalobo@gmail.com
2026-05-08 20:17:52,798 [INFO] application.email.email_sender - [602/846] OK → jomaguy@gmail.com
2026-05-08 20:17:52,807 [INFO] presentation.associados.associados_controller - [602/846] OK → jomaguy@gmail.com
2026-05-08 20:18:10,423 [ERROR] application.email.email_sender - [603/846] ERRO → virgilio.ainocencio@gmail.com
Traceback (most recent call last):
  File "G:\.shortcut-targets-by-id\1NsBCziGNFjlQ-f8QRcezPsKVP9QzGdp0\APPs\atrpt\application\email\email_sender.py", line 318, in send_batch
    self.smtp.send(mime, recipients)
  File "G:\.shortcut-targets-by-id\1NsBCziGNFjlQ-f8QRcezPsKVP9QzGdp0\APPs\atrpt\infrastructure\email\smtp_client.py", line 108, in send
    self._smtp.send_message(mime, to_addrs=recipients)
  File "C:\envs\atrpt\Lib\smtplib.py", line 975, in send_message
    return self.sendmail(from_addr, to_addrs, flatmsg, mail_options,
           ^^^^^^^^^^^^^^^^^^^^^^^^^^^^^^^^^^^^^^^^^^^^^^^^^^^^^^^^^
  File "C:\envs\atrpt\Lib\smtplib.py", line 897, in sendmail
    raise SMTPDataError(code, resp)
smtplib.SMTPDataError: (550, b'5.2.0 LQi7w2qjTmakWLQi7wudn2 Sending Prohibited (Max RcptTo Daily limit)')
2026-05-08 20:18:10,432 [INFO] presentation.associados.associados_controller - ❌ [603/846] ERRO: (550, b'5.2.0 LQi7w2qjTmakWLQi7wudn2 Sending Prohibited (Max RcptTo Daily limit)') → virgilio.ainocencio@gmail.com
2026-05-08 20:18:21,644 [INFO] application.email.email_sender - [604/846] OK → joao.am.queiroz@sapo.pt
2026-05-08 20:18:21,649 [INFO] presentation.associados.associados_controller - [604/846] OK → joao.am.queiroz@sapo.pt
2026-05-08 20:18:40,142 [ERROR] application.email.email_sender - [605/846] ERRO → giordanomonteirocouto@gmail.com
Traceback (most recent call last):
  File "G:\.shortcut-targets-by-id\1NsBCziGNFjlQ-f8QRcezPsKVP9QzGdp0\APPs\atrpt\application\email\email_sender.py", line 318, in send_batch
    self.smtp.send(mime, recipients)
  File "G:\.shortcut-targets-by-id\1NsBCziGNFjlQ-f8QRcezPsKVP9QzGdp0\APPs\atrpt\infrastructure\email\smtp_client.py", line 108, in send
    self._smtp.send_message(mime, to_addrs=recipients)
  File "C:\envs\atrpt\Lib\smtplib.py", line 975, in send_message
    return self.sendmail(from_addr, to_addrs, flatmsg, mail_options,
           ^^^^^^^^^^^^^^^^^^^^^^^^^^^^^^^^^^^^^^^^^^^^^^^^^^^^^^^^^
  File "C:\envs\atrpt\Lib\smtplib.py", line 897, in sendmail
    raise SMTPDataError(code, resp)
smtplib.SMTPDataError: (550, b'5.2.0 LQibwBx6kSMHlLQibwx0tZ Sending Prohibited (Max RcptTo Daily limit)')
2026-05-08 20:18:40,152 [INFO] presentation.associados.associados_controller - ❌ [605/846] ERRO: (550, b'5.2.0 LQibwBx6kSMHlLQibwx0tZ Sending Prohibited (Max RcptTo Daily limit)') → giordanomonteirocouto@gmail.com
2026-05-08 20:18:55,317 [INFO] application.email.email_sender - [606/846] OK → henriquetadiz@sapo.pt
2026-05-08 20:18:55,325 [INFO] presentation.associados.associados_controller - [606/846] OK → henriquetadiz@sapo.pt
2026-05-08 20:19:17,779 [ERROR] application.email.email_sender - [607/846] ERRO → gloriapinheiro1947@sapo.pt
Traceback (most recent call last):
  File "G:\.shortcut-targets-by-id\1NsBCziGNFjlQ-f8QRcezPsKVP9QzGdp0\APPs\atrpt\application\email\email_sender.py", line 318, in send_batch
    self.smtp.send(mime, recipients)
  File "G:\.shortcut-targets-by-id\1NsBCziGNFjlQ-f8QRcezPsKVP9QzGdp0\APPs\atrpt\infrastructure\email\smtp_client.py", line 108, in send
    self._smtp.send_message(mime, to_addrs=recipients)
  File "C:\envs\atrpt\Lib\smtplib.py", line 975, in send_message
    return self.sendmail(from_addr, to_addrs, flatmsg, mail_options,
           ^^^^^^^^^^^^^^^^^^^^^^^^^^^^^^^^^^^^^^^^^^^^^^^^^^^^^^^^^
  File "C:\envs\atrpt\Lib\smtplib.py", line 897, in sendmail
    raise SMTPDataError(code, resp)
smtplib.SMTPDataError: (550, b'5.2.0 LQjCwBxefSMHlLQjDwx0ya Sending Prohibited (Max RcptTo Daily limit)')
2026-05-08 20:19:17,787 [INFO] presentation.associados.associados_controller - ❌ [607/846] ERRO: (550, b'5.2.0 LQjCwBxefSMHlLQjDwx0ya Sending Prohibited (Max RcptTo Daily limit)') → gloriapinheiro1947@sapo.pt
2026-05-08 20:19:39,639 [INFO] application.email.email_sender - [608/846] OK → antoniogoncalvesdias1958@gmail.com
2026-05-08 20:19:39,643 [INFO] presentation.associados.associados_controller - [608/846] OK → antoniogoncalvesdias1958@gmail.com
2026-05-08 20:19:59,121 [ERROR] application.email.email_sender - [609/846] ERRO → fsar1960@yahoo.com.br
Traceback (most recent call last):
  File "G:\.shortcut-targets-by-id\1NsBCziGNFjlQ-f8QRcezPsKVP9QzGdp0\APPs\atrpt\application\email\email_sender.py", line 318, in send_batch
    self.smtp.send(mime, recipients)
  File "G:\.shortcut-targets-by-id\1NsBCziGNFjlQ-f8QRcezPsKVP9QzGdp0\APPs\atrpt\infrastructure\email\smtp_client.py", line 108, in send
    self._smtp.send_message(mime, to_addrs=recipients)
  File "C:\envs\atrpt\Lib\smtplib.py", line 975, in send_message
    return self.sendmail(from_addr, to_addrs, flatmsg, mail_options,
           ^^^^^^^^^^^^^^^^^^^^^^^^^^^^^^^^^^^^^^^^^^^^^^^^^^^^^^^^^
  File "C:\envs\atrpt\Lib\smtplib.py", line 897, in sendmail
    raise SMTPDataError(code, resp)
smtplib.SMTPDataError: (550, b'5.2.0 LQjsw3FGYdK1ELQjswoJLJ Sending Prohibited (Max RcptTo Daily limit)')
2026-05-08 20:19:59,152 [INFO] presentation.associados.associados_controller - ❌ [609/846] ERRO: (550, b'5.2.0 LQjsw3FGYdK1ELQjswoJLJ Sending Prohibited (Max RcptTo Daily limit)') → fsar1960@yahoo.com.br
2026-05-08 20:20:17,563 [INFO] application.email.email_sender - [610/846] OK → ramospaivaluis@gmail.com
2026-05-08 20:20:17,569 [INFO] presentation.associados.associados_controller - [610/846] OK → ramospaivaluis@gmail.com
2026-05-08 20:20:35,837 [ERROR] application.email.email_sender - [611/846] ERRO → mlucarvalho2013@gmail.com
Traceback (most recent call last):
  File "G:\.shortcut-targets-by-id\1NsBCziGNFjlQ-f8QRcezPsKVP9QzGdp0\APPs\atrpt\application\email\email_sender.py", line 318, in send_batch
    self.smtp.send(mime, recipients)
  File "G:\.shortcut-targets-by-id\1NsBCziGNFjlQ-f8QRcezPsKVP9QzGdp0\APPs\atrpt\infrastructure\email\smtp_client.py", line 108, in send
    self._smtp.send_message(mime, to_addrs=recipients)
  File "C:\envs\atrpt\Lib\smtplib.py", line 975, in send_message
    return self.sendmail(from_addr, to_addrs, flatmsg, mail_options,
           ^^^^^^^^^^^^^^^^^^^^^^^^^^^^^^^^^^^^^^^^^^^^^^^^^^^^^^^^^
  File "C:\envs\atrpt\Lib\smtplib.py", line 897, in sendmail
    raise SMTPDataError(code, resp)
smtplib.SMTPDataError: (550, b'5.2.0 LQkTw2suumakWLQkTwue6I Sending Prohibited (Max RcptTo Daily limit)')
2026-05-08 20:20:35,860 [INFO] presentation.associados.associados_controller - ❌ [611/846] ERRO: (550, b'5.2.0 LQkTw2suumakWLQkTwue6I Sending Prohibited (Max RcptTo Daily limit)') → mlucarvalho2013@gmail.com
2026-05-08 20:20:47,309 [INFO] application.email.email_sender - [612/846] OK → vpimentel@sapo.pt
2026-05-08 20:20:47,309 [INFO] presentation.associados.associados_controller - [612/846] OK → vpimentel@sapo.pt
2026-05-08 20:21:15,696 [ERROR] application.email.email_sender - [613/846] ERRO → mhgop66@hotmail.com
Traceback (most recent call last):
  File "G:\.shortcut-targets-by-id\1NsBCziGNFjlQ-f8QRcezPsKVP9QzGdp0\APPs\atrpt\application\email\email_sender.py", line 318, in send_batch
    self.smtp.send(mime, recipients)
  File "G:\.shortcut-targets-by-id\1NsBCziGNFjlQ-f8QRcezPsKVP9QzGdp0\APPs\atrpt\infrastructure\email\smtp_client.py", line 108, in send
    self._smtp.send_message(mime, to_addrs=recipients)
  File "C:\envs\atrpt\Lib\smtplib.py", line 975, in send_message
    return self.sendmail(from_addr, to_addrs, flatmsg, mail_options,
           ^^^^^^^^^^^^^^^^^^^^^^^^^^^^^^^^^^^^^^^^^^^^^^^^^^^^^^^^^
  File "C:\envs\atrpt\Lib\smtplib.py", line 897, in sendmail
    raise SMTPDataError(code, resp)
smtplib.SMTPDataError: (550, b'5.2.0 LQkzw2tOimakWLQkzwueBN Sending Prohibited (Max RcptTo Daily limit)')
2026-05-08 20:21:15,721 [INFO] presentation.associados.associados_controller - ❌ [613/846] ERRO: (550, b'5.2.0 LQkzw2tOimakWLQkzwueBN Sending Prohibited (Max RcptTo Daily limit)') → mhgop66@hotmail.com
2026-05-08 20:21:35,340 [INFO] application.email.email_sender - [614/846] OK → np55pk@mail.telepac.pt
2026-05-08 20:21:35,349 [INFO] presentation.associados.associados_controller - [614/846] OK → np55pk@mail.telepac.pt
2026-05-08 20:21:52,608 [ERROR] application.email.email_sender - [615/846] ERRO → rmc@sapo.pt
Traceback (most recent call last):
  File "G:\.shortcut-targets-by-id\1NsBCziGNFjlQ-f8QRcezPsKVP9QzGdp0\APPs\atrpt\application\email\email_sender.py", line 318, in send_batch
    self.smtp.send(mime, recipients)
  File "G:\.shortcut-targets-by-id\1NsBCziGNFjlQ-f8QRcezPsKVP9QzGdp0\APPs\atrpt\infrastructure\email\smtp_client.py", line 108, in send
    self._smtp.send_message(mime, to_addrs=recipients)
  File "C:\envs\atrpt\Lib\smtplib.py", line 975, in send_message
    return self.sendmail(from_addr, to_addrs, flatmsg, mail_options,
           ^^^^^^^^^^^^^^^^^^^^^^^^^^^^^^^^^^^^^^^^^^^^^^^^^^^^^^^^^
  File "C:\envs\atrpt\Lib\smtplib.py", line 897, in sendmail
    raise SMTPDataError(code, resp)
smtplib.SMTPDataError: (550, b'5.2.0 LQlhw2u5fmakWLQlhwueGZ Sending Prohibited (Max RcptTo Daily limit)')
2026-05-08 20:21:52,631 [INFO] presentation.associados.associados_controller - ❌ [615/846] ERRO: (550, b'5.2.0 LQlhw2u5fmakWLQlhwueGZ Sending Prohibited (Max RcptTo Daily limit)') → rmc@sapo.pt
2026-05-08 20:22:07,636 [INFO] application.email.email_sender - [616/846] OK → paparuca@gmail.com
2026-05-08 20:22:07,636 [INFO] presentation.associados.associados_controller - [616/846] OK → paparuca@gmail.com
2026-05-08 20:22:24,818 [ERROR] application.email.email_sender - [617/846] ERRO → pinheiro.p.almeida@sapo.pt
Traceback (most recent call last):
  File "G:\.shortcut-targets-by-id\1NsBCziGNFjlQ-f8QRcezPsKVP9QzGdp0\APPs\atrpt\application\email\email_sender.py", line 318, in send_batch
    self.smtp.send(mime, recipients)
  File "G:\.shortcut-targets-by-id\1NsBCziGNFjlQ-f8QRcezPsKVP9QzGdp0\APPs\atrpt\infrastructure\email\smtp_client.py", line 108, in send
    self._smtp.send_message(mime, to_addrs=recipients)
  File "C:\envs\atrpt\Lib\smtplib.py", line 975, in send_message
    return self.sendmail(from_addr, to_addrs, flatmsg, mail_options,
           ^^^^^^^^^^^^^^^^^^^^^^^^^^^^^^^^^^^^^^^^^^^^^^^^^^^^^^^^^
  File "C:\envs\atrpt\Lib\smtplib.py", line 897, in sendmail
    raise SMTPDataError(code, resp)
smtplib.SMTPDataError: (550, b'5.2.0 LQmEw3HYwdK1ELQmEwoJcq Sending Prohibited (Max RcptTo Daily limit)')
2026-05-08 20:22:24,834 [INFO] presentation.associados.associados_controller - ❌ [617/846] ERRO: (550, b'5.2.0 LQmEw3HYwdK1ELQmEwoJcq Sending Prohibited (Max RcptTo Daily limit)') → pinheiro.p.almeida@sapo.pt
2026-05-08 20:22:39,390 [INFO] application.email.email_sender - [618/846] OK → antero.seguro@gmail.com
2026-05-08 20:22:39,407 [INFO] presentation.associados.associados_controller - [618/846] OK → antero.seguro@gmail.com
2026-05-08 20:22:53,517 [ERROR] application.email.email_sender - [619/846] ERRO → antonio.m.s.enes@gmail.com
Traceback (most recent call last):
  File "G:\.shortcut-targets-by-id\1NsBCziGNFjlQ-f8QRcezPsKVP9QzGdp0\APPs\atrpt\application\email\email_sender.py", line 318, in send_batch
    self.smtp.send(mime, recipients)
  File "G:\.shortcut-targets-by-id\1NsBCziGNFjlQ-f8QRcezPsKVP9QzGdp0\APPs\atrpt\infrastructure\email\smtp_client.py", line 108, in send
    self._smtp.send_message(mime, to_addrs=recipients)
  File "C:\envs\atrpt\Lib\smtplib.py", line 975, in send_message
    return self.sendmail(from_addr, to_addrs, flatmsg, mail_options,
           ^^^^^^^^^^^^^^^^^^^^^^^^^^^^^^^^^^^^^^^^^^^^^^^^^^^^^^^^^
  File "C:\envs\atrpt\Lib\smtplib.py", line 897, in sendmail
    raise SMTPDataError(code, resp)
smtplib.SMTPDataError: (550, b'5.2.0 LQmgwVGAcUbIPLQmhwdv5R Sending Prohibited (Max RcptTo Daily limit)')
2026-05-08 20:22:53,533 [INFO] presentation.associados.associados_controller - ❌ [619/846] ERRO: (550, b'5.2.0 LQmgwVGAcUbIPLQmhwdv5R Sending Prohibited (Max RcptTo Daily limit)') → antonio.m.s.enes@gmail.com
2026-05-08 20:23:15,513 [INFO] application.email.email_sender - [620/846] OK → lena.m.marques@sapo.pt
2026-05-08 20:23:15,513 [INFO] presentation.associados.associados_controller - [620/846] OK → lena.m.marques@sapo.pt
2026-05-08 20:23:34,066 [ERROR] application.email.email_sender - [621/846] ERRO → olgarod@sapo.pt
Traceback (most recent call last):
  File "G:\.shortcut-targets-by-id\1NsBCziGNFjlQ-f8QRcezPsKVP9QzGdp0\APPs\atrpt\application\email\email_sender.py", line 318, in send_batch
    self.smtp.send(mime, recipients)
  File "G:\.shortcut-targets-by-id\1NsBCziGNFjlQ-f8QRcezPsKVP9QzGdp0\APPs\atrpt\infrastructure\email\smtp_client.py", line 108, in send
    self._smtp.send_message(mime, to_addrs=recipients)
  File "C:\envs\atrpt\Lib\smtplib.py", line 975, in send_message
    return self.sendmail(from_addr, to_addrs, flatmsg, mail_options,
           ^^^^^^^^^^^^^^^^^^^^^^^^^^^^^^^^^^^^^^^^^^^^^^^^^^^^^^^^^
  File "C:\envs\atrpt\Lib\smtplib.py", line 897, in sendmail
    raise SMTPDataError(code, resp)
smtplib.SMTPDataError: (550, b'5.2.0 LQnNwC1lYSMHlLQnNwx1TV Sending Prohibited (Max RcptTo Daily limit)')
2026-05-08 20:23:34,087 [INFO] presentation.associados.associados_controller - ❌ [621/846] ERRO: (550, b'5.2.0 LQnNwC1lYSMHlLQnNwx1TV Sending Prohibited (Max RcptTo Daily limit)') → olgarod@sapo.pt
2026-05-08 20:23:52,149 [INFO] application.email.email_sender - [622/846] OK → edite.c.vaz@gmail.com
2026-05-08 20:23:52,165 [INFO] presentation.associados.associados_controller - [622/846] OK → edite.c.vaz@gmail.com
2026-05-08 20:24:10,760 [ERROR] application.email.email_sender - [623/846] ERRO → vieira.antonio.silva@gmail.com
Traceback (most recent call last):
  File "G:\.shortcut-targets-by-id\1NsBCziGNFjlQ-f8QRcezPsKVP9QzGdp0\APPs\atrpt\application\email\email_sender.py", line 318, in send_batch
    self.smtp.send(mime, recipients)
  File "G:\.shortcut-targets-by-id\1NsBCziGNFjlQ-f8QRcezPsKVP9QzGdp0\APPs\atrpt\infrastructure\email\smtp_client.py", line 108, in send
    self._smtp.send_message(mime, to_addrs=recipients)
  File "C:\envs\atrpt\Lib\smtplib.py", line 975, in send_message
    return self.sendmail(from_addr, to_addrs, flatmsg, mail_options,
           ^^^^^^^^^^^^^^^^^^^^^^^^^^^^^^^^^^^^^^^^^^^^^^^^^^^^^^^^^
  File "C:\envs\atrpt\Lib\smtplib.py", line 897, in sendmail
    raise SMTPDataError(code, resp)
smtplib.SMTPDataError: (550, b'5.2.0 LQnxwn7wQoBA4LQnywgiJj Sending Prohibited (Max RcptTo Daily limit)')
2026-05-08 20:24:10,794 [INFO] presentation.associados.associados_controller - ❌ [623/846] ERRO: (550, b'5.2.0 LQnxwn7wQoBA4LQnywgiJj Sending Prohibited (Max RcptTo Daily limit)') → vieira.antonio.silva@gmail.com
2026-05-08 20:24:27,406 [INFO] application.email.email_sender - [624/846] OK → jose.sg.queiroz@gmail.com
2026-05-08 20:24:27,406 [INFO] presentation.associados.associados_controller - [624/846] OK → jose.sg.queiroz@gmail.com
2026-05-08 20:24:43,521 [ERROR] application.email.email_sender - [625/846] ERRO → alexandraelisabete@sapo.pt
Traceback (most recent call last):
  File "G:\.shortcut-targets-by-id\1NsBCziGNFjlQ-f8QRcezPsKVP9QzGdp0\APPs\atrpt\application\email\email_sender.py", line 318, in send_batch
    self.smtp.send(mime, recipients)
  File "G:\.shortcut-targets-by-id\1NsBCziGNFjlQ-f8QRcezPsKVP9QzGdp0\APPs\atrpt\infrastructure\email\smtp_client.py", line 108, in send
    self._smtp.send_message(mime, to_addrs=recipients)
  File "C:\envs\atrpt\Lib\smtplib.py", line 975, in send_message
    return self.sendmail(from_addr, to_addrs, flatmsg, mail_options,
           ^^^^^^^^^^^^^^^^^^^^^^^^^^^^^^^^^^^^^^^^^^^^^^^^^^^^^^^^^
  File "C:\envs\atrpt\Lib\smtplib.py", line 897, in sendmail
    raise SMTPDataError(code, resp)
smtplib.SMTPDataError: (550, b'5.2.0 LQoUwC2qZSMHlLQoUwx1Zt Sending Prohibited (Max RcptTo Daily limit)')
2026-05-08 20:24:43,537 [INFO] presentation.associados.associados_controller - ❌ [625/846] ERRO: (550, b'5.2.0 LQoUwC2qZSMHlLQoUwx1Zt Sending Prohibited (Max RcptTo Daily limit)') → alexandraelisabete@sapo.pt
2026-05-08 20:25:01,101 [INFO] application.email.email_sender - [626/846] OK → ruitelmobelo@gmail.com
2026-05-08 20:25:01,101 [INFO] presentation.associados.associados_controller - [626/846] OK → ruitelmobelo@gmail.com
2026-05-08 20:25:17,459 [ERROR] application.email.email_sender - [627/846] ERRO → gramajal@gmail.com
Traceback (most recent call last):
  File "G:\.shortcut-targets-by-id\1NsBCziGNFjlQ-f8QRcezPsKVP9QzGdp0\APPs\atrpt\application\email\email_sender.py", line 318, in send_batch
    self.smtp.send(mime, recipients)
  File "G:\.shortcut-targets-by-id\1NsBCziGNFjlQ-f8QRcezPsKVP9QzGdp0\APPs\atrpt\infrastructure\email\smtp_client.py", line 108, in send
    self._smtp.send_message(mime, to_addrs=recipients)
  File "C:\envs\atrpt\Lib\smtplib.py", line 975, in send_message
    return self.sendmail(from_addr, to_addrs, flatmsg, mail_options,
           ^^^^^^^^^^^^^^^^^^^^^^^^^^^^^^^^^^^^^^^^^^^^^^^^^^^^^^^^^
  File "C:\envs\atrpt\Lib\smtplib.py", line 897, in sendmail
    raise SMTPDataError(code, resp)
smtplib.SMTPDataError: (550, b'5.2.0 LQp2wqpX0PqNcLQp2wHkst Sending Prohibited (Max RcptTo Daily limit)')
2026-05-08 20:25:17,475 [INFO] presentation.associados.associados_controller - ❌ [627/846] ERRO: (550, b'5.2.0 LQp2wqpX0PqNcLQp2wHkst Sending Prohibited (Max RcptTo Daily limit)') → gramajal@gmail.com
2026-05-08 20:25:34,082 [INFO] application.email.email_sender - [628/846] OK → isabeldesousaemoura@gmail.com
2026-05-08 20:25:34,082 [INFO] presentation.associados.associados_controller - [628/846] OK → isabeldesousaemoura@gmail.com
2026-05-08 20:25:52,612 [ERROR] application.email.email_sender - [629/846] ERRO → josemanueltpinheiro@sapo.pt
Traceback (most recent call last):
  File "G:\.shortcut-targets-by-id\1NsBCziGNFjlQ-f8QRcezPsKVP9QzGdp0\APPs\atrpt\application\email\email_sender.py", line 318, in send_batch
    self.smtp.send(mime, recipients)
  File "G:\.shortcut-targets-by-id\1NsBCziGNFjlQ-f8QRcezPsKVP9QzGdp0\APPs\atrpt\infrastructure\email\smtp_client.py", line 108, in send
    self._smtp.send_message(mime, to_addrs=recipients)
  File "C:\envs\atrpt\Lib\smtplib.py", line 975, in send_message
    return self.sendmail(from_addr, to_addrs, flatmsg, mail_options,
           ^^^^^^^^^^^^^^^^^^^^^^^^^^^^^^^^^^^^^^^^^^^^^^^^^^^^^^^^^
  File "C:\envs\atrpt\Lib\smtplib.py", line 897, in sendmail
    raise SMTPDataError(code, resp)
smtplib.SMTPDataError: (550, b'5.2.0 LQpbw3L6idK1ELQpbwoK2q Sending Prohibited (Max RcptTo Daily limit)')
2026-05-08 20:25:52,612 [INFO] presentation.associados.associados_controller - ❌ [629/846] ERRO: (550, b'5.2.0 LQpbw3L6idK1ELQpbwoK2q Sending Prohibited (Max RcptTo Daily limit)') → josemanueltpinheiro@sapo.pt
2026-05-08 20:26:10,208 [INFO] application.email.email_sender - [630/846] OK → antoniaaguiar@sapo.pt
2026-05-08 20:26:10,208 [INFO] presentation.associados.associados_controller - [630/846] OK → antoniaaguiar@sapo.pt
2026-05-08 20:26:28,818 [ERROR] application.email.email_sender - [631/846] ERRO → helenacasteloes@gmail.com
Traceback (most recent call last):
  File "G:\.shortcut-targets-by-id\1NsBCziGNFjlQ-f8QRcezPsKVP9QzGdp0\APPs\atrpt\application\email\email_sender.py", line 318, in send_batch
    self.smtp.send(mime, recipients)
  File "G:\.shortcut-targets-by-id\1NsBCziGNFjlQ-f8QRcezPsKVP9QzGdp0\APPs\atrpt\infrastructure\email\smtp_client.py", line 108, in send
    self._smtp.send_message(mime, to_addrs=recipients)
  File "C:\envs\atrpt\Lib\smtplib.py", line 975, in send_message
    return self.sendmail(from_addr, to_addrs, flatmsg, mail_options,
           ^^^^^^^^^^^^^^^^^^^^^^^^^^^^^^^^^^^^^^^^^^^^^^^^^^^^^^^^^
  File "C:\envs\atrpt\Lib\smtplib.py", line 897, in sendmail
    raise SMTPDataError(code, resp)
smtplib.SMTPDataError: (550, b'5.2.0 LQqBw2yQhmakWLQqBwuelf Sending Prohibited (Max RcptTo Daily limit)')
2026-05-08 20:26:28,834 [INFO] presentation.associados.associados_controller - ❌ [631/846] ERRO: (550, b'5.2.0 LQqBw2yQhmakWLQqBwuelf Sending Prohibited (Max RcptTo Daily limit)') → helenacasteloes@gmail.com
2026-05-08 20:26:44,708 [INFO] application.email.email_sender - [632/846] OK → fatuxa1966@hotmail.com
2026-05-08 20:26:44,718 [INFO] presentation.associados.associados_controller - [632/846] OK → fatuxa1966@hotmail.com
2026-05-08 20:27:01,585 [ERROR] application.email.email_sender - [633/846] ERRO → carlosborgescosta@gmail.com
Traceback (most recent call last):
  File "G:\.shortcut-targets-by-id\1NsBCziGNFjlQ-f8QRcezPsKVP9QzGdp0\APPs\atrpt\application\email\email_sender.py", line 318, in send_batch
    self.smtp.send(mime, recipients)
  File "G:\.shortcut-targets-by-id\1NsBCziGNFjlQ-f8QRcezPsKVP9QzGdp0\APPs\atrpt\infrastructure\email\smtp_client.py", line 108, in send
    self._smtp.send_message(mime, to_addrs=recipients)
  File "C:\envs\atrpt\Lib\smtplib.py", line 975, in send_message
    return self.sendmail(from_addr, to_addrs, flatmsg, mail_options,
           ^^^^^^^^^^^^^^^^^^^^^^^^^^^^^^^^^^^^^^^^^^^^^^^^^^^^^^^^^
  File "C:\envs\atrpt\Lib\smtplib.py", line 897, in sendmail
    raise SMTPDataError(code, resp)
smtplib.SMTPDataError: (550, b'5.2.0 LQqiwVJzkUbIPLQqiwdvUO Sending Prohibited (Max RcptTo Daily limit)')
2026-05-08 20:27:01,601 [INFO] presentation.associados.associados_controller - ❌ [633/846] ERRO: (550, b'5.2.0 LQqiwVJzkUbIPLQqiwdvUO Sending Prohibited (Max RcptTo Daily limit)') → carlosborgescosta@gmail.com
2026-05-08 20:27:17,012 [INFO] application.email.email_sender - [634/846] OK → josecmendes@sapo.pt
2026-05-08 20:27:17,028 [INFO] presentation.associados.associados_controller - [634/846] OK → josecmendes@sapo.pt
2026-05-08 20:27:36,665 [ERROR] application.email.email_sender - [635/846] ERRO → lucia.c.dias@sapo.pt
Traceback (most recent call last):
  File "G:\.shortcut-targets-by-id\1NsBCziGNFjlQ-f8QRcezPsKVP9QzGdp0\APPs\atrpt\application\email\email_sender.py", line 318, in send_batch
    self.smtp.send(mime, recipients)
  File "G:\.shortcut-targets-by-id\1NsBCziGNFjlQ-f8QRcezPsKVP9QzGdp0\APPs\atrpt\infrastructure\email\smtp_client.py", line 108, in send
    self._smtp.send_message(mime, to_addrs=recipients)
  File "C:\envs\atrpt\Lib\smtplib.py", line 975, in send_message
    return self.sendmail(from_addr, to_addrs, flatmsg, mail_options,
           ^^^^^^^^^^^^^^^^^^^^^^^^^^^^^^^^^^^^^^^^^^^^^^^^^^^^^^^^^
  File "C:\envs\atrpt\Lib\smtplib.py", line 897, in sendmail
    raise SMTPDataError(code, resp)
smtplib.SMTPDataError: (550, b'5.2.0 LQrHwqre8PqNcLQrHwHl86 Sending Prohibited (Max RcptTo Daily limit)')
2026-05-08 20:27:36,683 [INFO] presentation.associados.associados_controller - ❌ [635/846] ERRO: (550, b'5.2.0 LQrHwqre8PqNcLQrHwHl86 Sending Prohibited (Max RcptTo Daily limit)') → lucia.c.dias@sapo.pt
2026-05-08 20:27:57,118 [INFO] application.email.email_sender - [636/846] OK → jose-a-coimbra@sapo.pt
2026-05-08 20:27:57,129 [INFO] presentation.associados.associados_controller - [636/846] OK → jose-a-coimbra@sapo.pt
2026-05-08 20:28:18,309 [ERROR] application.email.email_sender - [637/846] ERRO → gisela.morais@gmail.com
Traceback (most recent call last):
  File "G:\.shortcut-targets-by-id\1NsBCziGNFjlQ-f8QRcezPsKVP9QzGdp0\APPs\atrpt\application\email\email_sender.py", line 318, in send_batch
    self.smtp.send(mime, recipients)
  File "G:\.shortcut-targets-by-id\1NsBCziGNFjlQ-f8QRcezPsKVP9QzGdp0\APPs\atrpt\infrastructure\email\smtp_client.py", line 108, in send
    self._smtp.send_message(mime, to_addrs=recipients)
  File "C:\envs\atrpt\Lib\smtplib.py", line 975, in send_message
    return self.sendmail(from_addr, to_addrs, flatmsg, mail_options,
           ^^^^^^^^^^^^^^^^^^^^^^^^^^^^^^^^^^^^^^^^^^^^^^^^^^^^^^^^^
  File "C:\envs\atrpt\Lib\smtplib.py", line 897, in sendmail
    raise SMTPDataError(code, resp)
smtplib.SMTPDataError: (550, b'5.2.0 LQrxwC6L5SMHlLQrxwx201 Sending Prohibited (Max RcptTo Daily limit)')
2026-05-08 20:28:18,329 [INFO] presentation.associados.associados_controller - ❌ [637/846] ERRO: (550, b'5.2.0 LQrxwC6L5SMHlLQrxwx201 Sending Prohibited (Max RcptTo Daily limit)') → gisela.morais@gmail.com
2026-05-08 20:28:43,986 [INFO] application.email.email_sender - [638/846] OK → quica.carvalho@sapo.pt
2026-05-08 20:28:43,995 [INFO] presentation.associados.associados_controller - [638/846] OK → quica.carvalho@sapo.pt
2026-05-08 20:29:03,636 [ERROR] application.email.email_sender - [639/846] ERRO → larsgabriel@atrpt.pt
Traceback (most recent call last):
  File "G:\.shortcut-targets-by-id\1NsBCziGNFjlQ-f8QRcezPsKVP9QzGdp0\APPs\atrpt\application\email\email_sender.py", line 318, in send_batch
    self.smtp.send(mime, recipients)
  File "G:\.shortcut-targets-by-id\1NsBCziGNFjlQ-f8QRcezPsKVP9QzGdp0\APPs\atrpt\infrastructure\email\smtp_client.py", line 108, in send
    self._smtp.send_message(mime, to_addrs=recipients)
  File "C:\envs\atrpt\Lib\smtplib.py", line 975, in send_message
    return self.sendmail(from_addr, to_addrs, flatmsg, mail_options,
           ^^^^^^^^^^^^^^^^^^^^^^^^^^^^^^^^^^^^^^^^^^^^^^^^^^^^^^^^^
  File "C:\envs\atrpt\Lib\smtplib.py", line 897, in sendmail
    raise SMTPDataError(code, resp)
smtplib.SMTPDataError: (550, b'5.2.0 LQsgwVM3QUbIPLQsgwdvi7 Sending Prohibited (Max RcptTo Daily limit)')
2026-05-08 20:29:03,644 [INFO] presentation.associados.associados_controller - ❌ [639/846] ERRO: (550, b'5.2.0 LQsgwVM3QUbIPLQsgwdvi7 Sending Prohibited (Max RcptTo Daily limit)') → larsgabriel@atrpt.pt
2026-05-08 20:29:19,785 [INFO] application.email.email_sender - [640/846] OK → idalinaalmeida59@gmail.com
2026-05-08 20:29:19,801 [INFO] presentation.associados.associados_controller - [640/846] OK → idalinaalmeida59@gmail.com
2026-05-08 20:29:36,026 [ERROR] application.email.email_sender - [641/846] ERRO → eugeniagbessa@gmail.com
Traceback (most recent call last):
  File "G:\.shortcut-targets-by-id\1NsBCziGNFjlQ-f8QRcezPsKVP9QzGdp0\APPs\atrpt\application\email\email_sender.py", line 318, in send_batch
    self.smtp.send(mime, recipients)
  File "G:\.shortcut-targets-by-id\1NsBCziGNFjlQ-f8QRcezPsKVP9QzGdp0\APPs\atrpt\infrastructure\email\smtp_client.py", line 108, in send
    self._smtp.send_message(mime, to_addrs=recipients)
  File "C:\envs\atrpt\Lib\smtplib.py", line 975, in send_message
    return self.sendmail(from_addr, to_addrs, flatmsg, mail_options,
           ^^^^^^^^^^^^^^^^^^^^^^^^^^^^^^^^^^^^^^^^^^^^^^^^^^^^^^^^^
  File "C:\envs\atrpt\Lib\smtplib.py", line 897, in sendmail
    raise SMTPDataError(code, resp)
smtplib.SMTPDataError: (550, b'5.2.0 LQtDw31NMmakWLQtDwuf4m Sending Prohibited (Max RcptTo Daily limit)')
2026-05-08 20:29:36,026 [INFO] presentation.associados.associados_controller - ❌ [641/846] ERRO: (550, b'5.2.0 LQtDw31NMmakWLQtDwuf4m Sending Prohibited (Max RcptTo Daily limit)') → eugeniagbessa@gmail.com
2026-05-08 20:29:51,630 [INFO] application.email.email_sender - [642/846] OK → ffsantos8@gmail.com
2026-05-08 20:29:51,645 [INFO] presentation.associados.associados_controller - [642/846] OK → ffsantos8@gmail.com
2026-05-08 20:30:10,015 [ERROR] application.email.email_sender - [643/846] ERRO → hjesusleite@gmail.com
Traceback (most recent call last):
  File "G:\.shortcut-targets-by-id\1NsBCziGNFjlQ-f8QRcezPsKVP9QzGdp0\APPs\atrpt\application\email\email_sender.py", line 318, in send_batch
    self.smtp.send(mime, recipients)
  File "G:\.shortcut-targets-by-id\1NsBCziGNFjlQ-f8QRcezPsKVP9QzGdp0\APPs\atrpt\infrastructure\email\smtp_client.py", line 108, in send
    self._smtp.send_message(mime, to_addrs=recipients)
  File "C:\envs\atrpt\Lib\smtplib.py", line 975, in send_message
    return self.sendmail(from_addr, to_addrs, flatmsg, mail_options,
           ^^^^^^^^^^^^^^^^^^^^^^^^^^^^^^^^^^^^^^^^^^^^^^^^^^^^^^^^^
  File "C:\envs\atrpt\Lib\smtplib.py", line 897, in sendmail
    raise SMTPDataError(code, resp)
smtplib.SMTPDataError: (550, b'5.2.0 LQtkwVNHmUbIPLQtlwdvqQ Sending Prohibited (Max RcptTo Daily limit)')
2026-05-08 20:30:10,031 [INFO] presentation.associados.associados_controller - ❌ [643/846] ERRO: (550, b'5.2.0 LQtkwVNHmUbIPLQtlwdvqQ Sending Prohibited (Max RcptTo Daily limit)') → hjesusleite@gmail.com
2026-05-08 20:30:23,524 [INFO] application.email.email_sender - [644/846] OK → juliasousa221519@gmail.com
2026-05-08 20:30:23,540 [INFO] presentation.associados.associados_controller - [644/846] OK → juliasousa221519@gmail.com
2026-05-08 20:30:40,274 [ERROR] application.email.email_sender - [645/846] ERRO → fernando.m.dias@sapo.pt
Traceback (most recent call last):
  File "G:\.shortcut-targets-by-id\1NsBCziGNFjlQ-f8QRcezPsKVP9QzGdp0\APPs\atrpt\application\email\email_sender.py", line 318, in send_batch
    self.smtp.send(mime, recipients)
  File "G:\.shortcut-targets-by-id\1NsBCziGNFjlQ-f8QRcezPsKVP9QzGdp0\APPs\atrpt\infrastructure\email\smtp_client.py", line 108, in send
    self._smtp.send_message(mime, to_addrs=recipients)
  File "C:\envs\atrpt\Lib\smtplib.py", line 975, in send_message
    return self.sendmail(from_addr, to_addrs, flatmsg, mail_options,
           ^^^^^^^^^^^^^^^^^^^^^^^^^^^^^^^^^^^^^^^^^^^^^^^^^^^^^^^^^
  File "C:\envs\atrpt\Lib\smtplib.py", line 897, in sendmail
    raise SMTPDataError(code, resp)
smtplib.SMTPDataError: (550, b'5.2.0 LQuFwVNvgUbIPLQuFwdvul Sending Prohibited (Max RcptTo Daily limit)')
2026-05-08 20:30:40,289 [INFO] presentation.associados.associados_controller - ❌ [645/846] ERRO: (550, b'5.2.0 LQuFwVNvgUbIPLQuFwdvul Sending Prohibited (Max RcptTo Daily limit)') → fernando.m.dias@sapo.pt
2026-05-08 20:30:55,909 [INFO] application.email.email_sender - [646/846] OK → lurdes@tradetex.pt
2026-05-08 20:30:55,923 [INFO] presentation.associados.associados_controller - [646/846] OK → lurdes@tradetex.pt
2026-05-08 20:31:12,638 [ERROR] application.email.email_sender - [647/846] ERRO → anamcunha48@gmail.com
Traceback (most recent call last):
  File "G:\.shortcut-targets-by-id\1NsBCziGNFjlQ-f8QRcezPsKVP9QzGdp0\APPs\atrpt\application\email\email_sender.py", line 318, in send_batch
    self.smtp.send(mime, recipients)
  File "G:\.shortcut-targets-by-id\1NsBCziGNFjlQ-f8QRcezPsKVP9QzGdp0\APPs\atrpt\infrastructure\email\smtp_client.py", line 108, in send
    self._smtp.send_message(mime, to_addrs=recipients)
  File "C:\envs\atrpt\Lib\smtplib.py", line 975, in send_message
    return self.sendmail(from_addr, to_addrs, flatmsg, mail_options,
           ^^^^^^^^^^^^^^^^^^^^^^^^^^^^^^^^^^^^^^^^^^^^^^^^^^^^^^^^^
  File "C:\envs\atrpt\Lib\smtplib.py", line 897, in sendmail
    raise SMTPDataError(code, resp)
smtplib.SMTPDataError: (550, b'5.2.0 LQukw33J3makWLQulwufJH Sending Prohibited (Max RcptTo Daily limit)')
2026-05-08 20:31:12,654 [INFO] presentation.associados.associados_controller - ❌ [647/846] ERRO: (550, b'5.2.0 LQukw33J3makWLQulwufJH Sending Prohibited (Max RcptTo Daily limit)') → anamcunha48@gmail.com
2026-05-08 20:31:28,123 [INFO] application.email.email_sender - [648/846] OK → clau.verissimo@gmail.com
2026-05-08 20:31:28,134 [INFO] presentation.associados.associados_controller - [648/846] OK → clau.verissimo@gmail.com
2026-05-08 20:31:44,786 [ERROR] application.email.email_sender - [649/846] ERRO → armanda.f.pinto@gmail.com
Traceback (most recent call last):
  File "G:\.shortcut-targets-by-id\1NsBCziGNFjlQ-f8QRcezPsKVP9QzGdp0\APPs\atrpt\application\email\email_sender.py", line 318, in send_batch
    self.smtp.send(mime, recipients)
  File "G:\.shortcut-targets-by-id\1NsBCziGNFjlQ-f8QRcezPsKVP9QzGdp0\APPs\atrpt\infrastructure\email\smtp_client.py", line 108, in send
    self._smtp.send_message(mime, to_addrs=recipients)
  File "C:\envs\atrpt\Lib\smtplib.py", line 975, in send_message
    return self.sendmail(from_addr, to_addrs, flatmsg, mail_options,
           ^^^^^^^^^^^^^^^^^^^^^^^^^^^^^^^^^^^^^^^^^^^^^^^^^^^^^^^^^
  File "C:\envs\atrpt\Lib\smtplib.py", line 897, in sendmail
    raise SMTPDataError(code, resp)
smtplib.SMTPDataError: (550, b'5.2.0 LQvHwVPGvUbIPLQvHwdw2R Sending Prohibited (Max RcptTo Daily limit)')
2026-05-08 20:31:44,802 [INFO] presentation.associados.associados_controller - ❌ [649/846] ERRO: (550, b'5.2.0 LQvHwVPGvUbIPLQvHwdw2R Sending Prohibited (Max RcptTo Daily limit)') → armanda.f.pinto@gmail.com
2026-05-08 20:32:05,055 [INFO] application.email.email_sender - [650/846] OK → manuelmeireis13@gmail.com
2026-05-08 20:32:05,071 [INFO] presentation.associados.associados_controller - [650/846] OK → manuelmeireis13@gmail.com
2026-05-08 20:32:09,674 [INFO] application.email.email_sender - SMTP desconectado após lote 13
2026-05-08 22:07:34,806 [INFO] application.email.email_sender - 💾 Guardado (lote 13)
2026-05-08 22:07:34,820 [INFO] presentation.associados.associados_controller - 💾 Guardado (lote 13)
2026-05-08 22:07:34,833 [INFO] application.email.email_sender - Pausa de 92s antes do lote 14
2026-05-08 22:07:34,845 [INFO] presentation.associados.associados_controller - 
⏸️ Pausa de 92s antes do próximo lote...
2026-05-08 22:09:07,267 [INFO] application.email.email_sender - LOTE 14/17 — 50 emails
2026-05-08 22:09:07,267 [INFO] presentation.associados.associados_controller - 
📦 LOTE 14/17 — 50 emails
2026-05-08 22:09:07,648 [INFO] application.email.email_sender - SMTP conectado para lote 14
2026-05-08 22:09:16,492 [ERROR] application.email.email_sender - [651/846] ERRO → acabral1965@gmail.com
Traceback (most recent call last):
  File "G:\.shortcut-targets-by-id\1NsBCziGNFjlQ-f8QRcezPsKVP9QzGdp0\APPs\atrpt\application\email\email_sender.py", line 318, in send_batch
    self.smtp.send(mime, recipients)
  File "G:\.shortcut-targets-by-id\1NsBCziGNFjlQ-f8QRcezPsKVP9QzGdp0\APPs\atrpt\infrastructure\email\smtp_client.py", line 108, in send
    self._smtp.send_message(mime, to_addrs=recipients)
  File "C:\envs\atrpt\Lib\smtplib.py", line 975, in send_message
    return self.sendmail(from_addr, to_addrs, flatmsg, mail_options,
           ^^^^^^^^^^^^^^^^^^^^^^^^^^^^^^^^^^^^^^^^^^^^^^^^^^^^^^^^^
  File "C:\envs\atrpt\Lib\smtplib.py", line 897, in sendmail
    raise SMTPDataError(code, resp)
smtplib.SMTPDataError: (550, b'5.2.0 LSRew4cMjmakWLSRewuqVc Sending Prohibited (Max RcptTo Daily limit)')
2026-05-08 22:09:16,492 [INFO] presentation.associados.associados_controller - ❌ [651/846] ERRO: (550, b'5.2.0 LSRew4cMjmakWLSRewuqVc Sending Prohibited (Max RcptTo Daily limit)') → acabral1965@gmail.com
2026-05-08 22:09:30,825 [INFO] application.email.email_sender - [652/846] OK → mariafgemeas@gmail.com
2026-05-08 22:09:30,841 [INFO] presentation.associados.associados_controller - [652/846] OK → mariafgemeas@gmail.com
2026-05-08 22:09:48,023 [ERROR] application.email.email_sender - [653/846] ERRO → heringpaula@gmail.com
Traceback (most recent call last):
  File "G:\.shortcut-targets-by-id\1NsBCziGNFjlQ-f8QRcezPsKVP9QzGdp0\APPs\atrpt\application\email\email_sender.py", line 318, in send_batch
    self.smtp.send(mime, recipients)
  File "G:\.shortcut-targets-by-id\1NsBCziGNFjlQ-f8QRcezPsKVP9QzGdp0\APPs\atrpt\infrastructure\email\smtp_client.py", line 108, in send
    self._smtp.send_message(mime, to_addrs=recipients)
  File "C:\envs\atrpt\Lib\smtplib.py", line 975, in send_message
    return self.sendmail(from_addr, to_addrs, flatmsg, mail_options,
           ^^^^^^^^^^^^^^^^^^^^^^^^^^^^^^^^^^^^^^^^^^^^^^^^^^^^^^^^^
  File "C:\envs\atrpt\Lib\smtplib.py", line 897, in sendmail
    raise SMTPDataError(code, resp)
smtplib.SMTPDataError: (550, b'5.2.0 LSSAw4cqZmakWLSSBwuqZT Sending Prohibited (Max RcptTo Daily limit)')
2026-05-08 22:09:48,039 [INFO] presentation.associados.associados_controller - ❌ [653/846] ERRO: (550, b'5.2.0 LSSAw4cqZmakWLSSBwuqZT Sending Prohibited (Max RcptTo Daily limit)') → heringpaula@gmail.com
2026-05-08 22:10:05,602 [INFO] application.email.email_sender - [654/846] OK → jcouto07@hotmail.com
2026-05-08 22:10:05,605 [INFO] presentation.associados.associados_controller - [654/846] OK → jcouto07@hotmail.com
2026-05-08 22:10:18,404 [ERROR] application.email.email_sender - [655/846] ERRO → isabel.o.matos@gmail.com
Traceback (most recent call last):
  File "G:\.shortcut-targets-by-id\1NsBCziGNFjlQ-f8QRcezPsKVP9QzGdp0\APPs\atrpt\application\email\email_sender.py", line 318, in send_batch
    self.smtp.send(mime, recipients)
  File "G:\.shortcut-targets-by-id\1NsBCziGNFjlQ-f8QRcezPsKVP9QzGdp0\APPs\atrpt\infrastructure\email\smtp_client.py", line 108, in send
    self._smtp.send_message(mime, to_addrs=recipients)
  File "C:\envs\atrpt\Lib\smtplib.py", line 975, in send_message
    return self.sendmail(from_addr, to_addrs, flatmsg, mail_options,
           ^^^^^^^^^^^^^^^^^^^^^^^^^^^^^^^^^^^^^^^^^^^^^^^^^^^^^^^^^
  File "C:\envs\atrpt\Lib\smtplib.py", line 897, in sendmail
    raise SMTPDataError(code, resp)
smtplib.SMTPDataError: (550, b'5.2.0 LSSfwsVxaPqNcLSSfwHwRi Sending Prohibited (Max RcptTo Daily limit)')
2026-05-08 22:10:18,411 [INFO] presentation.associados.associados_controller - ❌ [655/846] ERRO: (550, b'5.2.0 LSSfwsVxaPqNcLSSfwHwRi Sending Prohibited (Max RcptTo Daily limit)') → isabel.o.matos@gmail.com
2026-05-08 22:10:36,301 [INFO] application.email.email_sender - [656/846] OK → paulo.s.correia@sapo.pt
2026-05-08 22:10:36,313 [INFO] presentation.associados.associados_controller - [656/846] OK → paulo.s.correia@sapo.pt
2026-05-08 22:10:48,125 [ERROR] application.email.email_sender - [657/846] ERRO → antonio.j.ferreira@meo.pt
Traceback (most recent call last):
  File "G:\.shortcut-targets-by-id\1NsBCziGNFjlQ-f8QRcezPsKVP9QzGdp0\APPs\atrpt\application\email\email_sender.py", line 318, in send_batch
    self.smtp.send(mime, recipients)
  File "G:\.shortcut-targets-by-id\1NsBCziGNFjlQ-f8QRcezPsKVP9QzGdp0\APPs\atrpt\infrastructure\email\smtp_client.py", line 108, in send
    self._smtp.send_message(mime, to_addrs=recipients)
  File "C:\envs\atrpt\Lib\smtplib.py", line 975, in send_message
    return self.sendmail(from_addr, to_addrs, flatmsg, mail_options,
           ^^^^^^^^^^^^^^^^^^^^^^^^^^^^^^^^^^^^^^^^^^^^^^^^^^^^^^^^^
  File "C:\envs\atrpt\Lib\smtplib.py", line 897, in sendmail
    raise SMTPDataError(code, resp)
smtplib.SMTPDataError: (550, b'5.2.0 LST8w4dkzmakWLST9wuqi9 Sending Prohibited (Max RcptTo Daily limit)')
2026-05-08 22:10:48,144 [INFO] presentation.associados.associados_controller - ❌ [657/846] ERRO: (550, b'5.2.0 LST8w4dkzmakWLST9wuqi9 Sending Prohibited (Max RcptTo Daily limit)') → antonio.j.ferreira@meo.pt
2026-05-08 22:11:03,921 [INFO] application.email.email_sender - [658/846] OK → rogerio.santos@netcabo.pt
2026-05-08 22:11:03,927 [INFO] presentation.associados.associados_controller - [658/846] OK → rogerio.santos@netcabo.pt
2026-05-08 22:11:21,142 [ERROR] application.email.email_sender - [659/846] ERRO → cmmneves@gmail.com
Traceback (most recent call last):
  File "G:\.shortcut-targets-by-id\1NsBCziGNFjlQ-f8QRcezPsKVP9QzGdp0\APPs\atrpt\application\email\email_sender.py", line 318, in send_batch
    self.smtp.send(mime, recipients)
  File "G:\.shortcut-targets-by-id\1NsBCziGNFjlQ-f8QRcezPsKVP9QzGdp0\APPs\atrpt\infrastructure\email\smtp_client.py", line 108, in send
    self._smtp.send_message(mime, to_addrs=recipients)
  File "C:\envs\atrpt\Lib\smtplib.py", line 975, in send_message
    return self.sendmail(from_addr, to_addrs, flatmsg, mail_options,
           ^^^^^^^^^^^^^^^^^^^^^^^^^^^^^^^^^^^^^^^^^^^^^^^^^^^^^^^^^
  File "C:\envs\atrpt\Lib\smtplib.py", line 897, in sendmail
    raise SMTPDataError(code, resp)
smtplib.SMTPDataError: (550, b'5.2.0 LSTfw51lCdK1ELSTgwoVeC Sending Prohibited (Max RcptTo Daily limit)')
2026-05-08 22:11:21,155 [INFO] presentation.associados.associados_controller - ❌ [659/846] ERRO: (550, b'5.2.0 LSTfw51lCdK1ELSTgwoVeC Sending Prohibited (Max RcptTo Daily limit)') → cmmneves@gmail.com
2026-05-08 22:11:34,715 [INFO] application.email.email_sender - [660/846] OK → joaoccmonteiro2013@sapo.pt
2026-05-08 22:11:34,718 [INFO] presentation.associados.associados_controller - [660/846] OK → joaoccmonteiro2013@sapo.pt
2026-05-08 22:11:54,003 [ERROR] application.email.email_sender - [661/846] ERRO → paulocameira@sapo.pt
Traceback (most recent call last):
  File "G:\.shortcut-targets-by-id\1NsBCziGNFjlQ-f8QRcezPsKVP9QzGdp0\APPs\atrpt\application\email\email_sender.py", line 318, in send_batch
    self.smtp.send(mime, recipients)
  File "G:\.shortcut-targets-by-id\1NsBCziGNFjlQ-f8QRcezPsKVP9QzGdp0\APPs\atrpt\infrastructure\email\smtp_client.py", line 108, in send
    self._smtp.send_message(mime, to_addrs=recipients)
  File "C:\envs\atrpt\Lib\smtplib.py", line 975, in send_message
    return self.sendmail(from_addr, to_addrs, flatmsg, mail_options,
           ^^^^^^^^^^^^^^^^^^^^^^^^^^^^^^^^^^^^^^^^^^^^^^^^^^^^^^^^^
  File "C:\envs\atrpt\Lib\smtplib.py", line 897, in sendmail
    raise SMTPDataError(code, resp)
smtplib.SMTPDataError: (550, b'5.2.0 LSUCwsXR3PqNcLSUCwHwck Sending Prohibited (Max RcptTo Daily limit)')
2026-05-08 22:11:54,013 [INFO] presentation.associados.associados_controller - ❌ [661/846] ERRO: (550, b'5.2.0 LSUCwsXR3PqNcLSUCwHwck Sending Prohibited (Max RcptTo Daily limit)') → paulocameira@sapo.pt
2026-05-08 22:12:08,113 [INFO] application.email.email_sender - [662/846] OK → carla.f.mesquita@meo.pt
2026-05-08 22:12:08,119 [INFO] presentation.associados.associados_controller - [662/846] OK → carla.f.mesquita@meo.pt
2026-05-08 22:12:39,602 [ERROR] application.email.email_sender - [663/846] ERRO → manuelantonio.pereirasilva@edp.pt
Traceback (most recent call last):
  File "G:\.shortcut-targets-by-id\1NsBCziGNFjlQ-f8QRcezPsKVP9QzGdp0\APPs\atrpt\application\email\email_sender.py", line 318, in send_batch
    self.smtp.send(mime, recipients)
  File "G:\.shortcut-targets-by-id\1NsBCziGNFjlQ-f8QRcezPsKVP9QzGdp0\APPs\atrpt\infrastructure\email\smtp_client.py", line 108, in send
    self._smtp.send_message(mime, to_addrs=recipients)
  File "C:\envs\atrpt\Lib\smtplib.py", line 975, in send_message
    return self.sendmail(from_addr, to_addrs, flatmsg, mail_options,
           ^^^^^^^^^^^^^^^^^^^^^^^^^^^^^^^^^^^^^^^^^^^^^^^^^^^^^^^^^
  File "C:\envs\atrpt\Lib\smtplib.py", line 897, in sendmail
    raise SMTPDataError(code, resp)
smtplib.SMTPDataError: (550, b'5.2.0 LSUtw4fVVmakWLSUtwuqvi Sending Prohibited (Max RcptTo Daily limit)')
2026-05-08 22:12:39,616 [INFO] presentation.associados.associados_controller - ❌ [663/846] ERRO: (550, b'5.2.0 LSUtw4fVVmakWLSUtwuqvi Sending Prohibited (Max RcptTo Daily limit)') → manuelantonio.pereirasilva@edp.pt
2026-05-08 22:12:55,218 [INFO] application.email.email_sender - [664/846] OK → joaquim.manuel.assuncao@gmail.com
2026-05-08 22:12:55,220 [INFO] presentation.associados.associados_controller - [664/846] OK → joaquim.manuel.assuncao@gmail.com
2026-05-08 22:13:07,247 [ERROR] application.email.email_sender - [665/846] ERRO → mluizanoliveira@gmail.com
Traceback (most recent call last):
  File "G:\.shortcut-targets-by-id\1NsBCziGNFjlQ-f8QRcezPsKVP9QzGdp0\APPs\atrpt\application\email\email_sender.py", line 318, in send_batch
    self.smtp.send(mime, recipients)
  File "G:\.shortcut-targets-by-id\1NsBCziGNFjlQ-f8QRcezPsKVP9QzGdp0\APPs\atrpt\infrastructure\email\smtp_client.py", line 108, in send
    self._smtp.send_message(mime, to_addrs=recipients)
  File "C:\envs\atrpt\Lib\smtplib.py", line 975, in send_message
    return self.sendmail(from_addr, to_addrs, flatmsg, mail_options,
           ^^^^^^^^^^^^^^^^^^^^^^^^^^^^^^^^^^^^^^^^^^^^^^^^^^^^^^^^^
  File "C:\envs\atrpt\Lib\smtplib.py", line 897, in sendmail
    raise SMTPDataError(code, resp)
smtplib.SMTPDataError: (550, b'5.2.0 LSVMwsYYMPqNcLSVMwHwjm Sending Prohibited (Max RcptTo Daily limit)')
2026-05-08 22:13:07,264 [INFO] presentation.associados.associados_controller - ❌ [665/846] ERRO: (550, b'5.2.0 LSVMwsYYMPqNcLSVMwHwjm Sending Prohibited (Max RcptTo Daily limit)') → mluizanoliveira@gmail.com
2026-05-08 22:13:25,361 [INFO] application.email.email_sender - [666/846] OK → ribeirohelder@sapo.pt
2026-05-08 22:13:25,366 [INFO] presentation.associados.associados_controller - [666/846] OK → ribeirohelder@sapo.pt
2026-05-08 22:13:42,647 [ERROR] application.email.email_sender - [667/846] ERRO → afrlopes19@gmail.com
Traceback (most recent call last):
  File "G:\.shortcut-targets-by-id\1NsBCziGNFjlQ-f8QRcezPsKVP9QzGdp0\APPs\atrpt\application\email\email_sender.py", line 318, in send_batch
    self.smtp.send(mime, recipients)
  File "G:\.shortcut-targets-by-id\1NsBCziGNFjlQ-f8QRcezPsKVP9QzGdp0\APPs\atrpt\infrastructure\email\smtp_client.py", line 108, in send
    self._smtp.send_message(mime, to_addrs=recipients)
  File "C:\envs\atrpt\Lib\smtplib.py", line 975, in send_message
    return self.sendmail(from_addr, to_addrs, flatmsg, mail_options,
           ^^^^^^^^^^^^^^^^^^^^^^^^^^^^^^^^^^^^^^^^^^^^^^^^^^^^^^^^^
  File "C:\envs\atrpt\Lib\smtplib.py", line 897, in sendmail
    raise SMTPDataError(code, resp)
smtplib.SMTPDataError: (550, b'5.2.0 LSVwwDmusSMHlLSVxwxEHl Sending Prohibited (Max RcptTo Daily limit)')
2026-05-08 22:13:42,682 [INFO] presentation.associados.associados_controller - ❌ [667/846] ERRO: (550, b'5.2.0 LSVwwDmusSMHlLSVxwxEHl Sending Prohibited (Max RcptTo Daily limit)') → afrlopes19@gmail.com
2026-05-08 22:13:55,152 [INFO] application.email.email_sender - [668/846] OK → eduardo-ressurreicao@sapo.pt
2026-05-08 22:13:55,167 [INFO] presentation.associados.associados_controller - [668/846] OK → eduardo-ressurreicao@sapo.pt
2026-05-08 22:14:10,297 [ERROR] application.email.email_sender - [669/846] ERRO → m.a.rabbit@hotmail.com
Traceback (most recent call last):
  File "G:\.shortcut-targets-by-id\1NsBCziGNFjlQ-f8QRcezPsKVP9QzGdp0\APPs\atrpt\application\email\email_sender.py", line 318, in send_batch
    self.smtp.send(mime, recipients)
  File "G:\.shortcut-targets-by-id\1NsBCziGNFjlQ-f8QRcezPsKVP9QzGdp0\APPs\atrpt\infrastructure\email\smtp_client.py", line 108, in send
    self._smtp.send_message(mime, to_addrs=recipients)
  File "C:\envs\atrpt\Lib\smtplib.py", line 975, in send_message
    return self.sendmail(from_addr, to_addrs, flatmsg, mail_options,
           ^^^^^^^^^^^^^^^^^^^^^^^^^^^^^^^^^^^^^^^^^^^^^^^^^^^^^^^^^
  File "C:\envs\atrpt\Lib\smtplib.py", line 897, in sendmail
    raise SMTPDataError(code, resp)
smtplib.SMTPDataError: (550, b'5.2.0 LSWOwX2RqUbIPLSWPwe7Tl Sending Prohibited (Max RcptTo Daily limit)')
2026-05-08 22:14:10,307 [INFO] presentation.associados.associados_controller - ❌ [669/846] ERRO: (550, b'5.2.0 LSWOwX2RqUbIPLSWPwe7Tl Sending Prohibited (Max RcptTo Daily limit)') → m.a.rabbit@hotmail.com
2026-05-08 22:14:23,163 [INFO] application.email.email_sender - [670/846] OK → cpintoteixeira@netcabo.pt
2026-05-08 22:14:23,170 [INFO] presentation.associados.associados_controller - [670/846] OK → cpintoteixeira@netcabo.pt
2026-05-08 22:14:39,950 [ERROR] application.email.email_sender - [671/846] ERRO → jcga52@gmail.com
Traceback (most recent call last):
  File "G:\.shortcut-targets-by-id\1NsBCziGNFjlQ-f8QRcezPsKVP9QzGdp0\APPs\atrpt\application\email\email_sender.py", line 318, in send_batch
    self.smtp.send(mime, recipients)
  File "G:\.shortcut-targets-by-id\1NsBCziGNFjlQ-f8QRcezPsKVP9QzGdp0\APPs\atrpt\infrastructure\email\smtp_client.py", line 108, in send
    self._smtp.send_message(mime, to_addrs=recipients)
  File "C:\envs\atrpt\Lib\smtplib.py", line 975, in send_message
    return self.sendmail(from_addr, to_addrs, flatmsg, mail_options,
           ^^^^^^^^^^^^^^^^^^^^^^^^^^^^^^^^^^^^^^^^^^^^^^^^^^^^^^^^^
  File "C:\envs\atrpt\Lib\smtplib.py", line 897, in sendmail
    raise SMTPDataError(code, resp)
smtplib.SMTPDataError: (550, b'5.2.0 LSWswsa8lPqNcLSWswHwsd Sending Prohibited (Max RcptTo Daily limit)')
2026-05-08 22:14:39,966 [INFO] presentation.associados.associados_controller - ❌ [671/846] ERRO: (550, b'5.2.0 LSWswsa8lPqNcLSWswHwsd Sending Prohibited (Max RcptTo Daily limit)') → jcga52@gmail.com
2026-05-08 22:14:58,047 [INFO] application.email.email_sender - [672/846] OK → almeidaav@hotmail.com
2026-05-08 22:14:58,053 [INFO] presentation.associados.associados_controller - [672/846] OK → almeidaav@hotmail.com
2026-05-08 22:15:14,496 [ERROR] application.email.email_sender - [673/846] ERRO → negilvaia@gmail.com
Traceback (most recent call last):
  File "G:\.shortcut-targets-by-id\1NsBCziGNFjlQ-f8QRcezPsKVP9QzGdp0\APPs\atrpt\application\email\email_sender.py", line 318, in send_batch
    self.smtp.send(mime, recipients)
  File "G:\.shortcut-targets-by-id\1NsBCziGNFjlQ-f8QRcezPsKVP9QzGdp0\APPs\atrpt\infrastructure\email\smtp_client.py", line 108, in send
    self._smtp.send_message(mime, to_addrs=recipients)
  File "C:\envs\atrpt\Lib\smtplib.py", line 975, in send_message
    return self.sendmail(from_addr, to_addrs, flatmsg, mail_options,
           ^^^^^^^^^^^^^^^^^^^^^^^^^^^^^^^^^^^^^^^^^^^^^^^^^^^^^^^^^
  File "C:\envs\atrpt\Lib\smtplib.py", line 897, in sendmail
    raise SMTPDataError(code, resp)
smtplib.SMTPDataError: (550, b'5.2.0 LSXRwsajAPqNcLSXRwHwwR Sending Prohibited (Max RcptTo Daily limit)')
2026-05-08 22:15:14,512 [INFO] presentation.associados.associados_controller - ❌ [673/846] ERRO: (550, b'5.2.0 LSXRwsajAPqNcLSXRwHwwR Sending Prohibited (Max RcptTo Daily limit)') → negilvaia@gmail.com
2026-05-08 22:15:28,999 [INFO] application.email.email_sender - [674/846] OK → origami.hana@gmail.com
2026-05-08 22:15:29,007 [INFO] presentation.associados.associados_controller - [674/846] OK → origami.hana@gmail.com
2026-05-08 22:15:50,825 [ERROR] application.email.email_sender - [675/846] ERRO → cletus@sapo.pt
Traceback (most recent call last):
  File "G:\.shortcut-targets-by-id\1NsBCziGNFjlQ-f8QRcezPsKVP9QzGdp0\APPs\atrpt\application\email\email_sender.py", line 318, in send_batch
    self.smtp.send(mime, recipients)
  File "G:\.shortcut-targets-by-id\1NsBCziGNFjlQ-f8QRcezPsKVP9QzGdp0\APPs\atrpt\infrastructure\email\smtp_client.py", line 108, in send
    self._smtp.send_message(mime, to_addrs=recipients)
  File "C:\envs\atrpt\Lib\smtplib.py", line 975, in send_message
    return self.sendmail(from_addr, to_addrs, flatmsg, mail_options,
           ^^^^^^^^^^^^^^^^^^^^^^^^^^^^^^^^^^^^^^^^^^^^^^^^^^^^^^^^^
  File "C:\envs\atrpt\Lib\smtplib.py", line 897, in sendmail
    raise SMTPDataError(code, resp)
smtplib.SMTPDataError: (550, b'5.2.0 LSY1wDoweSMHlLSY1wxEXR Sending Prohibited (Max RcptTo Daily limit)')
2026-05-08 22:15:50,855 [INFO] presentation.associados.associados_controller - ❌ [675/846] ERRO: (550, b'5.2.0 LSY1wDoweSMHlLSY1wxEXR Sending Prohibited (Max RcptTo Daily limit)') → cletus@sapo.pt
2026-05-08 22:16:16,871 [INFO] application.email.email_sender - [676/846] OK → cecilia.maia.santos@sapo.pt
2026-05-08 22:16:16,871 [INFO] presentation.associados.associados_controller - [676/846] OK → cecilia.maia.santos@sapo.pt
2026-05-08 22:16:35,795 [ERROR] application.email.email_sender - [677/846] ERRO → joao.s.moura@sapo.pt
Traceback (most recent call last):
  File "G:\.shortcut-targets-by-id\1NsBCziGNFjlQ-f8QRcezPsKVP9QzGdp0\APPs\atrpt\application\email\email_sender.py", line 318, in send_batch
    self.smtp.send(mime, recipients)
  File "G:\.shortcut-targets-by-id\1NsBCziGNFjlQ-f8QRcezPsKVP9QzGdp0\APPs\atrpt\infrastructure\email\smtp_client.py", line 108, in send
    self._smtp.send_message(mime, to_addrs=recipients)
  File "C:\envs\atrpt\Lib\smtplib.py", line 975, in send_message
    return self.sendmail(from_addr, to_addrs, flatmsg, mail_options,
           ^^^^^^^^^^^^^^^^^^^^^^^^^^^^^^^^^^^^^^^^^^^^^^^^^^^^^^^^^
  File "C:\envs\atrpt\Lib\smtplib.py", line 897, in sendmail
    raise SMTPDataError(code, resp)
smtplib.SMTPDataError: (550, b'5.2.0 LSYkwX4lRUbIPLSYkwe7k5 Sending Prohibited (Max RcptTo Daily limit)')
2026-05-08 22:16:35,814 [INFO] presentation.associados.associados_controller - ❌ [677/846] ERRO: (550, b'5.2.0 LSYkwX4lRUbIPLSYkwe7k5 Sending Prohibited (Max RcptTo Daily limit)') → joao.s.moura@sapo.pt
2026-05-08 22:17:00,704 [INFO] application.email.email_sender - [678/846] OK → lurdes_mlopes@hotmail.com
2026-05-08 22:17:00,720 [INFO] presentation.associados.associados_controller - [678/846] OK → lurdes_mlopes@hotmail.com
2026-05-08 22:17:19,983 [ERROR] application.email.email_sender - [679/846] ERRO → virginia72guerra@gmail.com
Traceback (most recent call last):
  File "G:\.shortcut-targets-by-id\1NsBCziGNFjlQ-f8QRcezPsKVP9QzGdp0\APPs\atrpt\application\email\email_sender.py", line 318, in send_batch
    self.smtp.send(mime, recipients)
  File "G:\.shortcut-targets-by-id\1NsBCziGNFjlQ-f8QRcezPsKVP9QzGdp0\APPs\atrpt\infrastructure\email\smtp_client.py", line 108, in send
    self._smtp.send_message(mime, to_addrs=recipients)
  File "C:\envs\atrpt\Lib\smtplib.py", line 975, in send_message
    return self.sendmail(from_addr, to_addrs, flatmsg, mail_options,
           ^^^^^^^^^^^^^^^^^^^^^^^^^^^^^^^^^^^^^^^^^^^^^^^^^^^^^^^^^
  File "C:\envs\atrpt\Lib\smtplib.py", line 897, in sendmail
    raise SMTPDataError(code, resp)
smtplib.SMTPDataError: (550, b'5.2.0 LSZSwovRIoBA4LSZTwgvFa Sending Prohibited (Max RcptTo Daily limit)')
2026-05-08 22:17:19,995 [INFO] presentation.associados.associados_controller - ❌ [679/846] ERRO: (550, b'5.2.0 LSZSwovRIoBA4LSZTwgvFa Sending Prohibited (Max RcptTo Daily limit)') → virginia72guerra@gmail.com
2026-05-08 22:17:40,615 [INFO] application.email.email_sender - [680/846] OK → mariajoao@lojav.pt
2026-05-08 22:17:40,623 [INFO] presentation.associados.associados_controller - [680/846] OK → mariajoao@lojav.pt
2026-05-08 22:17:58,339 [ERROR] application.email.email_sender - [681/846] ERRO → hermanolandrade@gmail.com
Traceback (most recent call last):
  File "G:\.shortcut-targets-by-id\1NsBCziGNFjlQ-f8QRcezPsKVP9QzGdp0\APPs\atrpt\application\email\email_sender.py", line 318, in send_batch
    self.smtp.send(mime, recipients)
  File "G:\.shortcut-targets-by-id\1NsBCziGNFjlQ-f8QRcezPsKVP9QzGdp0\APPs\atrpt\infrastructure\email\smtp_client.py", line 108, in send
    self._smtp.send_message(mime, to_addrs=recipients)
  File "C:\envs\atrpt\Lib\smtplib.py", line 975, in send_message
    return self.sendmail(from_addr, to_addrs, flatmsg, mail_options,
           ^^^^^^^^^^^^^^^^^^^^^^^^^^^^^^^^^^^^^^^^^^^^^^^^^^^^^^^^^
  File "C:\envs\atrpt\Lib\smtplib.py", line 897, in sendmail
    raise SMTPDataError(code, resp)
smtplib.SMTPDataError: (550, b'5.2.0 LSa5wDqvLSMHlLSa5wxEkO Sending Prohibited (Max RcptTo Daily limit)')
2026-05-08 22:17:58,345 [INFO] presentation.associados.associados_controller - ❌ [681/846] ERRO: (550, b'5.2.0 LSa5wDqvLSMHlLSa5wxEkO Sending Prohibited (Max RcptTo Daily limit)') → hermanolandrade@gmail.com
2026-05-08 22:18:20,354 [INFO] application.email.email_sender - [682/846] OK → fandrade65@gmail.com
2026-05-08 22:18:20,358 [INFO] presentation.associados.associados_controller - [682/846] OK → fandrade65@gmail.com
2026-05-08 22:18:36,876 [ERROR] application.email.email_sender - [683/846] ERRO → cristina.m.soares@meo.pt
Traceback (most recent call last):
  File "G:\.shortcut-targets-by-id\1NsBCziGNFjlQ-f8QRcezPsKVP9QzGdp0\APPs\atrpt\application\email\email_sender.py", line 318, in send_batch
    self.smtp.send(mime, recipients)
  File "G:\.shortcut-targets-by-id\1NsBCziGNFjlQ-f8QRcezPsKVP9QzGdp0\APPs\atrpt\infrastructure\email\smtp_client.py", line 108, in send
    self._smtp.send_message(mime, to_addrs=recipients)
  File "C:\envs\atrpt\Lib\smtplib.py", line 975, in send_message
    return self.sendmail(from_addr, to_addrs, flatmsg, mail_options,
           ^^^^^^^^^^^^^^^^^^^^^^^^^^^^^^^^^^^^^^^^^^^^^^^^^^^^^^^^^
  File "C:\envs\atrpt\Lib\smtplib.py", line 897, in sendmail
    raise SMTPDataError(code, resp)
smtplib.SMTPDataError: (550, b'5.2.0 LSahwX6XBUbIPLSaiwe7tM Sending Prohibited (Max RcptTo Daily limit)')
2026-05-08 22:18:36,892 [INFO] presentation.associados.associados_controller - ❌ [683/846] ERRO: (550, b'5.2.0 LSahwX6XBUbIPLSaiwe7tM Sending Prohibited (Max RcptTo Daily limit)') → cristina.m.soares@meo.pt
2026-05-08 22:18:52,033 [INFO] application.email.email_sender - [684/846] OK → zzrodrigues55@gmail.com
2026-05-08 22:18:52,036 [INFO] presentation.associados.associados_controller - [684/846] OK → zzrodrigues55@gmail.com
2026-05-08 22:19:05,324 [ERROR] application.email.email_sender - [685/846] ERRO → ana.stanislau@mail.telepac.pt
Traceback (most recent call last):
  File "G:\.shortcut-targets-by-id\1NsBCziGNFjlQ-f8QRcezPsKVP9QzGdp0\APPs\atrpt\application\email\email_sender.py", line 318, in send_batch
    self.smtp.send(mime, recipients)
  File "G:\.shortcut-targets-by-id\1NsBCziGNFjlQ-f8QRcezPsKVP9QzGdp0\APPs\atrpt\infrastructure\email\smtp_client.py", line 108, in send
    self._smtp.send_message(mime, to_addrs=recipients)
  File "C:\envs\atrpt\Lib\smtplib.py", line 975, in send_message
    return self.sendmail(from_addr, to_addrs, flatmsg, mail_options,
           ^^^^^^^^^^^^^^^^^^^^^^^^^^^^^^^^^^^^^^^^^^^^^^^^^^^^^^^^^
  File "C:\envs\atrpt\Lib\smtplib.py", line 897, in sendmail
    raise SMTPDataError(code, resp)
smtplib.SMTPDataError: (550, b'5.2.0 LSb9w58tBdK1ELSbAwoWJT Sending Prohibited (Max RcptTo Daily limit)')
2026-05-08 22:19:05,340 [INFO] presentation.associados.associados_controller - ❌ [685/846] ERRO: (550, b'5.2.0 LSb9w58tBdK1ELSbAwoWJT Sending Prohibited (Max RcptTo Daily limit)') → ana.stanislau@mail.telepac.pt
2026-05-08 22:19:21,425 [INFO] application.email.email_sender - [686/846] OK → mininha59@gmail.com
2026-05-08 22:19:21,448 [INFO] presentation.associados.associados_controller - [686/846] OK → mininha59@gmail.com
2026-05-08 22:19:38,612 [ERROR] application.email.email_sender - [687/846] ERRO → patricianogueira27@gmail.com
Traceback (most recent call last):
  File "G:\.shortcut-targets-by-id\1NsBCziGNFjlQ-f8QRcezPsKVP9QzGdp0\APPs\atrpt\application\email\email_sender.py", line 318, in send_batch
    self.smtp.send(mime, recipients)
  File "G:\.shortcut-targets-by-id\1NsBCziGNFjlQ-f8QRcezPsKVP9QzGdp0\APPs\atrpt\infrastructure\email\smtp_client.py", line 108, in send
    self._smtp.send_message(mime, to_addrs=recipients)
  File "C:\envs\atrpt\Lib\smtplib.py", line 975, in send_message
    return self.sendmail(from_addr, to_addrs, flatmsg, mail_options,
           ^^^^^^^^^^^^^^^^^^^^^^^^^^^^^^^^^^^^^^^^^^^^^^^^^^^^^^^^^
  File "C:\envs\atrpt\Lib\smtplib.py", line 897, in sendmail
    raise SMTPDataError(code, resp)
smtplib.SMTPDataError: (550, b'5.2.0 LSbhwX7WyUbIPLSbhwe7zl Sending Prohibited (Max RcptTo Daily limit)')
2026-05-08 22:19:38,628 [INFO] presentation.associados.associados_controller - ❌ [687/846] ERRO: (550, b'5.2.0 LSbhwX7WyUbIPLSbhwe7zl Sending Prohibited (Max RcptTo Daily limit)') → patricianogueira27@gmail.com
2026-05-08 22:19:59,326 [INFO] application.email.email_sender - [688/846] OK → adelinogomesarquitecto@gmail.com
2026-05-08 22:19:59,334 [INFO] presentation.associados.associados_controller - [688/846] OK → adelinogomesarquitecto@gmail.com
2026-05-08 22:20:16,152 [ERROR] application.email.email_sender - [689/846] ERRO → mteteps@gmail.com
Traceback (most recent call last):
  File "G:\.shortcut-targets-by-id\1NsBCziGNFjlQ-f8QRcezPsKVP9QzGdp0\APPs\atrpt\application\email\email_sender.py", line 318, in send_batch
    self.smtp.send(mime, recipients)
  File "G:\.shortcut-targets-by-id\1NsBCziGNFjlQ-f8QRcezPsKVP9QzGdp0\APPs\atrpt\infrastructure\email\smtp_client.py", line 108, in send
    self._smtp.send_message(mime, to_addrs=recipients)
  File "C:\envs\atrpt\Lib\smtplib.py", line 975, in send_message
    return self.sendmail(from_addr, to_addrs, flatmsg, mail_options,
           ^^^^^^^^^^^^^^^^^^^^^^^^^^^^^^^^^^^^^^^^^^^^^^^^^^^^^^^^^
  File "C:\envs\atrpt\Lib\smtplib.py", line 897, in sendmail
    raise SMTPDataError(code, resp)
smtplib.SMTPDataError: (550, b'5.2.0 LScIwX85lUbIPLScIwe83U Sending Prohibited (Max RcptTo Daily limit)')
2026-05-08 22:20:16,175 [INFO] presentation.associados.associados_controller - ❌ [689/846] ERRO: (550, b'5.2.0 LScIwX85lUbIPLScIwe83U Sending Prohibited (Max RcptTo Daily limit)') → mteteps@gmail.com
2026-05-08 22:20:42,304 [INFO] application.email.email_sender - [690/846] OK → j.cardoso.pinto@gmail.com
2026-05-08 22:20:42,313 [INFO] presentation.associados.associados_controller - [690/846] OK → j.cardoso.pinto@gmail.com
2026-05-08 22:20:57,916 [ERROR] application.email.email_sender - [691/846] ERRO → alberto.gomes@outlook.com
Traceback (most recent call last):
  File "G:\.shortcut-targets-by-id\1NsBCziGNFjlQ-f8QRcezPsKVP9QzGdp0\APPs\atrpt\application\email\email_sender.py", line 318, in send_batch
    self.smtp.send(mime, recipients)
  File "G:\.shortcut-targets-by-id\1NsBCziGNFjlQ-f8QRcezPsKVP9QzGdp0\APPs\atrpt\infrastructure\email\smtp_client.py", line 108, in send
    self._smtp.send_message(mime, to_addrs=recipients)
  File "C:\envs\atrpt\Lib\smtplib.py", line 975, in send_message
    return self.sendmail(from_addr, to_addrs, flatmsg, mail_options,
           ^^^^^^^^^^^^^^^^^^^^^^^^^^^^^^^^^^^^^^^^^^^^^^^^^^^^^^^^^
  File "C:\envs\atrpt\Lib\smtplib.py", line 897, in sendmail
    raise SMTPDataError(code, resp)
smtplib.SMTPDataError: (550, b'5.2.0 LScywX8j7UbIPLScywe87B Sending Prohibited (Max RcptTo Daily limit)')
2026-05-08 22:20:57,950 [INFO] presentation.associados.associados_controller - ❌ [691/846] ERRO: (550, b'5.2.0 LScywX8j7UbIPLScywe87B Sending Prohibited (Max RcptTo Daily limit)') → alberto.gomes@outlook.com
2026-05-08 22:21:12,557 [INFO] application.email.email_sender - [692/846] OK → armando1949serra@sapo.pt
2026-05-08 22:21:12,557 [INFO] presentation.associados.associados_controller - [692/846] OK → armando1949serra@sapo.pt
2026-05-08 22:21:25,808 [ERROR] application.email.email_sender - [693/846] ERRO → maltav@mail.telepac.pt
Traceback (most recent call last):
  File "G:\.shortcut-targets-by-id\1NsBCziGNFjlQ-f8QRcezPsKVP9QzGdp0\APPs\atrpt\application\email\email_sender.py", line 318, in send_batch
    self.smtp.send(mime, recipients)
  File "G:\.shortcut-targets-by-id\1NsBCziGNFjlQ-f8QRcezPsKVP9QzGdp0\APPs\atrpt\infrastructure\email\smtp_client.py", line 108, in send
    self._smtp.send_message(mime, to_addrs=recipients)
  File "C:\envs\atrpt\Lib\smtplib.py", line 975, in send_message
    return self.sendmail(from_addr, to_addrs, flatmsg, mail_options,
           ^^^^^^^^^^^^^^^^^^^^^^^^^^^^^^^^^^^^^^^^^^^^^^^^^^^^^^^^^
  File "C:\envs\atrpt\Lib\smtplib.py", line 897, in sendmail
    raise SMTPDataError(code, resp)
smtplib.SMTPDataError: (550, b'5.2.0 LSdQw4nfzmakWLSdRwurkP Sending Prohibited (Max RcptTo Daily limit)')
2026-05-08 22:21:25,824 [INFO] presentation.associados.associados_controller - ❌ [693/846] ERRO: (550, b'5.2.0 LSdQw4nfzmakWLSdRwurkP Sending Prohibited (Max RcptTo Daily limit)') → maltav@mail.telepac.pt
2026-05-08 22:21:47,392 [INFO] application.email.email_sender - [694/846] OK → margarida.granwehr.marinho@gmail.com
2026-05-08 22:21:47,408 [INFO] presentation.associados.associados_controller - [694/846] OK → margarida.granwehr.marinho@gmail.com
2026-05-08 22:22:04,188 [ERROR] application.email.email_sender - [695/846] ERRO → mariafernandasalvaterra@gmail.com
Traceback (most recent call last):
  File "G:\.shortcut-targets-by-id\1NsBCziGNFjlQ-f8QRcezPsKVP9QzGdp0\APPs\atrpt\application\email\email_sender.py", line 318, in send_batch
    self.smtp.send(mime, recipients)
  File "G:\.shortcut-targets-by-id\1NsBCziGNFjlQ-f8QRcezPsKVP9QzGdp0\APPs\atrpt\infrastructure\email\smtp_client.py", line 108, in send
    self._smtp.send_message(mime, to_addrs=recipients)
  File "C:\envs\atrpt\Lib\smtplib.py", line 975, in send_message
    return self.sendmail(from_addr, to_addrs, flatmsg, mail_options,
           ^^^^^^^^^^^^^^^^^^^^^^^^^^^^^^^^^^^^^^^^^^^^^^^^^^^^^^^^^
  File "C:\envs\atrpt\Lib\smtplib.py", line 897, in sendmail
    raise SMTPDataError(code, resp)
smtplib.SMTPDataError: (550, b'5.2.0 LSe3w4oHJmakWLSe3wurnZ Sending Prohibited (Max RcptTo Daily limit)')
2026-05-08 22:22:04,204 [INFO] presentation.associados.associados_controller - ❌ [695/846] ERRO: (550, b'5.2.0 LSe3w4oHJmakWLSe3wurnZ Sending Prohibited (Max RcptTo Daily limit)') → mariafernandasalvaterra@gmail.com
2026-05-08 22:22:19,387 [INFO] application.email.email_sender - [696/846] OK → carlaisabell@gmail.com
2026-05-08 22:22:19,396 [INFO] presentation.associados.associados_controller - [696/846] OK → carlaisabell@gmail.com
2026-05-08 22:22:34,917 [ERROR] application.email.email_sender - [697/846] ERRO → downlord@sapo.pt
Traceback (most recent call last):
  File "G:\.shortcut-targets-by-id\1NsBCziGNFjlQ-f8QRcezPsKVP9QzGdp0\APPs\atrpt\application\email\email_sender.py", line 318, in send_batch
    self.smtp.send(mime, recipients)
  File "G:\.shortcut-targets-by-id\1NsBCziGNFjlQ-f8QRcezPsKVP9QzGdp0\APPs\atrpt\infrastructure\email\smtp_client.py", line 108, in send
    self._smtp.send_message(mime, to_addrs=recipients)
  File "C:\envs\atrpt\Lib\smtplib.py", line 975, in send_message
    return self.sendmail(from_addr, to_addrs, flatmsg, mail_options,
           ^^^^^^^^^^^^^^^^^^^^^^^^^^^^^^^^^^^^^^^^^^^^^^^^^^^^^^^^^
  File "C:\envs\atrpt\Lib\smtplib.py", line 897, in sendmail
    raise SMTPDataError(code, resp)
smtplib.SMTPDataError: (550, b'5.2.0 LSeXwDvO2SMHlLSeXwxF90 Sending Prohibited (Max RcptTo Daily limit)')
2026-05-08 22:22:34,939 [INFO] presentation.associados.associados_controller - ❌ [697/846] ERRO: (550, b'5.2.0 LSeXwDvO2SMHlLSeXwxF90 Sending Prohibited (Max RcptTo Daily limit)') → downlord@sapo.pt
2026-05-08 22:22:49,012 [INFO] application.email.email_sender - [698/846] OK → magalhaes.elsa@gmail.com
2026-05-08 22:22:49,012 [INFO] presentation.associados.associados_controller - [698/846] OK → magalhaes.elsa@gmail.com
2026-05-08 22:23:01,239 [ERROR] application.email.email_sender - [699/846] ERRO → vandasimoesmoreira@gmail.com
Traceback (most recent call last):
  File "G:\.shortcut-targets-by-id\1NsBCziGNFjlQ-f8QRcezPsKVP9QzGdp0\APPs\atrpt\application\email\email_sender.py", line 318, in send_batch
    self.smtp.send(mime, recipients)
  File "G:\.shortcut-targets-by-id\1NsBCziGNFjlQ-f8QRcezPsKVP9QzGdp0\APPs\atrpt\infrastructure\email\smtp_client.py", line 108, in send
    self._smtp.send_message(mime, to_addrs=recipients)
  File "C:\envs\atrpt\Lib\smtplib.py", line 975, in send_message
    return self.sendmail(from_addr, to_addrs, flatmsg, mail_options,
           ^^^^^^^^^^^^^^^^^^^^^^^^^^^^^^^^^^^^^^^^^^^^^^^^^^^^^^^^^
  File "C:\envs\atrpt\Lib\smtplib.py", line 897, in sendmail
    raise SMTPDataError(code, resp)
smtplib.SMTPDataError: (550, b'5.2.0 LSexwshpLPqNcLSeywHxcS Sending Prohibited (Max RcptTo Daily limit)')
2026-05-08 22:23:01,249 [INFO] presentation.associados.associados_controller - ❌ [699/846] ERRO: (550, b'5.2.0 LSexwshpLPqNcLSeywHxcS Sending Prohibited (Max RcptTo Daily limit)') → vandasimoesmoreira@gmail.com
2026-05-08 22:23:20,235 [INFO] application.email.email_sender - [700/846] OK → jsousabessa@gmail.com
2026-05-08 22:23:20,242 [INFO] presentation.associados.associados_controller - [700/846] OK → jsousabessa@gmail.com
2026-05-08 22:23:26,347 [INFO] application.email.email_sender - SMTP desconectado após lote 14
2026-05-08 22:23:26,839 [INFO] application.email.email_sender - 💾 Guardado (lote 14)
2026-05-08 22:23:26,846 [INFO] presentation.associados.associados_controller - 💾 Guardado (lote 14)
2026-05-08 22:23:26,851 [INFO] application.email.email_sender - Pausa de 102s antes do lote 15
2026-05-08 22:23:26,857 [INFO] presentation.associados.associados_controller - 
⏸️ Pausa de 102s antes do próximo lote...
2026-05-08 22:25:09,111 [INFO] application.email.email_sender - LOTE 15/17 — 50 emails
2026-05-08 22:25:09,118 [INFO] presentation.associados.associados_controller - 
📦 LOTE 15/17 — 50 emails
2026-05-08 22:25:09,442 [INFO] application.email.email_sender - SMTP conectado para lote 15
2026-05-08 22:25:21,328 [ERROR] application.email.email_sender - [701/846] ERRO → esteves.mario@sapo.pt
Traceback (most recent call last):
  File "G:\.shortcut-targets-by-id\1NsBCziGNFjlQ-f8QRcezPsKVP9QzGdp0\APPs\atrpt\application\email\email_sender.py", line 318, in send_batch
    self.smtp.send(mime, recipients)
  File "G:\.shortcut-targets-by-id\1NsBCziGNFjlQ-f8QRcezPsKVP9QzGdp0\APPs\atrpt\infrastructure\email\smtp_client.py", line 108, in send
    self._smtp.send_message(mime, to_addrs=recipients)
  File "C:\envs\atrpt\Lib\smtplib.py", line 975, in send_message
    return self.sendmail(from_addr, to_addrs, flatmsg, mail_options,
           ^^^^^^^^^^^^^^^^^^^^^^^^^^^^^^^^^^^^^^^^^^^^^^^^^^^^^^^^^
  File "C:\envs\atrpt\Lib\smtplib.py", line 897, in sendmail
    raise SMTPDataError(code, resp)
smtplib.SMTPDataError: (550, b'5.2.0 LShEwp30WoBA4LShEwgvvk Sending Prohibited (Max RcptTo Daily limit)')
2026-05-08 22:25:21,339 [INFO] presentation.associados.associados_controller - ❌ [701/846] ERRO: (550, b'5.2.0 LShEwp30WoBA4LShEwgvvk Sending Prohibited (Max RcptTo Daily limit)') → esteves.mario@sapo.pt
2026-05-08 22:25:45,229 [INFO] application.email.email_sender - [702/846] OK → lucia.c.azevedo@sapo.pt
2026-05-08 22:25:45,236 [INFO] presentation.associados.associados_controller - [702/846] OK → lucia.c.azevedo@sapo.pt
2026-05-08 22:26:05,889 [ERROR] application.email.email_sender - [703/846] ERRO → jorgenunodeazevedo@gmail.com
Traceback (most recent call last):
  File "G:\.shortcut-targets-by-id\1NsBCziGNFjlQ-f8QRcezPsKVP9QzGdp0\APPs\atrpt\application\email\email_sender.py", line 318, in send_batch
    self.smtp.send(mime, recipients)
  File "G:\.shortcut-targets-by-id\1NsBCziGNFjlQ-f8QRcezPsKVP9QzGdp0\APPs\atrpt\infrastructure\email\smtp_client.py", line 108, in send
    self._smtp.send_message(mime, to_addrs=recipients)
  File "C:\envs\atrpt\Lib\smtplib.py", line 975, in send_message
    return self.sendmail(from_addr, to_addrs, flatmsg, mail_options,
           ^^^^^^^^^^^^^^^^^^^^^^^^^^^^^^^^^^^^^^^^^^^^^^^^^^^^^^^^^
  File "C:\envs\atrpt\Lib\smtplib.py", line 897, in sendmail
    raise SMTPDataError(code, resp)
smtplib.SMTPDataError: (550, b'5.2.0 LShwwDyv8SMHlLShwwxFRj Sending Prohibited (Max RcptTo Daily limit)')
2026-05-08 22:26:05,916 [INFO] presentation.associados.associados_controller - ❌ [703/846] ERRO: (550, b'5.2.0 LShwwDyv8SMHlLShwwxFRj Sending Prohibited (Max RcptTo Daily limit)') → jorgenunodeazevedo@gmail.com
2026-05-08 22:26:21,385 [INFO] application.email.email_sender - [704/846] OK → isabelvsantos@hotmail.com
2026-05-08 22:26:21,401 [INFO] presentation.associados.associados_controller - [704/846] OK → isabelvsantos@hotmail.com
2026-05-08 22:26:36,042 [ERROR] application.email.email_sender - [705/846] ERRO → jfirmino@sapo.pt
Traceback (most recent call last):
  File "G:\.shortcut-targets-by-id\1NsBCziGNFjlQ-f8QRcezPsKVP9QzGdp0\APPs\atrpt\application\email\email_sender.py", line 318, in send_batch
    self.smtp.send(mime, recipients)
  File "G:\.shortcut-targets-by-id\1NsBCziGNFjlQ-f8QRcezPsKVP9QzGdp0\APPs\atrpt\infrastructure\email\smtp_client.py", line 108, in send
    self._smtp.send_message(mime, to_addrs=recipients)
  File "C:\envs\atrpt\Lib\smtplib.py", line 975, in send_message
    return self.sendmail(from_addr, to_addrs, flatmsg, mail_options,
           ^^^^^^^^^^^^^^^^^^^^^^^^^^^^^^^^^^^^^^^^^^^^^^^^^^^^^^^^^
  File "C:\envs\atrpt\Lib\smtplib.py", line 897, in sendmail
    raise SMTPDataError(code, resp)
smtplib.SMTPDataError: (550, b'5.2.0 LSiQw5GW4dK1ELSiRwoWxM Sending Prohibited (Max RcptTo Daily limit)')
2026-05-08 22:26:36,052 [INFO] presentation.associados.associados_controller - ❌ [705/846] ERRO: (550, b'5.2.0 LSiQw5GW4dK1ELSiRwoWxM Sending Prohibited (Max RcptTo Daily limit)') → jfirmino@sapo.pt
2026-05-08 22:26:53,345 [INFO] application.email.email_sender - [706/846] OK → saracamaral82@gmail.com
2026-05-08 22:26:53,350 [INFO] presentation.associados.associados_controller - [706/846] OK → saracamaral82@gmail.com
2026-05-08 22:27:17,150 [ERROR] application.email.email_sender - [707/846] ERRO → paula72moreira@gmail.com
Traceback (most recent call last):
  File "G:\.shortcut-targets-by-id\1NsBCziGNFjlQ-f8QRcezPsKVP9QzGdp0\APPs\atrpt\application\email\email_sender.py", line 318, in send_batch
    self.smtp.send(mime, recipients)
  File "G:\.shortcut-targets-by-id\1NsBCziGNFjlQ-f8QRcezPsKVP9QzGdp0\APPs\atrpt\infrastructure\email\smtp_client.py", line 108, in send
    self._smtp.send_message(mime, to_addrs=recipients)
  File "C:\envs\atrpt\Lib\smtplib.py", line 975, in send_message
    return self.sendmail(from_addr, to_addrs, flatmsg, mail_options,
           ^^^^^^^^^^^^^^^^^^^^^^^^^^^^^^^^^^^^^^^^^^^^^^^^^^^^^^^^^
  File "C:\envs\atrpt\Lib\smtplib.py", line 897, in sendmail
    raise SMTPDataError(code, resp)
smtplib.SMTPDataError: (550, b'5.2.0 LSj5w4taemakWLSj5wusE4 Sending Prohibited (Max RcptTo Daily limit)')
2026-05-08 22:27:17,182 [INFO] presentation.associados.associados_controller - ❌ [707/846] ERRO: (550, b'5.2.0 LSj5w4taemakWLSj5wusE4 Sending Prohibited (Max RcptTo Daily limit)') → paula72moreira@gmail.com
2026-05-08 22:27:36,561 [INFO] application.email.email_sender - [708/846] OK → adosindamargarida@gmail.com
2026-05-08 22:27:36,569 [INFO] presentation.associados.associados_controller - [708/846] OK → adosindamargarida@gmail.com
2026-05-08 22:27:54,154 [ERROR] application.email.email_sender - [709/846] ERRO → idorindorocha@gmail.com
Traceback (most recent call last):
  File "G:\.shortcut-targets-by-id\1NsBCziGNFjlQ-f8QRcezPsKVP9QzGdp0\APPs\atrpt\application\email\email_sender.py", line 318, in send_batch
    self.smtp.send(mime, recipients)
  File "G:\.shortcut-targets-by-id\1NsBCziGNFjlQ-f8QRcezPsKVP9QzGdp0\APPs\atrpt\infrastructure\email\smtp_client.py", line 108, in send
    self._smtp.send_message(mime, to_addrs=recipients)
  File "C:\envs\atrpt\Lib\smtplib.py", line 975, in send_message
    return self.sendmail(from_addr, to_addrs, flatmsg, mail_options,
           ^^^^^^^^^^^^^^^^^^^^^^^^^^^^^^^^^^^^^^^^^^^^^^^^^^^^^^^^^
  File "C:\envs\atrpt\Lib\smtplib.py", line 897, in sendmail
    raise SMTPDataError(code, resp)
smtplib.SMTPDataError: (550, b'5.2.0 LSjhwp5WLoBA4LSjhwgw8A Sending Prohibited (Max RcptTo Daily limit)')
2026-05-08 22:27:54,169 [INFO] presentation.associados.associados_controller - ❌ [709/846] ERRO: (550, b'5.2.0 LSjhwp5WLoBA4LSjhwgw8A Sending Prohibited (Max RcptTo Daily limit)') → idorindorocha@gmail.com
2026-05-08 22:28:11,748 [INFO] application.email.email_sender - [710/846] OK → fsmdimitri@gmail.com
2026-05-08 22:28:11,748 [INFO] presentation.associados.associados_controller - [710/846] OK → fsmdimitri@gmail.com
2026-05-08 22:28:24,350 [ERROR] application.email.email_sender - [711/846] ERRO → auroragsoares@gmail.com
Traceback (most recent call last):
  File "G:\.shortcut-targets-by-id\1NsBCziGNFjlQ-f8QRcezPsKVP9QzGdp0\APPs\atrpt\application\email\email_sender.py", line 318, in send_batch
    self.smtp.send(mime, recipients)
  File "G:\.shortcut-targets-by-id\1NsBCziGNFjlQ-f8QRcezPsKVP9QzGdp0\APPs\atrpt\infrastructure\email\smtp_client.py", line 108, in send
    self._smtp.send_message(mime, to_addrs=recipients)
  File "C:\envs\atrpt\Lib\smtplib.py", line 975, in send_message
    return self.sendmail(from_addr, to_addrs, flatmsg, mail_options,
           ^^^^^^^^^^^^^^^^^^^^^^^^^^^^^^^^^^^^^^^^^^^^^^^^^^^^^^^^^
  File "C:\envs\atrpt\Lib\smtplib.py", line 897, in sendmail
    raise SMTPDataError(code, resp)
smtplib.SMTPDataError: (550, b'5.2.0 LSkBwXG4BUbIPLSkBwe8j1 Sending Prohibited (Max RcptTo Daily limit)')
2026-05-08 22:28:24,363 [INFO] presentation.associados.associados_controller - ❌ [711/846] ERRO: (550, b'5.2.0 LSkBwXG4BUbIPLSkBwe8j1 Sending Prohibited (Max RcptTo Daily limit)') → auroragsoares@gmail.com
2026-05-08 22:28:41,171 [INFO] application.email.email_sender - [712/846] OK → luisberrance@sapo.pt
2026-05-08 22:28:41,178 [INFO] presentation.associados.associados_controller - [712/846] OK → luisberrance@sapo.pt
2026-05-08 22:29:03,980 [ERROR] application.email.email_sender - [713/846] ERRO → frbarbosa@sapo.pt
Traceback (most recent call last):
  File "G:\.shortcut-targets-by-id\1NsBCziGNFjlQ-f8QRcezPsKVP9QzGdp0\APPs\atrpt\application\email\email_sender.py", line 318, in send_batch
    self.smtp.send(mime, recipients)
  File "G:\.shortcut-targets-by-id\1NsBCziGNFjlQ-f8QRcezPsKVP9QzGdp0\APPs\atrpt\infrastructure\email\smtp_client.py", line 108, in send
    self._smtp.send_message(mime, to_addrs=recipients)
  File "C:\envs\atrpt\Lib\smtplib.py", line 975, in send_message
    return self.sendmail(from_addr, to_addrs, flatmsg, mail_options,
           ^^^^^^^^^^^^^^^^^^^^^^^^^^^^^^^^^^^^^^^^^^^^^^^^^^^^^^^^^
  File "C:\envs\atrpt\Lib\smtplib.py", line 897, in sendmail
    raise SMTPDataError(code, resp)
smtplib.SMTPDataError: (550, b'5.2.0 LSkjwE1iFSMHlLSkjwxFgD Sending Prohibited (Max RcptTo Daily limit)')
2026-05-08 22:29:03,994 [INFO] presentation.associados.associados_controller - ❌ [713/846] ERRO: (550, b'5.2.0 LSkjwE1iFSMHlLSkjwxFgD Sending Prohibited (Max RcptTo Daily limit)') → frbarbosa@sapo.pt
2026-05-08 22:29:24,556 [INFO] application.email.email_sender - [714/846] OK → melonuno73@hotmail.com
2026-05-08 22:29:24,563 [INFO] presentation.associados.associados_controller - [714/846] OK → melonuno73@hotmail.com
2026-05-08 22:29:44,060 [ERROR] application.email.email_sender - [715/846] ERRO → fjandrade@sapo.pt
Traceback (most recent call last):
  File "G:\.shortcut-targets-by-id\1NsBCziGNFjlQ-f8QRcezPsKVP9QzGdp0\APPs\atrpt\application\email\email_sender.py", line 318, in send_batch
    self.smtp.send(mime, recipients)
  File "G:\.shortcut-targets-by-id\1NsBCziGNFjlQ-f8QRcezPsKVP9QzGdp0\APPs\atrpt\infrastructure\email\smtp_client.py", line 108, in send
    self._smtp.send_message(mime, to_addrs=recipients)
  File "C:\envs\atrpt\Lib\smtplib.py", line 975, in send_message
    return self.sendmail(from_addr, to_addrs, flatmsg, mail_options,
           ^^^^^^^^^^^^^^^^^^^^^^^^^^^^^^^^^^^^^^^^^^^^^^^^^^^^^^^^^
  File "C:\envs\atrpt\Lib\smtplib.py", line 897, in sendmail
    raise SMTPDataError(code, resp)
smtplib.SMTPDataError: (550, b'5.2.0 LSlSwXHPsUbIPLSlTwe8q0 Sending Prohibited (Max RcptTo Daily limit)')
2026-05-08 22:29:44,082 [INFO] presentation.associados.associados_controller - ❌ [715/846] ERRO: (550, b'5.2.0 LSlSwXHPsUbIPLSlTwe8q0 Sending Prohibited (Max RcptTo Daily limit)') → fjandrade@sapo.pt
2026-05-08 22:29:56,847 [INFO] application.email.email_sender - [716/846] OK → teresajacques22@gmail.com
2026-05-08 22:29:56,853 [INFO] presentation.associados.associados_controller - [716/846] OK → teresajacques22@gmail.com
2026-05-08 22:30:11,536 [ERROR] application.email.email_sender - [717/846] ERRO → selma-m-loureiro@sapo.pt
Traceback (most recent call last):
  File "G:\.shortcut-targets-by-id\1NsBCziGNFjlQ-f8QRcezPsKVP9QzGdp0\APPs\atrpt\application\email\email_sender.py", line 318, in send_batch
    self.smtp.send(mime, recipients)
  File "G:\.shortcut-targets-by-id\1NsBCziGNFjlQ-f8QRcezPsKVP9QzGdp0\APPs\atrpt\infrastructure\email\smtp_client.py", line 108, in send
    self._smtp.send_message(mime, to_addrs=recipients)
  File "C:\envs\atrpt\Lib\smtplib.py", line 975, in send_message
    return self.sendmail(from_addr, to_addrs, flatmsg, mail_options,
           ^^^^^^^^^^^^^^^^^^^^^^^^^^^^^^^^^^^^^^^^^^^^^^^^^^^^^^^^^
  File "C:\envs\atrpt\Lib\smtplib.py", line 897, in sendmail
    raise SMTPDataError(code, resp)
smtplib.SMTPDataError: (550, b'5.2.0 LSluwspIXPqNcLSluwHyHc Sending Prohibited (Max RcptTo Daily limit)')
2026-05-08 22:30:11,548 [INFO] presentation.associados.associados_controller - ❌ [717/846] ERRO: (550, b'5.2.0 LSluwspIXPqNcLSluwHyHc Sending Prohibited (Max RcptTo Daily limit)') → selma-m-loureiro@sapo.pt
2026-05-08 22:30:30,651 [INFO] application.email.email_sender - [718/846] OK → salette_coelho@hotmail.com
2026-05-08 22:30:30,658 [INFO] presentation.associados.associados_controller - [718/846] OK → salette_coelho@hotmail.com
2026-05-08 22:30:42,661 [ERROR] application.email.email_sender - [719/846] ERRO → cristina.c.rodrigues.cr@gmail.com
Traceback (most recent call last):
  File "G:\.shortcut-targets-by-id\1NsBCziGNFjlQ-f8QRcezPsKVP9QzGdp0\APPs\atrpt\application\email\email_sender.py", line 318, in send_batch
    self.smtp.send(mime, recipients)
  File "G:\.shortcut-targets-by-id\1NsBCziGNFjlQ-f8QRcezPsKVP9QzGdp0\APPs\atrpt\infrastructure\email\smtp_client.py", line 108, in send
    self._smtp.send_message(mime, to_addrs=recipients)
  File "C:\envs\atrpt\Lib\smtplib.py", line 975, in send_message
    return self.sendmail(from_addr, to_addrs, flatmsg, mail_options,
           ^^^^^^^^^^^^^^^^^^^^^^^^^^^^^^^^^^^^^^^^^^^^^^^^^^^^^^^^^
  File "C:\envs\atrpt\Lib\smtplib.py", line 897, in sendmail
    raise SMTPDataError(code, resp)
smtplib.SMTPDataError: (550, b'5.2.0 LSmPwXINCUbIPLSmPwe8ye Sending Prohibited (Max RcptTo Daily limit)')
2026-05-08 22:30:42,680 [INFO] presentation.associados.associados_controller - ❌ [719/846] ERRO: (550, b'5.2.0 LSmPwXINCUbIPLSmPwe8ye Sending Prohibited (Max RcptTo Daily limit)') → cristina.c.rodrigues.cr@gmail.com
2026-05-08 22:30:54,110 [INFO] application.email.email_sender - [720/846] OK → joserpdias@gmail.com
2026-05-08 22:30:54,116 [INFO] presentation.associados.associados_controller - [720/846] OK → joserpdias@gmail.com
2026-05-08 22:31:15,876 [ERROR] application.email.email_sender - [721/846] ERRO → josemariaaraujo@gmail.com
Traceback (most recent call last):
  File "G:\.shortcut-targets-by-id\1NsBCziGNFjlQ-f8QRcezPsKVP9QzGdp0\APPs\atrpt\application\email\email_sender.py", line 318, in send_batch
    self.smtp.send(mime, recipients)
  File "G:\.shortcut-targets-by-id\1NsBCziGNFjlQ-f8QRcezPsKVP9QzGdp0\APPs\atrpt\infrastructure\email\smtp_client.py", line 108, in send
    self._smtp.send_message(mime, to_addrs=recipients)
  File "C:\envs\atrpt\Lib\smtplib.py", line 975, in send_message
    return self.sendmail(from_addr, to_addrs, flatmsg, mail_options,
           ^^^^^^^^^^^^^^^^^^^^^^^^^^^^^^^^^^^^^^^^^^^^^^^^^^^^^^^^^
  File "C:\envs\atrpt\Lib\smtplib.py", line 897, in sendmail
    raise SMTPDataError(code, resp)
smtplib.SMTPDataError: (550, b'5.2.0 LSmww5L3VdK1ELSmxwoXOk Sending Prohibited (Max RcptTo Daily limit)')
2026-05-08 22:31:15,886 [INFO] presentation.associados.associados_controller - ❌ [721/846] ERRO: (550, b'5.2.0 LSmww5L3VdK1ELSmxwoXOk Sending Prohibited (Max RcptTo Daily limit)') → josemariaaraujo@gmail.com
2026-05-08 22:31:28,865 [INFO] application.email.email_sender - [722/846] OK → estelapacheco@icloud.com
2026-05-08 22:31:28,870 [INFO] presentation.associados.associados_controller - [722/846] OK → estelapacheco@icloud.com
2026-05-08 22:31:48,242 [ERROR] application.email.email_sender - [723/846] ERRO → fatima.barbedo@gmail.com
Traceback (most recent call last):
  File "G:\.shortcut-targets-by-id\1NsBCziGNFjlQ-f8QRcezPsKVP9QzGdp0\APPs\atrpt\application\email\email_sender.py", line 318, in send_batch
    self.smtp.send(mime, recipients)
  File "G:\.shortcut-targets-by-id\1NsBCziGNFjlQ-f8QRcezPsKVP9QzGdp0\APPs\atrpt\infrastructure\email\smtp_client.py", line 108, in send
    self._smtp.send_message(mime, to_addrs=recipients)
  File "C:\envs\atrpt\Lib\smtplib.py", line 975, in send_message
    return self.sendmail(from_addr, to_addrs, flatmsg, mail_options,
           ^^^^^^^^^^^^^^^^^^^^^^^^^^^^^^^^^^^^^^^^^^^^^^^^^^^^^^^^^
  File "C:\envs\atrpt\Lib\smtplib.py", line 897, in sendmail
    raise SMTPDataError(code, resp)
smtplib.SMTPDataError: (550, b'5.2.0 LSnSwp9Q9oBA4LSnTwgwW0 Sending Prohibited (Max RcptTo Daily limit)')
2026-05-08 22:31:48,261 [INFO] presentation.associados.associados_controller - ❌ [723/846] ERRO: (550, b'5.2.0 LSnSwp9Q9oBA4LSnTwgwW0 Sending Prohibited (Max RcptTo Daily limit)') → fatima.barbedo@gmail.com
2026-05-08 22:32:01,924 [INFO] application.email.email_sender - [724/846] OK → josebarbedo@gmail.com
2026-05-08 22:32:01,931 [INFO] presentation.associados.associados_controller - [724/846] OK → josebarbedo@gmail.com
2026-05-08 22:32:20,909 [ERROR] application.email.email_sender - [725/846] ERRO → brandariz.ana@gmail.com
Traceback (most recent call last):
  File "G:\.shortcut-targets-by-id\1NsBCziGNFjlQ-f8QRcezPsKVP9QzGdp0\APPs\atrpt\application\email\email_sender.py", line 318, in send_batch
    self.smtp.send(mime, recipients)
  File "G:\.shortcut-targets-by-id\1NsBCziGNFjlQ-f8QRcezPsKVP9QzGdp0\APPs\atrpt\infrastructure\email\smtp_client.py", line 108, in send
    self._smtp.send_message(mime, to_addrs=recipients)
  File "C:\envs\atrpt\Lib\smtplib.py", line 975, in send_message
    return self.sendmail(from_addr, to_addrs, flatmsg, mail_options,
           ^^^^^^^^^^^^^^^^^^^^^^^^^^^^^^^^^^^^^^^^^^^^^^^^^^^^^^^^^
  File "C:\envs\atrpt\Lib\smtplib.py", line 897, in sendmail
    raise SMTPDataError(code, resp)
smtplib.SMTPDataError: (550, b'5.2.0 LSnywp9uooBA4LSnzwgwYb Sending Prohibited (Max RcptTo Daily limit)')
2026-05-08 22:32:20,922 [INFO] presentation.associados.associados_controller - ❌ [725/846] ERRO: (550, b'5.2.0 LSnywp9uooBA4LSnzwgwYb Sending Prohibited (Max RcptTo Daily limit)') → brandariz.ana@gmail.com
2026-05-08 22:32:32,132 [INFO] application.email.email_sender - [726/846] OK → oliveirafernandoasdrubal@gmail.com
2026-05-08 22:32:32,137 [INFO] presentation.associados.associados_controller - [726/846] OK → oliveirafernandoasdrubal@gmail.com
2026-05-08 22:32:54,864 [ERROR] application.email.email_sender - [727/846] ERRO → luisa.ramalhinho@sapo.pt
Traceback (most recent call last):
  File "G:\.shortcut-targets-by-id\1NsBCziGNFjlQ-f8QRcezPsKVP9QzGdp0\APPs\atrpt\application\email\email_sender.py", line 318, in send_batch
    self.smtp.send(mime, recipients)
  File "G:\.shortcut-targets-by-id\1NsBCziGNFjlQ-f8QRcezPsKVP9QzGdp0\APPs\atrpt\infrastructure\email\smtp_client.py", line 108, in send
    self._smtp.send_message(mime, to_addrs=recipients)
  File "C:\envs\atrpt\Lib\smtplib.py", line 975, in send_message
    return self.sendmail(from_addr, to_addrs, flatmsg, mail_options,
           ^^^^^^^^^^^^^^^^^^^^^^^^^^^^^^^^^^^^^^^^^^^^^^^^^^^^^^^^^
  File "C:\envs\atrpt\Lib\smtplib.py", line 897, in sendmail
    raise SMTPDataError(code, resp)
smtplib.SMTPDataError: (550, b'5.2.0 LSoWwpATboBA4LSoWwgwbg Sending Prohibited (Max RcptTo Daily limit)')
2026-05-08 22:32:54,874 [INFO] presentation.associados.associados_controller - ❌ [727/846] ERRO: (550, b'5.2.0 LSoWwpATboBA4LSoWwgwbg Sending Prohibited (Max RcptTo Daily limit)') → luisa.ramalhinho@sapo.pt
2026-05-08 22:33:14,136 [INFO] application.email.email_sender - [728/846] OK → clara.magalhaes@gmail.com
2026-05-08 22:33:14,141 [INFO] presentation.associados.associados_controller - [728/846] OK → clara.magalhaes@gmail.com
2026-05-08 22:33:36,479 [ERROR] application.email.email_sender - [729/846] ERRO → pedro.d.sampaio@sapo.pt
Traceback (most recent call last):
  File "G:\.shortcut-targets-by-id\1NsBCziGNFjlQ-f8QRcezPsKVP9QzGdp0\APPs\atrpt\application\email\email_sender.py", line 318, in send_batch
    self.smtp.send(mime, recipients)
  File "G:\.shortcut-targets-by-id\1NsBCziGNFjlQ-f8QRcezPsKVP9QzGdp0\APPs\atrpt\infrastructure\email\smtp_client.py", line 108, in send
    self._smtp.send_message(mime, to_addrs=recipients)
  File "C:\envs\atrpt\Lib\smtplib.py", line 975, in send_message
    return self.sendmail(from_addr, to_addrs, flatmsg, mail_options,
           ^^^^^^^^^^^^^^^^^^^^^^^^^^^^^^^^^^^^^^^^^^^^^^^^^^^^^^^^^
  File "C:\envs\atrpt\Lib\smtplib.py", line 897, in sendmail
    raise SMTPDataError(code, resp)
smtplib.SMTPDataError: (550, b'5.2.0 LSpDw4zFOmakWLSpDwusmi Sending Prohibited (Max RcptTo Daily limit)')
2026-05-08 22:33:36,489 [INFO] presentation.associados.associados_controller - ❌ [729/846] ERRO: (550, b'5.2.0 LSpDw4zFOmakWLSpDwusmi Sending Prohibited (Max RcptTo Daily limit)') → pedro.d.sampaio@sapo.pt
2026-05-08 22:33:50,881 [INFO] application.email.email_sender - [730/846] OK → maria.irenef@live.com.pt
2026-05-08 22:33:50,887 [INFO] presentation.associados.associados_controller - [730/846] OK → maria.irenef@live.com.pt
2026-05-08 22:34:08,306 [ERROR] application.email.email_sender - [731/846] ERRO → josepinho.pinho@gmail.com
Traceback (most recent call last):
  File "G:\.shortcut-targets-by-id\1NsBCziGNFjlQ-f8QRcezPsKVP9QzGdp0\APPs\atrpt\application\email\email_sender.py", line 318, in send_batch
    self.smtp.send(mime, recipients)
  File "G:\.shortcut-targets-by-id\1NsBCziGNFjlQ-f8QRcezPsKVP9QzGdp0\APPs\atrpt\infrastructure\email\smtp_client.py", line 108, in send
    self._smtp.send_message(mime, to_addrs=recipients)
  File "C:\envs\atrpt\Lib\smtplib.py", line 975, in send_message
    return self.sendmail(from_addr, to_addrs, flatmsg, mail_options,
           ^^^^^^^^^^^^^^^^^^^^^^^^^^^^^^^^^^^^^^^^^^^^^^^^^^^^^^^^^
  File "C:\envs\atrpt\Lib\smtplib.py", line 897, in sendmail
    raise SMTPDataError(code, resp)
smtplib.SMTPDataError: (550, b'5.2.0 LSpiwXLhrUbIPLSpjwe9Hh Sending Prohibited (Max RcptTo Daily limit)')
2026-05-08 22:34:08,315 [INFO] presentation.associados.associados_controller - ❌ [731/846] ERRO: (550, b'5.2.0 LSpiwXLhrUbIPLSpjwe9Hh Sending Prohibited (Max RcptTo Daily limit)') → josepinho.pinho@gmail.com
2026-05-08 22:34:27,347 [INFO] application.email.email_sender - [732/846] OK → mhcmbc@sapo.pt
2026-05-08 22:34:27,354 [INFO] presentation.associados.associados_controller - [732/846] OK → mhcmbc@sapo.pt
2026-05-08 22:35:01,431 [ERROR] application.email.email_sender - [733/846] ERRO → migueloliveira4891@gmail.com
Traceback (most recent call last):
  File "G:\.shortcut-targets-by-id\1NsBCziGNFjlQ-f8QRcezPsKVP9QzGdp0\APPs\atrpt\application\email\email_sender.py", line 318, in send_batch
    self.smtp.send(mime, recipients)
  File "G:\.shortcut-targets-by-id\1NsBCziGNFjlQ-f8QRcezPsKVP9QzGdp0\APPs\atrpt\infrastructure\email\smtp_client.py", line 108, in send
    self._smtp.send_message(mime, to_addrs=recipients)
  File "C:\envs\atrpt\Lib\smtplib.py", line 975, in send_message
    return self.sendmail(from_addr, to_addrs, flatmsg, mail_options,
           ^^^^^^^^^^^^^^^^^^^^^^^^^^^^^^^^^^^^^^^^^^^^^^^^^^^^^^^^^
  File "C:\envs\atrpt\Lib\smtplib.py", line 897, in sendmail
    raise SMTPDataError(code, resp)
smtplib.SMTPDataError: (550, b'5.2.0 LSqSw50SNmakWLSqSwusrw Sending Prohibited (Max RcptTo Daily limit)')
2026-05-08 22:35:01,440 [INFO] presentation.associados.associados_controller - ❌ [733/846] ERRO: (550, b'5.2.0 LSqSw50SNmakWLSqSwusrw Sending Prohibited (Max RcptTo Daily limit)') → migueloliveira4891@gmail.com
2026-05-08 22:35:12,255 [INFO] application.email.email_sender - [734/846] OK → lazinha@sapo.pt
2026-05-08 22:35:12,260 [INFO] presentation.associados.associados_controller - [734/846] OK → lazinha@sapo.pt
2026-05-08 22:35:30,300 [ERROR] application.email.email_sender - [735/846] ERRO → jose_fuentefria@clix.pt
Traceback (most recent call last):
  File "G:\.shortcut-targets-by-id\1NsBCziGNFjlQ-f8QRcezPsKVP9QzGdp0\APPs\atrpt\application\email\email_sender.py", line 318, in send_batch
    self.smtp.send(mime, recipients)
  File "G:\.shortcut-targets-by-id\1NsBCziGNFjlQ-f8QRcezPsKVP9QzGdp0\APPs\atrpt\infrastructure\email\smtp_client.py", line 108, in send
    self._smtp.send_message(mime, to_addrs=recipients)
  File "C:\envs\atrpt\Lib\smtplib.py", line 975, in send_message
    return self.sendmail(from_addr, to_addrs, flatmsg, mail_options,
           ^^^^^^^^^^^^^^^^^^^^^^^^^^^^^^^^^^^^^^^^^^^^^^^^^^^^^^^^^
  File "C:\envs\atrpt\Lib\smtplib.py", line 897, in sendmail
    raise SMTPDataError(code, resp)
smtplib.SMTPDataError: (550, b'5.2.0 LSr2wE8A3SMHlLSr2wxGJD Sending Prohibited (Max RcptTo Daily limit)')
2026-05-08 22:35:30,309 [INFO] presentation.associados.associados_controller - ❌ [735/846] ERRO: (550, b'5.2.0 LSr2wE8A3SMHlLSr2wxGJD Sending Prohibited (Max RcptTo Daily limit)') → jose_fuentefria@clix.pt
2026-05-08 22:35:46,784 [INFO] application.email.email_sender - [736/846] OK → luis.s.cruz@sapo.pt
2026-05-08 22:35:46,789 [INFO] presentation.associados.associados_controller - [736/846] OK → luis.s.cruz@sapo.pt
2026-05-08 22:36:04,511 [ERROR] application.email.email_sender - [737/846] ERRO → manuel.macedo1955@gmail.com
Traceback (most recent call last):
  File "G:\.shortcut-targets-by-id\1NsBCziGNFjlQ-f8QRcezPsKVP9QzGdp0\APPs\atrpt\application\email\email_sender.py", line 318, in send_batch
    self.smtp.send(mime, recipients)
  File "G:\.shortcut-targets-by-id\1NsBCziGNFjlQ-f8QRcezPsKVP9QzGdp0\APPs\atrpt\infrastructure\email\smtp_client.py", line 108, in send
    self._smtp.send_message(mime, to_addrs=recipients)
  File "C:\envs\atrpt\Lib\smtplib.py", line 975, in send_message
    return self.sendmail(from_addr, to_addrs, flatmsg, mail_options,
           ^^^^^^^^^^^^^^^^^^^^^^^^^^^^^^^^^^^^^^^^^^^^^^^^^^^^^^^^^
  File "C:\envs\atrpt\Lib\smtplib.py", line 897, in sendmail
    raise SMTPDataError(code, resp)
smtplib.SMTPDataError: (550, b'5.2.0 LSrbw51ocmakWLSrbwusyV Sending Prohibited (Max RcptTo Daily limit)')
2026-05-08 22:36:04,526 [INFO] presentation.associados.associados_controller - ❌ [737/846] ERRO: (550, b'5.2.0 LSrbw51ocmakWLSrbwusyV Sending Prohibited (Max RcptTo Daily limit)') → manuel.macedo1955@gmail.com
2026-05-08 22:36:14,864 [INFO] application.email.email_sender - [738/846] OK → mluisaoneill@gmail.com
2026-05-08 22:36:14,880 [INFO] presentation.associados.associados_controller - [738/846] OK → mluisaoneill@gmail.com
2026-05-08 22:36:34,727 [ERROR] application.email.email_sender - [739/846] ERRO → jaimemacedomatos@sapo.pt
Traceback (most recent call last):
  File "G:\.shortcut-targets-by-id\1NsBCziGNFjlQ-f8QRcezPsKVP9QzGdp0\APPs\atrpt\application\email\email_sender.py", line 318, in send_batch
    self.smtp.send(mime, recipients)
  File "G:\.shortcut-targets-by-id\1NsBCziGNFjlQ-f8QRcezPsKVP9QzGdp0\APPs\atrpt\infrastructure\email\smtp_client.py", line 108, in send
    self._smtp.send_message(mime, to_addrs=recipients)
  File "C:\envs\atrpt\Lib\smtplib.py", line 975, in send_message
    return self.sendmail(from_addr, to_addrs, flatmsg, mail_options,
           ^^^^^^^^^^^^^^^^^^^^^^^^^^^^^^^^^^^^^^^^^^^^^^^^^^^^^^^^^
  File "C:\envs\atrpt\Lib\smtplib.py", line 897, in sendmail
    raise SMTPDataError(code, resp)
smtplib.SMTPDataError: (550, b'5.2.0 LSs1wsvTDPqNcLSs1wHyry Sending Prohibited (Max RcptTo Daily limit)')
2026-05-08 22:36:34,745 [INFO] presentation.associados.associados_controller - ❌ [739/846] ERRO: (550, b'5.2.0 LSs1wsvTDPqNcLSs1wHyry Sending Prohibited (Max RcptTo Daily limit)') → jaimemacedomatos@sapo.pt
2026-05-08 22:36:50,159 [INFO] application.email.email_sender - [740/846] OK → sofiagomes40@gmail.com
2026-05-08 22:36:50,165 [INFO] presentation.associados.associados_controller - [740/846] OK → sofiagomes40@gmail.com
2026-05-08 22:37:10,477 [ERROR] application.email.email_sender - [741/846] ERRO → anacbavila@sapo.pt
Traceback (most recent call last):
  File "G:\.shortcut-targets-by-id\1NsBCziGNFjlQ-f8QRcezPsKVP9QzGdp0\APPs\atrpt\application\email\email_sender.py", line 318, in send_batch
    self.smtp.send(mime, recipients)
  File "G:\.shortcut-targets-by-id\1NsBCziGNFjlQ-f8QRcezPsKVP9QzGdp0\APPs\atrpt\infrastructure\email\smtp_client.py", line 108, in send
    self._smtp.send_message(mime, to_addrs=recipients)
  File "C:\envs\atrpt\Lib\smtplib.py", line 975, in send_message
    return self.sendmail(from_addr, to_addrs, flatmsg, mail_options,
           ^^^^^^^^^^^^^^^^^^^^^^^^^^^^^^^^^^^^^^^^^^^^^^^^^^^^^^^^^
  File "C:\envs\atrpt\Lib\smtplib.py", line 897, in sendmail
    raise SMTPDataError(code, resp)
smtplib.SMTPDataError: (550, b'5.2.0 LSsfwsw5UPqNcLSsfwHyvx Sending Prohibited (Max RcptTo Daily limit)')
2026-05-08 22:37:10,493 [INFO] presentation.associados.associados_controller - ❌ [741/846] ERRO: (550, b'5.2.0 LSsfwsw5UPqNcLSsfwHyvx Sending Prohibited (Max RcptTo Daily limit)') → anacbavila@sapo.pt
2026-05-08 22:37:31,851 [INFO] application.email.email_sender - [742/846] OK → antonio.m.ramoa@sapo.pt
2026-05-08 22:37:31,867 [INFO] presentation.associados.associados_controller - [742/846] OK → antonio.m.ramoa@sapo.pt
2026-05-08 22:37:46,262 [ERROR] application.email.email_sender - [743/846] ERRO → jdsfernandes@sapo.pt
Traceback (most recent call last):
  File "G:\.shortcut-targets-by-id\1NsBCziGNFjlQ-f8QRcezPsKVP9QzGdp0\APPs\atrpt\application\email\email_sender.py", line 318, in send_batch
    self.smtp.send(mime, recipients)
  File "G:\.shortcut-targets-by-id\1NsBCziGNFjlQ-f8QRcezPsKVP9QzGdp0\APPs\atrpt\infrastructure\email\smtp_client.py", line 108, in send
    self._smtp.send_message(mime, to_addrs=recipients)
  File "C:\envs\atrpt\Lib\smtplib.py", line 975, in send_message
    return self.sendmail(from_addr, to_addrs, flatmsg, mail_options,
           ^^^^^^^^^^^^^^^^^^^^^^^^^^^^^^^^^^^^^^^^^^^^^^^^^^^^^^^^^
  File "C:\envs\atrpt\Lib\smtplib.py", line 897, in sendmail
    raise SMTPDataError(code, resp)
smtplib.SMTPDataError: (550, b'5.2.0 LStFw5RbKdK1ELStFwoXzz Sending Prohibited (Max RcptTo Daily limit)')
2026-05-08 22:37:46,278 [INFO] presentation.associados.associados_controller - ❌ [743/846] ERRO: (550, b'5.2.0 LStFw5RbKdK1ELStFwoXzz Sending Prohibited (Max RcptTo Daily limit)') → jdsfernandes@sapo.pt
2026-05-08 22:37:58,411 [INFO] application.email.email_sender - [744/846] OK → elisaalves.1957@gmail.com
2026-05-08 22:37:58,427 [INFO] presentation.associados.associados_controller - [744/846] OK → elisaalves.1957@gmail.com
2026-05-08 22:38:14,638 [ERROR] application.email.email_sender - [745/846] ERRO → fatima.cs.alves@gmail.com
Traceback (most recent call last):
  File "G:\.shortcut-targets-by-id\1NsBCziGNFjlQ-f8QRcezPsKVP9QzGdp0\APPs\atrpt\application\email\email_sender.py", line 318, in send_batch
    self.smtp.send(mime, recipients)
  File "G:\.shortcut-targets-by-id\1NsBCziGNFjlQ-f8QRcezPsKVP9QzGdp0\APPs\atrpt\infrastructure\email\smtp_client.py", line 108, in send
    self._smtp.send_message(mime, to_addrs=recipients)
  File "C:\envs\atrpt\Lib\smtplib.py", line 975, in send_message
    return self.sendmail(from_addr, to_addrs, flatmsg, mail_options,
           ^^^^^^^^^^^^^^^^^^^^^^^^^^^^^^^^^^^^^^^^^^^^^^^^^^^^^^^^^
  File "C:\envs\atrpt\Lib\smtplib.py", line 897, in sendmail
    raise SMTPDataError(code, resp)
smtplib.SMTPDataError: (550, b'5.2.0 LSthwsx8OPqNcLSthwHz1L Sending Prohibited (Max RcptTo Daily limit)')
2026-05-08 22:38:14,658 [INFO] presentation.associados.associados_controller - ❌ [745/846] ERRO: (550, b'5.2.0 LSthwsx8OPqNcLSthwHz1L Sending Prohibited (Max RcptTo Daily limit)') → fatima.cs.alves@gmail.com
2026-05-08 22:38:30,232 [INFO] application.email.email_sender - [746/846] OK → margaridaofmaia@gmail.com
2026-05-08 22:38:30,238 [INFO] presentation.associados.associados_controller - [746/846] OK → margaridaofmaia@gmail.com
2026-05-08 22:38:55,732 [ERROR] application.email.email_sender - [747/846] ERRO → mclementina.rocha@sapo.pt
Traceback (most recent call last):
  File "G:\.shortcut-targets-by-id\1NsBCziGNFjlQ-f8QRcezPsKVP9QzGdp0\APPs\atrpt\application\email\email_sender.py", line 318, in send_batch
    self.smtp.send(mime, recipients)
  File "G:\.shortcut-targets-by-id\1NsBCziGNFjlQ-f8QRcezPsKVP9QzGdp0\APPs\atrpt\infrastructure\email\smtp_client.py", line 108, in send
    self._smtp.send_message(mime, to_addrs=recipients)
  File "C:\envs\atrpt\Lib\smtplib.py", line 975, in send_message
    return self.sendmail(from_addr, to_addrs, flatmsg, mail_options,
           ^^^^^^^^^^^^^^^^^^^^^^^^^^^^^^^^^^^^^^^^^^^^^^^^^^^^^^^^^
  File "C:\envs\atrpt\Lib\smtplib.py", line 897, in sendmail
    raise SMTPDataError(code, resp)
smtplib.SMTPDataError: (550, b'5.2.0 LSuIwpGSFoBA4LSuIwgx4G Sending Prohibited (Max RcptTo Daily limit)')
2026-05-08 22:38:55,764 [INFO] presentation.associados.associados_controller - ❌ [747/846] ERRO: (550, b'5.2.0 LSuIwpGSFoBA4LSuIwgx4G Sending Prohibited (Max RcptTo Daily limit)') → mclementina.rocha@sapo.pt
2026-05-08 22:39:17,528 [INFO] application.email.email_sender - [748/846] OK → mrosalinasantos@sapo.pt
2026-05-08 22:39:17,538 [INFO] presentation.associados.associados_controller - [748/846] OK → mrosalinasantos@sapo.pt
2026-05-08 22:39:37,831 [ERROR] application.email.email_sender - [749/846] ERRO → rogerio.tojeiro@gmail.com
Traceback (most recent call last):
  File "G:\.shortcut-targets-by-id\1NsBCziGNFjlQ-f8QRcezPsKVP9QzGdp0\APPs\atrpt\application\email\email_sender.py", line 318, in send_batch
    self.smtp.send(mime, recipients)
  File "G:\.shortcut-targets-by-id\1NsBCziGNFjlQ-f8QRcezPsKVP9QzGdp0\APPs\atrpt\infrastructure\email\smtp_client.py", line 108, in send
    self._smtp.send_message(mime, to_addrs=recipients)
  File "C:\envs\atrpt\Lib\smtplib.py", line 975, in send_message
    return self.sendmail(from_addr, to_addrs, flatmsg, mail_options,
           ^^^^^^^^^^^^^^^^^^^^^^^^^^^^^^^^^^^^^^^^^^^^^^^^^^^^^^^^^
  File "C:\envs\atrpt\Lib\smtplib.py", line 897, in sendmail
    raise SMTPDataError(code, resp)
smtplib.SMTPDataError: (550, b'5.2.0 LSv2wXR8yUbIPLSv2we9m5 Sending Prohibited (Max RcptTo Daily limit)')
2026-05-08 22:39:37,863 [INFO] presentation.associados.associados_controller - ❌ [749/846] ERRO: (550, b'5.2.0 LSv2wXR8yUbIPLSv2we9m5 Sending Prohibited (Max RcptTo Daily limit)') → rogerio.tojeiro@gmail.com
2026-05-08 22:39:55,098 [INFO] application.email.email_sender - [750/846] OK → cpintoleite@sapo.pt
2026-05-08 22:39:55,098 [INFO] presentation.associados.associados_controller - [750/846] OK → cpintoleite@sapo.pt
2026-05-08 22:40:02,822 [INFO] application.email.email_sender - SMTP desconectado após lote 15
2026-05-08 22:40:03,251 [INFO] application.email.email_sender - 💾 Guardado (lote 15)
2026-05-08 22:40:03,251 [INFO] presentation.associados.associados_controller - 💾 Guardado (lote 15)
2026-05-08 22:40:03,251 [INFO] application.email.email_sender - Pausa de 157s antes do lote 16
2026-05-08 22:40:03,265 [INFO] presentation.associados.associados_controller - 
⏸️ Pausa de 157s antes do próximo lote...
2026-05-09 03:37:01,273 [INFO] application.email.email_sender - LOTE 16/17 — 50 emails
2026-05-09 03:37:01,858 [INFO] presentation.associados.associados_controller - 
📦 LOTE 16/17 — 50 emails
2026-05-09 03:37:03,012 [INFO] application.email.email_sender - SMTP conectado para lote 16
2026-05-09 03:55:38,096 [INFO] application.email.email_sender - [751/846] OK → candidamor@gmail.com
2026-05-09 03:55:38,112 [INFO] presentation.associados.associados_controller - [751/846] OK → candidamor@gmail.com
2026-05-09 03:55:52,515 [INFO] application.email.email_sender - [752/846] OK → mmanuelacarneiro54@gmail.com
2026-05-09 03:55:52,523 [INFO] presentation.associados.associados_controller - [752/846] OK → mmanuelacarneiro54@gmail.com
2026-05-09 03:55:58,058 [INFO] application.email.email_sender - [753/846] OK → antonio.costa.zita@sapo.pt
2026-05-09 03:55:58,074 [INFO] presentation.associados.associados_controller - [753/846] OK → antonio.costa.zita@sapo.pt
2026-05-09 03:56:06,161 [INFO] application.email.email_sender - [754/846] OK → jaguarfna@gmail.com
2026-05-09 03:56:06,176 [INFO] presentation.associados.associados_controller - [754/846] OK → jaguarfna@gmail.com
2026-05-09 03:56:10,865 [INFO] application.email.email_sender - [755/846] OK → luissviseu@sapo.pt
2026-05-09 03:56:10,868 [INFO] presentation.associados.associados_controller - [755/846] OK → luissviseu@sapo.pt
2026-05-09 03:56:30,559 [ERROR] application.email.email_sender - [756/846] ERRO → arsousa.576@gmail.com
Traceback (most recent call last):
  File "G:\.shortcut-targets-by-id\1NsBCziGNFjlQ-f8QRcezPsKVP9QzGdp0\APPs\atrpt\application\email\email_sender.py", line 318, in send_batch
    self.smtp.send(mime, recipients)
  File "G:\.shortcut-targets-by-id\1NsBCziGNFjlQ-f8QRcezPsKVP9QzGdp0\APPs\atrpt\infrastructure\email\smtp_client.py", line 108, in send
    self._smtp.send_message(mime, to_addrs=recipients)
  File "C:\envs\atrpt\Lib\smtplib.py", line 975, in send_message
    return self.sendmail(from_addr, to_addrs, flatmsg, mail_options,
           ^^^^^^^^^^^^^^^^^^^^^^^^^^^^^^^^^^^^^^^^^^^^^^^^^^^^^^^^^
  File "C:\envs\atrpt\Lib\smtplib.py", line 897, in sendmail
    raise SMTPDataError(code, resp)
smtplib.SMTPDataError: (550, b'5.2.0 LXrgwcIx0UbIP Spam Rejected')
2026-05-09 03:56:30,568 [INFO] presentation.associados.associados_controller - ❌ [756/846] ERRO: (550, b'5.2.0 LXrgwcIx0UbIP Spam Rejected') → arsousa.576@gmail.com
2026-05-09 03:56:48,834 [INFO] application.email.email_sender - [757/846] OK → inesmnallen@gmail.com
2026-05-09 03:56:48,849 [INFO] presentation.associados.associados_controller - [757/846] OK → inesmnallen@gmail.com
2026-05-09 03:57:05,615 [ERROR] application.email.email_sender - [758/846] ERRO → vitorguedes.1961@gmail.com
Traceback (most recent call last):
  File "G:\.shortcut-targets-by-id\1NsBCziGNFjlQ-f8QRcezPsKVP9QzGdp0\APPs\atrpt\application\email\email_sender.py", line 318, in send_batch
    self.smtp.send(mime, recipients)
  File "G:\.shortcut-targets-by-id\1NsBCziGNFjlQ-f8QRcezPsKVP9QzGdp0\APPs\atrpt\infrastructure\email\smtp_client.py", line 108, in send
    self._smtp.send_message(mime, to_addrs=recipients)
  File "C:\envs\atrpt\Lib\smtplib.py", line 975, in send_message
    return self.sendmail(from_addr, to_addrs, flatmsg, mail_options,
           ^^^^^^^^^^^^^^^^^^^^^^^^^^^^^^^^^^^^^^^^^^^^^^^^^^^^^^^^^
  File "C:\envs\atrpt\Lib\smtplib.py", line 897, in sendmail
    raise SMTPDataError(code, resp)
smtplib.SMTPDataError: (550, b'5.2.0 LXsGwxpyGPqNc Spam Rejected')
2026-05-09 03:57:05,621 [INFO] presentation.associados.associados_controller - ❌ [758/846] ERRO: (550, b'5.2.0 LXsGwxpyGPqNc Spam Rejected') → vitorguedes.1961@gmail.com
2026-05-09 03:57:19,487 [INFO] application.email.email_sender - [759/846] OK → emanuela.ferraz@sapo.pt
2026-05-09 03:57:19,491 [INFO] presentation.associados.associados_controller - [759/846] OK → emanuela.ferraz@sapo.pt
2026-05-09 03:57:43,722 [ERROR] application.email.email_sender - [760/846] ERRO → mariac.s.b@gmail.com
Traceback (most recent call last):
  File "G:\.shortcut-targets-by-id\1NsBCziGNFjlQ-f8QRcezPsKVP9QzGdp0\APPs\atrpt\application\email\email_sender.py", line 318, in send_batch
    self.smtp.send(mime, recipients)
  File "G:\.shortcut-targets-by-id\1NsBCziGNFjlQ-f8QRcezPsKVP9QzGdp0\APPs\atrpt\infrastructure\email\smtp_client.py", line 108, in send
    self._smtp.send_message(mime, to_addrs=recipients)
  File "C:\envs\atrpt\Lib\smtplib.py", line 975, in send_message
    return self.sendmail(from_addr, to_addrs, flatmsg, mail_options,
           ^^^^^^^^^^^^^^^^^^^^^^^^^^^^^^^^^^^^^^^^^^^^^^^^^^^^^^^^^
  File "C:\envs\atrpt\Lib\smtplib.py", line 897, in sendmail
    raise SMTPDataError(code, resp)
smtplib.SMTPDataError: (550, b'5.2.0 LXsswxqV9PqNc Spam Rejected')
2026-05-09 03:57:43,732 [INFO] presentation.associados.associados_controller - ❌ [760/846] ERRO: (550, b'5.2.0 LXsswxqV9PqNc Spam Rejected') → mariac.s.b@gmail.com
2026-05-09 03:58:00,263 [INFO] application.email.email_sender - [761/846] OK → alicemoreira1520@gmail.com
2026-05-09 03:58:00,270 [INFO] presentation.associados.associados_controller - [761/846] OK → alicemoreira1520@gmail.com
2026-05-09 03:58:24,430 [ERROR] application.email.email_sender - [762/846] ERRO → paula.g.caldeira@meo.pt
Traceback (most recent call last):
  File "G:\.shortcut-targets-by-id\1NsBCziGNFjlQ-f8QRcezPsKVP9QzGdp0\APPs\atrpt\application\email\email_sender.py", line 318, in send_batch
    self.smtp.send(mime, recipients)
  File "G:\.shortcut-targets-by-id\1NsBCziGNFjlQ-f8QRcezPsKVP9QzGdp0\APPs\atrpt\infrastructure\email\smtp_client.py", line 108, in send
    self._smtp.send_message(mime, to_addrs=recipients)
  File "C:\envs\atrpt\Lib\smtplib.py", line 975, in send_message
    return self.sendmail(from_addr, to_addrs, flatmsg, mail_options,
           ^^^^^^^^^^^^^^^^^^^^^^^^^^^^^^^^^^^^^^^^^^^^^^^^^^^^^^^^^
  File "C:\envs\atrpt\Lib\smtplib.py", line 897, in sendmail
    raise SMTPDataError(code, resp)
smtplib.SMTPDataError: (550, b'5.2.0 LXtXwu9aIoBA4 Spam Rejected')
2026-05-09 03:58:24,441 [INFO] presentation.associados.associados_controller - ❌ [762/846] ERRO: (550, b'5.2.0 LXtXwu9aIoBA4 Spam Rejected') → paula.g.caldeira@meo.pt
2026-05-09 03:58:38,932 [INFO] application.email.email_sender - [763/846] OK → alvarocaiado047@gmail.com
2026-05-09 03:58:38,942 [INFO] presentation.associados.associados_controller - [763/846] OK → alvarocaiado047@gmail.com
2026-05-09 03:59:06,182 [ERROR] application.email.email_sender - [764/846] ERRO → paixao.vitor@gmail.com
Traceback (most recent call last):
  File "G:\.shortcut-targets-by-id\1NsBCziGNFjlQ-f8QRcezPsKVP9QzGdp0\APPs\atrpt\application\email\email_sender.py", line 318, in send_batch
    self.smtp.send(mime, recipients)
  File "G:\.shortcut-targets-by-id\1NsBCziGNFjlQ-f8QRcezPsKVP9QzGdp0\APPs\atrpt\infrastructure\email\smtp_client.py", line 108, in send
    self._smtp.send_message(mime, to_addrs=recipients)
  File "C:\envs\atrpt\Lib\smtplib.py", line 975, in send_message
    return self.sendmail(from_addr, to_addrs, flatmsg, mail_options,
           ^^^^^^^^^^^^^^^^^^^^^^^^^^^^^^^^^^^^^^^^^^^^^^^^^^^^^^^^^
  File "C:\envs\atrpt\Lib\smtplib.py", line 897, in sendmail
    raise SMTPDataError(code, resp)
smtplib.SMTPDataError: (550, b'5.2.0 LXu6wuA91oBA4 Spam Rejected')
2026-05-09 03:59:06,192 [INFO] presentation.associados.associados_controller - ❌ [764/846] ERRO: (550, b'5.2.0 LXu6wuA91oBA4 Spam Rejected') → paixao.vitor@gmail.com
2026-05-09 03:59:19,802 [INFO] application.email.email_sender - [765/846] OK → belinhaconstante@gmail.com
2026-05-09 03:59:19,802 [INFO] presentation.associados.associados_controller - [765/846] OK → belinhaconstante@gmail.com
2026-05-09 03:59:42,013 [ERROR] application.email.email_sender - [766/846] ERRO → gborges50@hotmail.com
Traceback (most recent call last):
  File "G:\.shortcut-targets-by-id\1NsBCziGNFjlQ-f8QRcezPsKVP9QzGdp0\APPs\atrpt\application\email\email_sender.py", line 318, in send_batch
    self.smtp.send(mime, recipients)
  File "G:\.shortcut-targets-by-id\1NsBCziGNFjlQ-f8QRcezPsKVP9QzGdp0\APPs\atrpt\infrastructure\email\smtp_client.py", line 108, in send
    self._smtp.send_message(mime, to_addrs=recipients)
  File "C:\envs\atrpt\Lib\smtplib.py", line 975, in send_message
    return self.sendmail(from_addr, to_addrs, flatmsg, mail_options,
           ^^^^^^^^^^^^^^^^^^^^^^^^^^^^^^^^^^^^^^^^^^^^^^^^^^^^^^^^^
  File "C:\envs\atrpt\Lib\smtplib.py", line 897, in sendmail
    raise SMTPDataError(code, resp)
smtplib.SMTPDataError: (550, b'5.2.0 LXuhwALZ5dK1E Spam Rejected')
2026-05-09 03:59:42,022 [INFO] presentation.associados.associados_controller - ❌ [766/846] ERRO: (550, b'5.2.0 LXuhwALZ5dK1E Spam Rejected') → gborges50@hotmail.com
2026-05-09 03:59:56,102 [INFO] application.email.email_sender - [767/846] OK → albinosrocha@sapo.pt
2026-05-09 03:59:56,115 [INFO] presentation.associados.associados_controller - [767/846] OK → albinosrocha@sapo.pt
2026-05-09 04:00:04,613 [INFO] application.email.email_sender - [768/846] OK → scarmocruz@gmail.com
2026-05-09 04:00:04,622 [INFO] presentation.associados.associados_controller - [768/846] OK → scarmocruz@gmail.com
2026-05-09 04:00:21,284 [INFO] application.email.email_sender - [769/846] OK → fatimaccarvalhal@sapo.pt
2026-05-09 04:00:21,293 [INFO] presentation.associados.associados_controller - [769/846] OK → fatimaccarvalhal@sapo.pt
2026-05-09 04:00:50,853 [ERROR] application.email.email_sender - [770/846] ERRO → martilde@hotmail.com
Traceback (most recent call last):
  File "G:\.shortcut-targets-by-id\1NsBCziGNFjlQ-f8QRcezPsKVP9QzGdp0\APPs\atrpt\application\email\email_sender.py", line 318, in send_batch
    self.smtp.send(mime, recipients)
  File "G:\.shortcut-targets-by-id\1NsBCziGNFjlQ-f8QRcezPsKVP9QzGdp0\APPs\atrpt\infrastructure\email\smtp_client.py", line 108, in send
    self._smtp.send_message(mime, to_addrs=recipients)
  File "C:\envs\atrpt\Lib\smtplib.py", line 975, in send_message
    return self.sendmail(from_addr, to_addrs, flatmsg, mail_options,
           ^^^^^^^^^^^^^^^^^^^^^^^^^^^^^^^^^^^^^^^^^^^^^^^^^^^^^^^^^
  File "C:\envs\atrpt\Lib\smtplib.py", line 897, in sendmail
    raise SMTPDataError(code, resp)
smtplib.SMTPDataError: (550, b'5.2.0 LXvnwAMeVdK1E Spam Rejected')
2026-05-09 04:00:50,865 [INFO] presentation.associados.associados_controller - ❌ [770/846] ERRO: (550, b'5.2.0 LXvnwAMeVdK1E Spam Rejected') → martilde@hotmail.com
2026-05-09 04:00:57,952 [INFO] application.email.email_sender - [771/846] OK → margaridamouro2@gmail.com
2026-05-09 04:00:57,963 [INFO] presentation.associados.associados_controller - [771/846] OK → margaridamouro2@gmail.com
2026-05-09 04:01:31,192 [ERROR] application.email.email_sender - [772/846] ERRO → paulagbs.pereira@gmail.com
Traceback (most recent call last):
  File "G:\.shortcut-targets-by-id\1NsBCziGNFjlQ-f8QRcezPsKVP9QzGdp0\APPs\atrpt\application\email\email_sender.py", line 318, in send_batch
    self.smtp.send(mime, recipients)
  File "G:\.shortcut-targets-by-id\1NsBCziGNFjlQ-f8QRcezPsKVP9QzGdp0\APPs\atrpt\infrastructure\email\smtp_client.py", line 108, in send
    self._smtp.send_message(mime, to_addrs=recipients)
  File "C:\envs\atrpt\Lib\smtplib.py", line 975, in send_message
    return self.sendmail(from_addr, to_addrs, flatmsg, mail_options,
           ^^^^^^^^^^^^^^^^^^^^^^^^^^^^^^^^^^^^^^^^^^^^^^^^^^^^^^^^^
  File "C:\envs\atrpt\Lib\smtplib.py", line 897, in sendmail
    raise SMTPDataError(code, resp)
smtplib.SMTPDataError: (550, b'5.2.0 LXwXwuCYJoBA4 Spam Rejected')
2026-05-09 04:01:31,202 [INFO] presentation.associados.associados_controller - ❌ [772/846] ERRO: (550, b'5.2.0 LXwXwuCYJoBA4 Spam Rejected') → paulagbs.pereira@gmail.com
2026-05-09 04:01:48,775 [INFO] application.email.email_sender - [773/846] OK → nunespinhel@gmail.com
2026-05-09 04:01:48,777 [INFO] presentation.associados.associados_controller - [773/846] OK → nunespinhel@gmail.com
2026-05-09 04:02:03,812 [ERROR] application.email.email_sender - [774/846] ERRO → mariajose.matos40@gmail.com
Traceback (most recent call last):
  File "G:\.shortcut-targets-by-id\1NsBCziGNFjlQ-f8QRcezPsKVP9QzGdp0\APPs\atrpt\application\email\email_sender.py", line 318, in send_batch
    self.smtp.send(mime, recipients)
  File "G:\.shortcut-targets-by-id\1NsBCziGNFjlQ-f8QRcezPsKVP9QzGdp0\APPs\atrpt\infrastructure\email\smtp_client.py", line 108, in send
    self._smtp.send_message(mime, to_addrs=recipients)
  File "C:\envs\atrpt\Lib\smtplib.py", line 975, in send_message
    return self.sendmail(from_addr, to_addrs, flatmsg, mail_options,
           ^^^^^^^^^^^^^^^^^^^^^^^^^^^^^^^^^^^^^^^^^^^^^^^^^^^^^^^^^
  File "C:\envs\atrpt\Lib\smtplib.py", line 897, in sendmail
    raise SMTPDataError(code, resp)
smtplib.SMTPDataError: (550, b'5.2.0 LXx4wcNqSUbIP Spam Rejected')
2026-05-09 04:02:03,830 [INFO] presentation.associados.associados_controller - ❌ [774/846] ERRO: (550, b'5.2.0 LXx4wcNqSUbIP Spam Rejected') → mariajose.matos40@gmail.com
2026-05-09 04:02:16,442 [INFO] application.email.email_sender - [775/846] OK → danielasereno@gmail.com
2026-05-09 04:02:16,452 [INFO] presentation.associados.associados_controller - [775/846] OK → danielasereno@gmail.com
2026-05-09 04:02:34,362 [ERROR] application.email.email_sender - [776/846] ERRO → paulobarbedo@sapo.pt
Traceback (most recent call last):
  File "G:\.shortcut-targets-by-id\1NsBCziGNFjlQ-f8QRcezPsKVP9QzGdp0\APPs\atrpt\application\email\email_sender.py", line 318, in send_batch
    self.smtp.send(mime, recipients)
  File "G:\.shortcut-targets-by-id\1NsBCziGNFjlQ-f8QRcezPsKVP9QzGdp0\APPs\atrpt\infrastructure\email\smtp_client.py", line 108, in send
    self._smtp.send_message(mime, to_addrs=recipients)
  File "C:\envs\atrpt\Lib\smtplib.py", line 975, in send_message
    return self.sendmail(from_addr, to_addrs, flatmsg, mail_options,
           ^^^^^^^^^^^^^^^^^^^^^^^^^^^^^^^^^^^^^^^^^^^^^^^^^^^^^^^^^
  File "C:\envs\atrpt\Lib\smtplib.py", line 897, in sendmail
    raise SMTPDataError(code, resp)
smtplib.SMTPDataError: (550, b'5.2.0 LXxXwA1OPmakW Spam Rejected')
2026-05-09 04:02:34,373 [INFO] presentation.associados.associados_controller - ❌ [776/846] ERRO: (550, b'5.2.0 LXxXwA1OPmakW Spam Rejected') → paulobarbedo@sapo.pt
2026-05-09 04:02:49,192 [INFO] application.email.email_sender - [777/846] OK → laxmi.varajidas@sapo.pt
2026-05-09 04:02:49,192 [INFO] presentation.associados.associados_controller - [777/846] OK → laxmi.varajidas@sapo.pt
2026-05-09 04:03:09,433 [ERROR] application.email.email_sender - [778/846] ERRO → levi@jorgelevi.com
Traceback (most recent call last):
  File "G:\.shortcut-targets-by-id\1NsBCziGNFjlQ-f8QRcezPsKVP9QzGdp0\APPs\atrpt\application\email\email_sender.py", line 318, in send_batch
    self.smtp.send(mime, recipients)
  File "G:\.shortcut-targets-by-id\1NsBCziGNFjlQ-f8QRcezPsKVP9QzGdp0\APPs\atrpt\infrastructure\email\smtp_client.py", line 108, in send
    self._smtp.send_message(mime, to_addrs=recipients)
  File "C:\envs\atrpt\Lib\smtplib.py", line 975, in send_message
    return self.sendmail(from_addr, to_addrs, flatmsg, mail_options,
           ^^^^^^^^^^^^^^^^^^^^^^^^^^^^^^^^^^^^^^^^^^^^^^^^^^^^^^^^^
  File "C:\envs\atrpt\Lib\smtplib.py", line 897, in sendmail
    raise SMTPDataError(code, resp)
smtplib.SMTPDataError: (550, b'5.2.0 LXy6wJ8W3SMHl Spam Rejected')
2026-05-09 04:03:09,442 [INFO] presentation.associados.associados_controller - ❌ [778/846] ERRO: (550, b'5.2.0 LXy6wJ8W3SMHl Spam Rejected') → levi@jorgelevi.com
2026-05-09 04:03:29,283 [INFO] application.email.email_sender - [779/846] OK → amp.silva@sapo.pt
2026-05-09 04:03:29,283 [INFO] presentation.associados.associados_controller - [779/846] OK → amp.silva@sapo.pt
2026-05-09 04:03:45,502 [ERROR] application.email.email_sender - [780/846] ERRO → info@numo.pt
Traceback (most recent call last):
  File "G:\.shortcut-targets-by-id\1NsBCziGNFjlQ-f8QRcezPsKVP9QzGdp0\APPs\atrpt\application\email\email_sender.py", line 318, in send_batch
    self.smtp.send(mime, recipients)
  File "G:\.shortcut-targets-by-id\1NsBCziGNFjlQ-f8QRcezPsKVP9QzGdp0\APPs\atrpt\infrastructure\email\smtp_client.py", line 108, in send
    self._smtp.send_message(mime, to_addrs=recipients)
  File "C:\envs\atrpt\Lib\smtplib.py", line 975, in send_message
    return self.sendmail(from_addr, to_addrs, flatmsg, mail_options,
           ^^^^^^^^^^^^^^^^^^^^^^^^^^^^^^^^^^^^^^^^^^^^^^^^^^^^^^^^^
  File "C:\envs\atrpt\Lib\smtplib.py", line 897, in sendmail
    raise SMTPDataError(code, resp)
smtplib.SMTPDataError: (550, b'5.2.0 LXygwJ94MSMHl Spam Rejected')
2026-05-09 04:03:45,503 [INFO] presentation.associados.associados_controller - ❌ [780/846] ERRO: (550, b'5.2.0 LXygwJ94MSMHl Spam Rejected') → info@numo.pt
2026-05-09 04:03:58,892 [INFO] application.email.email_sender - [781/846] OK → vitor-amor@sapo.pt
2026-05-09 04:03:58,898 [INFO] presentation.associados.associados_controller - [781/846] OK → vitor-amor@sapo.pt
2026-05-09 04:04:16,722 [ERROR] application.email.email_sender - [782/846] ERRO → lboticario@gmail.com
Traceback (most recent call last):
  File "G:\.shortcut-targets-by-id\1NsBCziGNFjlQ-f8QRcezPsKVP9QzGdp0\APPs\atrpt\application\email\email_sender.py", line 318, in send_batch
    self.smtp.send(mime, recipients)
  File "G:\.shortcut-targets-by-id\1NsBCziGNFjlQ-f8QRcezPsKVP9QzGdp0\APPs\atrpt\infrastructure\email\smtp_client.py", line 108, in send
    self._smtp.send_message(mime, to_addrs=recipients)
  File "C:\envs\atrpt\Lib\smtplib.py", line 975, in send_message
    return self.sendmail(from_addr, to_addrs, flatmsg, mail_options,
           ^^^^^^^^^^^^^^^^^^^^^^^^^^^^^^^^^^^^^^^^^^^^^^^^^^^^^^^^^
  File "C:\envs\atrpt\Lib\smtplib.py", line 897, in sendmail
    raise SMTPDataError(code, resp)
smtplib.SMTPDataError: (550, b'5.2.0 LXzDwcPqcUbIP Spam Rejected')
2026-05-09 04:04:16,736 [INFO] presentation.associados.associados_controller - ❌ [782/846] ERRO: (550, b'5.2.0 LXzDwcPqcUbIP Spam Rejected') → lboticario@gmail.com
2026-05-09 04:04:27,722 [INFO] application.email.email_sender - [783/846] OK → mjrcunha@gmail.com
2026-05-09 04:04:27,723 [INFO] presentation.associados.associados_controller - [783/846] OK → mjrcunha@gmail.com
2026-05-09 04:04:50,092 [ERROR] application.email.email_sender - [784/846] ERRO → anammgcosta@gmail.com
Traceback (most recent call last):
  File "G:\.shortcut-targets-by-id\1NsBCziGNFjlQ-f8QRcezPsKVP9QzGdp0\APPs\atrpt\application\email\email_sender.py", line 318, in send_batch
    self.smtp.send(mime, recipients)
  File "G:\.shortcut-targets-by-id\1NsBCziGNFjlQ-f8QRcezPsKVP9QzGdp0\APPs\atrpt\infrastructure\email\smtp_client.py", line 108, in send
    self._smtp.send_message(mime, to_addrs=recipients)
  File "C:\envs\atrpt\Lib\smtplib.py", line 975, in send_message
    return self.sendmail(from_addr, to_addrs, flatmsg, mail_options,
           ^^^^^^^^^^^^^^^^^^^^^^^^^^^^^^^^^^^^^^^^^^^^^^^^^^^^^^^^^
  File "C:\envs\atrpt\Lib\smtplib.py", line 897, in sendmail
    raise SMTPDataError(code, resp)
smtplib.SMTPDataError: (550, b'5.2.0 LXzkwJA4lSMHl Spam Rejected')
2026-05-09 04:04:50,102 [INFO] presentation.associados.associados_controller - ❌ [784/846] ERRO: (550, b'5.2.0 LXzkwJA4lSMHl Spam Rejected') → anammgcosta@gmail.com
2026-05-09 04:05:07,132 [INFO] application.email.email_sender - [785/846] OK → leonorpinheiro1974@gmail.com
2026-05-09 04:05:07,132 [INFO] presentation.associados.associados_controller - [785/846] OK → leonorpinheiro1974@gmail.com
2026-05-09 04:05:24,404 [ERROR] application.email.email_sender - [786/846] ERRO → gorettishenriques@gmail.com
Traceback (most recent call last):
  File "G:\.shortcut-targets-by-id\1NsBCziGNFjlQ-f8QRcezPsKVP9QzGdp0\APPs\atrpt\application\email\email_sender.py", line 318, in send_batch
    self.smtp.send(mime, recipients)
  File "G:\.shortcut-targets-by-id\1NsBCziGNFjlQ-f8QRcezPsKVP9QzGdp0\APPs\atrpt\infrastructure\email\smtp_client.py", line 108, in send
    self._smtp.send_message(mime, to_addrs=recipients)
  File "C:\envs\atrpt\Lib\smtplib.py", line 975, in send_message
    return self.sendmail(from_addr, to_addrs, flatmsg, mail_options,
           ^^^^^^^^^^^^^^^^^^^^^^^^^^^^^^^^^^^^^^^^^^^^^^^^^^^^^^^^^
  File "C:\envs\atrpt\Lib\smtplib.py", line 897, in sendmail
    raise SMTPDataError(code, resp)
smtplib.SMTPDataError: (550, b'5.2.0 LY0IwxxkLPqNc Spam Rejected')
2026-05-09 04:05:24,412 [INFO] presentation.associados.associados_controller - ❌ [786/846] ERRO: (550, b'5.2.0 LY0IwxxkLPqNc Spam Rejected') → gorettishenriques@gmail.com
2026-05-09 04:05:39,999 [INFO] application.email.email_sender - [787/846] OK → antonia.jesus@sapo.pt
2026-05-09 04:05:40,002 [INFO] presentation.associados.associados_controller - [787/846] OK → antonia.jesus@sapo.pt
2026-05-09 04:06:01,062 [ERROR] application.email.email_sender - [788/846] ERRO → serafim.monteiro@sapo.pt
Traceback (most recent call last):
  File "G:\.shortcut-targets-by-id\1NsBCziGNFjlQ-f8QRcezPsKVP9QzGdp0\APPs\atrpt\application\email\email_sender.py", line 318, in send_batch
    self.smtp.send(mime, recipients)
  File "G:\.shortcut-targets-by-id\1NsBCziGNFjlQ-f8QRcezPsKVP9QzGdp0\APPs\atrpt\infrastructure\email\smtp_client.py", line 108, in send
    self._smtp.send_message(mime, to_addrs=recipients)
  File "C:\envs\atrpt\Lib\smtplib.py", line 975, in send_message
    return self.sendmail(from_addr, to_addrs, flatmsg, mail_options,
           ^^^^^^^^^^^^^^^^^^^^^^^^^^^^^^^^^^^^^^^^^^^^^^^^^^^^^^^^^
  File "C:\envs\atrpt\Lib\smtplib.py", line 897, in sendmail
    raise SMTPDataError(code, resp)
smtplib.SMTPDataError: (550, b'5.2.0 LY0swARRFdK1E Spam Rejected')
2026-05-09 04:06:01,084 [INFO] presentation.associados.associados_controller - ❌ [788/846] ERRO: (550, b'5.2.0 LY0swARRFdK1E Spam Rejected') → serafim.monteiro@sapo.pt
2026-05-09 04:06:26,016 [INFO] application.email.email_sender - [789/846] OK → jpaiva45@gmail.com
2026-05-09 04:06:26,022 [INFO] presentation.associados.associados_controller - [789/846] OK → jpaiva45@gmail.com
2026-05-09 04:06:52,657 [ERROR] application.email.email_sender - [790/846] ERRO → jmppacheco@sapo.pt
Traceback (most recent call last):
  File "G:\.shortcut-targets-by-id\1NsBCziGNFjlQ-f8QRcezPsKVP9QzGdp0\APPs\atrpt\application\email\email_sender.py", line 318, in send_batch
    self.smtp.send(mime, recipients)
  File "G:\.shortcut-targets-by-id\1NsBCziGNFjlQ-f8QRcezPsKVP9QzGdp0\APPs\atrpt\infrastructure\email\smtp_client.py", line 108, in send
    self._smtp.send_message(mime, to_addrs=recipients)
  File "C:\envs\atrpt\Lib\smtplib.py", line 975, in send_message
    return self.sendmail(from_addr, to_addrs, flatmsg, mail_options,
           ^^^^^^^^^^^^^^^^^^^^^^^^^^^^^^^^^^^^^^^^^^^^^^^^^^^^^^^^^
  File "C:\envs\atrpt\Lib\smtplib.py", line 897, in sendmail
    raise SMTPDataError(code, resp)
smtplib.SMTPDataError: (550, b'5.2.0 LY1dwuHRQoBA4 Spam Rejected')
2026-05-09 04:06:52,665 [INFO] presentation.associados.associados_controller - ❌ [790/846] ERRO: (550, b'5.2.0 LY1dwuHRQoBA4 Spam Rejected') → jmppacheco@sapo.pt
2026-05-09 04:07:05,403 [INFO] application.email.email_sender - [791/846] OK → conceicaoneiva2@gmail.com
2026-05-09 04:07:05,415 [INFO] presentation.associados.associados_controller - [791/846] OK → conceicaoneiva2@gmail.com
2026-05-09 04:07:27,363 [ERROR] application.email.email_sender - [792/846] ERRO → ritadanielamarques@gmail.com
Traceback (most recent call last):
  File "G:\.shortcut-targets-by-id\1NsBCziGNFjlQ-f8QRcezPsKVP9QzGdp0\APPs\atrpt\application\email\email_sender.py", line 318, in send_batch
    self.smtp.send(mime, recipients)
  File "G:\.shortcut-targets-by-id\1NsBCziGNFjlQ-f8QRcezPsKVP9QzGdp0\APPs\atrpt\infrastructure\email\smtp_client.py", line 108, in send
    self._smtp.send_message(mime, to_addrs=recipients)
  File "C:\envs\atrpt\Lib\smtplib.py", line 975, in send_message
    return self.sendmail(from_addr, to_addrs, flatmsg, mail_options,
           ^^^^^^^^^^^^^^^^^^^^^^^^^^^^^^^^^^^^^^^^^^^^^^^^^^^^^^^^^
  File "C:\envs\atrpt\Lib\smtplib.py", line 897, in sendmail
    raise SMTPDataError(code, resp)
smtplib.SMTPDataError: (550, b'5.2.0 LY2HwcSnTUbIP Spam Rejected')
2026-05-09 04:07:27,372 [INFO] presentation.associados.associados_controller - ❌ [792/846] ERRO: (550, b'5.2.0 LY2HwcSnTUbIP Spam Rejected') → ritadanielamarques@gmail.com
2026-05-09 04:07:45,593 [INFO] application.email.email_sender - [793/846] OK → v.n.ferreira@sapo.pt
2026-05-09 04:07:45,599 [INFO] presentation.associados.associados_controller - [793/846] OK → v.n.ferreira@sapo.pt
2026-05-09 04:07:58,869 [ERROR] application.email.email_sender - [794/846] ERRO → goreti-a-coelho@sapo.pt
Traceback (most recent call last):
  File "G:\.shortcut-targets-by-id\1NsBCziGNFjlQ-f8QRcezPsKVP9QzGdp0\APPs\atrpt\application\email\email_sender.py", line 318, in send_batch
    self.smtp.send(mime, recipients)
  File "G:\.shortcut-targets-by-id\1NsBCziGNFjlQ-f8QRcezPsKVP9QzGdp0\APPs\atrpt\infrastructure\email\smtp_client.py", line 108, in send
    self._smtp.send_message(mime, to_addrs=recipients)
  File "C:\envs\atrpt\Lib\smtplib.py", line 975, in send_message
    return self.sendmail(from_addr, to_addrs, flatmsg, mail_options,
           ^^^^^^^^^^^^^^^^^^^^^^^^^^^^^^^^^^^^^^^^^^^^^^^^^^^^^^^^^
  File "C:\envs\atrpt\Lib\smtplib.py", line 897, in sendmail
    raise SMTPDataError(code, resp)
smtplib.SMTPDataError: (550, b'5.2.0 LY2mwy03jPqNc Spam Rejected')
2026-05-09 04:07:58,872 [INFO] presentation.associados.associados_controller - ❌ [794/846] ERRO: (550, b'5.2.0 LY2mwy03jPqNc Spam Rejected') → goreti-a-coelho@sapo.pt
2026-05-09 04:08:16,345 [INFO] application.email.email_sender - [795/846] OK → lena__mag@hotmail.com
2026-05-09 04:08:16,349 [INFO] presentation.associados.associados_controller - [795/846] OK → lena__mag@hotmail.com
2026-05-09 04:08:29,902 [ERROR] application.email.email_sender - [796/846] ERRO → aantoniodamas@sapo.pt
Traceback (most recent call last):
  File "G:\.shortcut-targets-by-id\1NsBCziGNFjlQ-f8QRcezPsKVP9QzGdp0\APPs\atrpt\application\email\email_sender.py", line 318, in send_batch
    self.smtp.send(mime, recipients)
  File "G:\.shortcut-targets-by-id\1NsBCziGNFjlQ-f8QRcezPsKVP9QzGdp0\APPs\atrpt\infrastructure\email\smtp_client.py", line 108, in send
    self._smtp.send_message(mime, to_addrs=recipients)
  File "C:\envs\atrpt\Lib\smtplib.py", line 975, in send_message
    return self.sendmail(from_addr, to_addrs, flatmsg, mail_options,
           ^^^^^^^^^^^^^^^^^^^^^^^^^^^^^^^^^^^^^^^^^^^^^^^^^^^^^^^^^
  File "C:\envs\atrpt\Lib\smtplib.py", line 897, in sendmail
    raise SMTPDataError(code, resp)
smtplib.SMTPDataError: (550, b'5.2.0 LY3IwATetdK1E Spam Rejected')
2026-05-09 04:08:29,913 [INFO] presentation.associados.associados_controller - ❌ [796/846] ERRO: (550, b'5.2.0 LY3IwATetdK1E Spam Rejected') → aantoniodamas@sapo.pt
2026-05-09 04:08:45,142 [INFO] application.email.email_sender - [797/846] OK → su.p.s.tavares@gmail.com
2026-05-09 04:08:45,145 [INFO] presentation.associados.associados_controller - [797/846] OK → su.p.s.tavares@gmail.com
2026-05-09 04:09:01,882 [ERROR] application.email.email_sender - [798/846] ERRO → antoniosantos@sapo.pt
Traceback (most recent call last):
  File "G:\.shortcut-targets-by-id\1NsBCziGNFjlQ-f8QRcezPsKVP9QzGdp0\APPs\atrpt\application\email\email_sender.py", line 318, in send_batch
    self.smtp.send(mime, recipients)
  File "G:\.shortcut-targets-by-id\1NsBCziGNFjlQ-f8QRcezPsKVP9QzGdp0\APPs\atrpt\infrastructure\email\smtp_client.py", line 108, in send
    self._smtp.send_message(mime, to_addrs=recipients)
  File "C:\envs\atrpt\Lib\smtplib.py", line 975, in send_message
    return self.sendmail(from_addr, to_addrs, flatmsg, mail_options,
           ^^^^^^^^^^^^^^^^^^^^^^^^^^^^^^^^^^^^^^^^^^^^^^^^^^^^^^^^^
  File "C:\envs\atrpt\Lib\smtplib.py", line 897, in sendmail
    raise SMTPDataError(code, resp)
smtplib.SMTPDataError: (550, b'5.2.0 LY3nwuJi5oBA4 Spam Rejected')
2026-05-09 04:09:01,902 [INFO] presentation.associados.associados_controller - ❌ [798/846] ERRO: (550, b'5.2.0 LY3nwuJi5oBA4 Spam Rejected') → antoniosantos@sapo.pt
2026-05-09 04:09:18,527 [INFO] application.email.email_sender - [799/846] OK → rui.pl.moreira@icloud.com
2026-05-09 04:09:18,532 [INFO] presentation.associados.associados_controller - [799/846] OK → rui.pl.moreira@icloud.com
2026-05-09 04:09:30,522 [ERROR] application.email.email_sender - [800/846] ERRO → nelson-g-cruz@sapo.pt
Traceback (most recent call last):
  File "G:\.shortcut-targets-by-id\1NsBCziGNFjlQ-f8QRcezPsKVP9QzGdp0\APPs\atrpt\application\email\email_sender.py", line 318, in send_batch
    self.smtp.send(mime, recipients)
  File "G:\.shortcut-targets-by-id\1NsBCziGNFjlQ-f8QRcezPsKVP9QzGdp0\APPs\atrpt\infrastructure\email\smtp_client.py", line 108, in send
    self._smtp.send_message(mime, to_addrs=recipients)
  File "C:\envs\atrpt\Lib\smtplib.py", line 975, in send_message
    return self.sendmail(from_addr, to_addrs, flatmsg, mail_options,
           ^^^^^^^^^^^^^^^^^^^^^^^^^^^^^^^^^^^^^^^^^^^^^^^^^^^^^^^^^
  File "C:\envs\atrpt\Lib\smtplib.py", line 897, in sendmail
    raise SMTPDataError(code, resp)
smtplib.SMTPDataError: (550, b'5.2.0 LY4Gwy1lkPqNc Spam Rejected')
2026-05-09 04:09:30,532 [INFO] presentation.associados.associados_controller - ❌ [800/846] ERRO: (550, b'5.2.0 LY4Gwy1lkPqNc Spam Rejected') → nelson-g-cruz@sapo.pt
2026-05-09 04:09:36,421 [INFO] application.email.email_sender - SMTP desconectado após lote 16
2026-05-09 04:09:37,138 [INFO] application.email.email_sender - 💾 Guardado (lote 16)
2026-05-09 04:09:37,142 [INFO] presentation.associados.associados_controller - 💾 Guardado (lote 16)
2026-05-09 04:09:37,150 [INFO] application.email.email_sender - Pausa de 148s antes do lote 17
2026-05-09 04:09:37,152 [INFO] presentation.associados.associados_controller - 
⏸️ Pausa de 148s antes do próximo lote...
2026-05-09 04:12:05,625 [INFO] application.email.email_sender - LOTE 17/17 — 46 emails
2026-05-09 04:12:05,625 [INFO] presentation.associados.associados_controller - 
📦 LOTE 17/17 — 46 emails
2026-05-09 04:12:05,952 [INFO] application.email.email_sender - SMTP conectado para lote 17
2026-05-09 04:12:15,165 [ERROR] application.email.email_sender - [801/846] ERRO → domingos-m-silva-23@sapo.pt
Traceback (most recent call last):
  File "G:\.shortcut-targets-by-id\1NsBCziGNFjlQ-f8QRcezPsKVP9QzGdp0\APPs\atrpt\application\email\email_sender.py", line 318, in send_batch
    self.smtp.send(mime, recipients)
  File "G:\.shortcut-targets-by-id\1NsBCziGNFjlQ-f8QRcezPsKVP9QzGdp0\APPs\atrpt\infrastructure\email\smtp_client.py", line 108, in send
    self._smtp.send_message(mime, to_addrs=recipients)
  File "C:\envs\atrpt\Lib\smtplib.py", line 975, in send_message
    return self.sendmail(from_addr, to_addrs, flatmsg, mail_options,
           ^^^^^^^^^^^^^^^^^^^^^^^^^^^^^^^^^^^^^^^^^^^^^^^^^^^^^^^^^
  File "C:\envs\atrpt\Lib\smtplib.py", line 897, in sendmail
    raise SMTPDataError(code, resp)
smtplib.SMTPDataError: (550, b'5.2.0 LY6vwAAVgmakW Spam Rejected')
2026-05-09 04:12:15,172 [INFO] presentation.associados.associados_controller - ❌ [801/846] ERRO: (550, b'5.2.0 LY6vwAAVgmakW Spam Rejected') → domingos-m-silva-23@sapo.pt
2026-05-09 04:12:34,932 [INFO] application.email.email_sender - [802/846] OK → augustocouto@sapo.pt
2026-05-09 04:12:34,938 [INFO] presentation.associados.associados_controller - [802/846] OK → augustocouto@sapo.pt
2026-05-09 04:12:52,905 [ERROR] application.email.email_sender - [803/846] ERRO → fonsecamandio@gmail.com
Traceback (most recent call last):
  File "G:\.shortcut-targets-by-id\1NsBCziGNFjlQ-f8QRcezPsKVP9QzGdp0\APPs\atrpt\application\email\email_sender.py", line 318, in send_batch
    self.smtp.send(mime, recipients)
  File "G:\.shortcut-targets-by-id\1NsBCziGNFjlQ-f8QRcezPsKVP9QzGdp0\APPs\atrpt\infrastructure\email\smtp_client.py", line 108, in send
    self._smtp.send_message(mime, to_addrs=recipients)
  File "C:\envs\atrpt\Lib\smtplib.py", line 975, in send_message
    return self.sendmail(from_addr, to_addrs, flatmsg, mail_options,
           ^^^^^^^^^^^^^^^^^^^^^^^^^^^^^^^^^^^^^^^^^^^^^^^^^^^^^^^^^
  File "C:\envs\atrpt\Lib\smtplib.py", line 897, in sendmail
    raise SMTPDataError(code, resp)
smtplib.SMTPDataError: (550, b'5.2.0 LY7XwuNHEoBA4 Spam Rejected')
2026-05-09 04:12:52,922 [INFO] presentation.associados.associados_controller - ❌ [803/846] ERRO: (550, b'5.2.0 LY7XwuNHEoBA4 Spam Rejected') → fonsecamandio@gmail.com
2026-05-09 04:13:05,702 [INFO] application.email.email_sender - [804/846] OK → pedrosardinha40@hotmail.com
2026-05-09 04:13:05,714 [INFO] presentation.associados.associados_controller - [804/846] OK → pedrosardinha40@hotmail.com
2026-05-09 04:13:22,692 [ERROR] application.email.email_sender - [805/846] ERRO → anaviseu@gmail.com
Traceback (most recent call last):
  File "G:\.shortcut-targets-by-id\1NsBCziGNFjlQ-f8QRcezPsKVP9QzGdp0\APPs\atrpt\application\email\email_sender.py", line 318, in send_batch
    self.smtp.send(mime, recipients)
  File "G:\.shortcut-targets-by-id\1NsBCziGNFjlQ-f8QRcezPsKVP9QzGdp0\APPs\atrpt\infrastructure\email\smtp_client.py", line 108, in send
    self._smtp.send_message(mime, to_addrs=recipients)
  File "C:\envs\atrpt\Lib\smtplib.py", line 975, in send_message
    return self.sendmail(from_addr, to_addrs, flatmsg, mail_options,
           ^^^^^^^^^^^^^^^^^^^^^^^^^^^^^^^^^^^^^^^^^^^^^^^^^^^^^^^^^
  File "C:\envs\atrpt\Lib\smtplib.py", line 897, in sendmail
    raise SMTPDataError(code, resp)
smtplib.SMTPDataError: (550, b'5.2.0 LY7ywy55rPqNc Spam Rejected')
2026-05-09 04:13:22,712 [INFO] presentation.associados.associados_controller - ❌ [805/846] ERRO: (550, b'5.2.0 LY7ywy55rPqNc Spam Rejected') → anaviseu@gmail.com
2026-05-09 04:13:36,943 [INFO] application.email.email_sender - [806/846] OK → jtfontes@hotmail.com
2026-05-09 04:13:36,949 [INFO] presentation.associados.associados_controller - [806/846] OK → jtfontes@hotmail.com
2026-05-09 04:13:47,502 [ERROR] application.email.email_sender - [807/846] ERRO → higino.angelo.silva@gmail.com
Traceback (most recent call last):
  File "G:\.shortcut-targets-by-id\1NsBCziGNFjlQ-f8QRcezPsKVP9QzGdp0\APPs\atrpt\application\email\email_sender.py", line 318, in send_batch
    self.smtp.send(mime, recipients)
  File "G:\.shortcut-targets-by-id\1NsBCziGNFjlQ-f8QRcezPsKVP9QzGdp0\APPs\atrpt\infrastructure\email\smtp_client.py", line 108, in send
    self._smtp.send_message(mime, to_addrs=recipients)
  File "C:\envs\atrpt\Lib\smtplib.py", line 975, in send_message
    return self.sendmail(from_addr, to_addrs, flatmsg, mail_options,
           ^^^^^^^^^^^^^^^^^^^^^^^^^^^^^^^^^^^^^^^^^^^^^^^^^^^^^^^^^
  File "C:\envs\atrpt\Lib\smtplib.py", line 897, in sendmail
    raise SMTPDataError(code, resp)
smtplib.SMTPDataError: (550, b'5.2.0 LY8PwABwAmakW Spam Rejected')
2026-05-09 04:13:47,512 [INFO] presentation.associados.associados_controller - ❌ [807/846] ERRO: (550, b'5.2.0 LY8PwABwAmakW Spam Rejected') → higino.angelo.silva@gmail.com
2026-05-09 04:14:09,012 [INFO] application.email.email_sender - [808/846] OK → m.emilia.ferreira17@sapo.pt
2026-05-09 04:14:09,022 [INFO] presentation.associados.associados_controller - [808/846] OK → m.emilia.ferreira17@sapo.pt
2026-05-09 04:14:25,788 [ERROR] application.email.email_sender - [809/846] ERRO → anamaria.diogo@sapo.pt
Traceback (most recent call last):
  File "G:\.shortcut-targets-by-id\1NsBCziGNFjlQ-f8QRcezPsKVP9QzGdp0\APPs\atrpt\application\email\email_sender.py", line 318, in send_batch
    self.smtp.send(mime, recipients)
  File "G:\.shortcut-targets-by-id\1NsBCziGNFjlQ-f8QRcezPsKVP9QzGdp0\APPs\atrpt\infrastructure\email\smtp_client.py", line 108, in send
    self._smtp.send_message(mime, to_addrs=recipients)
  File "C:\envs\atrpt\Lib\smtplib.py", line 975, in send_message
    return self.sendmail(from_addr, to_addrs, flatmsg, mail_options,
           ^^^^^^^^^^^^^^^^^^^^^^^^^^^^^^^^^^^^^^^^^^^^^^^^^^^^^^^^^
  File "C:\envs\atrpt\Lib\smtplib.py", line 897, in sendmail
    raise SMTPDataError(code, resp)
smtplib.SMTPDataError: (550, b'5.2.0 LY92wJIz3SMHl Spam Rejected')
2026-05-09 04:14:25,802 [INFO] presentation.associados.associados_controller - ❌ [809/846] ERRO: (550, b'5.2.0 LY92wJIz3SMHl Spam Rejected') → anamaria.diogo@sapo.pt
2026-05-09 04:14:44,517 [INFO] application.email.email_sender - [810/846] OK → mario.silva@sapo.pt
2026-05-09 04:14:44,522 [INFO] presentation.associados.associados_controller - [810/846] OK → mario.silva@sapo.pt
2026-05-09 04:15:06,192 [ERROR] application.email.email_sender - [811/846] ERRO → helena.carla.rodrigues@gmail.com
Traceback (most recent call last):
  File "G:\.shortcut-targets-by-id\1NsBCziGNFjlQ-f8QRcezPsKVP9QzGdp0\APPs\atrpt\application\email\email_sender.py", line 318, in send_batch
    self.smtp.send(mime, recipients)
  File "G:\.shortcut-targets-by-id\1NsBCziGNFjlQ-f8QRcezPsKVP9QzGdp0\APPs\atrpt\infrastructure\email\smtp_client.py", line 108, in send
    self._smtp.send_message(mime, to_addrs=recipients)
  File "C:\envs\atrpt\Lib\smtplib.py", line 975, in send_message
    return self.sendmail(from_addr, to_addrs, flatmsg, mail_options,
           ^^^^^^^^^^^^^^^^^^^^^^^^^^^^^^^^^^^^^^^^^^^^^^^^^^^^^^^^^
  File "C:\envs\atrpt\Lib\smtplib.py", line 897, in sendmail
    raise SMTPDataError(code, resp)
smtplib.SMTPDataError: (550, b'5.2.0 LY9gwAZk8dK1E Spam Rejected')
2026-05-09 04:15:06,202 [INFO] presentation.associados.associados_controller - ❌ [811/846] ERRO: (550, b'5.2.0 LY9gwAZk8dK1E Spam Rejected') → helena.carla.rodrigues@gmail.com
2026-05-09 04:15:22,235 [INFO] application.email.email_sender - [812/846] OK → gabrielavqueiros@gmail.com
2026-05-09 04:15:22,235 [INFO] presentation.associados.associados_controller - [812/846] OK → gabrielavqueiros@gmail.com
2026-05-09 04:15:38,263 [ERROR] application.email.email_sender - [813/846] ERRO → ana.2000indouro@gmail.com
Traceback (most recent call last):
  File "G:\.shortcut-targets-by-id\1NsBCziGNFjlQ-f8QRcezPsKVP9QzGdp0\APPs\atrpt\application\email\email_sender.py", line 318, in send_batch
    self.smtp.send(mime, recipients)
  File "G:\.shortcut-targets-by-id\1NsBCziGNFjlQ-f8QRcezPsKVP9QzGdp0\APPs\atrpt\infrastructure\email\smtp_client.py", line 108, in send
    self._smtp.send_message(mime, to_addrs=recipients)
  File "C:\envs\atrpt\Lib\smtplib.py", line 975, in send_message
    return self.sendmail(from_addr, to_addrs, flatmsg, mail_options,
           ^^^^^^^^^^^^^^^^^^^^^^^^^^^^^^^^^^^^^^^^^^^^^^^^^^^^^^^^^
  File "C:\envs\atrpt\Lib\smtplib.py", line 897, in sendmail
    raise SMTPDataError(code, resp)
smtplib.SMTPDataError: (550, b'5.2.0 LYACwADWrmakW Spam Rejected')
2026-05-09 04:15:38,272 [INFO] presentation.associados.associados_controller - ❌ [813/846] ERRO: (550, b'5.2.0 LYACwADWrmakW Spam Rejected') → ana.2000indouro@gmail.com
2026-05-09 04:15:57,012 [INFO] application.email.email_sender - [814/846] OK → jfatavares@gmail.com
2026-05-09 04:15:57,012 [INFO] presentation.associados.associados_controller - [814/846] OK → jfatavares@gmail.com
2026-05-09 04:16:14,285 [ERROR] application.email.email_sender - [815/846] ERRO → jose.cabral.trindade@gmail.com
Traceback (most recent call last):
  File "G:\.shortcut-targets-by-id\1NsBCziGNFjlQ-f8QRcezPsKVP9QzGdp0\APPs\atrpt\application\email\email_sender.py", line 318, in send_batch
    self.smtp.send(mime, recipients)
  File "G:\.shortcut-targets-by-id\1NsBCziGNFjlQ-f8QRcezPsKVP9QzGdp0\APPs\atrpt\infrastructure\email\smtp_client.py", line 108, in send
    self._smtp.send_message(mime, to_addrs=recipients)
  File "C:\envs\atrpt\Lib\smtplib.py", line 975, in send_message
    return self.sendmail(from_addr, to_addrs, flatmsg, mail_options,
           ^^^^^^^^^^^^^^^^^^^^^^^^^^^^^^^^^^^^^^^^^^^^^^^^^^^^^^^^^
  File "C:\envs\atrpt\Lib\smtplib.py", line 897, in sendmail
    raise SMTPDataError(code, resp)
smtplib.SMTPDataError: (550, b'5.2.0 LYAmwuQQ4oBA4 Spam Rejected')
2026-05-09 04:16:14,292 [INFO] presentation.associados.associados_controller - ❌ [815/846] ERRO: (550, b'5.2.0 LYAmwuQQ4oBA4 Spam Rejected') → jose.cabral.trindade@gmail.com
2026-05-09 04:16:33,885 [INFO] application.email.email_sender - [816/846] OK → pintant@sapo.pt
2026-05-09 04:16:33,887 [INFO] presentation.associados.associados_controller - [816/846] OK → pintant@sapo.pt
2026-05-09 04:16:58,953 [ERROR] application.email.email_sender - [817/846] ERRO → rosaspinto@gmail.com
Traceback (most recent call last):
  File "G:\.shortcut-targets-by-id\1NsBCziGNFjlQ-f8QRcezPsKVP9QzGdp0\APPs\atrpt\application\email\email_sender.py", line 318, in send_batch
    self.smtp.send(mime, recipients)
  File "G:\.shortcut-targets-by-id\1NsBCziGNFjlQ-f8QRcezPsKVP9QzGdp0\APPs\atrpt\infrastructure\email\smtp_client.py", line 108, in send
    self._smtp.send_message(mime, to_addrs=recipients)
  File "C:\envs\atrpt\Lib\smtplib.py", line 975, in send_message
    return self.sendmail(from_addr, to_addrs, flatmsg, mail_options,
           ^^^^^^^^^^^^^^^^^^^^^^^^^^^^^^^^^^^^^^^^^^^^^^^^^^^^^^^^^
  File "C:\envs\atrpt\Lib\smtplib.py", line 897, in sendmail
    raise SMTPDataError(code, resp)
smtplib.SMTPDataError: (550, b'5.2.0 LYBPwy8JAPqNc Spam Rejected')
2026-05-09 04:16:58,962 [INFO] presentation.associados.associados_controller - ❌ [817/846] ERRO: (550, b'5.2.0 LYBPwy8JAPqNc Spam Rejected') → rosaspinto@gmail.com
2026-05-09 04:17:18,973 [INFO] application.email.email_sender - [818/846] OK → mariagracindavieira64@gmail.com
2026-05-09 04:17:18,980 [INFO] presentation.associados.associados_controller - [818/846] OK → mariagracindavieira64@gmail.com
2026-05-09 04:17:37,542 [ERROR] application.email.email_sender - [819/846] ERRO → a.j.f.simoes1955@gmail.com
Traceback (most recent call last):
  File "G:\.shortcut-targets-by-id\1NsBCziGNFjlQ-f8QRcezPsKVP9QzGdp0\APPs\atrpt\application\email\email_sender.py", line 318, in send_batch
    self.smtp.send(mime, recipients)
  File "G:\.shortcut-targets-by-id\1NsBCziGNFjlQ-f8QRcezPsKVP9QzGdp0\APPs\atrpt\infrastructure\email\smtp_client.py", line 108, in send
    self._smtp.send_message(mime, to_addrs=recipients)
  File "C:\envs\atrpt\Lib\smtplib.py", line 975, in send_message
    return self.sendmail(from_addr, to_addrs, flatmsg, mail_options,
           ^^^^^^^^^^^^^^^^^^^^^^^^^^^^^^^^^^^^^^^^^^^^^^^^^^^^^^^^^
  File "C:\envs\atrpt\Lib\smtplib.py", line 897, in sendmail
    raise SMTPDataError(code, resp)
smtplib.SMTPDataError: (550, b'5.2.0 LYC7wuRukoBA4 Spam Rejected')
2026-05-09 04:17:37,556 [INFO] presentation.associados.associados_controller - ❌ [819/846] ERRO: (550, b'5.2.0 LYC7wuRukoBA4 Spam Rejected') → a.j.f.simoes1955@gmail.com
2026-05-09 04:17:53,332 [INFO] application.email.email_sender - [820/846] OK → cristina.m.loureiro@sapo.pt
2026-05-09 04:17:53,335 [INFO] presentation.associados.associados_controller - [820/846] OK → cristina.m.loureiro@sapo.pt
2026-05-09 04:18:12,072 [ERROR] application.email.email_sender - [821/846] ERRO → ferreira-d-silva@sapo.pt
Traceback (most recent call last):
  File "G:\.shortcut-targets-by-id\1NsBCziGNFjlQ-f8QRcezPsKVP9QzGdp0\APPs\atrpt\application\email\email_sender.py", line 318, in send_batch
    self.smtp.send(mime, recipients)
  File "G:\.shortcut-targets-by-id\1NsBCziGNFjlQ-f8QRcezPsKVP9QzGdp0\APPs\atrpt\infrastructure\email\smtp_client.py", line 108, in send
    self._smtp.send_message(mime, to_addrs=recipients)
  File "C:\envs\atrpt\Lib\smtplib.py", line 975, in send_message
    return self.sendmail(from_addr, to_addrs, flatmsg, mail_options,
           ^^^^^^^^^^^^^^^^^^^^^^^^^^^^^^^^^^^^^^^^^^^^^^^^^^^^^^^^^
  File "C:\envs\atrpt\Lib\smtplib.py", line 897, in sendmail
    raise SMTPDataError(code, resp)
smtplib.SMTPDataError: (550, b'5.2.0 LYCgwy9nKPqNc Spam Rejected')
2026-05-09 04:18:12,082 [INFO] presentation.associados.associados_controller - ❌ [821/846] ERRO: (550, b'5.2.0 LYCgwy9nKPqNc Spam Rejected') → ferreira-d-silva@sapo.pt
2026-05-09 04:18:27,471 [INFO] application.email.email_sender - [822/846] OK → jorgenuno04@gmail.com
2026-05-09 04:18:27,473 [INFO] presentation.associados.associados_controller - [822/846] OK → jorgenuno04@gmail.com
2026-05-09 04:18:42,734 [ERROR] application.email.email_sender - [823/846] ERRO → alexandre_filipe_queiros@yahoo.com
Traceback (most recent call last):
  File "G:\.shortcut-targets-by-id\1NsBCziGNFjlQ-f8QRcezPsKVP9QzGdp0\APPs\atrpt\application\email\email_sender.py", line 318, in send_batch
    self.smtp.send(mime, recipients)
  File "G:\.shortcut-targets-by-id\1NsBCziGNFjlQ-f8QRcezPsKVP9QzGdp0\APPs\atrpt\infrastructure\email\smtp_client.py", line 108, in send
    self._smtp.send_message(mime, to_addrs=recipients)
  File "C:\envs\atrpt\Lib\smtplib.py", line 975, in send_message
    return self.sendmail(from_addr, to_addrs, flatmsg, mail_options,
           ^^^^^^^^^^^^^^^^^^^^^^^^^^^^^^^^^^^^^^^^^^^^^^^^^^^^^^^^^
  File "C:\envs\atrpt\Lib\smtplib.py", line 897, in sendmail
    raise SMTPDataError(code, resp)
smtplib.SMTPDataError: (550, b'5.2.0 LYDBwcdP6UbIP Spam Rejected')
2026-05-09 04:18:42,750 [INFO] presentation.associados.associados_controller - ❌ [823/846] ERRO: (550, b'5.2.0 LYDBwcdP6UbIP Spam Rejected') → alexandre_filipe_queiros@yahoo.com
2026-05-09 04:19:01,827 [INFO] application.email.email_sender - [824/846] OK → filipaespinhanunes@gmail.com
2026-05-09 04:19:01,829 [INFO] presentation.associados.associados_controller - [824/846] OK → filipaespinhanunes@gmail.com
2026-05-09 04:19:21,442 [ERROR] application.email.email_sender - [825/846] ERRO → magui2017@sapo.pt
Traceback (most recent call last):
  File "G:\.shortcut-targets-by-id\1NsBCziGNFjlQ-f8QRcezPsKVP9QzGdp0\APPs\atrpt\application\email\email_sender.py", line 318, in send_batch
    self.smtp.send(mime, recipients)
  File "G:\.shortcut-targets-by-id\1NsBCziGNFjlQ-f8QRcezPsKVP9QzGdp0\APPs\atrpt\infrastructure\email\smtp_client.py", line 108, in send
    self._smtp.send_message(mime, to_addrs=recipients)
  File "C:\envs\atrpt\Lib\smtplib.py", line 975, in send_message
    return self.sendmail(from_addr, to_addrs, flatmsg, mail_options,
           ^^^^^^^^^^^^^^^^^^^^^^^^^^^^^^^^^^^^^^^^^^^^^^^^^^^^^^^^^
  File "C:\envs\atrpt\Lib\smtplib.py", line 897, in sendmail
    raise SMTPDataError(code, resp)
smtplib.SMTPDataError: (550, b'5.2.0 LYDnwAdkcdK1E Spam Rejected')
2026-05-09 04:19:21,454 [INFO] presentation.associados.associados_controller - ❌ [825/846] ERRO: (550, b'5.2.0 LYDnwAdkcdK1E Spam Rejected') → magui2017@sapo.pt
2026-05-09 04:19:39,573 [INFO] application.email.email_sender - [826/846] OK → ema.caseiro@gmail.com
2026-05-09 04:19:39,581 [INFO] presentation.associados.associados_controller - [826/846] OK → ema.caseiro@gmail.com
2026-05-09 04:19:58,612 [ERROR] application.email.email_sender - [827/846] ERRO → alicetramos@gmail.com
Traceback (most recent call last):
  File "G:\.shortcut-targets-by-id\1NsBCziGNFjlQ-f8QRcezPsKVP9QzGdp0\APPs\atrpt\application\email\email_sender.py", line 318, in send_batch
    self.smtp.send(mime, recipients)
  File "G:\.shortcut-targets-by-id\1NsBCziGNFjlQ-f8QRcezPsKVP9QzGdp0\APPs\atrpt\infrastructure\email\smtp_client.py", line 108, in send
    self._smtp.send_message(mime, to_addrs=recipients)
  File "C:\envs\atrpt\Lib\smtplib.py", line 975, in send_message
    return self.sendmail(from_addr, to_addrs, flatmsg, mail_options,
           ^^^^^^^^^^^^^^^^^^^^^^^^^^^^^^^^^^^^^^^^^^^^^^^^^^^^^^^^^
  File "C:\envs\atrpt\Lib\smtplib.py", line 897, in sendmail
    raise SMTPDataError(code, resp)
smtplib.SMTPDataError: (550, b'5.2.0 LYEPwuTn4oBA4 Spam Rejected')
2026-05-09 04:19:58,625 [INFO] presentation.associados.associados_controller - ❌ [827/846] ERRO: (550, b'5.2.0 LYEPwuTn4oBA4 Spam Rejected') → alicetramos@gmail.com
2026-05-09 04:20:16,202 [INFO] application.email.email_sender - [828/846] OK → anabelatedim@gmail.com
2026-05-09 04:20:16,208 [INFO] presentation.associados.associados_controller - [828/846] OK → anabelatedim@gmail.com
2026-05-09 04:20:35,380 [ERROR] application.email.email_sender - [829/846] ERRO → carlos.ferreira.braga@gmail.com
Traceback (most recent call last):
  File "G:\.shortcut-targets-by-id\1NsBCziGNFjlQ-f8QRcezPsKVP9QzGdp0\APPs\atrpt\application\email\email_sender.py", line 318, in send_batch
    self.smtp.send(mime, recipients)
  File "G:\.shortcut-targets-by-id\1NsBCziGNFjlQ-f8QRcezPsKVP9QzGdp0\APPs\atrpt\infrastructure\email\smtp_client.py", line 108, in send
    self._smtp.send_message(mime, to_addrs=recipients)
  File "C:\envs\atrpt\Lib\smtplib.py", line 975, in send_message
    return self.sendmail(from_addr, to_addrs, flatmsg, mail_options,
           ^^^^^^^^^^^^^^^^^^^^^^^^^^^^^^^^^^^^^^^^^^^^^^^^^^^^^^^^^
  File "C:\envs\atrpt\Lib\smtplib.py", line 897, in sendmail
    raise SMTPDataError(code, resp)
smtplib.SMTPDataError: (550, b'5.2.0 LYEzwJOvvSMHl Spam Rejected')
2026-05-09 04:20:35,382 [INFO] presentation.associados.associados_controller - ❌ [829/846] ERRO: (550, b'5.2.0 LYEzwJOvvSMHl Spam Rejected') → carlos.ferreira.braga@gmail.com
2026-05-09 04:20:51,942 [INFO] application.email.email_sender - [830/846] OK → mclaramsousa@sapo.pt
2026-05-09 04:20:51,942 [INFO] presentation.associados.associados_controller - [830/846] OK → mclaramsousa@sapo.pt
2026-05-09 04:21:16,584 [ERROR] application.email.email_sender - [831/846] ERRO → marcio-rocha@sapo.pt
Traceback (most recent call last):
  File "G:\.shortcut-targets-by-id\1NsBCziGNFjlQ-f8QRcezPsKVP9QzGdp0\APPs\atrpt\application\email\email_sender.py", line 318, in send_batch
    self.smtp.send(mime, recipients)
  File "G:\.shortcut-targets-by-id\1NsBCziGNFjlQ-f8QRcezPsKVP9QzGdp0\APPs\atrpt\infrastructure\email\smtp_client.py", line 108, in send
    self._smtp.send_message(mime, to_addrs=recipients)
  File "C:\envs\atrpt\Lib\smtplib.py", line 975, in send_message
    return self.sendmail(from_addr, to_addrs, flatmsg, mail_options,
           ^^^^^^^^^^^^^^^^^^^^^^^^^^^^^^^^^^^^^^^^^^^^^^^^^^^^^^^^^
  File "C:\envs\atrpt\Lib\smtplib.py", line 897, in sendmail
    raise SMTPDataError(code, resp)
smtplib.SMTPDataError: (550, b'5.2.0 LYFfwuUrOoBA4 Spam Rejected')
2026-05-09 04:21:16,599 [INFO] presentation.associados.associados_controller - ❌ [831/846] ERRO: (550, b'5.2.0 LYFfwuUrOoBA4 Spam Rejected') → marcio-rocha@sapo.pt
2026-05-09 04:21:31,832 [INFO] application.email.email_sender - [832/846] OK → zeanlopica@gmail.com
2026-05-09 04:21:31,844 [INFO] presentation.associados.associados_controller - [832/846] OK → zeanlopica@gmail.com
2026-05-09 04:21:52,569 [ERROR] application.email.email_sender - [833/846] ERRO → aldina.r@hotmail.com
Traceback (most recent call last):
  File "G:\.shortcut-targets-by-id\1NsBCziGNFjlQ-f8QRcezPsKVP9QzGdp0\APPs\atrpt\application\email\email_sender.py", line 318, in send_batch
    self.smtp.send(mime, recipients)
  File "G:\.shortcut-targets-by-id\1NsBCziGNFjlQ-f8QRcezPsKVP9QzGdp0\APPs\atrpt\infrastructure\email\smtp_client.py", line 108, in send
    self._smtp.send_message(mime, to_addrs=recipients)
  File "C:\envs\atrpt\Lib\smtplib.py", line 975, in send_message
    return self.sendmail(from_addr, to_addrs, flatmsg, mail_options,
           ^^^^^^^^^^^^^^^^^^^^^^^^^^^^^^^^^^^^^^^^^^^^^^^^^^^^^^^^^
  File "C:\envs\atrpt\Lib\smtplib.py", line 897, in sendmail
    raise SMTPDataError(code, resp)
smtplib.SMTPDataError: (550, b'5.2.0 LYGDwyCwDPqNc Spam Rejected')
2026-05-09 04:21:52,572 [INFO] presentation.associados.associados_controller - ❌ [833/846] ERRO: (550, b'5.2.0 LYGDwyCwDPqNc Spam Rejected') → aldina.r@hotmail.com
2026-05-09 04:22:07,822 [INFO] application.email.email_sender - [834/846] OK → spgest@sapo.pt
2026-05-09 04:22:07,830 [INFO] presentation.associados.associados_controller - [834/846] OK → spgest@sapo.pt
2026-05-09 04:22:31,552 [ERROR] application.email.email_sender - [835/846] ERRO → joana_nunes@sapo.pt
Traceback (most recent call last):
  File "G:\.shortcut-targets-by-id\1NsBCziGNFjlQ-f8QRcezPsKVP9QzGdp0\APPs\atrpt\application\email\email_sender.py", line 318, in send_batch
    self.smtp.send(mime, recipients)
  File "G:\.shortcut-targets-by-id\1NsBCziGNFjlQ-f8QRcezPsKVP9QzGdp0\APPs\atrpt\infrastructure\email\smtp_client.py", line 108, in send
    self._smtp.send_message(mime, to_addrs=recipients)
  File "C:\envs\atrpt\Lib\smtplib.py", line 975, in send_message
    return self.sendmail(from_addr, to_addrs, flatmsg, mail_options,
           ^^^^^^^^^^^^^^^^^^^^^^^^^^^^^^^^^^^^^^^^^^^^^^^^^^^^^^^^^
  File "C:\envs\atrpt\Lib\smtplib.py", line 897, in sendmail
    raise SMTPDataError(code, resp)
smtplib.SMTPDataError: (550, b'5.2.0 LYGswJQaxSMHl Spam Rejected')
2026-05-09 04:22:31,562 [INFO] presentation.associados.associados_controller - ❌ [835/846] ERRO: (550, b'5.2.0 LYGswJQaxSMHl Spam Rejected') → joana_nunes@sapo.pt
2026-05-09 04:22:50,392 [INFO] application.email.email_sender - [836/846] OK → adrianapinto@ordemsaofrancisco.pt
2026-05-09 04:22:50,402 [INFO] presentation.associados.associados_controller - [836/846] OK → adrianapinto@ordemsaofrancisco.pt
2026-05-09 04:23:04,063 [ERROR] application.email.email_sender - [837/846] ERRO → sonia.g.carvalho@sapo.pt
Traceback (most recent call last):
  File "G:\.shortcut-targets-by-id\1NsBCziGNFjlQ-f8QRcezPsKVP9QzGdp0\APPs\atrpt\application\email\email_sender.py", line 318, in send_batch
    self.smtp.send(mime, recipients)
  File "G:\.shortcut-targets-by-id\1NsBCziGNFjlQ-f8QRcezPsKVP9QzGdp0\APPs\atrpt\infrastructure\email\smtp_client.py", line 108, in send
    self._smtp.send_message(mime, to_addrs=recipients)
  File "C:\envs\atrpt\Lib\smtplib.py", line 975, in send_message
    return self.sendmail(from_addr, to_addrs, flatmsg, mail_options,
           ^^^^^^^^^^^^^^^^^^^^^^^^^^^^^^^^^^^^^^^^^^^^^^^^^^^^^^^^^
  File "C:\envs\atrpt\Lib\smtplib.py", line 897, in sendmail
    raise SMTPDataError(code, resp)
smtplib.SMTPDataError: (550, b'5.2.0 LYHOwAKGMmakW Spam Rejected')
2026-05-09 04:23:04,079 [INFO] presentation.associados.associados_controller - ❌ [837/846] ERRO: (550, b'5.2.0 LYHOwAKGMmakW Spam Rejected') → sonia.g.carvalho@sapo.pt
2026-05-09 04:23:20,623 [INFO] application.email.email_sender - [838/846] OK → martinsferreira@net.sapo.pt
2026-05-09 04:23:20,632 [INFO] presentation.associados.associados_controller - [838/846] OK → martinsferreira@net.sapo.pt
2026-05-09 04:23:34,786 [ERROR] application.email.email_sender - [839/846] ERRO → carlos.a.moreira@sapo.pt
Traceback (most recent call last):
  File "G:\.shortcut-targets-by-id\1NsBCziGNFjlQ-f8QRcezPsKVP9QzGdp0\APPs\atrpt\application\email\email_sender.py", line 318, in send_batch
    self.smtp.send(mime, recipients)
  File "G:\.shortcut-targets-by-id\1NsBCziGNFjlQ-f8QRcezPsKVP9QzGdp0\APPs\atrpt\infrastructure\email\smtp_client.py", line 108, in send
    self._smtp.send_message(mime, to_addrs=recipients)
  File "C:\envs\atrpt\Lib\smtplib.py", line 975, in send_message
    return self.sendmail(from_addr, to_addrs, flatmsg, mail_options,
           ^^^^^^^^^^^^^^^^^^^^^^^^^^^^^^^^^^^^^^^^^^^^^^^^^^^^^^^^^
  File "C:\envs\atrpt\Lib\smtplib.py", line 897, in sendmail
    raise SMTPDataError(code, resp)
smtplib.SMTPDataError: (550, b'5.2.0 LYHtwyEMAPqNc Spam Rejected')
2026-05-09 04:23:34,792 [INFO] presentation.associados.associados_controller - ❌ [839/846] ERRO: (550, b'5.2.0 LYHtwyEMAPqNc Spam Rejected') → carlos.a.moreira@sapo.pt
2026-05-09 04:23:52,149 [INFO] application.email.email_sender - [840/846] OK → m.alexandra.gouveia@sapo.pt
2026-05-09 04:23:52,153 [INFO] presentation.associados.associados_controller - [840/846] OK → m.alexandra.gouveia@sapo.pt
2026-05-09 04:24:09,742 [ERROR] application.email.email_sender - [841/846] ERRO → fernandanunesmoreira@gmail.com
Traceback (most recent call last):
  File "G:\.shortcut-targets-by-id\1NsBCziGNFjlQ-f8QRcezPsKVP9QzGdp0\APPs\atrpt\application\email\email_sender.py", line 318, in send_batch
    self.smtp.send(mime, recipients)
  File "G:\.shortcut-targets-by-id\1NsBCziGNFjlQ-f8QRcezPsKVP9QzGdp0\APPs\atrpt\infrastructure\email\smtp_client.py", line 108, in send
    self._smtp.send_message(mime, to_addrs=recipients)
  File "C:\envs\atrpt\Lib\smtplib.py", line 975, in send_message
    return self.sendmail(from_addr, to_addrs, flatmsg, mail_options,
           ^^^^^^^^^^^^^^^^^^^^^^^^^^^^^^^^^^^^^^^^^^^^^^^^^^^^^^^^^
  File "C:\envs\atrpt\Lib\smtplib.py", line 897, in sendmail
    raise SMTPDataError(code, resp)
smtplib.SMTPDataError: (550, b'5.2.0 LYINwchqpUbIP Spam Rejected')
2026-05-09 04:24:09,752 [INFO] presentation.associados.associados_controller - ❌ [841/846] ERRO: (550, b'5.2.0 LYINwchqpUbIP Spam Rejected') → fernandanunesmoreira@gmail.com
2026-05-09 04:24:22,286 [INFO] application.email.email_sender - [842/846] OK → rui.felizes@oocn.eu
2026-05-09 04:24:22,286 [INFO] presentation.associados.associados_controller - [842/846] OK → rui.felizes@oocn.eu
2026-05-09 04:24:38,372 [ERROR] application.email.email_sender - [843/846] ERRO → vilhena.fatima@gmail.com
Traceback (most recent call last):
  File "G:\.shortcut-targets-by-id\1NsBCziGNFjlQ-f8QRcezPsKVP9QzGdp0\APPs\atrpt\application\email\email_sender.py", line 318, in send_batch
    self.smtp.send(mime, recipients)
  File "G:\.shortcut-targets-by-id\1NsBCziGNFjlQ-f8QRcezPsKVP9QzGdp0\APPs\atrpt\infrastructure\email\smtp_client.py", line 108, in send
    self._smtp.send_message(mime, to_addrs=recipients)
  File "C:\envs\atrpt\Lib\smtplib.py", line 975, in send_message
    return self.sendmail(from_addr, to_addrs, flatmsg, mail_options,
           ^^^^^^^^^^^^^^^^^^^^^^^^^^^^^^^^^^^^^^^^^^^^^^^^^^^^^^^^^
  File "C:\envs\atrpt\Lib\smtplib.py", line 897, in sendmail
    raise SMTPDataError(code, resp)
smtplib.SMTPDataError: (550, b'5.2.0 LYIuwyFPoPqNc Spam Rejected')
2026-05-09 04:24:38,392 [INFO] presentation.associados.associados_controller - ❌ [843/846] ERRO: (550, b'5.2.0 LYIuwyFPoPqNc Spam Rejected') → vilhena.fatima@gmail.com
2026-05-09 04:24:54,291 [INFO] application.email.email_sender - [844/846] OK → aidapinto62@gmail.com
2026-05-09 04:24:54,293 [INFO] presentation.associados.associados_controller - [844/846] OK → aidapinto62@gmail.com
2026-05-09 04:25:13,042 [ERROR] application.email.email_sender - [845/846] ERRO → franciscoorgebasadre@gmail.com
Traceback (most recent call last):
  File "G:\.shortcut-targets-by-id\1NsBCziGNFjlQ-f8QRcezPsKVP9QzGdp0\APPs\atrpt\application\email\email_sender.py", line 318, in send_batch
    self.smtp.send(mime, recipients)
  File "G:\.shortcut-targets-by-id\1NsBCziGNFjlQ-f8QRcezPsKVP9QzGdp0\APPs\atrpt\infrastructure\email\smtp_client.py", line 108, in send
    self._smtp.send_message(mime, to_addrs=recipients)
  File "C:\envs\atrpt\Lib\smtplib.py", line 975, in send_message
    return self.sendmail(from_addr, to_addrs, flatmsg, mail_options,
           ^^^^^^^^^^^^^^^^^^^^^^^^^^^^^^^^^^^^^^^^^^^^^^^^^^^^^^^^^
  File "C:\envs\atrpt\Lib\smtplib.py", line 897, in sendmail
    raise SMTPDataError(code, resp)
smtplib.SMTPDataError: (550, b'5.2.0 LYJTwuY9ZoBA4 Spam Rejected')
2026-05-09 04:25:13,052 [INFO] presentation.associados.associados_controller - ❌ [845/846] ERRO: (550, b'5.2.0 LYJTwuY9ZoBA4 Spam Rejected') → franciscoorgebasadre@gmail.com
2026-05-09 04:25:28,072 [INFO] application.email.email_sender - [846/846] OK → jf1958@sapo.pt
2026-05-09 04:25:28,081 [INFO] presentation.associados.associados_controller - [846/846] OK → jf1958@sapo.pt
2026-05-09 04:25:34,195 [INFO] application.email.email_sender - SMTP desconectado após lote 17
2026-05-09 04:25:34,895 [INFO] application.email.email_sender - 💾 Guardado (lote 17)
2026-05-09 04:25:34,899 [INFO] presentation.associados.associados_controller - 💾 Guardado (lote 17)
2026-05-09 04:25:34,904 [INFO] application.email.email_sender - Envio concluído. OK: 668 | ERRO: 178
2026-05-09 04:25:34,913 [INFO] presentation.associados.associados_controller - 
✨ Envio concluído.
2026-05-09 04:25:34,913 [INFO] presentation.associados.associados_controller - 📊 OK: 668 | ERRO: 178
2026-05-09 04:25:35,666 [INFO] application.email.email_sender - 💾 Guardado (final)
2026-05-09 04:25:35,676 [INFO] presentation.associados.associados_controller - 💾 Guardado (final)
2026-05-09 04:31:26,343 [INFO] presentation.associados.associados_controller - Envio cancelado: template não selecionado
2026-05-10 09:38:52,864 [INFO] presentation.associados.associados_controller - Envio cancelado: template não selecionado
2026-05-10 09:41:21,679 [INFO] presentation.associados.associados_controller - ✅ Template selecionado: JornalMaio26.docx
2026-05-10 09:41:24,763 [INFO] presentation.associados.associados_controller - ✅ Anexo: Jornal ATRPT maio de 2026.pdf
2026-05-10 09:41:26,868 [INFO] presentation.associados.associados_controller - ✅ Anexos: Jornal ATRPT maio de 2026.pdf
2026-05-10 09:41:40,945 [INFO] presentation.associados.associados_controller - 📄 Ficheiro: JornalMaio26.docx_20260508_1803.xlsx
2026-05-10 09:41:55,498 [INFO] presentation.associados.associados_controller - Envio cancelado: template não selecionado
2026-05-10 12:17:46,310 [INFO] presentation.associados.associados_controller - 🔍 Analisando mensagens...
2026-05-10 12:17:46,676 [INFO] presentation.associados.associados_controller - 
📊 Estatísticas:
2026-05-10 12:17:46,676 [INFO] presentation.associados.associados_controller -    Total: 846
2026-05-10 12:17:46,676 [INFO] presentation.associados.associados_controller -    Válidos: 846
2026-05-10 12:17:46,676 [INFO] presentation.associados.associados_controller -    Inválidos: 0
2026-05-10 12:41:30,727 [INFO] presentation.associados.associados_controller - 🔍 Analisando mensagens...
2026-05-10 12:41:31,077 [INFO] presentation.associados.associados_controller - 
📊 Estatísticas:
2026-05-10 12:41:31,077 [INFO] presentation.associados.associados_controller -    Total: 846
2026-05-10 12:41:31,093 [INFO] presentation.associados.associados_controller -    Válidos: 846
2026-05-10 12:41:31,093 [INFO] presentation.associados.associados_controller -    Inválidos: 0
2026-05-10 12:41:31,093 [INFO] presentation.associados.associados_controller -    A enviar: 178
2026-05-10 12:58:27,995 [INFO] presentation.associados.associados_controller - Ficheiro: JornalMaio26.docx_20260508_1803.xlsx
2026-05-10 12:58:27,995 [INFO] presentation.associados.associados_controller - Total de registos: 846 | Já enviados (OK):  668 | Com erro:          0 | Por enviar:        178
2026-05-10 12:58:27,995 [INFO] presentation.associados.associados_controller - A iniciar envio...
2026-05-10 12:58:28,171 [INFO] presentation.associados.associados_controller - 🚀 Iniciando envio de 178 emails
2026-05-10 12:58:28,376 [INFO] application.email.email_sender - LOTE 1/4 — 50 emails
2026-05-10 12:58:28,376 [INFO] presentation.associados.associados_controller - 
📦 LOTE 1/4 — 50 emails
2026-05-10 12:58:28,742 [INFO] application.email.email_sender - SMTP conectado para lote 1
2026-05-10 12:58:29,558 [INFO] application.email.email_sender - [1/178] OK → livia.c.pintocardoso@gmail.com
2026-05-10 12:58:29,558 [INFO] presentation.associados.associados_controller - [1/178] OK → livia.c.pintocardoso@gmail.com
2026-05-10 12:59:00,466 [INFO] application.email.email_sender - [2/178] OK → jkosta@sapo.pt
2026-05-10 12:59:00,466 [INFO] presentation.associados.associados_controller - [2/178] OK → jkosta@sapo.pt
2026-05-10 12:59:25,608 [INFO] application.email.email_sender - [3/178] OK → carlosomvieira@gmail.com
2026-05-10 12:59:25,624 [INFO] presentation.associados.associados_controller - [3/178] OK → carlosomvieira@gmail.com
2026-05-10 12:59:44,806 [INFO] application.email.email_sender - [4/178] OK → j.luisnunes@sapo.pt
2026-05-10 12:59:44,810 [INFO] presentation.associados.associados_controller - [4/178] OK → j.luisnunes@sapo.pt
2026-05-10 12:59:54,951 [INFO] application.email.email_sender - [5/178] OK → rosa.d.sousa1968@gmail.com
2026-05-10 12:59:54,967 [INFO] presentation.associados.associados_controller - [5/178] OK → rosa.d.sousa1968@gmail.com
2026-05-10 13:00:01,098 [ERROR] application.email.email_sender - [6/178] ERRO → fernando.araujo@sapo.pt
Traceback (most recent call last):
  File "G:\.shortcut-targets-by-id\1NsBCziGNFjlQ-f8QRcezPsKVP9QzGdp0\APPs\atrpt\application\email\email_sender.py", line 322, in send_batch
    self.smtp.send(mime, recipients)
  File "G:\.shortcut-targets-by-id\1NsBCziGNFjlQ-f8QRcezPsKVP9QzGdp0\APPs\atrpt\infrastructure\email\smtp_client.py", line 108, in send
    self._smtp.send_message(mime, to_addrs=recipients)
  File "C:\Users\Utilizador\AppData\Local\Programs\Python\Python311\Lib\smtplib.py", line 986, in send_message
    return self.sendmail(from_addr, to_addrs, flatmsg, mail_options,
           ^^^^^^^^^^^^^^^^^^^^^^^^^^^^^^^^^^^^^^^^^^^^^^^^^^^^^^^^^
  File "C:\Users\Utilizador\AppData\Local\Programs\Python\Python311\Lib\smtplib.py", line 908, in sendmail
    raise SMTPDataError(code, resp)
smtplib.SMTPDataError: (550, b'5.2.0 M2nhwg8z1dK1E Spam Rejected')
2026-05-10 13:00:01,174 [INFO] presentation.associados.associados_controller - ❌ [6/178] ERRO: (550, b'5.2.0 M2nhwg8z1dK1E Spam Rejected') → fernando.araujo@sapo.pt
2026-05-10 13:00:01,220 [INFO] application.email.email_sender - Spam rejection — pausa extra de 33s
2026-05-10 13:00:01,220 [INFO] presentation.associados.associados_controller - ⏸️ Spam rejection — pausa extra de 33s
2026-05-10 13:00:41,222 [INFO] application.email.email_sender - [7/178] OK → juliaprima@sapo.pt
2026-05-10 13:00:41,222 [INFO] presentation.associados.associados_controller - [7/178] OK → juliaprima@sapo.pt
2026-05-10 13:00:54,223 [INFO] application.email.email_sender - [8/178] OK → m.carmo.s.cruz@sapo.pt
2026-05-10 13:00:54,223 [INFO] presentation.associados.associados_controller - [8/178] OK → m.carmo.s.cruz@sapo.pt
2026-05-10 13:01:04,552 [INFO] application.email.email_sender - [9/178] OK → jorgedaom@gmail.com
2026-05-10 13:01:04,553 [INFO] presentation.associados.associados_controller - [9/178] OK → jorgedaom@gmail.com
2026-05-10 13:01:11,117 [INFO] application.email.email_sender - [10/178] OK → mjorgeqsilva@sapo.pt
2026-05-10 13:01:11,122 [INFO] presentation.associados.associados_controller - [10/178] OK → mjorgeqsilva@sapo.pt
2026-05-10 13:01:20,317 [INFO] application.email.email_sender - [11/178] OK → bernardonalves@gmail.com
2026-05-10 13:01:20,328 [INFO] presentation.associados.associados_controller - [11/178] OK → bernardonalves@gmail.com
2026-05-10 13:01:27,199 [ERROR] application.email.email_sender - [12/178] ERRO → agiselaf@hotmail.com
Traceback (most recent call last):
  File "G:\.shortcut-targets-by-id\1NsBCziGNFjlQ-f8QRcezPsKVP9QzGdp0\APPs\atrpt\application\email\email_sender.py", line 322, in send_batch
    self.smtp.send(mime, recipients)
  File "G:\.shortcut-targets-by-id\1NsBCziGNFjlQ-f8QRcezPsKVP9QzGdp0\APPs\atrpt\infrastructure\email\smtp_client.py", line 108, in send
    self._smtp.send_message(mime, to_addrs=recipients)
  File "C:\Users\Utilizador\AppData\Local\Programs\Python\Python311\Lib\smtplib.py", line 986, in send_message
    return self.sendmail(from_addr, to_addrs, flatmsg, mail_options,
           ^^^^^^^^^^^^^^^^^^^^^^^^^^^^^^^^^^^^^^^^^^^^^^^^^^^^^^^^^
  File "C:\Users\Utilizador\AppData\Local\Programs\Python\Python311\Lib\smtplib.py", line 908, in sendmail
    raise SMTPDataError(code, resp)
smtplib.SMTPDataError: (550, b'5.2.0 M2ppw86tLUbIP Spam Rejected')
2026-05-10 13:01:27,205 [INFO] presentation.associados.associados_controller - ❌ [12/178] ERRO: (550, b'5.2.0 M2ppw86tLUbIP Spam Rejected') → agiselaf@hotmail.com
2026-05-10 13:01:27,207 [INFO] application.email.email_sender - Spam rejection — pausa extra de 32s
2026-05-10 13:01:27,211 [INFO] presentation.associados.associados_controller - ⏸️ Spam rejection — pausa extra de 32s
2026-05-10 13:02:07,236 [ERROR] application.email.email_sender - [13/178] ERRO → foctavio@sapo.pt
Traceback (most recent call last):
  File "G:\.shortcut-targets-by-id\1NsBCziGNFjlQ-f8QRcezPsKVP9QzGdp0\APPs\atrpt\application\email\email_sender.py", line 322, in send_batch
    self.smtp.send(mime, recipients)
  File "G:\.shortcut-targets-by-id\1NsBCziGNFjlQ-f8QRcezPsKVP9QzGdp0\APPs\atrpt\infrastructure\email\smtp_client.py", line 108, in send
    self._smtp.send_message(mime, to_addrs=recipients)
  File "C:\Users\Utilizador\AppData\Local\Programs\Python\Python311\Lib\smtplib.py", line 986, in send_message
    return self.sendmail(from_addr, to_addrs, flatmsg, mail_options,
           ^^^^^^^^^^^^^^^^^^^^^^^^^^^^^^^^^^^^^^^^^^^^^^^^^^^^^^^^^
  File "C:\Users\Utilizador\AppData\Local\Programs\Python\Python311\Lib\smtplib.py", line 908, in sendmail
    raise SMTPDataError(code, resp)
smtplib.SMTPDataError: (550, b'5.2.0 M2rDwfkOomakW Spam Rejected')
2026-05-10 13:02:07,252 [INFO] presentation.associados.associados_controller - ❌ [13/178] ERRO: (550, b'5.2.0 M2rDwfkOomakW Spam Rejected') → foctavio@sapo.pt
2026-05-10 13:02:07,252 [INFO] application.email.email_sender - Spam rejection — pausa extra de 51s
2026-05-10 13:02:07,268 [INFO] presentation.associados.associados_controller - ⏸️ Spam rejection — pausa extra de 51s
2026-05-10 13:03:10,654 [ERROR] application.email.email_sender - [14/178] ERRO → cesar.m.correia@sapo.pt
Traceback (most recent call last):
  File "G:\.shortcut-targets-by-id\1NsBCziGNFjlQ-f8QRcezPsKVP9QzGdp0\APPs\atrpt\application\email\email_sender.py", line 322, in send_batch
    self.smtp.send(mime, recipients)
  File "G:\.shortcut-targets-by-id\1NsBCziGNFjlQ-f8QRcezPsKVP9QzGdp0\APPs\atrpt\infrastructure\email\smtp_client.py", line 108, in send
    self._smtp.send_message(mime, to_addrs=recipients)
  File "C:\Users\Utilizador\AppData\Local\Programs\Python\Python311\Lib\smtplib.py", line 986, in send_message
    return self.sendmail(from_addr, to_addrs, flatmsg, mail_options,
           ^^^^^^^^^^^^^^^^^^^^^^^^^^^^^^^^^^^^^^^^^^^^^^^^^^^^^^^^^
  File "C:\Users\Utilizador\AppData\Local\Programs\Python\Python311\Lib\smtplib.py", line 908, in sendmail
    raise SMTPDataError(code, resp)
smtplib.SMTPDataError: (550, b'5.2.0 M2sDw89EUUbIP Spam Rejected')
2026-05-10 13:03:10,681 [INFO] presentation.associados.associados_controller - ❌ [14/178] ERRO: (550, b'5.2.0 M2sDw89EUUbIP Spam Rejected') → cesar.m.correia@sapo.pt
2026-05-10 13:03:10,681 [INFO] application.email.email_sender - Spam rejection — pausa extra de 40s
2026-05-10 13:03:10,690 [INFO] presentation.associados.associados_controller - ⏸️ Spam rejection — pausa extra de 40s
2026-05-10 13:03:59,973 [ERROR] application.email.email_sender - [15/178] ERRO → mariojtc56@gmail.com
Traceback (most recent call last):
  File "G:\.shortcut-targets-by-id\1NsBCziGNFjlQ-f8QRcezPsKVP9QzGdp0\APPs\atrpt\application\email\email_sender.py", line 322, in send_batch
    self.smtp.send(mime, recipients)
  File "G:\.shortcut-targets-by-id\1NsBCziGNFjlQ-f8QRcezPsKVP9QzGdp0\APPs\atrpt\infrastructure\email\smtp_client.py", line 108, in send
    self._smtp.send_message(mime, to_addrs=recipients)
  File "C:\Users\Utilizador\AppData\Local\Programs\Python\Python311\Lib\smtplib.py", line 986, in send_message
    return self.sendmail(from_addr, to_addrs, flatmsg, mail_options,
           ^^^^^^^^^^^^^^^^^^^^^^^^^^^^^^^^^^^^^^^^^^^^^^^^^^^^^^^^^
  File "C:\Users\Utilizador\AppData\Local\Programs\Python\Python311\Lib\smtplib.py", line 908, in sendmail
    raise SMTPDataError(code, resp)
smtplib.SMTPDataError: (550, b'5.2.0 M2t2wfmCNmakW Spam Rejected')
2026-05-10 13:03:59,991 [INFO] presentation.associados.associados_controller - ❌ [15/178] ERRO: (550, b'5.2.0 M2t2wfmCNmakW Spam Rejected') → mariojtc56@gmail.com
2026-05-10 13:03:59,991 [INFO] application.email.email_sender - Spam rejection — pausa extra de 52s
2026-05-10 13:04:00,001 [INFO] presentation.associados.associados_controller - ⏸️ Spam rejection — pausa extra de 52s
2026-05-10 13:05:03,483 [ERROR] application.email.email_sender - [16/178] ERRO → manuelambrenhas@gmail.com
Traceback (most recent call last):
  File "G:\.shortcut-targets-by-id\1NsBCziGNFjlQ-f8QRcezPsKVP9QzGdp0\APPs\atrpt\application\email\email_sender.py", line 322, in send_batch
    self.smtp.send(mime, recipients)
  File "G:\.shortcut-targets-by-id\1NsBCziGNFjlQ-f8QRcezPsKVP9QzGdp0\APPs\atrpt\infrastructure\email\smtp_client.py", line 108, in send
    self._smtp.send_message(mime, to_addrs=recipients)
  File "C:\Users\Utilizador\AppData\Local\Programs\Python\Python311\Lib\smtplib.py", line 986, in send_message
    return self.sendmail(from_addr, to_addrs, flatmsg, mail_options,
           ^^^^^^^^^^^^^^^^^^^^^^^^^^^^^^^^^^^^^^^^^^^^^^^^^^^^^^^^^
  File "C:\Users\Utilizador\AppData\Local\Programs\Python\Python311\Lib\smtplib.py", line 908, in sendmail
    raise SMTPDataError(code, resp)
smtplib.SMTPDataError: (550, b'5.2.0 M2u2wgFRCdK1E Spam Rejected')
2026-05-10 13:05:03,499 [INFO] presentation.associados.associados_controller - ❌ [16/178] ERRO: (550, b'5.2.0 M2u2wgFRCdK1E Spam Rejected') → manuelambrenhas@gmail.com
2026-05-10 13:05:03,516 [INFO] application.email.email_sender - Spam rejection — pausa extra de 40s
2026-05-10 13:05:03,519 [INFO] presentation.associados.associados_controller - ⏸️ Spam rejection — pausa extra de 40s
2026-05-10 13:05:51,233 [ERROR] application.email.email_sender - [17/178] ERRO → fatima.barroso@hotmail.com
Traceback (most recent call last):
  File "G:\.shortcut-targets-by-id\1NsBCziGNFjlQ-f8QRcezPsKVP9QzGdp0\APPs\atrpt\application\email\email_sender.py", line 322, in send_batch
    self.smtp.send(mime, recipients)
  File "G:\.shortcut-targets-by-id\1NsBCziGNFjlQ-f8QRcezPsKVP9QzGdp0\APPs\atrpt\infrastructure\email\smtp_client.py", line 108, in send
    self._smtp.send_message(mime, to_addrs=recipients)
  File "C:\Users\Utilizador\AppData\Local\Programs\Python\Python311\Lib\smtplib.py", line 986, in send_message
    return self.sendmail(from_addr, to_addrs, flatmsg, mail_options,
           ^^^^^^^^^^^^^^^^^^^^^^^^^^^^^^^^^^^^^^^^^^^^^^^^^^^^^^^^^
  File "C:\Users\Utilizador\AppData\Local\Programs\Python\Python311\Lib\smtplib.py", line 908, in sendmail
    raise SMTPDataError(code, resp)
smtplib.SMTPDataError: (550, b'5.2.0 M2upw8Bf6UbIP Spam Rejected')
2026-05-10 13:05:51,260 [INFO] presentation.associados.associados_controller - ❌ [17/178] ERRO: (550, b'5.2.0 M2upw8Bf6UbIP Spam Rejected') → fatima.barroso@hotmail.com
2026-05-10 13:05:51,266 [INFO] application.email.email_sender - Spam rejection — pausa extra de 56s
2026-05-10 13:05:51,273 [INFO] presentation.associados.associados_controller - ⏸️ Spam rejection — pausa extra de 56s
2026-05-10 13:06:58,041 [ERROR] application.email.email_sender - [18/178] ERRO → fernanda.mm.silva@hotmail.com
Traceback (most recent call last):
  File "G:\.shortcut-targets-by-id\1NsBCziGNFjlQ-f8QRcezPsKVP9QzGdp0\APPs\atrpt\application\email\email_sender.py", line 322, in send_batch
    self.smtp.send(mime, recipients)
  File "G:\.shortcut-targets-by-id\1NsBCziGNFjlQ-f8QRcezPsKVP9QzGdp0\APPs\atrpt\infrastructure\email\smtp_client.py", line 108, in send
    self._smtp.send_message(mime, to_addrs=recipients)
  File "C:\Users\Utilizador\AppData\Local\Programs\Python\Python311\Lib\smtplib.py", line 986, in send_message
    return self.sendmail(from_addr, to_addrs, flatmsg, mail_options,
           ^^^^^^^^^^^^^^^^^^^^^^^^^^^^^^^^^^^^^^^^^^^^^^^^^^^^^^^^^
  File "C:\Users\Utilizador\AppData\Local\Programs\Python\Python311\Lib\smtplib.py", line 908, in sendmail
    raise SMTPDataError(code, resp)
smtplib.SMTPDataError: (550, b'5.2.0 M2vuwTmaEPqNc Spam Rejected')
2026-05-10 13:06:58,062 [INFO] presentation.associados.associados_controller - ❌ [18/178] ERRO: (550, b'5.2.0 M2vuwTmaEPqNc Spam Rejected') → fernanda.mm.silva@hotmail.com
2026-05-10 13:06:58,062 [INFO] application.email.email_sender - Spam rejection — pausa extra de 51s
2026-05-10 13:06:58,071 [INFO] presentation.associados.associados_controller - ⏸️ Spam rejection — pausa extra de 51s
2026-05-10 13:07:58,174 [ERROR] application.email.email_sender - [19/178] ERRO → eduardoacmota@sapo.pt
Traceback (most recent call last):
  File "G:\.shortcut-targets-by-id\1NsBCziGNFjlQ-f8QRcezPsKVP9QzGdp0\APPs\atrpt\application\email\email_sender.py", line 322, in send_batch
    self.smtp.send(mime, recipients)
  File "G:\.shortcut-targets-by-id\1NsBCziGNFjlQ-f8QRcezPsKVP9QzGdp0\APPs\atrpt\infrastructure\email\smtp_client.py", line 108, in send
    self._smtp.send_message(mime, to_addrs=recipients)
  File "C:\Users\Utilizador\AppData\Local\Programs\Python\Python311\Lib\smtplib.py", line 986, in send_message
    return self.sendmail(from_addr, to_addrs, flatmsg, mail_options,
           ^^^^^^^^^^^^^^^^^^^^^^^^^^^^^^^^^^^^^^^^^^^^^^^^^^^^^^^^^
  File "C:\Users\Utilizador\AppData\Local\Programs\Python\Python311\Lib\smtplib.py", line 908, in sendmail
    raise SMTPDataError(code, resp)
smtplib.SMTPDataError: (550, b'5.2.0 M2wswovSXSMHl Spam Rejected')
2026-05-10 13:07:58,214 [INFO] presentation.associados.associados_controller - ❌ [19/178] ERRO: (550, b'5.2.0 M2wswovSXSMHl Spam Rejected') → eduardoacmota@sapo.pt
2026-05-10 13:07:58,216 [INFO] application.email.email_sender - Spam rejection — pausa extra de 39s
2026-05-10 13:07:58,224 [INFO] presentation.associados.associados_controller - ⏸️ Spam rejection — pausa extra de 39s
2026-05-10 13:08:42,457 [ERROR] application.email.email_sender - [20/178] ERRO → mmanuelagaio@gmail.com
Traceback (most recent call last):
  File "G:\.shortcut-targets-by-id\1NsBCziGNFjlQ-f8QRcezPsKVP9QzGdp0\APPs\atrpt\application\email\email_sender.py", line 322, in send_batch
    self.smtp.send(mime, recipients)
  File "G:\.shortcut-targets-by-id\1NsBCziGNFjlQ-f8QRcezPsKVP9QzGdp0\APPs\atrpt\infrastructure\email\smtp_client.py", line 108, in send
    self._smtp.send_message(mime, to_addrs=recipients)
  File "C:\Users\Utilizador\AppData\Local\Programs\Python\Python311\Lib\smtplib.py", line 986, in send_message
    return self.sendmail(from_addr, to_addrs, flatmsg, mail_options,
           ^^^^^^^^^^^^^^^^^^^^^^^^^^^^^^^^^^^^^^^^^^^^^^^^^^^^^^^^^
  File "C:\Users\Utilizador\AppData\Local\Programs\Python\Python311\Lib\smtplib.py", line 908, in sendmail
    raise SMTPDataError(code, resp)
smtplib.SMTPDataError: (550, b'5.2.0 M2xawow60SMHl Spam Rejected')
2026-05-10 13:08:42,477 [INFO] presentation.associados.associados_controller - ❌ [20/178] ERRO: (550, b'5.2.0 M2xawow60SMHl Spam Rejected') → mmanuelagaio@gmail.com
2026-05-10 13:08:42,479 [INFO] application.email.email_sender - Spam rejection — pausa extra de 33s
2026-05-10 13:08:42,479 [INFO] presentation.associados.associados_controller - ⏸️ Spam rejection — pausa extra de 33s
2026-05-10 13:09:25,778 [INFO] application.email.email_sender - [21/178] OK → antonio.f.sousa@meo.pt
2026-05-10 13:09:25,794 [INFO] presentation.associados.associados_controller - [21/178] OK → antonio.f.sousa@meo.pt
2026-05-10 13:09:52,964 [ERROR] application.email.email_sender - [22/178] ERRO → belmor@sapo.pt
Traceback (most recent call last):
  File "G:\.shortcut-targets-by-id\1NsBCziGNFjlQ-f8QRcezPsKVP9QzGdp0\APPs\atrpt\application\email\email_sender.py", line 322, in send_batch
    self.smtp.send(mime, recipients)
  File "G:\.shortcut-targets-by-id\1NsBCziGNFjlQ-f8QRcezPsKVP9QzGdp0\APPs\atrpt\infrastructure\email\smtp_client.py", line 108, in send
    self._smtp.send_message(mime, to_addrs=recipients)
  File "C:\Users\Utilizador\AppData\Local\Programs\Python\Python311\Lib\smtplib.py", line 986, in send_message
    return self.sendmail(from_addr, to_addrs, flatmsg, mail_options,
           ^^^^^^^^^^^^^^^^^^^^^^^^^^^^^^^^^^^^^^^^^^^^^^^^^^^^^^^^^
  File "C:\Users\Utilizador\AppData\Local\Programs\Python\Python311\Lib\smtplib.py", line 908, in sendmail
    raise SMTPDataError(code, resp)
smtplib.SMTPDataError: (550, b'5.2.0 M2yHw8F8PUbIP Spam Rejected')
2026-05-10 13:09:52,973 [INFO] presentation.associados.associados_controller - ❌ [22/178] ERRO: (550, b'5.2.0 M2yHw8F8PUbIP Spam Rejected') → belmor@sapo.pt
2026-05-10 13:09:52,987 [INFO] application.email.email_sender - Spam rejection — pausa extra de 57s
2026-05-10 13:09:52,993 [INFO] presentation.associados.associados_controller - ⏸️ Spam rejection — pausa extra de 57s
2026-05-10 13:10:57,692 [ERROR] application.email.email_sender - [23/178] ERRO → lfcrodrigues28@gmail.com
Traceback (most recent call last):
  File "G:\.shortcut-targets-by-id\1NsBCziGNFjlQ-f8QRcezPsKVP9QzGdp0\APPs\atrpt\application\email\email_sender.py", line 322, in send_batch
    self.smtp.send(mime, recipients)
  File "G:\.shortcut-targets-by-id\1NsBCziGNFjlQ-f8QRcezPsKVP9QzGdp0\APPs\atrpt\infrastructure\email\smtp_client.py", line 108, in send
    self._smtp.send_message(mime, to_addrs=recipients)
  File "C:\Users\Utilizador\AppData\Local\Programs\Python\Python311\Lib\smtplib.py", line 986, in send_message
    return self.sendmail(from_addr, to_addrs, flatmsg, mail_options,
           ^^^^^^^^^^^^^^^^^^^^^^^^^^^^^^^^^^^^^^^^^^^^^^^^^^^^^^^^^
  File "C:\Users\Utilizador\AppData\Local\Programs\Python\Python311\Lib\smtplib.py", line 908, in sendmail
    raise SMTPDataError(code, resp)
smtplib.SMTPDataError: (550, b'5.2.0 M2zlwgKtsdK1E Spam Rejected')
2026-05-10 13:10:57,706 [INFO] presentation.associados.associados_controller - ❌ [23/178] ERRO: (550, b'5.2.0 M2zlwgKtsdK1E Spam Rejected') → lfcrodrigues28@gmail.com
2026-05-10 13:10:57,708 [INFO] application.email.email_sender - Spam rejection — pausa extra de 38s
2026-05-10 13:10:57,720 [INFO] presentation.associados.associados_controller - ⏸️ Spam rejection — pausa extra de 38s
2026-05-10 13:11:43,682 [ERROR] application.email.email_sender - [24/178] ERRO → gininha121@gmail.com
Traceback (most recent call last):
  File "G:\.shortcut-targets-by-id\1NsBCziGNFjlQ-f8QRcezPsKVP9QzGdp0\APPs\atrpt\application\email\email_sender.py", line 322, in send_batch
    self.smtp.send(mime, recipients)
  File "G:\.shortcut-targets-by-id\1NsBCziGNFjlQ-f8QRcezPsKVP9QzGdp0\APPs\atrpt\infrastructure\email\smtp_client.py", line 108, in send
    self._smtp.send_message(mime, to_addrs=recipients)
  File "C:\Users\Utilizador\AppData\Local\Programs\Python\Python311\Lib\smtplib.py", line 986, in send_message
    return self.sendmail(from_addr, to_addrs, flatmsg, mail_options,
           ^^^^^^^^^^^^^^^^^^^^^^^^^^^^^^^^^^^^^^^^^^^^^^^^^^^^^^^^^
  File "C:\Users\Utilizador\AppData\Local\Programs\Python\Python311\Lib\smtplib.py", line 908, in sendmail
    raise SMTPDataError(code, resp)
smtplib.SMTPDataError: (550, b'5.2.0 M30VwoyjsSMHl Spam Rejected')
2026-05-10 13:11:43,698 [INFO] presentation.associados.associados_controller - ❌ [24/178] ERRO: (550, b'5.2.0 M30VwoyjsSMHl Spam Rejected') → gininha121@gmail.com
2026-05-10 13:11:43,713 [INFO] application.email.email_sender - Spam rejection — pausa extra de 43s
2026-05-10 13:11:43,713 [INFO] presentation.associados.associados_controller - ⏸️ Spam rejection — pausa extra de 43s
2026-05-10 13:12:32,784 [ERROR] application.email.email_sender - [25/178] ERRO → m.caldasmatos@sapo.pt
Traceback (most recent call last):
  File "G:\.shortcut-targets-by-id\1NsBCziGNFjlQ-f8QRcezPsKVP9QzGdp0\APPs\atrpt\application\email\email_sender.py", line 322, in send_batch
    self.smtp.send(mime, recipients)
  File "G:\.shortcut-targets-by-id\1NsBCziGNFjlQ-f8QRcezPsKVP9QzGdp0\APPs\atrpt\infrastructure\email\smtp_client.py", line 108, in send
    self._smtp.send_message(mime, to_addrs=recipients)
  File "C:\Users\Utilizador\AppData\Local\Programs\Python\Python311\Lib\smtplib.py", line 986, in send_message
    return self.sendmail(from_addr, to_addrs, flatmsg, mail_options,
           ^^^^^^^^^^^^^^^^^^^^^^^^^^^^^^^^^^^^^^^^^^^^^^^^^^^^^^^^^
  File "C:\Users\Utilizador\AppData\Local\Programs\Python\Python311\Lib\smtplib.py", line 908, in sendmail
    raise SMTPDataError(code, resp)
smtplib.SMTPDataError: (550, b'5.2.0 M31IwTrnIPqNc Spam Rejected')
2026-05-10 13:12:32,799 [INFO] presentation.associados.associados_controller - ❌ [25/178] ERRO: (550, b'5.2.0 M31IwTrnIPqNc Spam Rejected') → m.caldasmatos@sapo.pt
2026-05-10 13:12:32,799 [INFO] application.email.email_sender - Spam rejection — pausa extra de 42s
2026-05-10 13:12:32,815 [INFO] presentation.associados.associados_controller - ⏸️ Spam rejection — pausa extra de 42s
2026-05-10 13:13:21,939 [ERROR] application.email.email_sender - [26/178] ERRO → florentino.a.pereira@sapo.pt
Traceback (most recent call last):
  File "G:\.shortcut-targets-by-id\1NsBCziGNFjlQ-f8QRcezPsKVP9QzGdp0\APPs\atrpt\application\email\email_sender.py", line 322, in send_batch
    self.smtp.send(mime, recipients)
  File "G:\.shortcut-targets-by-id\1NsBCziGNFjlQ-f8QRcezPsKVP9QzGdp0\APPs\atrpt\infrastructure\email\smtp_client.py", line 108, in send
    self._smtp.send_message(mime, to_addrs=recipients)
  File "C:\Users\Utilizador\AppData\Local\Programs\Python\Python311\Lib\smtplib.py", line 986, in send_message
    return self.sendmail(from_addr, to_addrs, flatmsg, mail_options,
           ^^^^^^^^^^^^^^^^^^^^^^^^^^^^^^^^^^^^^^^^^^^^^^^^^^^^^^^^^
  File "C:\Users\Utilizador\AppData\Local\Programs\Python\Python311\Lib\smtplib.py", line 908, in sendmail
    raise SMTPDataError(code, resp)
smtplib.SMTPDataError: (550, b'5.2.0 M326wTsXVPqNc Spam Rejected')
2026-05-10 13:13:21,955 [INFO] presentation.associados.associados_controller - ❌ [26/178] ERRO: (550, b'5.2.0 M326wTsXVPqNc Spam Rejected') → florentino.a.pereira@sapo.pt
2026-05-10 13:13:21,955 [INFO] application.email.email_sender - Spam rejection — pausa extra de 32s
2026-05-10 13:13:21,972 [INFO] presentation.associados.associados_controller - ⏸️ Spam rejection — pausa extra de 32s
2026-05-10 13:14:00,498 [ERROR] application.email.email_sender - [27/178] ERRO → familia.anjos@sapo.pt
Traceback (most recent call last):
  File "G:\.shortcut-targets-by-id\1NsBCziGNFjlQ-f8QRcezPsKVP9QzGdp0\APPs\atrpt\application\email\email_sender.py", line 322, in send_batch
    self.smtp.send(mime, recipients)
  File "G:\.shortcut-targets-by-id\1NsBCziGNFjlQ-f8QRcezPsKVP9QzGdp0\APPs\atrpt\infrastructure\email\smtp_client.py", line 108, in send
    self._smtp.send_message(mime, to_addrs=recipients)
  File "C:\Users\Utilizador\AppData\Local\Programs\Python\Python311\Lib\smtplib.py", line 986, in send_message
    return self.sendmail(from_addr, to_addrs, flatmsg, mail_options,
           ^^^^^^^^^^^^^^^^^^^^^^^^^^^^^^^^^^^^^^^^^^^^^^^^^^^^^^^^^
  File "C:\Users\Utilizador\AppData\Local\Programs\Python\Python311\Lib\smtplib.py", line 908, in sendmail
    raise SMTPDataError(code, resp)
smtplib.SMTPDataError: (550, b'5.2.0 M32iwfvdKmakW Spam Rejected')
2026-05-10 13:14:00,519 [INFO] presentation.associados.associados_controller - ❌ [27/178] ERRO: (550, b'5.2.0 M32iwfvdKmakW Spam Rejected') → familia.anjos@sapo.pt
2026-05-10 13:14:00,522 [INFO] application.email.email_sender - Spam rejection — pausa extra de 36s
2026-05-10 13:14:00,530 [INFO] presentation.associados.associados_controller - ⏸️ Spam rejection — pausa extra de 36s
2026-05-10 13:14:42,588 [ERROR] application.email.email_sender - [28/178] ERRO → valdemarantoniosoares@gmail.com
Traceback (most recent call last):
  File "G:\.shortcut-targets-by-id\1NsBCziGNFjlQ-f8QRcezPsKVP9QzGdp0\APPs\atrpt\application\email\email_sender.py", line 322, in send_batch
    self.smtp.send(mime, recipients)
  File "G:\.shortcut-targets-by-id\1NsBCziGNFjlQ-f8QRcezPsKVP9QzGdp0\APPs\atrpt\infrastructure\email\smtp_client.py", line 108, in send
    self._smtp.send_message(mime, to_addrs=recipients)
  File "C:\Users\Utilizador\AppData\Local\Programs\Python\Python311\Lib\smtplib.py", line 986, in send_message
    return self.sendmail(from_addr, to_addrs, flatmsg, mail_options,
           ^^^^^^^^^^^^^^^^^^^^^^^^^^^^^^^^^^^^^^^^^^^^^^^^^^^^^^^^^
  File "C:\Users\Utilizador\AppData\Local\Programs\Python\Python311\Lib\smtplib.py", line 908, in sendmail
    raise SMTPDataError(code, resp)
smtplib.SMTPDataError: (550, b'5.2.0 M33OwTtmmPqNc Spam Rejected')
2026-05-10 13:14:42,604 [INFO] presentation.associados.associados_controller - ❌ [28/178] ERRO: (550, b'5.2.0 M33OwTtmmPqNc Spam Rejected') → valdemarantoniosoares@gmail.com
2026-05-10 13:14:42,620 [INFO] application.email.email_sender - Spam rejection — pausa extra de 57s
2026-05-10 13:14:42,620 [INFO] presentation.associados.associados_controller - ⏸️ Spam rejection — pausa extra de 57s
2026-05-10 13:15:45,397 [ERROR] application.email.email_sender - [29/178] ERRO → jlaguiarpinto@gmail.com
Traceback (most recent call last):
  File "G:\.shortcut-targets-by-id\1NsBCziGNFjlQ-f8QRcezPsKVP9QzGdp0\APPs\atrpt\application\email\email_sender.py", line 322, in send_batch
    self.smtp.send(mime, recipients)
  File "G:\.shortcut-targets-by-id\1NsBCziGNFjlQ-f8QRcezPsKVP9QzGdp0\APPs\atrpt\infrastructure\email\smtp_client.py", line 108, in send
    self._smtp.send_message(mime, to_addrs=recipients)
  File "C:\Users\Utilizador\AppData\Local\Programs\Python\Python311\Lib\smtplib.py", line 986, in send_message
    return self.sendmail(from_addr, to_addrs, flatmsg, mail_options,
           ^^^^^^^^^^^^^^^^^^^^^^^^^^^^^^^^^^^^^^^^^^^^^^^^^^^^^^^^^
  File "C:\Users\Utilizador\AppData\Local\Programs\Python\Python311\Lib\smtplib.py", line 908, in sendmail
    raise SMTPDataError(code, resp)
smtplib.SMTPDataError: (550, b'5.2.0 M34PwgPGbdK1E Spam Rejected')
2026-05-10 13:15:45,413 [INFO] presentation.associados.associados_controller - ❌ [29/178] ERRO: (550, b'5.2.0 M34PwgPGbdK1E Spam Rejected') → jlaguiarpinto@gmail.com
2026-05-10 13:15:45,413 [INFO] application.email.email_sender - Spam rejection — pausa extra de 39s
2026-05-10 13:15:45,431 [INFO] presentation.associados.associados_controller - ⏸️ Spam rejection — pausa extra de 39s
2026-05-10 13:16:30,752 [ERROR] application.email.email_sender - [30/178] ERRO → m.branca.portela@hotmail.com
Traceback (most recent call last):
  File "G:\.shortcut-targets-by-id\1NsBCziGNFjlQ-f8QRcezPsKVP9QzGdp0\APPs\atrpt\application\email\email_sender.py", line 322, in send_batch
    self.smtp.send(mime, recipients)
  File "G:\.shortcut-targets-by-id\1NsBCziGNFjlQ-f8QRcezPsKVP9QzGdp0\APPs\atrpt\infrastructure\email\smtp_client.py", line 108, in send
    self._smtp.send_message(mime, to_addrs=recipients)
  File "C:\Users\Utilizador\AppData\Local\Programs\Python\Python311\Lib\smtplib.py", line 986, in send_message
    return self.sendmail(from_addr, to_addrs, flatmsg, mail_options,
           ^^^^^^^^^^^^^^^^^^^^^^^^^^^^^^^^^^^^^^^^^^^^^^^^^^^^^^^^^
  File "C:\Users\Utilizador\AppData\Local\Programs\Python\Python311\Lib\smtplib.py", line 908, in sendmail
    raise SMTPDataError(code, resp)
smtplib.SMTPDataError: (550, b'5.2.0 M359w8LqOUbIP Spam Rejected')
2026-05-10 13:16:30,775 [INFO] presentation.associados.associados_controller - ❌ [30/178] ERRO: (550, b'5.2.0 M359w8LqOUbIP Spam Rejected') → m.branca.portela@hotmail.com
2026-05-10 13:16:30,783 [INFO] application.email.email_sender - Spam rejection — pausa extra de 57s
2026-05-10 13:16:30,795 [INFO] presentation.associados.associados_controller - ⏸️ Spam rejection — pausa extra de 57s
2026-05-10 13:17:33,668 [ERROR] application.email.email_sender - [31/178] ERRO → fimpsg@gmail.com
Traceback (most recent call last):
  File "G:\.shortcut-targets-by-id\1NsBCziGNFjlQ-f8QRcezPsKVP9QzGdp0\APPs\atrpt\application\email\email_sender.py", line 322, in send_batch
    self.smtp.send(mime, recipients)
  File "G:\.shortcut-targets-by-id\1NsBCziGNFjlQ-f8QRcezPsKVP9QzGdp0\APPs\atrpt\infrastructure\email\smtp_client.py", line 108, in send
    self._smtp.send_message(mime, to_addrs=recipients)
  File "C:\Users\Utilizador\AppData\Local\Programs\Python\Python311\Lib\smtplib.py", line 986, in send_message
    return self.sendmail(from_addr, to_addrs, flatmsg, mail_options,
           ^^^^^^^^^^^^^^^^^^^^^^^^^^^^^^^^^^^^^^^^^^^^^^^^^^^^^^^^^
  File "C:\Users\Utilizador\AppData\Local\Programs\Python\Python311\Lib\smtplib.py", line 908, in sendmail
    raise SMTPDataError(code, resp)
smtplib.SMTPDataError: (550, b'5.2.0 M369wgQq9dK1E Spam Rejected')
2026-05-10 13:17:33,685 [INFO] presentation.associados.associados_controller - ❌ [31/178] ERRO: (550, b'5.2.0 M369wgQq9dK1E Spam Rejected') → fimpsg@gmail.com
2026-05-10 13:17:33,685 [INFO] application.email.email_sender - Spam rejection — pausa extra de 38s
2026-05-10 13:17:33,699 [INFO] presentation.associados.associados_controller - ⏸️ Spam rejection — pausa extra de 38s
2026-05-10 13:18:20,694 [ERROR] application.email.email_sender - [32/178] ERRO → alexandrafelixafonso@gmail.com
Traceback (most recent call last):
  File "G:\.shortcut-targets-by-id\1NsBCziGNFjlQ-f8QRcezPsKVP9QzGdp0\APPs\atrpt\application\email\email_sender.py", line 322, in send_batch
    self.smtp.send(mime, recipients)
  File "G:\.shortcut-targets-by-id\1NsBCziGNFjlQ-f8QRcezPsKVP9QzGdp0\APPs\atrpt\infrastructure\email\smtp_client.py", line 108, in send
    self._smtp.send_message(mime, to_addrs=recipients)
  File "C:\Users\Utilizador\AppData\Local\Programs\Python\Python311\Lib\smtplib.py", line 986, in send_message
    return self.sendmail(from_addr, to_addrs, flatmsg, mail_options,
           ^^^^^^^^^^^^^^^^^^^^^^^^^^^^^^^^^^^^^^^^^^^^^^^^^^^^^^^^^
  File "C:\Users\Utilizador\AppData\Local\Programs\Python\Python311\Lib\smtplib.py", line 908, in sendmail
    raise SMTPDataError(code, resp)
smtplib.SMTPDataError: (550, b'5.2.0 M36uwp4oDSMHl Spam Rejected')
2026-05-10 13:18:20,715 [INFO] presentation.associados.associados_controller - ❌ [32/178] ERRO: (550, b'5.2.0 M36uwp4oDSMHl Spam Rejected') → alexandrafelixafonso@gmail.com
2026-05-10 13:18:20,715 [INFO] application.email.email_sender - Spam rejection — pausa extra de 32s
2026-05-10 13:18:20,729 [INFO] presentation.associados.associados_controller - ⏸️ Spam rejection — pausa extra de 32s
2026-05-10 13:19:03,273 [ERROR] application.email.email_sender - [33/178] ERRO → margarida.m.rocha@sapo.pt
Traceback (most recent call last):
  File "G:\.shortcut-targets-by-id\1NsBCziGNFjlQ-f8QRcezPsKVP9QzGdp0\APPs\atrpt\application\email\email_sender.py", line 322, in send_batch
    self.smtp.send(mime, recipients)
  File "G:\.shortcut-targets-by-id\1NsBCziGNFjlQ-f8QRcezPsKVP9QzGdp0\APPs\atrpt\infrastructure\email\smtp_client.py", line 108, in send
    self._smtp.send_message(mime, to_addrs=recipients)
  File "C:\Users\Utilizador\AppData\Local\Programs\Python\Python311\Lib\smtplib.py", line 986, in send_message
    return self.sendmail(from_addr, to_addrs, flatmsg, mail_options,
           ^^^^^^^^^^^^^^^^^^^^^^^^^^^^^^^^^^^^^^^^^^^^^^^^^^^^^^^^^
  File "C:\Users\Utilizador\AppData\Local\Programs\Python\Python311\Lib\smtplib.py", line 908, in sendmail
    raise SMTPDataError(code, resp)
smtplib.SMTPDataError: (550, b'5.2.0 M37awgSDldK1E Spam Rejected')
2026-05-10 13:19:03,313 [INFO] presentation.associados.associados_controller - ❌ [33/178] ERRO: (550, b'5.2.0 M37awgSDldK1E Spam Rejected') → margarida.m.rocha@sapo.pt
2026-05-10 13:19:03,313 [INFO] application.email.email_sender - Spam rejection — pausa extra de 49s
2026-05-10 13:19:03,321 [INFO] presentation.associados.associados_controller - ⏸️ Spam rejection — pausa extra de 49s
2026-05-10 13:19:59,332 [ERROR] application.email.email_sender - [34/178] ERRO → aida.m.ferro18@sapo.pt
Traceback (most recent call last):
  File "G:\.shortcut-targets-by-id\1NsBCziGNFjlQ-f8QRcezPsKVP9QzGdp0\APPs\atrpt\application\email\email_sender.py", line 322, in send_batch
    self.smtp.send(mime, recipients)
  File "G:\.shortcut-targets-by-id\1NsBCziGNFjlQ-f8QRcezPsKVP9QzGdp0\APPs\atrpt\infrastructure\email\smtp_client.py", line 108, in send
    self._smtp.send_message(mime, to_addrs=recipients)
  File "C:\Users\Utilizador\AppData\Local\Programs\Python\Python311\Lib\smtplib.py", line 986, in send_message
    return self.sendmail(from_addr, to_addrs, flatmsg, mail_options,
           ^^^^^^^^^^^^^^^^^^^^^^^^^^^^^^^^^^^^^^^^^^^^^^^^^^^^^^^^^
  File "C:\Users\Utilizador\AppData\Local\Programs\Python\Python311\Lib\smtplib.py", line 908, in sendmail
    raise SMTPDataError(code, resp)
smtplib.SMTPDataError: (550, b'5.2.0 M38Uw8P8PUbIP Spam Rejected')
2026-05-10 13:19:59,364 [INFO] presentation.associados.associados_controller - ❌ [34/178] ERRO: (550, b'5.2.0 M38Uw8P8PUbIP Spam Rejected') → aida.m.ferro18@sapo.pt
2026-05-10 13:19:59,364 [INFO] application.email.email_sender - Spam rejection — pausa extra de 38s
2026-05-10 13:19:59,380 [INFO] presentation.associados.associados_controller - ⏸️ Spam rejection — pausa extra de 38s
2026-05-10 13:20:43,707 [ERROR] application.email.email_sender - [35/178] ERRO → cdanielaf@gmail.com
Traceback (most recent call last):
  File "G:\.shortcut-targets-by-id\1NsBCziGNFjlQ-f8QRcezPsKVP9QzGdp0\APPs\atrpt\application\email\email_sender.py", line 322, in send_batch
    self.smtp.send(mime, recipients)
  File "G:\.shortcut-targets-by-id\1NsBCziGNFjlQ-f8QRcezPsKVP9QzGdp0\APPs\atrpt\infrastructure\email\smtp_client.py", line 108, in send
    self._smtp.send_message(mime, to_addrs=recipients)
  File "C:\Users\Utilizador\AppData\Local\Programs\Python\Python311\Lib\smtplib.py", line 986, in send_message
    return self.sendmail(from_addr, to_addrs, flatmsg, mail_options,
           ^^^^^^^^^^^^^^^^^^^^^^^^^^^^^^^^^^^^^^^^^^^^^^^^^^^^^^^^^
  File "C:\Users\Utilizador\AppData\Local\Programs\Python\Python311\Lib\smtplib.py", line 908, in sendmail
    raise SMTPDataError(code, resp)
smtplib.SMTPDataError: (550, b'5.2.0 M39CwQF0moBA4 Spam Rejected')
2026-05-10 13:20:43,738 [INFO] presentation.associados.associados_controller - ❌ [35/178] ERRO: (550, b'5.2.0 M39CwQF0moBA4 Spam Rejected') → cdanielaf@gmail.com
2026-05-10 13:20:43,744 [INFO] application.email.email_sender - Spam rejection — pausa extra de 31s
2026-05-10 13:20:43,744 [INFO] presentation.associados.associados_controller - ⏸️ Spam rejection — pausa extra de 31s
2026-05-10 13:21:28,076 [ERROR] application.email.email_sender - [36/178] ERRO → josemoraissarmento@sapo.pt
Traceback (most recent call last):
  File "G:\.shortcut-targets-by-id\1NsBCziGNFjlQ-f8QRcezPsKVP9QzGdp0\APPs\atrpt\application\email\email_sender.py", line 322, in send_batch
    self.smtp.send(mime, recipients)
  File "G:\.shortcut-targets-by-id\1NsBCziGNFjlQ-f8QRcezPsKVP9QzGdp0\APPs\atrpt\infrastructure\email\smtp_client.py", line 108, in send
    self._smtp.send_message(mime, to_addrs=recipients)
  File "C:\Users\Utilizador\AppData\Local\Programs\Python\Python311\Lib\smtplib.py", line 986, in send_message
    return self.sendmail(from_addr, to_addrs, flatmsg, mail_options,
           ^^^^^^^^^^^^^^^^^^^^^^^^^^^^^^^^^^^^^^^^^^^^^^^^^^^^^^^^^
  File "C:\Users\Utilizador\AppData\Local\Programs\Python\Python311\Lib\smtplib.py", line 908, in sendmail
    raise SMTPDataError(code, resp)
smtplib.SMTPDataError: (550, b'5.2.0 M39pwg2jPmakW Spam Rejected')
2026-05-10 13:21:28,110 [INFO] presentation.associados.associados_controller - ❌ [36/178] ERRO: (550, b'5.2.0 M39pwg2jPmakW Spam Rejected') → josemoraissarmento@sapo.pt
2026-05-10 13:21:28,110 [INFO] application.email.email_sender - Spam rejection — pausa extra de 37s
2026-05-10 13:21:28,124 [INFO] presentation.associados.associados_controller - ⏸️ Spam rejection — pausa extra de 37s
2026-05-10 13:22:13,904 [ERROR] application.email.email_sender - [37/178] ERRO → jrmilheiro@gmail.com
Traceback (most recent call last):
  File "G:\.shortcut-targets-by-id\1NsBCziGNFjlQ-f8QRcezPsKVP9QzGdp0\APPs\atrpt\application\email\email_sender.py", line 322, in send_batch
    self.smtp.send(mime, recipients)
  File "G:\.shortcut-targets-by-id\1NsBCziGNFjlQ-f8QRcezPsKVP9QzGdp0\APPs\atrpt\infrastructure\email\smtp_client.py", line 108, in send
    self._smtp.send_message(mime, to_addrs=recipients)
  File "C:\Users\Utilizador\AppData\Local\Programs\Python\Python311\Lib\smtplib.py", line 986, in send_message
    return self.sendmail(from_addr, to_addrs, flatmsg, mail_options,
           ^^^^^^^^^^^^^^^^^^^^^^^^^^^^^^^^^^^^^^^^^^^^^^^^^^^^^^^^^
  File "C:\Users\Utilizador\AppData\Local\Programs\Python\Python311\Lib\smtplib.py", line 908, in sendmail
    raise SMTPDataError(code, resp)
smtplib.SMTPDataError: (550, b'5.2.0 M3AfwQGPDoBA4 Spam Rejected')
2026-05-10 13:22:13,952 [INFO] presentation.associados.associados_controller - ❌ [37/178] ERRO: (550, b'5.2.0 M3AfwQGPDoBA4 Spam Rejected') → jrmilheiro@gmail.com
2026-05-10 13:22:13,955 [INFO] application.email.email_sender - Spam rejection — pausa extra de 48s
2026-05-10 13:22:13,955 [INFO] presentation.associados.associados_controller - ⏸️ Spam rejection — pausa extra de 48s
2026-05-10 13:23:07,645 [INFO] application.email.email_sender - [38/178] OK → abilio.f.teixeira@meo.pt
2026-05-10 13:23:07,649 [INFO] presentation.associados.associados_controller - [38/178] OK → abilio.f.teixeira@meo.pt
2026-05-10 13:23:22,174 [ERROR] application.email.email_sender - [39/178] ERRO → elisabete.mcosta@gmail.com
Traceback (most recent call last):
  File "G:\.shortcut-targets-by-id\1NsBCziGNFjlQ-f8QRcezPsKVP9QzGdp0\APPs\atrpt\application\email\email_sender.py", line 322, in send_batch
    self.smtp.send(mime, recipients)
  File "G:\.shortcut-targets-by-id\1NsBCziGNFjlQ-f8QRcezPsKVP9QzGdp0\APPs\atrpt\infrastructure\email\smtp_client.py", line 108, in send
    self._smtp.send_message(mime, to_addrs=recipients)
  File "C:\Users\Utilizador\AppData\Local\Programs\Python\Python311\Lib\smtplib.py", line 986, in send_message
    return self.sendmail(from_addr, to_addrs, flatmsg, mail_options,
           ^^^^^^^^^^^^^^^^^^^^^^^^^^^^^^^^^^^^^^^^^^^^^^^^^^^^^^^^^
  File "C:\Users\Utilizador\AppData\Local\Programs\Python\Python311\Lib\smtplib.py", line 908, in sendmail
    raise SMTPDataError(code, resp)
smtplib.SMTPDataError: (550, b'5.2.0 M3BXwp9BLSMHl Spam Rejected')
2026-05-10 13:23:22,221 [INFO] presentation.associados.associados_controller - ❌ [39/178] ERRO: (550, b'5.2.0 M3BXwp9BLSMHl Spam Rejected') → elisabete.mcosta@gmail.com
2026-05-10 13:23:22,221 [INFO] application.email.email_sender - Spam rejection — pausa extra de 37s
2026-05-10 13:23:22,227 [INFO] presentation.associados.associados_controller - ⏸️ Spam rejection — pausa extra de 37s
2026-05-10 13:24:08,867 [ERROR] application.email.email_sender - [40/178] ERRO → juliasantoscancela@gmail.com
Traceback (most recent call last):
  File "G:\.shortcut-targets-by-id\1NsBCziGNFjlQ-f8QRcezPsKVP9QzGdp0\APPs\atrpt\application\email\email_sender.py", line 322, in send_batch
    self.smtp.send(mime, recipients)
  File "G:\.shortcut-targets-by-id\1NsBCziGNFjlQ-f8QRcezPsKVP9QzGdp0\APPs\atrpt\infrastructure\email\smtp_client.py", line 108, in send
    self._smtp.send_message(mime, to_addrs=recipients)
  File "C:\Users\Utilizador\AppData\Local\Programs\Python\Python311\Lib\smtplib.py", line 986, in send_message
    return self.sendmail(from_addr, to_addrs, flatmsg, mail_options,
           ^^^^^^^^^^^^^^^^^^^^^^^^^^^^^^^^^^^^^^^^^^^^^^^^^^^^^^^^^
  File "C:\Users\Utilizador\AppData\Local\Programs\Python\Python311\Lib\smtplib.py", line 908, in sendmail
    raise SMTPDataError(code, resp)
smtplib.SMTPDataError: (550, b'5.2.0 M3CXwpA8qSMHl Spam Rejected')
2026-05-10 13:24:08,904 [INFO] presentation.associados.associados_controller - ❌ [40/178] ERRO: (550, b'5.2.0 M3CXwpA8qSMHl Spam Rejected') → juliasantoscancela@gmail.com
2026-05-10 13:24:08,914 [INFO] application.email.email_sender - Spam rejection — pausa extra de 57s
2026-05-10 13:24:08,914 [INFO] presentation.associados.associados_controller - ⏸️ Spam rejection — pausa extra de 57s
2026-05-10 13:25:21,464 [ERROR] application.email.email_sender - [41/178] ERRO → mnazarerei@sapo.pt
Traceback (most recent call last):
  File "G:\.shortcut-targets-by-id\1NsBCziGNFjlQ-f8QRcezPsKVP9QzGdp0\APPs\atrpt\application\email\email_sender.py", line 322, in send_batch
    self.smtp.send(mime, recipients)
  File "G:\.shortcut-targets-by-id\1NsBCziGNFjlQ-f8QRcezPsKVP9QzGdp0\APPs\atrpt\infrastructure\email\smtp_client.py", line 108, in send
    self._smtp.send_message(mime, to_addrs=recipients)
  File "C:\Users\Utilizador\AppData\Local\Programs\Python\Python311\Lib\smtplib.py", line 986, in send_message
    return self.sendmail(from_addr, to_addrs, flatmsg, mail_options,
           ^^^^^^^^^^^^^^^^^^^^^^^^^^^^^^^^^^^^^^^^^^^^^^^^^^^^^^^^^
  File "C:\Users\Utilizador\AppData\Local\Programs\Python\Python311\Lib\smtplib.py", line 908, in sendmail
    raise SMTPDataError(code, resp)
smtplib.SMTPDataError: (550, b'5.2.0 M3Dbw8UFGUbIP Spam Rejected')
2026-05-10 13:25:21,496 [INFO] presentation.associados.associados_controller - ❌ [41/178] ERRO: (550, b'5.2.0 M3Dbw8UFGUbIP Spam Rejected') → mnazarerei@sapo.pt
2026-05-10 13:25:21,511 [INFO] application.email.email_sender - Spam rejection — pausa extra de 52s
2026-05-10 13:25:21,511 [INFO] presentation.associados.associados_controller - ⏸️ Spam rejection — pausa extra de 52s
2026-05-10 13:26:19,141 [ERROR] application.email.email_sender - [42/178] ERRO → fernandopinto@gmail.com
Traceback (most recent call last):
  File "G:\.shortcut-targets-by-id\1NsBCziGNFjlQ-f8QRcezPsKVP9QzGdp0\APPs\atrpt\application\email\email_sender.py", line 322, in send_batch
    self.smtp.send(mime, recipients)
  File "G:\.shortcut-targets-by-id\1NsBCziGNFjlQ-f8QRcezPsKVP9QzGdp0\APPs\atrpt\infrastructure\email\smtp_client.py", line 108, in send
    self._smtp.send_message(mime, to_addrs=recipients)
  File "C:\Users\Utilizador\AppData\Local\Programs\Python\Python311\Lib\smtplib.py", line 986, in send_message
    return self.sendmail(from_addr, to_addrs, flatmsg, mail_options,
           ^^^^^^^^^^^^^^^^^^^^^^^^^^^^^^^^^^^^^^^^^^^^^^^^^^^^^^^^^
  File "C:\Users\Utilizador\AppData\Local\Programs\Python\Python311\Lib\smtplib.py", line 908, in sendmail
    raise SMTPDataError(code, resp)
smtplib.SMTPDataError: (550, b'5.2.0 M3EcwU4dbPqNc Spam Rejected')
2026-05-10 13:26:19,187 [INFO] presentation.associados.associados_controller - ❌ [42/178] ERRO: (550, b'5.2.0 M3EcwU4dbPqNc Spam Rejected') → fernandopinto@gmail.com
2026-05-10 13:26:19,189 [INFO] application.email.email_sender - Spam rejection — pausa extra de 48s
2026-05-10 13:26:19,189 [INFO] presentation.associados.associados_controller - ⏸️ Spam rejection — pausa extra de 48s
2026-05-10 13:27:15,105 [ERROR] application.email.email_sender - [43/178] ERRO → aurelinamonteiro@gmail.com
Traceback (most recent call last):
  File "G:\.shortcut-targets-by-id\1NsBCziGNFjlQ-f8QRcezPsKVP9QzGdp0\APPs\atrpt\application\email\email_sender.py", line 322, in send_batch
    self.smtp.send(mime, recipients)
  File "G:\.shortcut-targets-by-id\1NsBCziGNFjlQ-f8QRcezPsKVP9QzGdp0\APPs\atrpt\infrastructure\email\smtp_client.py", line 108, in send
    self._smtp.send_message(mime, to_addrs=recipients)
  File "C:\Users\Utilizador\AppData\Local\Programs\Python\Python311\Lib\smtplib.py", line 986, in send_message
    return self.sendmail(from_addr, to_addrs, flatmsg, mail_options,
           ^^^^^^^^^^^^^^^^^^^^^^^^^^^^^^^^^^^^^^^^^^^^^^^^^^^^^^^^^
  File "C:\Users\Utilizador\AppData\Local\Programs\Python\Python311\Lib\smtplib.py", line 908, in sendmail
    raise SMTPDataError(code, resp)
smtplib.SMTPDataError: (550, b'5.2.0 M3FXwga7hdK1E Spam Rejected')
2026-05-10 13:27:15,153 [INFO] presentation.associados.associados_controller - ❌ [43/178] ERRO: (550, b'5.2.0 M3FXwga7hdK1E Spam Rejected') → aurelinamonteiro@gmail.com
2026-05-10 13:27:15,156 [INFO] application.email.email_sender - Spam rejection — pausa extra de 54s
2026-05-10 13:27:15,156 [INFO] presentation.associados.associados_controller - ⏸️ Spam rejection — pausa extra de 54s
2026-05-10 13:28:20,093 [ERROR] application.email.email_sender - [44/178] ERRO → joaquim.a.passos@sapo.pt
Traceback (most recent call last):
  File "G:\.shortcut-targets-by-id\1NsBCziGNFjlQ-f8QRcezPsKVP9QzGdp0\APPs\atrpt\application\email\email_sender.py", line 322, in send_batch
    self.smtp.send(mime, recipients)
  File "G:\.shortcut-targets-by-id\1NsBCziGNFjlQ-f8QRcezPsKVP9QzGdp0\APPs\atrpt\infrastructure\email\smtp_client.py", line 108, in send
    self._smtp.send_message(mime, to_addrs=recipients)
  File "C:\Users\Utilizador\AppData\Local\Programs\Python\Python311\Lib\smtplib.py", line 986, in send_message
    return self.sendmail(from_addr, to_addrs, flatmsg, mail_options,
           ^^^^^^^^^^^^^^^^^^^^^^^^^^^^^^^^^^^^^^^^^^^^^^^^^^^^^^^^^
  File "C:\Users\Utilizador\AppData\Local\Programs\Python\Python311\Lib\smtplib.py", line 908, in sendmail
    raise SMTPDataError(code, resp)
smtplib.SMTPDataError: (550, b'5.2.0 M3GawQMDJoBA4 Spam Rejected')
2026-05-10 13:28:20,125 [INFO] presentation.associados.associados_controller - ❌ [44/178] ERRO: (550, b'5.2.0 M3GawQMDJoBA4 Spam Rejected') → joaquim.a.passos@sapo.pt
2026-05-10 13:28:20,125 [INFO] application.email.email_sender - Spam rejection — pausa extra de 50s
2026-05-10 13:28:20,143 [INFO] presentation.associados.associados_controller - ⏸️ Spam rejection — pausa extra de 50s
2026-05-10 13:29:16,567 [ERROR] application.email.email_sender - [45/178] ERRO → joaquim.soares.oliveira@gmail.com
Traceback (most recent call last):
  File "G:\.shortcut-targets-by-id\1NsBCziGNFjlQ-f8QRcezPsKVP9QzGdp0\APPs\atrpt\application\email\email_sender.py", line 322, in send_batch
    self.smtp.send(mime, recipients)
  File "G:\.shortcut-targets-by-id\1NsBCziGNFjlQ-f8QRcezPsKVP9QzGdp0\APPs\atrpt\infrastructure\email\smtp_client.py", line 108, in send
    self._smtp.send_message(mime, to_addrs=recipients)
  File "C:\Users\Utilizador\AppData\Local\Programs\Python\Python311\Lib\smtplib.py", line 986, in send_message
    return self.sendmail(from_addr, to_addrs, flatmsg, mail_options,
           ^^^^^^^^^^^^^^^^^^^^^^^^^^^^^^^^^^^^^^^^^^^^^^^^^^^^^^^^^
  File "C:\Users\Utilizador\AppData\Local\Programs\Python\Python311\Lib\smtplib.py", line 908, in sendmail
    raise SMTPDataError(code, resp)
smtplib.SMTPDataError: (550, b'5.2.0 M3HUwU7ZBPqNc Spam Rejected')
2026-05-10 13:29:16,615 [INFO] presentation.associados.associados_controller - ❌ [45/178] ERRO: (550, b'5.2.0 M3HUwU7ZBPqNc Spam Rejected') → joaquim.soares.oliveira@gmail.com
2026-05-10 13:29:16,615 [INFO] application.email.email_sender - Spam rejection — pausa extra de 42s
2026-05-10 13:29:16,615 [INFO] presentation.associados.associados_controller - ⏸️ Spam rejection — pausa extra de 42s
2026-05-10 13:30:08,633 [ERROR] application.email.email_sender - [46/178] ERRO → hmgmont@gmail.com
Traceback (most recent call last):
  File "G:\.shortcut-targets-by-id\1NsBCziGNFjlQ-f8QRcezPsKVP9QzGdp0\APPs\atrpt\application\email\email_sender.py", line 322, in send_batch
    self.smtp.send(mime, recipients)
  File "G:\.shortcut-targets-by-id\1NsBCziGNFjlQ-f8QRcezPsKVP9QzGdp0\APPs\atrpt\infrastructure\email\smtp_client.py", line 108, in send
    self._smtp.send_message(mime, to_addrs=recipients)
  File "C:\Users\Utilizador\AppData\Local\Programs\Python\Python311\Lib\smtplib.py", line 986, in send_message
    return self.sendmail(from_addr, to_addrs, flatmsg, mail_options,
           ^^^^^^^^^^^^^^^^^^^^^^^^^^^^^^^^^^^^^^^^^^^^^^^^^^^^^^^^^
  File "C:\Users\Utilizador\AppData\Local\Programs\Python\Python311\Lib\smtplib.py", line 908, in sendmail
    raise SMTPDataError(code, resp)
smtplib.SMTPDataError: (550, b'5.2.0 M3IKwgcradK1E Spam Rejected')
2026-05-10 13:30:08,682 [INFO] presentation.associados.associados_controller - ❌ [46/178] ERRO: (550, b'5.2.0 M3IKwgcradK1E Spam Rejected') → hmgmont@gmail.com
2026-05-10 13:30:08,682 [INFO] application.email.email_sender - Spam rejection — pausa extra de 53s
2026-05-10 13:30:08,682 [INFO] presentation.associados.associados_controller - ⏸️ Spam rejection — pausa extra de 53s
2026-05-10 13:31:10,084 [ERROR] application.email.email_sender - [47/178] ERRO → carlasilvas@sapo.pt
Traceback (most recent call last):
  File "G:\.shortcut-targets-by-id\1NsBCziGNFjlQ-f8QRcezPsKVP9QzGdp0\APPs\atrpt\application\email\email_sender.py", line 322, in send_batch
    self.smtp.send(mime, recipients)
  File "G:\.shortcut-targets-by-id\1NsBCziGNFjlQ-f8QRcezPsKVP9QzGdp0\APPs\atrpt\infrastructure\email\smtp_client.py", line 108, in send
    self._smtp.send_message(mime, to_addrs=recipients)
  File "C:\Users\Utilizador\AppData\Local\Programs\Python\Python311\Lib\smtplib.py", line 986, in send_message
    return self.sendmail(from_addr, to_addrs, flatmsg, mail_options,
           ^^^^^^^^^^^^^^^^^^^^^^^^^^^^^^^^^^^^^^^^^^^^^^^^^^^^^^^^^
  File "C:\Users\Utilizador\AppData\Local\Programs\Python\Python311\Lib\smtplib.py", line 908, in sendmail
    raise SMTPDataError(code, resp)
smtplib.SMTPDataError: (550, b'5.2.0 M3JKwQP1soBA4 Spam Rejected')
2026-05-10 13:31:10,115 [INFO] presentation.associados.associados_controller - ❌ [47/178] ERRO: (550, b'5.2.0 M3JKwQP1soBA4 Spam Rejected') → carlasilvas@sapo.pt
2026-05-10 13:31:10,115 [INFO] application.email.email_sender - Spam rejection — pausa extra de 55s
2026-05-10 13:31:10,138 [INFO] presentation.associados.associados_controller - ⏸️ Spam rejection — pausa extra de 55s
2026-05-10 13:32:18,212 [ERROR] application.email.email_sender - [48/178] ERRO → jfamaro333@gmail.com
Traceback (most recent call last):
  File "G:\.shortcut-targets-by-id\1NsBCziGNFjlQ-f8QRcezPsKVP9QzGdp0\APPs\atrpt\application\email\email_sender.py", line 322, in send_batch
    self.smtp.send(mime, recipients)
  File "G:\.shortcut-targets-by-id\1NsBCziGNFjlQ-f8QRcezPsKVP9QzGdp0\APPs\atrpt\infrastructure\email\smtp_client.py", line 108, in send
    self._smtp.send_message(mime, to_addrs=recipients)
  File "C:\Users\Utilizador\AppData\Local\Programs\Python\Python311\Lib\smtplib.py", line 986, in send_message
    return self.sendmail(from_addr, to_addrs, flatmsg, mail_options,
           ^^^^^^^^^^^^^^^^^^^^^^^^^^^^^^^^^^^^^^^^^^^^^^^^^^^^^^^^^
  File "C:\Users\Utilizador\AppData\Local\Programs\Python\Python311\Lib\smtplib.py", line 908, in sendmail
    raise SMTPDataError(code, resp)
smtplib.SMTPDataError: (550, b'5.2.0 M3KJwgev3dK1E Spam Rejected')
2026-05-10 13:32:18,260 [INFO] presentation.associados.associados_controller - ❌ [48/178] ERRO: (550, b'5.2.0 M3KJwgev3dK1E Spam Rejected') → jfamaro333@gmail.com
2026-05-10 13:32:18,260 [INFO] application.email.email_sender - Spam rejection — pausa extra de 40s
2026-05-10 13:32:18,260 [INFO] presentation.associados.associados_controller - ⏸️ Spam rejection — pausa extra de 40s
2026-05-10 13:33:06,625 [ERROR] application.email.email_sender - [49/178] ERRO → cbbbrandao@sapo.pt
Traceback (most recent call last):
  File "G:\.shortcut-targets-by-id\1NsBCziGNFjlQ-f8QRcezPsKVP9QzGdp0\APPs\atrpt\application\email\email_sender.py", line 322, in send_batch
    self.smtp.send(mime, recipients)
  File "G:\.shortcut-targets-by-id\1NsBCziGNFjlQ-f8QRcezPsKVP9QzGdp0\APPs\atrpt\infrastructure\email\smtp_client.py", line 108, in send
    self._smtp.send_message(mime, to_addrs=recipients)
  File "C:\Users\Utilizador\AppData\Local\Programs\Python\Python311\Lib\smtplib.py", line 986, in send_message
    return self.sendmail(from_addr, to_addrs, flatmsg, mail_options,
           ^^^^^^^^^^^^^^^^^^^^^^^^^^^^^^^^^^^^^^^^^^^^^^^^^^^^^^^^^
  File "C:\Users\Utilizador\AppData\Local\Programs\Python\Python311\Lib\smtplib.py", line 908, in sendmail
    raise SMTPDataError(code, resp)
smtplib.SMTPDataError: (550, b'5.2.0 M3LCwgfo3dK1E Spam Rejected')
2026-05-10 13:33:06,657 [INFO] presentation.associados.associados_controller - ❌ [49/178] ERRO: (550, b'5.2.0 M3LCwgfo3dK1E Spam Rejected') → cbbbrandao@sapo.pt
2026-05-10 13:33:06,657 [INFO] application.email.email_sender - Spam rejection — pausa extra de 43s
2026-05-10 13:33:06,657 [INFO] presentation.associados.associados_controller - ⏸️ Spam rejection — pausa extra de 43s
2026-05-10 13:33:54,942 [ERROR] application.email.email_sender - [50/178] ERRO → lucianomoutinhotavares@gmail.com
Traceback (most recent call last):
  File "G:\.shortcut-targets-by-id\1NsBCziGNFjlQ-f8QRcezPsKVP9QzGdp0\APPs\atrpt\application\email\email_sender.py", line 322, in send_batch
    self.smtp.send(mime, recipients)
  File "G:\.shortcut-targets-by-id\1NsBCziGNFjlQ-f8QRcezPsKVP9QzGdp0\APPs\atrpt\infrastructure\email\smtp_client.py", line 108, in send
    self._smtp.send_message(mime, to_addrs=recipients)
  File "C:\Users\Utilizador\AppData\Local\Programs\Python\Python311\Lib\smtplib.py", line 986, in send_message
    return self.sendmail(from_addr, to_addrs, flatmsg, mail_options,
           ^^^^^^^^^^^^^^^^^^^^^^^^^^^^^^^^^^^^^^^^^^^^^^^^^^^^^^^^^
  File "C:\Users\Utilizador\AppData\Local\Programs\Python\Python311\Lib\smtplib.py", line 908, in sendmail
    raise SMTPDataError(code, resp)
smtplib.SMTPDataError: (550, b'5.2.0 M3LzwUC0IPqNc Spam Rejected')
2026-05-10 13:33:54,975 [INFO] presentation.associados.associados_controller - ❌ [50/178] ERRO: (550, b'5.2.0 M3LzwUC0IPqNc Spam Rejected') → lucianomoutinhotavares@gmail.com
2026-05-10 13:33:54,985 [INFO] application.email.email_sender - Spam rejection — pausa extra de 59s
2026-05-10 13:33:54,990 [INFO] presentation.associados.associados_controller - ⏸️ Spam rejection — pausa extra de 59s
2026-05-10 13:35:00,391 [INFO] application.email.email_sender - SMTP desconectado após lote 1
2026-05-10 13:35:01,053 [INFO] application.email.email_sender - 💾 Guardado (lote 1)
2026-05-10 13:35:01,063 [INFO] presentation.associados.associados_controller - 💾 Guardado (lote 1)
2026-05-10 13:35:01,065 [INFO] application.email.email_sender - Pausa de 120s antes do lote 2
2026-05-10 13:35:01,069 [INFO] presentation.associados.associados_controller - 
⏸️ Pausa de 120s antes do próximo lote...
2026-05-10 13:37:01,283 [INFO] application.email.email_sender - LOTE 2/4 — 50 emails
2026-05-10 13:37:01,285 [INFO] presentation.associados.associados_controller - 
📦 LOTE 2/4 — 50 emails
2026-05-10 13:37:01,627 [INFO] application.email.email_sender - SMTP conectado para lote 2
2026-05-10 13:37:02,611 [ERROR] application.email.email_sender - [51/178] ERRO → jorge.m.guedes@sapo.pt
Traceback (most recent call last):
  File "G:\.shortcut-targets-by-id\1NsBCziGNFjlQ-f8QRcezPsKVP9QzGdp0\APPs\atrpt\application\email\email_sender.py", line 322, in send_batch
    self.smtp.send(mime, recipients)
  File "G:\.shortcut-targets-by-id\1NsBCziGNFjlQ-f8QRcezPsKVP9QzGdp0\APPs\atrpt\infrastructure\email\smtp_client.py", line 108, in send
    self._smtp.send_message(mime, to_addrs=recipients)
  File "C:\Users\Utilizador\AppData\Local\Programs\Python\Python311\Lib\smtplib.py", line 986, in send_message
    return self.sendmail(from_addr, to_addrs, flatmsg, mail_options,
           ^^^^^^^^^^^^^^^^^^^^^^^^^^^^^^^^^^^^^^^^^^^^^^^^^^^^^^^^^
  File "C:\Users\Utilizador\AppData\Local\Programs\Python\Python311\Lib\smtplib.py", line 908, in sendmail
    raise SMTPDataError(code, resp)
smtplib.SMTPDataError: (550, b'5.2.0 M3P0wUFFaPqNc Spam Rejected')
2026-05-10 13:37:02,659 [INFO] presentation.associados.associados_controller - ❌ [51/178] ERRO: (550, b'5.2.0 M3P0wUFFaPqNc Spam Rejected') → jorge.m.guedes@sapo.pt
2026-05-10 13:37:02,659 [INFO] application.email.email_sender - Spam rejection — pausa extra de 51s
2026-05-10 13:37:02,675 [INFO] presentation.associados.associados_controller - ⏸️ Spam rejection — pausa extra de 51s
2026-05-10 13:38:03,309 [ERROR] application.email.email_sender - [52/178] ERRO → alvarosousapereira@gmail.com
Traceback (most recent call last):
  File "G:\.shortcut-targets-by-id\1NsBCziGNFjlQ-f8QRcezPsKVP9QzGdp0\APPs\atrpt\application\email\email_sender.py", line 322, in send_batch
    self.smtp.send(mime, recipients)
  File "G:\.shortcut-targets-by-id\1NsBCziGNFjlQ-f8QRcezPsKVP9QzGdp0\APPs\atrpt\infrastructure\email\smtp_client.py", line 108, in send
    self._smtp.send_message(mime, to_addrs=recipients)
  File "C:\Users\Utilizador\AppData\Local\Programs\Python\Python311\Lib\smtplib.py", line 986, in send_message
    return self.sendmail(from_addr, to_addrs, flatmsg, mail_options,
           ^^^^^^^^^^^^^^^^^^^^^^^^^^^^^^^^^^^^^^^^^^^^^^^^^^^^^^^^^
  File "C:\Users\Utilizador\AppData\Local\Programs\Python\Python311\Lib\smtplib.py", line 908, in sendmail
    raise SMTPDataError(code, resp)
smtplib.SMTPDataError: (550, b'5.2.0 M3PuwQVaKoBA4 Spam Rejected')
2026-05-10 13:38:03,325 [INFO] presentation.associados.associados_controller - ❌ [52/178] ERRO: (550, b'5.2.0 M3PuwQVaKoBA4 Spam Rejected') → alvarosousapereira@gmail.com
2026-05-10 13:38:03,325 [INFO] application.email.email_sender - Spam rejection — pausa extra de 44s
2026-05-10 13:38:03,325 [INFO] presentation.associados.associados_controller - ⏸️ Spam rejection — pausa extra de 44s
2026-05-10 13:38:57,244 [INFO] application.email.email_sender - LOTE 1/4 — 50 emails
2026-05-10 13:38:57,804 [INFO] application.email.email_sender - SMTP conectado para lote 1
2026-05-10 13:38:59,404 [ERROR] application.email.email_sender - [1/166] ERRO → fernando.araujo@sapo.pt
Traceback (most recent call last):
  File "G:\.shortcut-targets-by-id\1NsBCziGNFjlQ-f8QRcezPsKVP9QzGdp0\APPs\atrpt\application\email\email_sender.py", line 322, in send_batch
    self.smtp.send(mime, recipients)
  File "G:\.shortcut-targets-by-id\1NsBCziGNFjlQ-f8QRcezPsKVP9QzGdp0\APPs\atrpt\infrastructure\email\smtp_client.py", line 108, in send
    self._smtp.send_message(mime, to_addrs=recipients)
  File "C:\Users\Utilizador\AppData\Local\Programs\Python\Python311\Lib\smtplib.py", line 986, in send_message
    return self.sendmail(from_addr, to_addrs, flatmsg, mail_options,
           ^^^^^^^^^^^^^^^^^^^^^^^^^^^^^^^^^^^^^^^^^^^^^^^^^^^^^^^^^
  File "C:\Users\Utilizador\AppData\Local\Programs\Python\Python311\Lib\smtplib.py", line 908, in sendmail
    raise SMTPDataError(code, resp)
smtplib.SMTPDataError: (550, b'5.2.0 M3Qsw8hbPUbIP Spam Rejected')
2026-05-10 13:39:02,852 [ERROR] application.email.email_sender - [2/166] ERRO → agiselaf@hotmail.com
Traceback (most recent call last):
  File "G:\.shortcut-targets-by-id\1NsBCziGNFjlQ-f8QRcezPsKVP9QzGdp0\APPs\atrpt\application\email\email_sender.py", line 322, in send_batch
    self.smtp.send(mime, recipients)
  File "G:\.shortcut-targets-by-id\1NsBCziGNFjlQ-f8QRcezPsKVP9QzGdp0\APPs\atrpt\infrastructure\email\smtp_client.py", line 108, in send
    self._smtp.send_message(mime, to_addrs=recipients)
  File "C:\Users\Utilizador\AppData\Local\Programs\Python\Python311\Lib\smtplib.py", line 986, in send_message
    return self.sendmail(from_addr, to_addrs, flatmsg, mail_options,
           ^^^^^^^^^^^^^^^^^^^^^^^^^^^^^^^^^^^^^^^^^^^^^^^^^^^^^^^^^
  File "C:\Users\Utilizador\AppData\Local\Programs\Python\Python311\Lib\smtplib.py", line 908, in sendmail
    raise SMTPDataError(code, resp)
smtplib.SMTPDataError: (550, b'5.2.0 M3QwwgJYwmakW Spam Rejected')
2026-05-10 13:39:06,367 [ERROR] application.email.email_sender - [3/166] ERRO → foctavio@sapo.pt
Traceback (most recent call last):
  File "G:\.shortcut-targets-by-id\1NsBCziGNFjlQ-f8QRcezPsKVP9QzGdp0\APPs\atrpt\application\email\email_sender.py", line 322, in send_batch
    self.smtp.send(mime, recipients)
  File "G:\.shortcut-targets-by-id\1NsBCziGNFjlQ-f8QRcezPsKVP9QzGdp0\APPs\atrpt\infrastructure\email\smtp_client.py", line 108, in send
    self._smtp.send_message(mime, to_addrs=recipients)
  File "C:\Users\Utilizador\AppData\Local\Programs\Python\Python311\Lib\smtplib.py", line 986, in send_message
    return self.sendmail(from_addr, to_addrs, flatmsg, mail_options,
           ^^^^^^^^^^^^^^^^^^^^^^^^^^^^^^^^^^^^^^^^^^^^^^^^^^^^^^^^^
  File "C:\Users\Utilizador\AppData\Local\Programs\Python\Python311\Lib\smtplib.py", line 908, in sendmail
    raise SMTPDataError(code, resp)
smtplib.SMTPDataError: (550, b'5.2.0 M3R0wpOW8SMHl Spam Rejected')
2026-05-10 13:39:10,137 [ERROR] application.email.email_sender - [4/166] ERRO → cesar.m.correia@sapo.pt
Traceback (most recent call last):
  File "G:\.shortcut-targets-by-id\1NsBCziGNFjlQ-f8QRcezPsKVP9QzGdp0\APPs\atrpt\application\email\email_sender.py", line 322, in send_batch
    self.smtp.send(mime, recipients)
  File "G:\.shortcut-targets-by-id\1NsBCziGNFjlQ-f8QRcezPsKVP9QzGdp0\APPs\atrpt\infrastructure\email\smtp_client.py", line 108, in send
    self._smtp.send_message(mime, to_addrs=recipients)
  File "C:\Users\Utilizador\AppData\Local\Programs\Python\Python311\Lib\smtplib.py", line 986, in send_message
    return self.sendmail(from_addr, to_addrs, flatmsg, mail_options,
           ^^^^^^^^^^^^^^^^^^^^^^^^^^^^^^^^^^^^^^^^^^^^^^^^^^^^^^^^^
  File "C:\Users\Utilizador\AppData\Local\Programs\Python\Python311\Lib\smtplib.py", line 908, in sendmail
    raise SMTPDataError(code, resp)
smtplib.SMTPDataError: (550, b'5.2.0 M3R4w8hnfUbIP Spam Rejected')
2026-05-10 13:39:13,314 [ERROR] application.email.email_sender - [5/166] ERRO → mariojtc56@gmail.com
Traceback (most recent call last):
  File "G:\.shortcut-targets-by-id\1NsBCziGNFjlQ-f8QRcezPsKVP9QzGdp0\APPs\atrpt\application\email\email_sender.py", line 322, in send_batch
    self.smtp.send(mime, recipients)
  File "G:\.shortcut-targets-by-id\1NsBCziGNFjlQ-f8QRcezPsKVP9QzGdp0\APPs\atrpt\infrastructure\email\smtp_client.py", line 108, in send
    self._smtp.send_message(mime, to_addrs=recipients)
  File "C:\Users\Utilizador\AppData\Local\Programs\Python\Python311\Lib\smtplib.py", line 986, in send_message
    return self.sendmail(from_addr, to_addrs, flatmsg, mail_options,
           ^^^^^^^^^^^^^^^^^^^^^^^^^^^^^^^^^^^^^^^^^^^^^^^^^^^^^^^^^
  File "C:\Users\Utilizador\AppData\Local\Programs\Python\Python311\Lib\smtplib.py", line 908, in sendmail
    raise SMTPDataError(code, resp)
smtplib.SMTPDataError: (550, b'5.2.0 M3R7wglfIdK1E Spam Rejected')
2026-05-10 13:39:17,275 [ERROR] application.email.email_sender - [6/166] ERRO → manuelambrenhas@gmail.com
Traceback (most recent call last):
  File "G:\.shortcut-targets-by-id\1NsBCziGNFjlQ-f8QRcezPsKVP9QzGdp0\APPs\atrpt\application\email\email_sender.py", line 322, in send_batch
    self.smtp.send(mime, recipients)
  File "G:\.shortcut-targets-by-id\1NsBCziGNFjlQ-f8QRcezPsKVP9QzGdp0\APPs\atrpt\infrastructure\email\smtp_client.py", line 108, in send
    self._smtp.send_message(mime, to_addrs=recipients)
  File "C:\Users\Utilizador\AppData\Local\Programs\Python\Python311\Lib\smtplib.py", line 986, in send_message
    return self.sendmail(from_addr, to_addrs, flatmsg, mail_options,
           ^^^^^^^^^^^^^^^^^^^^^^^^^^^^^^^^^^^^^^^^^^^^^^^^^^^^^^^^^
  File "C:\Users\Utilizador\AppData\Local\Programs\Python\Python311\Lib\smtplib.py", line 908, in sendmail
    raise SMTPDataError(code, resp)
smtplib.SMTPDataError: (550, b'5.2.0 M3RBwpOh3SMHl Spam Rejected')
2026-05-10 13:39:22,295 [ERROR] application.email.email_sender - [7/166] ERRO → fatima.barroso@hotmail.com
Traceback (most recent call last):
  File "G:\.shortcut-targets-by-id\1NsBCziGNFjlQ-f8QRcezPsKVP9QzGdp0\APPs\atrpt\application\email\email_sender.py", line 322, in send_batch
    self.smtp.send(mime, recipients)
  File "G:\.shortcut-targets-by-id\1NsBCziGNFjlQ-f8QRcezPsKVP9QzGdp0\APPs\atrpt\infrastructure\email\smtp_client.py", line 108, in send
    self._smtp.send_message(mime, to_addrs=recipients)
  File "C:\Users\Utilizador\AppData\Local\Programs\Python\Python311\Lib\smtplib.py", line 986, in send_message
    return self.sendmail(from_addr, to_addrs, flatmsg, mail_options,
           ^^^^^^^^^^^^^^^^^^^^^^^^^^^^^^^^^^^^^^^^^^^^^^^^^^^^^^^^^
  File "C:\Users\Utilizador\AppData\Local\Programs\Python\Python311\Lib\smtplib.py", line 908, in sendmail
    raise SMTPDataError(code, resp)
smtplib.SMTPDataError: (550, b'5.2.0 M3RGwUHVtPqNc Spam Rejected')
2026-05-10 13:39:27,338 [ERROR] application.email.email_sender - [8/166] ERRO → fernanda.mm.silva@hotmail.com
Traceback (most recent call last):
  File "G:\.shortcut-targets-by-id\1NsBCziGNFjlQ-f8QRcezPsKVP9QzGdp0\APPs\atrpt\application\email\email_sender.py", line 322, in send_batch
    self.smtp.send(mime, recipients)
  File "G:\.shortcut-targets-by-id\1NsBCziGNFjlQ-f8QRcezPsKVP9QzGdp0\APPs\atrpt\infrastructure\email\smtp_client.py", line 108, in send
    self._smtp.send_message(mime, to_addrs=recipients)
  File "C:\Users\Utilizador\AppData\Local\Programs\Python\Python311\Lib\smtplib.py", line 986, in send_message
    return self.sendmail(from_addr, to_addrs, flatmsg, mail_options,
           ^^^^^^^^^^^^^^^^^^^^^^^^^^^^^^^^^^^^^^^^^^^^^^^^^^^^^^^^^
  File "C:\Users\Utilizador\AppData\Local\Programs\Python\Python311\Lib\smtplib.py", line 908, in sendmail
    raise SMTPDataError(code, resp)
smtplib.SMTPDataError: (550, b'5.2.0 M3RLwpOrKSMHl Spam Rejected')
2026-05-10 13:39:31,816 [ERROR] application.email.email_sender - [9/166] ERRO → eduardoacmota@sapo.pt
Traceback (most recent call last):
  File "G:\.shortcut-targets-by-id\1NsBCziGNFjlQ-f8QRcezPsKVP9QzGdp0\APPs\atrpt\application\email\email_sender.py", line 322, in send_batch
    self.smtp.send(mime, recipients)
  File "G:\.shortcut-targets-by-id\1NsBCziGNFjlQ-f8QRcezPsKVP9QzGdp0\APPs\atrpt\infrastructure\email\smtp_client.py", line 108, in send
    self._smtp.send_message(mime, to_addrs=recipients)
  File "C:\Users\Utilizador\AppData\Local\Programs\Python\Python311\Lib\smtplib.py", line 986, in send_message
    return self.sendmail(from_addr, to_addrs, flatmsg, mail_options,
           ^^^^^^^^^^^^^^^^^^^^^^^^^^^^^^^^^^^^^^^^^^^^^^^^^^^^^^^^^
  File "C:\Users\Utilizador\AppData\Local\Programs\Python\Python311\Lib\smtplib.py", line 908, in sendmail
    raise SMTPDataError(code, resp)
smtplib.SMTPDataError: (550, b'5.2.0 M3RQw8i9cUbIP Spam Rejected')
2026-05-11 18:48:27,754 [INFO] application.email.email_sender - LOTE 1/4 — 50 emails
2026-05-11 18:48:28,676 [INFO] application.email.email_sender - SMTP conectado para lote 1
2026-05-11 18:48:29,649 [INFO] application.email.email_sender - [1/166] OK → fernando.araujo@sapo.pt
2026-05-11 18:48:41,441 [INFO] application.email.email_sender - [2/166] OK → agiselaf@hotmail.com
2026-05-11 18:48:48,583 [INFO] application.email.email_sender - [3/166] OK → foctavio@sapo.pt
2026-05-11 18:48:53,007 [INFO] application.email.email_sender - [4/166] OK → cesar.m.correia@sapo.pt
2026-05-11 18:48:56,819 [INFO] application.email.email_sender - [5/166] OK → mariojtc56@gmail.com
2026-05-11 18:49:01,160 [INFO] application.email.email_sender - [6/166] OK → manuelambrenhas@gmail.com
2026-05-11 18:49:06,130 [INFO] application.email.email_sender - [7/166] OK → fatima.barroso@hotmail.com
2026-05-11 18:49:11,868 [INFO] application.email.email_sender - [8/166] OK → fernanda.mm.silva@hotmail.com
2026-05-11 18:49:15,179 [INFO] application.email.email_sender - [9/166] OK → eduardoacmota@sapo.pt
2026-05-11 18:49:18,219 [INFO] application.email.email_sender - [10/166] OK → mmanuelagaio@gmail.com
2026-05-11 18:49:24,026 [INFO] application.email.email_sender - [11/166] OK → belmor@sapo.pt
2026-05-11 18:49:28,672 [INFO] application.email.email_sender - [12/166] OK → lfcrodrigues28@gmail.com
2026-05-11 18:49:31,591 [INFO] application.email.email_sender - [13/166] OK → gininha121@gmail.com
2026-05-11 18:49:36,444 [INFO] application.email.email_sender - [14/166] OK → m.caldasmatos@sapo.pt
2026-05-11 18:49:40,244 [INFO] application.email.email_sender - [15/166] OK → florentino.a.pereira@sapo.pt
2026-05-11 18:49:43,501 [INFO] application.email.email_sender - [16/166] OK → familia.anjos@sapo.pt
2026-05-11 18:49:47,834 [INFO] application.email.email_sender - [17/166] OK → valdemarantoniosoares@gmail.com
2026-05-11 18:49:51,129 [INFO] application.email.email_sender - [18/166] OK → jlaguiarpinto@gmail.com
2026-05-11 18:49:56,236 [INFO] application.email.email_sender - [19/166] OK → m.branca.portela@hotmail.com
2026-05-11 18:50:01,980 [INFO] application.email.email_sender - [20/166] OK → fimpsg@gmail.com
2026-05-11 18:50:05,478 [INFO] application.email.email_sender - [21/166] OK → alexandrafelixafonso@gmail.com
2026-05-11 18:50:11,221 [INFO] application.email.email_sender - [22/166] OK → margarida.m.rocha@sapo.pt
2026-05-11 18:50:15,237 [INFO] application.email.email_sender - [23/166] OK → aida.m.ferro18@sapo.pt
2026-05-11 18:50:20,451 [INFO] application.email.email_sender - [24/166] OK → cdanielaf@gmail.com
2026-05-11 18:50:24,178 [INFO] application.email.email_sender - [25/166] OK → josemoraissarmento@sapo.pt
2026-05-11 18:50:27,253 [INFO] application.email.email_sender - [26/166] OK → jrmilheiro@gmail.com
2026-05-11 18:50:31,181 [INFO] application.email.email_sender - [27/166] OK → elisabete.mcosta@gmail.com
2026-05-11 18:50:35,051 [INFO] application.email.email_sender - [28/166] OK → juliasantoscancela@gmail.com
2026-05-11 18:50:38,370 [INFO] application.email.email_sender - [29/166] OK → mnazarerei@sapo.pt
2026-05-11 18:50:41,518 [INFO] application.email.email_sender - [30/166] OK → fernandopinto@gmail.com
2026-05-11 18:50:45,132 [INFO] application.email.email_sender - [31/166] OK → aurelinamonteiro@gmail.com
2026-05-11 18:50:49,196 [INFO] application.email.email_sender - [32/166] OK → joaquim.a.passos@sapo.pt
2026-05-11 18:50:54,763 [INFO] application.email.email_sender - [33/166] OK → joaquim.soares.oliveira@gmail.com
2026-05-11 18:51:00,066 [INFO] application.email.email_sender - [34/166] OK → hmgmont@gmail.com
2026-05-11 18:51:06,170 [INFO] application.email.email_sender - [35/166] OK → carlasilvas@sapo.pt
2026-05-11 18:51:11,609 [INFO] application.email.email_sender - [36/166] OK → jfamaro333@gmail.com
2026-05-11 18:51:15,755 [INFO] application.email.email_sender - [37/166] OK → cbbbrandao@sapo.pt
2026-05-11 18:51:20,355 [INFO] application.email.email_sender - [38/166] OK → lucianomoutinhotavares@gmail.com
2026-05-11 18:51:23,600 [INFO] application.email.email_sender - [39/166] OK → jorge.m.guedes@sapo.pt
2026-05-11 18:51:26,639 [INFO] application.email.email_sender - [40/166] OK → alvarosousapereira@gmail.com
2026-05-11 18:51:31,307 [INFO] application.email.email_sender - max_por_conexao (40) atingido — a reconectar
2026-05-11 18:51:32,760 [INFO] application.email.email_sender - [41/166] OK → salopes@sapo.pt
2026-05-11 18:51:46,740 [INFO] application.email.email_sender - [42/166] OK → graca.p.nogueira@outlook.pt
2026-05-11 18:51:54,931 [INFO] application.email.email_sender - [43/166] OK → m.fernanda.rodrig@sapo.pt
2026-05-11 18:51:58,848 [INFO] application.email.email_sender - [44/166] OK → manuelfontoura@sapo.pt
2026-05-11 18:52:04,565 [INFO] application.email.email_sender - [45/166] OK → isabelcbalves1@gmail.com
2026-05-11 18:52:09,625 [INFO] application.email.email_sender - [46/166] OK → josesousapaiva@gmail.com
2026-05-11 18:52:13,259 [INFO] application.email.email_sender - [47/166] OK → cristinagracalobo@gmail.com
2026-05-11 18:52:16,219 [INFO] application.email.email_sender - [48/166] OK → virgilio.ainocencio@gmail.com
2026-05-11 18:52:19,528 [INFO] application.email.email_sender - [49/166] OK → giordanomonteirocouto@gmail.com
2026-05-11 18:52:23,078 [INFO] application.email.email_sender - [50/166] OK → gloriapinheiro1947@sapo.pt
2026-05-11 18:52:27,459 [INFO] application.email.email_sender - SMTP desconectado após lote 1
2026-05-11 18:52:27,889 [INFO] application.email.email_sender - 💾 Guardado (lote 1)
2026-05-11 18:52:27,906 [INFO] application.email.email_sender - Pausa de 35s antes do lote 2
2026-05-11 18:53:03,225 [INFO] application.email.email_sender - LOTE 2/4 — 50 emails
2026-05-11 18:53:03,536 [INFO] application.email.email_sender - SMTP conectado para lote 2
2026-05-11 18:53:04,577 [INFO] application.email.email_sender - [51/166] OK → fsar1960@yahoo.com.br
2026-05-11 18:53:21,033 [INFO] application.email.email_sender - [52/166] OK → mlucarvalho2013@gmail.com
2026-05-11 18:53:31,074 [INFO] application.email.email_sender - [53/166] OK → mhgop66@hotmail.com
2026-05-11 18:53:37,336 [INFO] application.email.email_sender - [54/166] OK → rmc@sapo.pt
2026-05-11 18:53:41,750 [INFO] application.email.email_sender - [55/166] OK → pinheiro.p.almeida@sapo.pt
2026-05-11 18:53:47,226 [INFO] application.email.email_sender - [56/166] OK → antonio.m.s.enes@gmail.com
2026-05-11 18:53:52,104 [INFO] application.email.email_sender - [57/166] OK → olgarod@sapo.pt
2026-05-11 18:53:56,210 [INFO] application.email.email_sender - [58/166] OK → vieira.antonio.silva@gmail.com
2026-05-11 18:54:01,812 [INFO] application.email.email_sender - [59/166] OK → alexandraelisabete@sapo.pt
2026-05-11 18:54:05,386 [INFO] application.email.email_sender - [60/166] OK → gramajal@gmail.com
2026-05-11 18:54:09,586 [INFO] application.email.email_sender - [61/166] OK → josemanueltpinheiro@sapo.pt
2026-05-11 18:54:13,510 [INFO] application.email.email_sender - [62/166] OK → helenacasteloes@gmail.com
2026-05-11 18:54:17,374 [INFO] application.email.email_sender - [63/166] OK → carlosborgescosta@gmail.com
2026-05-11 18:54:22,294 [INFO] application.email.email_sender - [64/166] OK → lucia.c.dias@sapo.pt
2026-05-11 18:54:26,145 [INFO] application.email.email_sender - [65/166] OK → gisela.morais@gmail.com
2026-05-11 18:54:31,531 [INFO] application.email.email_sender - [66/166] OK → larsgabriel@atrpt.pt
2026-05-11 18:54:37,323 [INFO] application.email.email_sender - [67/166] OK → eugeniagbessa@gmail.com
2026-05-11 18:54:42,609 [INFO] application.email.email_sender - [68/166] OK → hjesusleite@gmail.com
2026-05-11 18:54:47,834 [INFO] application.email.email_sender - [69/166] OK → fernando.m.dias@sapo.pt
2026-05-11 18:54:53,180 [INFO] application.email.email_sender - [70/166] OK → anamcunha48@gmail.com
2026-05-11 18:54:58,070 [INFO] application.email.email_sender - [71/166] OK → armanda.f.pinto@gmail.com
2026-05-11 18:55:01,435 [INFO] application.email.email_sender - [72/166] OK → acabral1965@gmail.com
2026-05-11 18:55:06,882 [INFO] application.email.email_sender - [73/166] OK → heringpaula@gmail.com
2026-05-11 18:55:12,415 [INFO] application.email.email_sender - [74/166] OK → isabel.o.matos@gmail.com
2026-05-11 18:55:17,905 [INFO] application.email.email_sender - [75/166] OK → antonio.j.ferreira@meo.pt
2026-05-11 18:55:23,076 [INFO] application.email.email_sender - [76/166] OK → cmmneves@gmail.com
2026-05-11 18:55:27,676 [INFO] application.email.email_sender - [77/166] OK → paulocameira@sapo.pt
2026-05-11 18:55:32,023 [INFO] application.email.email_sender - [78/166] OK → manuelantonio.pereirasilva@edp.pt
2026-05-11 18:55:37,036 [INFO] application.email.email_sender - [79/166] OK → mluizanoliveira@gmail.com
2026-05-11 18:55:40,960 [INFO] application.email.email_sender - [80/166] OK → afrlopes19@gmail.com
2026-05-11 18:55:45,752 [INFO] application.email.email_sender - [81/166] OK → m.a.rabbit@hotmail.com
2026-05-11 18:55:50,414 [INFO] application.email.email_sender - [82/166] OK → jcga52@gmail.com
2026-05-11 18:55:54,988 [INFO] application.email.email_sender - [83/166] OK → negilvaia@gmail.com
2026-05-11 18:55:59,682 [INFO] application.email.email_sender - [84/166] OK → cletus@sapo.pt
2026-05-11 18:56:05,462 [INFO] application.email.email_sender - [85/166] OK → joao.s.moura@sapo.pt
2026-05-11 18:56:09,629 [INFO] application.email.email_sender - [86/166] OK → virginia72guerra@gmail.com
2026-05-11 18:56:13,296 [INFO] application.email.email_sender - [87/166] OK → hermanolandrade@gmail.com
2026-05-11 18:56:16,818 [INFO] application.email.email_sender - [88/166] OK → cristina.m.soares@meo.pt
2026-05-11 18:56:21,139 [INFO] application.email.email_sender - [89/166] OK → ana.stanislau@mail.telepac.pt
2026-05-11 18:56:25,769 [INFO] application.email.email_sender - [90/166] OK → patricianogueira27@gmail.com
2026-05-11 18:56:28,596 [INFO] application.email.email_sender - max_por_conexao (40) atingido — a reconectar
2026-05-11 18:56:29,820 [INFO] application.email.email_sender - [91/166] OK → mteteps@gmail.com
2026-05-11 18:56:41,999 [INFO] application.email.email_sender - [92/166] OK → alberto.gomes@outlook.com
2026-05-11 18:56:49,657 [INFO] application.email.email_sender - [93/166] OK → maltav@mail.telepac.pt
2026-05-11 18:56:52,541 [INFO] application.email.email_sender - [94/166] OK → mariafernandasalvaterra@gmail.com
2026-05-11 18:56:55,558 [INFO] application.email.email_sender - [95/166] OK → downlord@sapo.pt
2026-05-11 18:56:59,822 [INFO] application.email.email_sender - [96/166] OK → vandasimoesmoreira@gmail.com
2026-05-11 18:57:04,932 [INFO] application.email.email_sender - [97/166] OK → esteves.mario@sapo.pt
2026-05-11 18:57:09,861 [INFO] application.email.email_sender - [98/166] OK → jorgenunodeazevedo@gmail.com
2026-05-11 18:57:14,057 [INFO] application.email.email_sender - [99/166] OK → jfirmino@sapo.pt
2026-05-11 18:57:19,745 [INFO] application.email.email_sender - [100/166] OK → paula72moreira@gmail.com
2026-05-11 18:57:21,909 [INFO] application.email.email_sender - SMTP desconectado após lote 2
2026-05-11 18:57:22,377 [INFO] application.email.email_sender - 💾 Guardado (lote 2)
2026-05-11 18:57:22,382 [INFO] application.email.email_sender - Pausa de 48s antes do lote 3
2026-05-11 18:58:11,370 [INFO] application.email.email_sender - LOTE 3/4 — 50 emails
2026-05-11 18:58:11,739 [INFO] application.email.email_sender - SMTP conectado para lote 3
2026-05-11 18:58:12,638 [INFO] application.email.email_sender - [101/166] OK → idorindorocha@gmail.com
2026-05-11 18:58:39,351 [INFO] application.email.email_sender - [102/166] OK → auroragsoares@gmail.com
2026-05-11 18:59:02,411 [INFO] application.email.email_sender - [103/166] OK → frbarbosa@sapo.pt
2026-05-11 18:59:17,738 [INFO] application.email.email_sender - [104/166] OK → fjandrade@sapo.pt
2026-05-11 18:59:26,080 [INFO] application.email.email_sender - [105/166] OK → selma-m-loureiro@sapo.pt
2026-05-11 18:59:30,180 [INFO] application.email.email_sender - [106/166] OK → cristina.c.rodrigues.cr@gmail.com
2026-05-11 18:59:35,579 [INFO] application.email.email_sender - [107/166] OK → josemariaaraujo@gmail.com
2026-05-11 18:59:39,746 [INFO] application.email.email_sender - [108/166] OK → fatima.barbedo@gmail.com
2026-05-11 18:59:45,789 [INFO] application.email.email_sender - [109/166] OK → brandariz.ana@gmail.com
2026-05-11 18:59:50,353 [INFO] application.email.email_sender - [110/166] OK → luisa.ramalhinho@sapo.pt
2026-05-11 18:59:55,916 [INFO] application.email.email_sender - [111/166] OK → pedro.d.sampaio@sapo.pt
2026-05-11 19:00:01,529 [INFO] application.email.email_sender - [112/166] OK → josepinho.pinho@gmail.com
2026-05-11 19:00:04,963 [INFO] application.email.email_sender - [113/166] OK → migueloliveira4891@gmail.com
2026-05-11 19:00:08,462 [INFO] application.email.email_sender - [114/166] OK → jose_fuentefria@clix.pt
2026-05-11 19:00:12,514 [INFO] application.email.email_sender - [115/166] OK → manuel.macedo1955@gmail.com
2026-05-11 19:00:16,877 [INFO] application.email.email_sender - [116/166] OK → jaimemacedomatos@sapo.pt
2026-05-11 19:00:21,262 [INFO] application.email.email_sender - [117/166] OK → anacbavila@sapo.pt
2026-05-11 19:00:24,122 [INFO] application.email.email_sender - [118/166] OK → jdsfernandes@sapo.pt
2026-05-11 19:00:28,512 [INFO] application.email.email_sender - [119/166] OK → fatima.cs.alves@gmail.com
2026-05-11 19:00:32,315 [INFO] application.email.email_sender - [120/166] OK → mclementina.rocha@sapo.pt
2026-05-11 19:00:37,667 [INFO] application.email.email_sender - [121/166] OK → rogerio.tojeiro@gmail.com
2026-05-11 19:00:42,207 [INFO] application.email.email_sender - [122/166] OK → arsousa.576@gmail.com
2026-05-11 19:00:45,851 [INFO] application.email.email_sender - [123/166] OK → vitorguedes.1961@gmail.com
2026-05-11 19:00:50,477 [INFO] application.email.email_sender - [124/166] OK → mariac.s.b@gmail.com
2026-05-11 19:00:53,854 [INFO] application.email.email_sender - [125/166] OK → paula.g.caldeira@meo.pt
2026-05-11 19:00:59,193 [INFO] application.email.email_sender - [126/166] OK → paixao.vitor@gmail.com
2026-05-11 19:01:04,025 [INFO] application.email.email_sender - [127/166] OK → gborges50@hotmail.com
2026-05-11 19:01:08,277 [INFO] application.email.email_sender - [128/166] OK → martilde@hotmail.com
2026-05-11 19:01:12,731 [INFO] application.email.email_sender - [129/166] OK → paulagbs.pereira@gmail.com
2026-05-11 19:01:17,815 [INFO] application.email.email_sender - [130/166] OK → mariajose.matos40@gmail.com
2026-05-11 19:01:24,294 [INFO] application.email.email_sender - [131/166] OK → paulobarbedo@sapo.pt
2026-05-11 19:01:29,224 [INFO] application.email.email_sender - [132/166] OK → levi@jorgelevi.com
2026-05-11 19:01:33,765 [INFO] application.email.email_sender - [133/166] OK → info@numo.pt
2026-05-11 19:01:37,033 [INFO] application.email.email_sender - [134/166] OK → lboticario@gmail.com
2026-05-11 19:01:40,791 [INFO] application.email.email_sender - [135/166] OK → anammgcosta@gmail.com
2026-05-11 19:01:43,803 [INFO] application.email.email_sender - [136/166] OK → gorettishenriques@gmail.com
2026-05-11 19:01:49,535 [INFO] application.email.email_sender - [137/166] OK → serafim.monteiro@sapo.pt
2026-05-11 19:01:54,842 [INFO] application.email.email_sender - [138/166] OK → jmppacheco@sapo.pt
2026-05-11 19:01:59,480 [INFO] application.email.email_sender - [139/166] OK → ritadanielamarques@gmail.com
2026-05-11 19:02:02,999 [INFO] application.email.email_sender - [140/166] OK → goreti-a-coelho@sapo.pt
2026-05-11 19:02:05,031 [INFO] application.email.email_sender - max_por_conexao (40) atingido — a reconectar
2026-05-11 19:02:06,247 [INFO] application.email.email_sender - [141/166] OK → aantoniodamas@sapo.pt
2026-05-11 19:02:31,341 [INFO] application.email.email_sender - [142/166] OK → antoniosantos@sapo.pt
2026-05-11 19:02:51,239 [INFO] application.email.email_sender - [143/166] OK → nelson-g-cruz@sapo.pt
2026-05-11 19:03:03,654 [INFO] application.email.email_sender - [144/166] OK → domingos-m-silva-23@sapo.pt
2026-05-11 19:03:11,722 [INFO] application.email.email_sender - [145/166] OK → fonsecamandio@gmail.com
2026-05-11 19:03:15,338 [INFO] application.email.email_sender - [146/166] OK → anaviseu@gmail.com
2026-05-11 19:03:19,353 [INFO] application.email.email_sender - [147/166] OK → higino.angelo.silva@gmail.com
2026-05-11 19:03:24,078 [INFO] application.email.email_sender - [148/166] OK → anamaria.diogo@sapo.pt
2026-05-11 19:03:28,103 [INFO] application.email.email_sender - [149/166] OK → helena.carla.rodrigues@gmail.com
2026-05-11 19:03:32,186 [INFO] application.email.email_sender - [150/166] OK → ana.2000indouro@gmail.com
2026-05-11 19:03:36,601 [INFO] application.email.email_sender - SMTP desconectado após lote 3
2026-05-11 19:03:37,007 [INFO] application.email.email_sender - 💾 Guardado (lote 3)
2026-05-11 19:03:37,007 [INFO] application.email.email_sender - Pausa de 32s antes do lote 4
2026-05-11 19:04:09,130 [INFO] application.email.email_sender - LOTE 4/4 — 16 emails
2026-05-11 19:04:09,501 [INFO] application.email.email_sender - SMTP conectado para lote 4
2026-05-11 19:04:10,366 [INFO] application.email.email_sender - [151/166] OK → jose.cabral.trindade@gmail.com
2026-05-11 19:04:35,619 [INFO] application.email.email_sender - [152/166] OK → rosaspinto@gmail.com
2026-05-11 19:04:57,528 [INFO] application.email.email_sender - [153/166] OK → a.j.f.simoes1955@gmail.com
2026-05-11 19:05:12,440 [INFO] application.email.email_sender - [154/166] OK → ferreira-d-silva@sapo.pt
2026-05-11 19:05:19,759 [INFO] application.email.email_sender - [155/166] OK → alexandre_filipe_queiros@yahoo.com
2026-05-11 19:05:23,357 [INFO] application.email.email_sender - [156/166] OK → magui2017@sapo.pt
2026-05-11 19:05:27,021 [INFO] application.email.email_sender - [157/166] OK → alicetramos@gmail.com
2026-05-11 19:05:31,632 [INFO] application.email.email_sender - [158/166] OK → carlos.ferreira.braga@gmail.com
2026-05-11 19:05:35,199 [INFO] application.email.email_sender - [159/166] OK → marcio-rocha@sapo.pt
2026-05-11 19:05:40,834 [INFO] application.email.email_sender - [160/166] OK → aldina.r@hotmail.com
2026-05-11 19:05:46,053 [INFO] application.email.email_sender - [161/166] OK → joana_nunes@sapo.pt
2026-05-11 19:05:50,354 [INFO] application.email.email_sender - [162/166] OK → sonia.g.carvalho@sapo.pt
2026-05-11 19:05:54,164 [INFO] application.email.email_sender - [163/166] OK → carlos.a.moreira@sapo.pt
2026-05-11 19:05:57,144 [INFO] application.email.email_sender - [164/166] OK → fernandanunesmoreira@gmail.com
2026-05-11 19:06:00,004 [INFO] application.email.email_sender - [165/166] OK → vilhena.fatima@gmail.com
2026-05-11 19:06:04,294 [INFO] application.email.email_sender - [166/166] OK → franciscoorgebasadre@gmail.com
2026-05-11 19:06:07,334 [INFO] application.email.email_sender - SMTP desconectado após lote 4
2026-05-11 19:06:07,927 [INFO] application.email.email_sender - 💾 Guardado (lote 4)
2026-05-11 19:06:07,933 [INFO] application.email.email_sender - Envio concluído. OK: 166 | ERRO: 0
2026-05-11 19:06:08,534 [INFO] application.email.email_sender - 💾 Guardado (final)
2026-05-11 19:06:08,539 [INFO] presentation.associados.associados_controller - ✅ Enviados: 166 | Erros: 0
