2026-05-08 12:39:36,508 [ERROR] presentation.associados.associados_controller - Nenhuma mensagem preparada. Execute preparar_envio primeiro.
2026-05-08 12:45:51,843 [ERROR] presentation.associados.associados_controller - Nenhuma mensagem preparada. Execute preparar_envio primeiro.
2026-05-08 12:45:58,503 [ERROR] presentation.associados.associados_controller - Nenhum ficheiro de envio preparado. Execute 'Preparar' primeiro.
2026-05-08 19:36:12,717 [ERROR] application.email.email_sender - [486/846] ERRO → livia.c.pintocardoso@gmail.com
Traceback (most recent call last):
  File "G:\.shortcut-targets-by-id\1NsBCziGNFjlQ-f8QRcezPsKVP9QzGdp0\APPs\atrpt\application\email\email_sender.py", line 318, in send_batch
    self.smtp.send(mime, recipients)
  File "G:\.shortcut-targets-by-id\1NsBCziGNFjlQ-f8QRcezPsKVP9QzGdp0\APPs\atrpt\infrastructure\email\smtp_client.py", line 108, in send
    self._smtp.send_message(mime, to_addrs=recipients)
  File "C:\envs\atrpt\Lib\smtplib.py", line 975, in send_message
    return self.sendmail(from_addr, to_addrs, flatmsg, mail_options,
           ^^^^^^^^^^^^^^^^^^^^^^^^^^^^^^^^^^^^^^^^^^^^^^^^^^^^^^^^^
  File "C:\envs\atrpt\Lib\smtplib.py", line 897, in sendmail
    raise SMTPDataError(code, resp)
smtplib.SMTPDataError: (550, b'5.2.0 LQ3Vw2Z6KdK1ELQ3WwoEGI Sending Prohibited (Max RcptTo Daily limit)')
2026-05-08 19:36:49,399 [ERROR] application.email.email_sender - [488/846] ERRO → jkosta@sapo.pt
Traceback (most recent call last):
  File "G:\.shortcut-targets-by-id\1NsBCziGNFjlQ-f8QRcezPsKVP9QzGdp0\APPs\atrpt\application\email\email_sender.py", line 318, in send_batch
    self.smtp.send(mime, recipients)
  File "G:\.shortcut-targets-by-id\1NsBCziGNFjlQ-f8QRcezPsKVP9QzGdp0\APPs\atrpt\infrastructure\email\smtp_client.py", line 108, in send
    self._smtp.send_message(mime, to_addrs=recipients)
  File "C:\envs\atrpt\Lib\smtplib.py", line 975, in send_message
    return self.sendmail(from_addr, to_addrs, flatmsg, mail_options,
           ^^^^^^^^^^^^^^^^^^^^^^^^^^^^^^^^^^^^^^^^^^^^^^^^^^^^^^^^^
  File "C:\envs\atrpt\Lib\smtplib.py", line 897, in sendmail
    raise SMTPDataError(code, resp)
smtplib.SMTPDataError: (550, b'5.2.0 LQ45wBIEoSMHlLQ45wwvhr Sending Prohibited (Max RcptTo Daily limit)')
2026-05-08 19:37:21,244 [ERROR] application.email.email_sender - [490/846] ERRO → carlosomvieira@gmail.com
Traceback (most recent call last):
  File "G:\.shortcut-targets-by-id\1NsBCziGNFjlQ-f8QRcezPsKVP9QzGdp0\APPs\atrpt\application\email\email_sender.py", line 318, in send_batch
    self.smtp.send(mime, recipients)
  File "G:\.shortcut-targets-by-id\1NsBCziGNFjlQ-f8QRcezPsKVP9QzGdp0\APPs\atrpt\infrastructure\email\smtp_client.py", line 108, in send
    self._smtp.send_message(mime, to_addrs=recipients)
  File "C:\envs\atrpt\Lib\smtplib.py", line 975, in send_message
    return self.sendmail(from_addr, to_addrs, flatmsg, mail_options,
           ^^^^^^^^^^^^^^^^^^^^^^^^^^^^^^^^^^^^^^^^^^^^^^^^^^^^^^^^^
  File "C:\envs\atrpt\Lib\smtplib.py", line 897, in sendmail
    raise SMTPDataError(code, resp)
smtplib.SMTPDataError: (550, b'5.2.0 LQ4cwUYwYUbIPLQ4cwdpoc Sending Prohibited (Max RcptTo Daily limit)')
2026-05-08 19:37:55,628 [ERROR] application.email.email_sender - [492/846] ERRO → j.luisnunes@sapo.pt
Traceback (most recent call last):
  File "G:\.shortcut-targets-by-id\1NsBCziGNFjlQ-f8QRcezPsKVP9QzGdp0\APPs\atrpt\application\email\email_sender.py", line 318, in send_batch
    self.smtp.send(mime, recipients)
  File "G:\.shortcut-targets-by-id\1NsBCziGNFjlQ-f8QRcezPsKVP9QzGdp0\APPs\atrpt\infrastructure\email\smtp_client.py", line 108, in send
    self._smtp.send_message(mime, to_addrs=recipients)
  File "C:\envs\atrpt\Lib\smtplib.py", line 975, in send_message
    return self.sendmail(from_addr, to_addrs, flatmsg, mail_options,
           ^^^^^^^^^^^^^^^^^^^^^^^^^^^^^^^^^^^^^^^^^^^^^^^^^^^^^^^^^
  File "C:\envs\atrpt\Lib\smtplib.py", line 897, in sendmail
    raise SMTPDataError(code, resp)
smtplib.SMTPDataError: (550, b'5.2.0 LQ55w2EEomakWLQ56wuZ0B Sending Prohibited (Max RcptTo Daily limit)')
2026-05-08 19:38:36,546 [ERROR] application.email.email_sender - [494/846] ERRO → rosa.d.sousa1968@gmail.com
Traceback (most recent call last):
  File "G:\.shortcut-targets-by-id\1NsBCziGNFjlQ-f8QRcezPsKVP9QzGdp0\APPs\atrpt\application\email\email_sender.py", line 318, in send_batch
    self.smtp.send(mime, recipients)
  File "G:\.shortcut-targets-by-id\1NsBCziGNFjlQ-f8QRcezPsKVP9QzGdp0\APPs\atrpt\infrastructure\email\smtp_client.py", line 108, in send
    self._smtp.send_message(mime, to_addrs=recipients)
  File "C:\envs\atrpt\Lib\smtplib.py", line 975, in send_message
    return self.sendmail(from_addr, to_addrs, flatmsg, mail_options,
           ^^^^^^^^^^^^^^^^^^^^^^^^^^^^^^^^^^^^^^^^^^^^^^^^^^^^^^^^^
  File "C:\envs\atrpt\Lib\smtplib.py", line 897, in sendmail
    raise SMTPDataError(code, resp)
smtplib.SMTPDataError: (550, b'5.2.0 LQ5pw2F1FmakWLQ5qwuZ4S Sending Prohibited (Max RcptTo Daily limit)')
2026-05-08 19:39:02,746 [ERROR] application.email.email_sender - [496/846] ERRO → fernando.araujo@sapo.pt
Traceback (most recent call last):
  File "G:\.shortcut-targets-by-id\1NsBCziGNFjlQ-f8QRcezPsKVP9QzGdp0\APPs\atrpt\application\email\email_sender.py", line 318, in send_batch
    self.smtp.send(mime, recipients)
  File "G:\.shortcut-targets-by-id\1NsBCziGNFjlQ-f8QRcezPsKVP9QzGdp0\APPs\atrpt\infrastructure\email\smtp_client.py", line 108, in send
    self._smtp.send_message(mime, to_addrs=recipients)
  File "C:\envs\atrpt\Lib\smtplib.py", line 975, in send_message
    return self.sendmail(from_addr, to_addrs, flatmsg, mail_options,
           ^^^^^^^^^^^^^^^^^^^^^^^^^^^^^^^^^^^^^^^^^^^^^^^^^^^^^^^^^
  File "C:\envs\atrpt\Lib\smtplib.py", line 897, in sendmail
    raise SMTPDataError(code, resp)
smtplib.SMTPDataError: (550, b'5.2.0 LQ6Fwq6m9PqNcLQ6GwHfRz Sending Prohibited (Max RcptTo Daily limit)')
2026-05-08 19:39:43,815 [ERROR] application.email.email_sender - [498/846] ERRO → juliaprima@sapo.pt
Traceback (most recent call last):
  File "G:\.shortcut-targets-by-id\1NsBCziGNFjlQ-f8QRcezPsKVP9QzGdp0\APPs\atrpt\application\email\email_sender.py", line 318, in send_batch
    self.smtp.send(mime, recipients)
  File "G:\.shortcut-targets-by-id\1NsBCziGNFjlQ-f8QRcezPsKVP9QzGdp0\APPs\atrpt\infrastructure\email\smtp_client.py", line 108, in send
    self._smtp.send_message(mime, to_addrs=recipients)
  File "C:\envs\atrpt\Lib\smtplib.py", line 975, in send_message
    return self.sendmail(from_addr, to_addrs, flatmsg, mail_options,
           ^^^^^^^^^^^^^^^^^^^^^^^^^^^^^^^^^^^^^^^^^^^^^^^^^^^^^^^^^
  File "C:\envs\atrpt\Lib\smtplib.py", line 897, in sendmail
    raise SMTPDataError(code, resp)
smtplib.SMTPDataError: (550, b'5.2.0 LQ6vwq7O3PqNcLQ6vwHfXG Sending Prohibited (Max RcptTo Daily limit)')
2026-05-08 19:40:11,487 [ERROR] application.email.email_sender - [500/846] ERRO → m.carmo.s.cruz@sapo.pt
Traceback (most recent call last):
  File "G:\.shortcut-targets-by-id\1NsBCziGNFjlQ-f8QRcezPsKVP9QzGdp0\APPs\atrpt\application\email\email_sender.py", line 318, in send_batch
    self.smtp.send(mime, recipients)
  File "G:\.shortcut-targets-by-id\1NsBCziGNFjlQ-f8QRcezPsKVP9QzGdp0\APPs\atrpt\infrastructure\email\smtp_client.py", line 108, in send
    self._smtp.send_message(mime, to_addrs=recipients)
  File "C:\envs\atrpt\Lib\smtplib.py", line 975, in send_message
    return self.sendmail(from_addr, to_addrs, flatmsg, mail_options,
           ^^^^^^^^^^^^^^^^^^^^^^^^^^^^^^^^^^^^^^^^^^^^^^^^^^^^^^^^^
  File "C:\envs\atrpt\Lib\smtplib.py", line 897, in sendmail
    raise SMTPDataError(code, resp)
smtplib.SMTPDataError: (550, b'5.2.0 LQ7MwmS4coBA4LQ7Nwgd4A Sending Prohibited (Max RcptTo Daily limit)')
2026-05-08 19:43:42,815 [ERROR] application.email.email_sender - [501/846] ERRO → jorgedaom@gmail.com
Traceback (most recent call last):
  File "G:\.shortcut-targets-by-id\1NsBCziGNFjlQ-f8QRcezPsKVP9QzGdp0\APPs\atrpt\application\email\email_sender.py", line 318, in send_batch
    self.smtp.send(mime, recipients)
  File "G:\.shortcut-targets-by-id\1NsBCziGNFjlQ-f8QRcezPsKVP9QzGdp0\APPs\atrpt\infrastructure\email\smtp_client.py", line 108, in send
    self._smtp.send_message(mime, to_addrs=recipients)
  File "C:\envs\atrpt\Lib\smtplib.py", line 975, in send_message
    return self.sendmail(from_addr, to_addrs, flatmsg, mail_options,
           ^^^^^^^^^^^^^^^^^^^^^^^^^^^^^^^^^^^^^^^^^^^^^^^^^^^^^^^^^
  File "C:\envs\atrpt\Lib\smtplib.py", line 897, in sendmail
    raise SMTPDataError(code, resp)
smtplib.SMTPDataError: (550, b'5.2.0 LQAlw2g6hdK1ELQAmwoF8R Sending Prohibited (Max RcptTo Daily limit)')
2026-05-08 19:44:18,798 [ERROR] application.email.email_sender - [503/846] ERRO → mjorgeqsilva@sapo.pt
Traceback (most recent call last):
  File "G:\.shortcut-targets-by-id\1NsBCziGNFjlQ-f8QRcezPsKVP9QzGdp0\APPs\atrpt\application\email\email_sender.py", line 318, in send_batch
    self.smtp.send(mime, recipients)
  File "G:\.shortcut-targets-by-id\1NsBCziGNFjlQ-f8QRcezPsKVP9QzGdp0\APPs\atrpt\infrastructure\email\smtp_client.py", line 108, in send
    self._smtp.send_message(mime, to_addrs=recipients)
  File "C:\envs\atrpt\Lib\smtplib.py", line 975, in send_message
    return self.sendmail(from_addr, to_addrs, flatmsg, mail_options,
           ^^^^^^^^^^^^^^^^^^^^^^^^^^^^^^^^^^^^^^^^^^^^^^^^^^^^^^^^^
  File "C:\envs\atrpt\Lib\smtplib.py", line 897, in sendmail
    raise SMTPDataError(code, resp)
smtplib.SMTPDataError: (550, b'5.2.0 LQBLwBPFySMHlLQBLwwwYF Sending Prohibited (Max RcptTo Daily limit)')
2026-05-08 19:45:00,468 [ERROR] application.email.email_sender - [505/846] ERRO → bernardonalves@gmail.com
Traceback (most recent call last):
  File "G:\.shortcut-targets-by-id\1NsBCziGNFjlQ-f8QRcezPsKVP9QzGdp0\APPs\atrpt\application\email\email_sender.py", line 318, in send_batch
    self.smtp.send(mime, recipients)
  File "G:\.shortcut-targets-by-id\1NsBCziGNFjlQ-f8QRcezPsKVP9QzGdp0\APPs\atrpt\infrastructure\email\smtp_client.py", line 108, in send
    self._smtp.send_message(mime, to_addrs=recipients)
  File "C:\envs\atrpt\Lib\smtplib.py", line 975, in send_message
    return self.sendmail(from_addr, to_addrs, flatmsg, mail_options,
           ^^^^^^^^^^^^^^^^^^^^^^^^^^^^^^^^^^^^^^^^^^^^^^^^^^^^^^^^^
  File "C:\envs\atrpt\Lib\smtplib.py", line 897, in sendmail
    raise SMTPDataError(code, resp)
smtplib.SMTPDataError: (550, b'5.2.0 LQBwwUg0fUbIPLQBxwdqdK Sending Prohibited (Max RcptTo Daily limit)')
2026-05-08 19:45:31,322 [ERROR] application.email.email_sender - [507/846] ERRO → agiselaf@hotmail.com
Traceback (most recent call last):
  File "G:\.shortcut-targets-by-id\1NsBCziGNFjlQ-f8QRcezPsKVP9QzGdp0\APPs\atrpt\application\email\email_sender.py", line 318, in send_batch
    self.smtp.send(mime, recipients)
  File "G:\.shortcut-targets-by-id\1NsBCziGNFjlQ-f8QRcezPsKVP9QzGdp0\APPs\atrpt\infrastructure\email\smtp_client.py", line 108, in send
    self._smtp.send_message(mime, to_addrs=recipients)
  File "C:\envs\atrpt\Lib\smtplib.py", line 975, in send_message
    return self.sendmail(from_addr, to_addrs, flatmsg, mail_options,
           ^^^^^^^^^^^^^^^^^^^^^^^^^^^^^^^^^^^^^^^^^^^^^^^^^^^^^^^^^
  File "C:\envs\atrpt\Lib\smtplib.py", line 897, in sendmail
    raise SMTPDataError(code, resp)
smtplib.SMTPDataError: (550, b'5.2.0 LQCVwUgmOUbIPLQCWwdqi8 Sending Prohibited (Max RcptTo Daily limit)')
2026-05-08 19:46:14,803 [ERROR] application.email.email_sender - [509/846] ERRO → foctavio@sapo.pt
Traceback (most recent call last):
  File "G:\.shortcut-targets-by-id\1NsBCziGNFjlQ-f8QRcezPsKVP9QzGdp0\APPs\atrpt\application\email\email_sender.py", line 318, in send_batch
    self.smtp.send(mime, recipients)
  File "G:\.shortcut-targets-by-id\1NsBCziGNFjlQ-f8QRcezPsKVP9QzGdp0\APPs\atrpt\infrastructure\email\smtp_client.py", line 108, in send
    self._smtp.send_message(mime, to_addrs=recipients)
  File "C:\envs\atrpt\Lib\smtplib.py", line 975, in send_message
    return self.sendmail(from_addr, to_addrs, flatmsg, mail_options,
           ^^^^^^^^^^^^^^^^^^^^^^^^^^^^^^^^^^^^^^^^^^^^^^^^^^^^^^^^^
  File "C:\envs\atrpt\Lib\smtplib.py", line 897, in sendmail
    raise SMTPDataError(code, resp)
smtplib.SMTPDataError: (550, b'5.2.0 LQD9wmY1coBA4LQD9wgdj9 Sending Prohibited (Max RcptTo Daily limit)')
2026-05-08 19:47:00,755 [ERROR] application.email.email_sender - [511/846] ERRO → cesar.m.correia@sapo.pt
Traceback (most recent call last):
  File "G:\.shortcut-targets-by-id\1NsBCziGNFjlQ-f8QRcezPsKVP9QzGdp0\APPs\atrpt\application\email\email_sender.py", line 318, in send_batch
    self.smtp.send(mime, recipients)
  File "G:\.shortcut-targets-by-id\1NsBCziGNFjlQ-f8QRcezPsKVP9QzGdp0\APPs\atrpt\infrastructure\email\smtp_client.py", line 108, in send
    self._smtp.send_message(mime, to_addrs=recipients)
  File "C:\envs\atrpt\Lib\smtplib.py", line 975, in send_message
    return self.sendmail(from_addr, to_addrs, flatmsg, mail_options,
           ^^^^^^^^^^^^^^^^^^^^^^^^^^^^^^^^^^^^^^^^^^^^^^^^^^^^^^^^^
  File "C:\envs\atrpt\Lib\smtplib.py", line 897, in sendmail
    raise SMTPDataError(code, resp)
smtplib.SMTPDataError: (550, b'5.2.0 LQDswUi8zUbIPLQDswdqrq Sending Prohibited (Max RcptTo Daily limit)')
2026-05-08 19:47:36,715 [ERROR] application.email.email_sender - [513/846] ERRO → mariojtc56@gmail.com
Traceback (most recent call last):
  File "G:\.shortcut-targets-by-id\1NsBCziGNFjlQ-f8QRcezPsKVP9QzGdp0\APPs\atrpt\application\email\email_sender.py", line 318, in send_batch
    self.smtp.send(mime, recipients)
  File "G:\.shortcut-targets-by-id\1NsBCziGNFjlQ-f8QRcezPsKVP9QzGdp0\APPs\atrpt\infrastructure\email\smtp_client.py", line 108, in send
    self._smtp.send_message(mime, to_addrs=recipients)
  File "C:\envs\atrpt\Lib\smtplib.py", line 975, in send_message
    return self.sendmail(from_addr, to_addrs, flatmsg, mail_options,
           ^^^^^^^^^^^^^^^^^^^^^^^^^^^^^^^^^^^^^^^^^^^^^^^^^^^^^^^^^
  File "C:\envs\atrpt\Lib\smtplib.py", line 897, in sendmail
    raise SMTPDataError(code, resp)
smtplib.SMTPDataError: (550, b'5.2.0 LQEXwUin1UbIPLQEYwdqx4 Sending Prohibited (Max RcptTo Daily limit)')
2026-05-08 19:48:12,055 [ERROR] application.email.email_sender - [515/846] ERRO → manuelambrenhas@gmail.com
Traceback (most recent call last):
  File "G:\.shortcut-targets-by-id\1NsBCziGNFjlQ-f8QRcezPsKVP9QzGdp0\APPs\atrpt\application\email\email_sender.py", line 318, in send_batch
    self.smtp.send(mime, recipients)
  File "G:\.shortcut-targets-by-id\1NsBCziGNFjlQ-f8QRcezPsKVP9QzGdp0\APPs\atrpt\infrastructure\email\smtp_client.py", line 108, in send
    self._smtp.send_message(mime, to_addrs=recipients)
  File "C:\envs\atrpt\Lib\smtplib.py", line 975, in send_message
    return self.sendmail(from_addr, to_addrs, flatmsg, mail_options,
           ^^^^^^^^^^^^^^^^^^^^^^^^^^^^^^^^^^^^^^^^^^^^^^^^^^^^^^^^^
  File "C:\envs\atrpt\Lib\smtplib.py", line 897, in sendmail
    raise SMTPDataError(code, resp)
smtplib.SMTPDataError: (550, b'5.2.0 LQF6w2kWTdK1ELQF7woFaF Sending Prohibited (Max RcptTo Daily limit)')
2026-05-08 19:48:50,134 [ERROR] application.email.email_sender - [517/846] ERRO → fatima.barroso@hotmail.com
Traceback (most recent call last):
  File "G:\.shortcut-targets-by-id\1NsBCziGNFjlQ-f8QRcezPsKVP9QzGdp0\APPs\atrpt\application\email\email_sender.py", line 318, in send_batch
    self.smtp.send(mime, recipients)
  File "G:\.shortcut-targets-by-id\1NsBCziGNFjlQ-f8QRcezPsKVP9QzGdp0\APPs\atrpt\infrastructure\email\smtp_client.py", line 108, in send
    self._smtp.send_message(mime, to_addrs=recipients)
  File "C:\envs\atrpt\Lib\smtplib.py", line 975, in send_message
    return self.sendmail(from_addr, to_addrs, flatmsg, mail_options,
           ^^^^^^^^^^^^^^^^^^^^^^^^^^^^^^^^^^^^^^^^^^^^^^^^^^^^^^^^^
  File "C:\envs\atrpt\Lib\smtplib.py", line 897, in sendmail
    raise SMTPDataError(code, resp)
smtplib.SMTPDataError: (550, b'5.2.0 LQFjw2OfhmakWLQFjwuaBy Sending Prohibited (Max RcptTo Daily limit)')
2026-05-08 19:49:29,390 [ERROR] application.email.email_sender - [519/846] ERRO → fernanda.mm.silva@hotmail.com
Traceback (most recent call last):
  File "G:\.shortcut-targets-by-id\1NsBCziGNFjlQ-f8QRcezPsKVP9QzGdp0\APPs\atrpt\application\email\email_sender.py", line 318, in send_batch
    self.smtp.send(mime, recipients)
  File "G:\.shortcut-targets-by-id\1NsBCziGNFjlQ-f8QRcezPsKVP9QzGdp0\APPs\atrpt\infrastructure\email\smtp_client.py", line 108, in send
    self._smtp.send_message(mime, to_addrs=recipients)
  File "C:\envs\atrpt\Lib\smtplib.py", line 975, in send_message
    return self.sendmail(from_addr, to_addrs, flatmsg, mail_options,
           ^^^^^^^^^^^^^^^^^^^^^^^^^^^^^^^^^^^^^^^^^^^^^^^^^^^^^^^^^
  File "C:\envs\atrpt\Lib\smtplib.py", line 897, in sendmail
    raise SMTPDataError(code, resp)
smtplib.SMTPDataError: (550, b'5.2.0 LQGLwBUTSSMHlLQGMwwx6h Sending Prohibited (Max RcptTo Daily limit)')
2026-05-08 19:49:56,768 [ERROR] application.email.email_sender - [521/846] ERRO → eduardoacmota@sapo.pt
Traceback (most recent call last):
  File "G:\.shortcut-targets-by-id\1NsBCziGNFjlQ-f8QRcezPsKVP9QzGdp0\APPs\atrpt\application\email\email_sender.py", line 318, in send_batch
    self.smtp.send(mime, recipients)
  File "G:\.shortcut-targets-by-id\1NsBCziGNFjlQ-f8QRcezPsKVP9QzGdp0\APPs\atrpt\infrastructure\email\smtp_client.py", line 108, in send
    self._smtp.send_message(mime, to_addrs=recipients)
  File "C:\envs\atrpt\Lib\smtplib.py", line 975, in send_message
    return self.sendmail(from_addr, to_addrs, flatmsg, mail_options,
           ^^^^^^^^^^^^^^^^^^^^^^^^^^^^^^^^^^^^^^^^^^^^^^^^^^^^^^^^^
  File "C:\envs\atrpt\Lib\smtplib.py", line 897, in sendmail
    raise SMTPDataError(code, resp)
smtplib.SMTPDataError: (550, b'5.2.0 LQGnwmbKfoBA4LQGowge4t Sending Prohibited (Max RcptTo Daily limit)')
2026-05-08 19:50:36,794 [ERROR] application.email.email_sender - [523/846] ERRO → mmanuelagaio@gmail.com
Traceback (most recent call last):
  File "G:\.shortcut-targets-by-id\1NsBCziGNFjlQ-f8QRcezPsKVP9QzGdp0\APPs\atrpt\application\email\email_sender.py", line 318, in send_batch
    self.smtp.send(mime, recipients)
  File "G:\.shortcut-targets-by-id\1NsBCziGNFjlQ-f8QRcezPsKVP9QzGdp0\APPs\atrpt\infrastructure\email\smtp_client.py", line 108, in send
    self._smtp.send_message(mime, to_addrs=recipients)
  File "C:\envs\atrpt\Lib\smtplib.py", line 975, in send_message
    return self.sendmail(from_addr, to_addrs, flatmsg, mail_options,
           ^^^^^^^^^^^^^^^^^^^^^^^^^^^^^^^^^^^^^^^^^^^^^^^^^^^^^^^^^
  File "C:\envs\atrpt\Lib\smtplib.py", line 897, in sendmail
    raise SMTPDataError(code, resp)
smtplib.SMTPDataError: (550, b'5.2.0 LQHSw2QOfmakWLQHSwuaNC Sending Prohibited (Max RcptTo Daily limit)')
2026-05-08 19:51:15,774 [ERROR] application.email.email_sender - [525/846] ERRO → antonio.f.sousa@meo.pt
Traceback (most recent call last):
  File "G:\.shortcut-targets-by-id\1NsBCziGNFjlQ-f8QRcezPsKVP9QzGdp0\APPs\atrpt\application\email\email_sender.py", line 318, in send_batch
    self.smtp.send(mime, recipients)
  File "G:\.shortcut-targets-by-id\1NsBCziGNFjlQ-f8QRcezPsKVP9QzGdp0\APPs\atrpt\infrastructure\email\smtp_client.py", line 108, in send
    self._smtp.send_message(mime, to_addrs=recipients)
  File "C:\envs\atrpt\Lib\smtplib.py", line 975, in send_message
    return self.sendmail(from_addr, to_addrs, flatmsg, mail_options,
           ^^^^^^^^^^^^^^^^^^^^^^^^^^^^^^^^^^^^^^^^^^^^^^^^^^^^^^^^^
  File "C:\envs\atrpt\Lib\smtplib.py", line 897, in sendmail
    raise SMTPDataError(code, resp)
smtplib.SMTPDataError: (550, b'5.2.0 LQI4wBWN9SMHlLQI5wwxK2 Sending Prohibited (Max RcptTo Daily limit)')
2026-05-08 19:51:54,292 [ERROR] application.email.email_sender - [527/846] ERRO → belmor@sapo.pt
Traceback (most recent call last):
  File "G:\.shortcut-targets-by-id\1NsBCziGNFjlQ-f8QRcezPsKVP9QzGdp0\APPs\atrpt\application\email\email_sender.py", line 318, in send_batch
    self.smtp.send(mime, recipients)
  File "G:\.shortcut-targets-by-id\1NsBCziGNFjlQ-f8QRcezPsKVP9QzGdp0\APPs\atrpt\infrastructure\email\smtp_client.py", line 108, in send
    self._smtp.send_message(mime, to_addrs=recipients)
  File "C:\envs\atrpt\Lib\smtplib.py", line 975, in send_message
    return self.sendmail(from_addr, to_addrs, flatmsg, mail_options,
           ^^^^^^^^^^^^^^^^^^^^^^^^^^^^^^^^^^^^^^^^^^^^^^^^^^^^^^^^^
  File "C:\envs\atrpt\Lib\smtplib.py", line 897, in sendmail
    raise SMTPDataError(code, resp)
smtplib.SMTPDataError: (550, b'5.2.0 LQIbw2RVMmakWLQIcwuaUP Sending Prohibited (Max RcptTo Daily limit)')
2026-05-08 19:52:29,970 [ERROR] application.email.email_sender - [529/846] ERRO → lfcrodrigues28@gmail.com
Traceback (most recent call last):
  File "G:\.shortcut-targets-by-id\1NsBCziGNFjlQ-f8QRcezPsKVP9QzGdp0\APPs\atrpt\application\email\email_sender.py", line 318, in send_batch
    self.smtp.send(mime, recipients)
  File "G:\.shortcut-targets-by-id\1NsBCziGNFjlQ-f8QRcezPsKVP9QzGdp0\APPs\atrpt\infrastructure\email\smtp_client.py", line 108, in send
    self._smtp.send_message(mime, to_addrs=recipients)
  File "C:\envs\atrpt\Lib\smtplib.py", line 975, in send_message
    return self.sendmail(from_addr, to_addrs, flatmsg, mail_options,
           ^^^^^^^^^^^^^^^^^^^^^^^^^^^^^^^^^^^^^^^^^^^^^^^^^^^^^^^^^
  File "C:\envs\atrpt\Lib\smtplib.py", line 897, in sendmail
    raise SMTPDataError(code, resp)
smtplib.SMTPDataError: (550, b'5.2.0 LQJGw2S6bmakWLQJGwuaYY Sending Prohibited (Max RcptTo Daily limit)')
2026-05-08 19:53:00,243 [ERROR] application.email.email_sender - [531/846] ERRO → gininha121@gmail.com
Traceback (most recent call last):
  File "G:\.shortcut-targets-by-id\1NsBCziGNFjlQ-f8QRcezPsKVP9QzGdp0\APPs\atrpt\application\email\email_sender.py", line 318, in send_batch
    self.smtp.send(mime, recipients)
  File "G:\.shortcut-targets-by-id\1NsBCziGNFjlQ-f8QRcezPsKVP9QzGdp0\APPs\atrpt\infrastructure\email\smtp_client.py", line 108, in send
    self._smtp.send_message(mime, to_addrs=recipients)
  File "C:\envs\atrpt\Lib\smtplib.py", line 975, in send_message
    return self.sendmail(from_addr, to_addrs, flatmsg, mail_options,
           ^^^^^^^^^^^^^^^^^^^^^^^^^^^^^^^^^^^^^^^^^^^^^^^^^^^^^^^^^
  File "C:\envs\atrpt\Lib\smtplib.py", line 897, in sendmail
    raise SMTPDataError(code, resp)
smtplib.SMTPDataError: (550, b'5.2.0 LQJkwmeWkoBA4LQJkwgeRK Sending Prohibited (Max RcptTo Daily limit)')
2026-05-08 19:53:36,072 [ERROR] application.email.email_sender - [533/846] ERRO → m.caldasmatos@sapo.pt
Traceback (most recent call last):
  File "G:\.shortcut-targets-by-id\1NsBCziGNFjlQ-f8QRcezPsKVP9QzGdp0\APPs\atrpt\application\email\email_sender.py", line 318, in send_batch
    self.smtp.send(mime, recipients)
  File "G:\.shortcut-targets-by-id\1NsBCziGNFjlQ-f8QRcezPsKVP9QzGdp0\APPs\atrpt\infrastructure\email\smtp_client.py", line 108, in send
    self._smtp.send_message(mime, to_addrs=recipients)
  File "C:\envs\atrpt\Lib\smtplib.py", line 975, in send_message
    return self.sendmail(from_addr, to_addrs, flatmsg, mail_options,
           ^^^^^^^^^^^^^^^^^^^^^^^^^^^^^^^^^^^^^^^^^^^^^^^^^^^^^^^^^
  File "C:\envs\atrpt\Lib\smtplib.py", line 897, in sendmail
    raise SMTPDataError(code, resp)
smtplib.SMTPDataError: (550, b'5.2.0 LQKLwmf3KoBA4LQKLwgeVk Sending Prohibited (Max RcptTo Daily limit)')
2026-05-08 19:54:14,169 [ERROR] application.email.email_sender - [535/846] ERRO → florentino.a.pereira@sapo.pt
Traceback (most recent call last):
  File "G:\.shortcut-targets-by-id\1NsBCziGNFjlQ-f8QRcezPsKVP9QzGdp0\APPs\atrpt\application\email\email_sender.py", line 318, in send_batch
    self.smtp.send(mime, recipients)
  File "G:\.shortcut-targets-by-id\1NsBCziGNFjlQ-f8QRcezPsKVP9QzGdp0\APPs\atrpt\infrastructure\email\smtp_client.py", line 108, in send
    self._smtp.send_message(mime, to_addrs=recipients)
  File "C:\envs\atrpt\Lib\smtplib.py", line 975, in send_message
    return self.sendmail(from_addr, to_addrs, flatmsg, mail_options,
           ^^^^^^^^^^^^^^^^^^^^^^^^^^^^^^^^^^^^^^^^^^^^^^^^^^^^^^^^^
  File "C:\envs\atrpt\Lib\smtplib.py", line 897, in sendmail
    raise SMTPDataError(code, resp)
smtplib.SMTPDataError: (550, b'5.2.0 LQKxw2qVydK1ELQKxwoGHb Sending Prohibited (Max RcptTo Daily limit)')
2026-05-08 19:54:53,739 [ERROR] application.email.email_sender - [537/846] ERRO → familia.anjos@sapo.pt
Traceback (most recent call last):
  File "G:\.shortcut-targets-by-id\1NsBCziGNFjlQ-f8QRcezPsKVP9QzGdp0\APPs\atrpt\application\email\email_sender.py", line 318, in send_batch
    self.smtp.send(mime, recipients)
  File "G:\.shortcut-targets-by-id\1NsBCziGNFjlQ-f8QRcezPsKVP9QzGdp0\APPs\atrpt\infrastructure\email\smtp_client.py", line 108, in send
    self._smtp.send_message(mime, to_addrs=recipients)
  File "C:\envs\atrpt\Lib\smtplib.py", line 975, in send_message
    return self.sendmail(from_addr, to_addrs, flatmsg, mail_options,
           ^^^^^^^^^^^^^^^^^^^^^^^^^^^^^^^^^^^^^^^^^^^^^^^^^^^^^^^^^
  File "C:\envs\atrpt\Lib\smtplib.py", line 897, in sendmail
    raise SMTPDataError(code, resp)
smtplib.SMTPDataError: (550, b'5.2.0 LQLbw2UMLmakWLQLbwuaqT Sending Prohibited (Max RcptTo Daily limit)')
2026-05-08 19:55:25,033 [ERROR] application.email.email_sender - [539/846] ERRO → valdemarantoniosoares@gmail.com
Traceback (most recent call last):
  File "G:\.shortcut-targets-by-id\1NsBCziGNFjlQ-f8QRcezPsKVP9QzGdp0\APPs\atrpt\application\email\email_sender.py", line 318, in send_batch
    self.smtp.send(mime, recipients)
  File "G:\.shortcut-targets-by-id\1NsBCziGNFjlQ-f8QRcezPsKVP9QzGdp0\APPs\atrpt\infrastructure\email\smtp_client.py", line 108, in send
    self._smtp.send_message(mime, to_addrs=recipients)
  File "C:\envs\atrpt\Lib\smtplib.py", line 975, in send_message
    return self.sendmail(from_addr, to_addrs, flatmsg, mail_options,
           ^^^^^^^^^^^^^^^^^^^^^^^^^^^^^^^^^^^^^^^^^^^^^^^^^^^^^^^^^
  File "C:\envs\atrpt\Lib\smtplib.py", line 897, in sendmail
    raise SMTPDataError(code, resp)
smtplib.SMTPDataError: (550, b'5.2.0 LQM5wUpkVUbIPLQM6wdriV Sending Prohibited (Max RcptTo Daily limit)')
2026-05-08 19:56:03,388 [ERROR] application.email.email_sender - [541/846] ERRO → jlaguiarpinto@gmail.com
Traceback (most recent call last):
  File "G:\.shortcut-targets-by-id\1NsBCziGNFjlQ-f8QRcezPsKVP9QzGdp0\APPs\atrpt\application\email\email_sender.py", line 318, in send_batch
    self.smtp.send(mime, recipients)
  File "G:\.shortcut-targets-by-id\1NsBCziGNFjlQ-f8QRcezPsKVP9QzGdp0\APPs\atrpt\infrastructure\email\smtp_client.py", line 108, in send
    self._smtp.send_message(mime, to_addrs=recipients)
  File "C:\envs\atrpt\Lib\smtplib.py", line 975, in send_message
    return self.sendmail(from_addr, to_addrs, flatmsg, mail_options,
           ^^^^^^^^^^^^^^^^^^^^^^^^^^^^^^^^^^^^^^^^^^^^^^^^^^^^^^^^^
  File "C:\envs\atrpt\Lib\smtplib.py", line 897, in sendmail
    raise SMTPDataError(code, resp)
smtplib.SMTPDataError: (550, b'5.2.0 LQMiwqN1tPqNcLQMiwHhNI Sending Prohibited (Max RcptTo Daily limit)')
2026-05-08 19:56:36,630 [ERROR] application.email.email_sender - [543/846] ERRO → m.branca.portela@hotmail.com
Traceback (most recent call last):
  File "G:\.shortcut-targets-by-id\1NsBCziGNFjlQ-f8QRcezPsKVP9QzGdp0\APPs\atrpt\application\email\email_sender.py", line 318, in send_batch
    self.smtp.send(mime, recipients)
  File "G:\.shortcut-targets-by-id\1NsBCziGNFjlQ-f8QRcezPsKVP9QzGdp0\APPs\atrpt\infrastructure\email\smtp_client.py", line 108, in send
    self._smtp.send_message(mime, to_addrs=recipients)
  File "C:\envs\atrpt\Lib\smtplib.py", line 975, in send_message
    return self.sendmail(from_addr, to_addrs, flatmsg, mail_options,
           ^^^^^^^^^^^^^^^^^^^^^^^^^^^^^^^^^^^^^^^^^^^^^^^^^^^^^^^^^
  File "C:\envs\atrpt\Lib\smtplib.py", line 897, in sendmail
    raise SMTPDataError(code, resp)
smtplib.SMTPDataError: (550, b'5.2.0 LQNFw2sp6dK1ELQNGwoGbr Sending Prohibited (Max RcptTo Daily limit)')
2026-05-08 19:57:07,813 [ERROR] application.email.email_sender - [545/846] ERRO → fimpsg@gmail.com
Traceback (most recent call last):
  File "G:\.shortcut-targets-by-id\1NsBCziGNFjlQ-f8QRcezPsKVP9QzGdp0\APPs\atrpt\application\email\email_sender.py", line 318, in send_batch
    self.smtp.send(mime, recipients)
  File "G:\.shortcut-targets-by-id\1NsBCziGNFjlQ-f8QRcezPsKVP9QzGdp0\APPs\atrpt\infrastructure\email\smtp_client.py", line 108, in send
    self._smtp.send_message(mime, to_addrs=recipients)
  File "C:\envs\atrpt\Lib\smtplib.py", line 975, in send_message
    return self.sendmail(from_addr, to_addrs, flatmsg, mail_options,
           ^^^^^^^^^^^^^^^^^^^^^^^^^^^^^^^^^^^^^^^^^^^^^^^^^^^^^^^^^
  File "C:\envs\atrpt\Lib\smtplib.py", line 897, in sendmail
    raise SMTPDataError(code, resp)
smtplib.SMTPDataError: (550, b'5.2.0 LQNkwmi4aoBA4LQNlwgetp Sending Prohibited (Max RcptTo Daily limit)')
2026-05-08 19:57:47,170 [ERROR] application.email.email_sender - [547/846] ERRO → alexandrafelixafonso@gmail.com
Traceback (most recent call last):
  File "G:\.shortcut-targets-by-id\1NsBCziGNFjlQ-f8QRcezPsKVP9QzGdp0\APPs\atrpt\application\email\email_sender.py", line 318, in send_batch
    self.smtp.send(mime, recipients)
  File "G:\.shortcut-targets-by-id\1NsBCziGNFjlQ-f8QRcezPsKVP9QzGdp0\APPs\atrpt\infrastructure\email\smtp_client.py", line 108, in send
    self._smtp.send_message(mime, to_addrs=recipients)
  File "C:\envs\atrpt\Lib\smtplib.py", line 975, in send_message
    return self.sendmail(from_addr, to_addrs, flatmsg, mail_options,
           ^^^^^^^^^^^^^^^^^^^^^^^^^^^^^^^^^^^^^^^^^^^^^^^^^^^^^^^^^
  File "C:\envs\atrpt\Lib\smtplib.py", line 897, in sendmail
    raise SMTPDataError(code, resp)
smtplib.SMTPDataError: (550, b'5.2.0 LQOOwBcMuSMHlLQOOwwyC6 Sending Prohibited (Max RcptTo Daily limit)')
2026-05-08 19:58:25,176 [ERROR] application.email.email_sender - [549/846] ERRO → margarida.m.rocha@sapo.pt
Traceback (most recent call last):
  File "G:\.shortcut-targets-by-id\1NsBCziGNFjlQ-f8QRcezPsKVP9QzGdp0\APPs\atrpt\application\email\email_sender.py", line 318, in send_batch
    self.smtp.send(mime, recipients)
  File "G:\.shortcut-targets-by-id\1NsBCziGNFjlQ-f8QRcezPsKVP9QzGdp0\APPs\atrpt\infrastructure\email\smtp_client.py", line 108, in send
    self._smtp.send_message(mime, to_addrs=recipients)
  File "C:\envs\atrpt\Lib\smtplib.py", line 975, in send_message
    return self.sendmail(from_addr, to_addrs, flatmsg, mail_options,
           ^^^^^^^^^^^^^^^^^^^^^^^^^^^^^^^^^^^^^^^^^^^^^^^^^^^^^^^^^
  File "C:\envs\atrpt\Lib\smtplib.py", line 897, in sendmail
    raise SMTPDataError(code, resp)
smtplib.SMTPDataError: (550, b'5.2.0 LQOzwqPLwPqNcLQP0wHhff Sending Prohibited (Max RcptTo Daily limit)')
2026-05-08 20:00:55,298 [ERROR] application.email.email_sender - [551/846] ERRO → aida.m.ferro18@sapo.pt
Traceback (most recent call last):
  File "G:\.shortcut-targets-by-id\1NsBCziGNFjlQ-f8QRcezPsKVP9QzGdp0\APPs\atrpt\application\email\email_sender.py", line 318, in send_batch
    self.smtp.send(mime, recipients)
  File "G:\.shortcut-targets-by-id\1NsBCziGNFjlQ-f8QRcezPsKVP9QzGdp0\APPs\atrpt\infrastructure\email\smtp_client.py", line 108, in send
    self._smtp.send_message(mime, to_addrs=recipients)
  File "C:\envs\atrpt\Lib\smtplib.py", line 975, in send_message
    return self.sendmail(from_addr, to_addrs, flatmsg, mail_options,
           ^^^^^^^^^^^^^^^^^^^^^^^^^^^^^^^^^^^^^^^^^^^^^^^^^^^^^^^^^
  File "C:\envs\atrpt\Lib\smtplib.py", line 897, in sendmail
    raise SMTPDataError(code, resp)
smtplib.SMTPDataError: (550, b'5.2.0 LQRQwqRniPqNcLQRQwHi53 Sending Prohibited (Max RcptTo Daily limit)')
2026-05-08 20:01:31,322 [ERROR] application.email.email_sender - [553/846] ERRO → cdanielaf@gmail.com
Traceback (most recent call last):
  File "G:\.shortcut-targets-by-id\1NsBCziGNFjlQ-f8QRcezPsKVP9QzGdp0\APPs\atrpt\application\email\email_sender.py", line 318, in send_batch
    self.smtp.send(mime, recipients)
  File "G:\.shortcut-targets-by-id\1NsBCziGNFjlQ-f8QRcezPsKVP9QzGdp0\APPs\atrpt\infrastructure\email\smtp_client.py", line 108, in send
    self._smtp.send_message(mime, to_addrs=recipients)
  File "C:\envs\atrpt\Lib\smtplib.py", line 975, in send_message
    return self.sendmail(from_addr, to_addrs, flatmsg, mail_options,
           ^^^^^^^^^^^^^^^^^^^^^^^^^^^^^^^^^^^^^^^^^^^^^^^^^^^^^^^^^
  File "C:\envs\atrpt\Lib\smtplib.py", line 897, in sendmail
    raise SMTPDataError(code, resp)
smtplib.SMTPDataError: (550, b'5.2.0 LQS0wmm9poBA4LQS0wgfUi Sending Prohibited (Max RcptTo Daily limit)')
2026-05-08 20:02:03,362 [ERROR] application.email.email_sender - [555/846] ERRO → josemoraissarmento@sapo.pt
Traceback (most recent call last):
  File "G:\.shortcut-targets-by-id\1NsBCziGNFjlQ-f8QRcezPsKVP9QzGdp0\APPs\atrpt\application\email\email_sender.py", line 318, in send_batch
    self.smtp.send(mime, recipients)
  File "G:\.shortcut-targets-by-id\1NsBCziGNFjlQ-f8QRcezPsKVP9QzGdp0\APPs\atrpt\infrastructure\email\smtp_client.py", line 108, in send
    self._smtp.send_message(mime, to_addrs=recipients)
  File "C:\envs\atrpt\Lib\smtplib.py", line 975, in send_message
    return self.sendmail(from_addr, to_addrs, flatmsg, mail_options,
           ^^^^^^^^^^^^^^^^^^^^^^^^^^^^^^^^^^^^^^^^^^^^^^^^^^^^^^^^^
  File "C:\envs\atrpt\Lib\smtplib.py", line 897, in sendmail
    raise SMTPDataError(code, resp)
smtplib.SMTPDataError: (550, b'5.2.0 LQSWwqStFPqNcLQSWwHiGW Sending Prohibited (Max RcptTo Daily limit)')
2026-05-08 20:02:39,352 [ERROR] application.email.email_sender - [557/846] ERRO → jrmilheiro@gmail.com
Traceback (most recent call last):
  File "G:\.shortcut-targets-by-id\1NsBCziGNFjlQ-f8QRcezPsKVP9QzGdp0\APPs\atrpt\application\email\email_sender.py", line 318, in send_batch
    self.smtp.send(mime, recipients)
  File "G:\.shortcut-targets-by-id\1NsBCziGNFjlQ-f8QRcezPsKVP9QzGdp0\APPs\atrpt\infrastructure\email\smtp_client.py", line 108, in send
    self._smtp.send_message(mime, to_addrs=recipients)
  File "C:\envs\atrpt\Lib\smtplib.py", line 975, in send_message
    return self.sendmail(from_addr, to_addrs, flatmsg, mail_options,
           ^^^^^^^^^^^^^^^^^^^^^^^^^^^^^^^^^^^^^^^^^^^^^^^^^^^^^^^^^
  File "C:\envs\atrpt\Lib\smtplib.py", line 897, in sendmail
    raise SMTPDataError(code, resp)
smtplib.SMTPDataError: (550, b'5.2.0 LQT6wBhD5SMHlLQT6wwyvd Sending Prohibited (Max RcptTo Daily limit)')
2026-05-08 20:03:10,771 [ERROR] application.email.email_sender - [559/846] ERRO → abilio.f.teixeira@meo.pt
Traceback (most recent call last):
  File "G:\.shortcut-targets-by-id\1NsBCziGNFjlQ-f8QRcezPsKVP9QzGdp0\APPs\atrpt\application\email\email_sender.py", line 318, in send_batch
    self.smtp.send(mime, recipients)
  File "G:\.shortcut-targets-by-id\1NsBCziGNFjlQ-f8QRcezPsKVP9QzGdp0\APPs\atrpt\infrastructure\email\smtp_client.py", line 108, in send
    self._smtp.send_message(mime, to_addrs=recipients)
  File "C:\envs\atrpt\Lib\smtplib.py", line 975, in send_message
    return self.sendmail(from_addr, to_addrs, flatmsg, mail_options,
           ^^^^^^^^^^^^^^^^^^^^^^^^^^^^^^^^^^^^^^^^^^^^^^^^^^^^^^^^^
  File "C:\envs\atrpt\Lib\smtplib.py", line 897, in sendmail
    raise SMTPDataError(code, resp)
smtplib.SMTPDataError: (550, b'5.2.0 LQTbwqTxiPqNcLQTcwHiRQ Sending Prohibited (Max RcptTo Daily limit)')
2026-05-08 20:03:47,660 [ERROR] application.email.email_sender - [561/846] ERRO → elisabete.mcosta@gmail.com
Traceback (most recent call last):
  File "G:\.shortcut-targets-by-id\1NsBCziGNFjlQ-f8QRcezPsKVP9QzGdp0\APPs\atrpt\application\email\email_sender.py", line 318, in send_batch
    self.smtp.send(mime, recipients)
  File "G:\.shortcut-targets-by-id\1NsBCziGNFjlQ-f8QRcezPsKVP9QzGdp0\APPs\atrpt\infrastructure\email\smtp_client.py", line 108, in send
    self._smtp.send_message(mime, to_addrs=recipients)
  File "C:\envs\atrpt\Lib\smtplib.py", line 975, in send_message
    return self.sendmail(from_addr, to_addrs, flatmsg, mail_options,
           ^^^^^^^^^^^^^^^^^^^^^^^^^^^^^^^^^^^^^^^^^^^^^^^^^^^^^^^^^
  File "C:\envs\atrpt\Lib\smtplib.py", line 897, in sendmail
    raise SMTPDataError(code, resp)
smtplib.SMTPDataError: (550, b'5.2.0 LQUCwqUZkPqNcLQUDwHiWu Sending Prohibited (Max RcptTo Daily limit)')
2026-05-08 20:04:29,476 [ERROR] application.email.email_sender - [563/846] ERRO → juliasantoscancela@gmail.com
Traceback (most recent call last):
  File "G:\.shortcut-targets-by-id\1NsBCziGNFjlQ-f8QRcezPsKVP9QzGdp0\APPs\atrpt\application\email\email_sender.py", line 318, in send_batch
    self.smtp.send(mime, recipients)
  File "G:\.shortcut-targets-by-id\1NsBCziGNFjlQ-f8QRcezPsKVP9QzGdp0\APPs\atrpt\infrastructure\email\smtp_client.py", line 108, in send
    self._smtp.send_message(mime, to_addrs=recipients)
  File "C:\envs\atrpt\Lib\smtplib.py", line 975, in send_message
    return self.sendmail(from_addr, to_addrs, flatmsg, mail_options,
           ^^^^^^^^^^^^^^^^^^^^^^^^^^^^^^^^^^^^^^^^^^^^^^^^^^^^^^^^^
  File "C:\envs\atrpt\Lib\smtplib.py", line 897, in sendmail
    raise SMTPDataError(code, resp)
smtplib.SMTPDataError: (550, b'5.2.0 LQUswmozWoBA4LQUswgfuU Sending Prohibited (Max RcptTo Daily limit)')
2026-05-08 20:05:13,192 [ERROR] application.email.email_sender - [565/846] ERRO → mnazarerei@sapo.pt
Traceback (most recent call last):
  File "G:\.shortcut-targets-by-id\1NsBCziGNFjlQ-f8QRcezPsKVP9QzGdp0\APPs\atrpt\application\email\email_sender.py", line 318, in send_batch
    self.smtp.send(mime, recipients)
  File "G:\.shortcut-targets-by-id\1NsBCziGNFjlQ-f8QRcezPsKVP9QzGdp0\APPs\atrpt\infrastructure\email\smtp_client.py", line 108, in send
    self._smtp.send_message(mime, to_addrs=recipients)
  File "C:\envs\atrpt\Lib\smtplib.py", line 975, in send_message
    return self.sendmail(from_addr, to_addrs, flatmsg, mail_options,
           ^^^^^^^^^^^^^^^^^^^^^^^^^^^^^^^^^^^^^^^^^^^^^^^^^^^^^^^^^
  File "C:\envs\atrpt\Lib\smtplib.py", line 897, in sendmail
    raise SMTPDataError(code, resp)
smtplib.SMTPDataError: (550, b'5.2.0 LQVawmpdwoBA4LQVawgg0i Sending Prohibited (Max RcptTo Daily limit)')
2026-05-08 20:05:55,024 [ERROR] application.email.email_sender - [567/846] ERRO → fernandopinto@gmail.com
Traceback (most recent call last):
  File "G:\.shortcut-targets-by-id\1NsBCziGNFjlQ-f8QRcezPsKVP9QzGdp0\APPs\atrpt\application\email\email_sender.py", line 318, in send_batch
    self.smtp.send(mime, recipients)
  File "G:\.shortcut-targets-by-id\1NsBCziGNFjlQ-f8QRcezPsKVP9QzGdp0\APPs\atrpt\infrastructure\email\smtp_client.py", line 108, in send
    self._smtp.send_message(mime, to_addrs=recipients)
  File "C:\envs\atrpt\Lib\smtplib.py", line 975, in send_message
    return self.sendmail(from_addr, to_addrs, flatmsg, mail_options,
           ^^^^^^^^^^^^^^^^^^^^^^^^^^^^^^^^^^^^^^^^^^^^^^^^^^^^^^^^^
  File "C:\envs\atrpt\Lib\smtplib.py", line 897, in sendmail
    raise SMTPDataError(code, resp)
smtplib.SMTPDataError: (550, b'5.2.0 LQW9wqWYsPqNcLQW9wHim1 Sending Prohibited (Max RcptTo Daily limit)')
2026-05-08 20:06:25,403 [ERROR] application.email.email_sender - [569/846] ERRO → aurelinamonteiro@gmail.com
Traceback (most recent call last):
  File "G:\.shortcut-targets-by-id\1NsBCziGNFjlQ-f8QRcezPsKVP9QzGdp0\APPs\atrpt\application\email\email_sender.py", line 318, in send_batch
    self.smtp.send(mime, recipients)
  File "G:\.shortcut-targets-by-id\1NsBCziGNFjlQ-f8QRcezPsKVP9QzGdp0\APPs\atrpt\infrastructure\email\smtp_client.py", line 108, in send
    self._smtp.send_message(mime, to_addrs=recipients)
  File "C:\envs\atrpt\Lib\smtplib.py", line 975, in send_message
    return self.sendmail(from_addr, to_addrs, flatmsg, mail_options,
           ^^^^^^^^^^^^^^^^^^^^^^^^^^^^^^^^^^^^^^^^^^^^^^^^^^^^^^^^^
  File "C:\envs\atrpt\Lib\smtplib.py", line 897, in sendmail
    raise SMTPDataError(code, resp)
smtplib.SMTPDataError: (550, b'5.2.0 LQWjwmqsfoBA4LQWjwgg9v Sending Prohibited (Max RcptTo Daily limit)')
2026-05-08 20:06:57,170 [ERROR] application.email.email_sender - [571/846] ERRO → joaquim.a.passos@sapo.pt
Traceback (most recent call last):
  File "G:\.shortcut-targets-by-id\1NsBCziGNFjlQ-f8QRcezPsKVP9QzGdp0\APPs\atrpt\application\email\email_sender.py", line 318, in send_batch
    self.smtp.send(mime, recipients)
  File "G:\.shortcut-targets-by-id\1NsBCziGNFjlQ-f8QRcezPsKVP9QzGdp0\APPs\atrpt\infrastructure\email\smtp_client.py", line 108, in send
    self._smtp.send_message(mime, to_addrs=recipients)
  File "C:\envs\atrpt\Lib\smtplib.py", line 975, in send_message
    return self.sendmail(from_addr, to_addrs, flatmsg, mail_options,
           ^^^^^^^^^^^^^^^^^^^^^^^^^^^^^^^^^^^^^^^^^^^^^^^^^^^^^^^^^
  File "C:\envs\atrpt\Lib\smtplib.py", line 897, in sendmail
    raise SMTPDataError(code, resp)
smtplib.SMTPDataError: (550, b'5.2.0 LQXGw2fyLmakWLQXGwucTE Sending Prohibited (Max RcptTo Daily limit)')
2026-05-08 20:07:32,109 [ERROR] application.email.email_sender - [573/846] ERRO → joaquim.soares.oliveira@gmail.com
Traceback (most recent call last):
  File "G:\.shortcut-targets-by-id\1NsBCziGNFjlQ-f8QRcezPsKVP9QzGdp0\APPs\atrpt\application\email\email_sender.py", line 318, in send_batch
    self.smtp.send(mime, recipients)
  File "G:\.shortcut-targets-by-id\1NsBCziGNFjlQ-f8QRcezPsKVP9QzGdp0\APPs\atrpt\infrastructure\email\smtp_client.py", line 108, in send
    self._smtp.send_message(mime, to_addrs=recipients)
  File "C:\envs\atrpt\Lib\smtplib.py", line 975, in send_message
    return self.sendmail(from_addr, to_addrs, flatmsg, mail_options,
           ^^^^^^^^^^^^^^^^^^^^^^^^^^^^^^^^^^^^^^^^^^^^^^^^^^^^^^^^^
  File "C:\envs\atrpt\Lib\smtplib.py", line 897, in sendmail
    raise SMTPDataError(code, resp)
smtplib.SMTPDataError: (550, b'5.2.0 LQXiw33GwdK1ELQXjwoHtV Sending Prohibited (Max RcptTo Daily limit)')
2026-05-08 20:08:03,304 [ERROR] application.email.email_sender - [575/846] ERRO → hmgmont@gmail.com
Traceback (most recent call last):
  File "G:\.shortcut-targets-by-id\1NsBCziGNFjlQ-f8QRcezPsKVP9QzGdp0\APPs\atrpt\application\email\email_sender.py", line 318, in send_batch
    self.smtp.send(mime, recipients)
  File "G:\.shortcut-targets-by-id\1NsBCziGNFjlQ-f8QRcezPsKVP9QzGdp0\APPs\atrpt\infrastructure\email\smtp_client.py", line 108, in send
    self._smtp.send_message(mime, to_addrs=recipients)
  File "C:\envs\atrpt\Lib\smtplib.py", line 975, in send_message
    return self.sendmail(from_addr, to_addrs, flatmsg, mail_options,
           ^^^^^^^^^^^^^^^^^^^^^^^^^^^^^^^^^^^^^^^^^^^^^^^^^^^^^^^^^
  File "C:\envs\atrpt\Lib\smtplib.py", line 897, in sendmail
    raise SMTPDataError(code, resp)
smtplib.SMTPDataError: (550, b'5.2.0 LQYIwqYuwPqNcLQYJwHj3Y Sending Prohibited (Max RcptTo Daily limit)')
2026-05-08 20:08:35,397 [ERROR] application.email.email_sender - [577/846] ERRO → carlasilvas@sapo.pt
Traceback (most recent call last):
  File "G:\.shortcut-targets-by-id\1NsBCziGNFjlQ-f8QRcezPsKVP9QzGdp0\APPs\atrpt\application\email\email_sender.py", line 318, in send_batch
    self.smtp.send(mime, recipients)
  File "G:\.shortcut-targets-by-id\1NsBCziGNFjlQ-f8QRcezPsKVP9QzGdp0\APPs\atrpt\infrastructure\email\smtp_client.py", line 108, in send
    self._smtp.send_message(mime, to_addrs=recipients)
  File "C:\envs\atrpt\Lib\smtplib.py", line 975, in send_message
    return self.sendmail(from_addr, to_addrs, flatmsg, mail_options,
           ^^^^^^^^^^^^^^^^^^^^^^^^^^^^^^^^^^^^^^^^^^^^^^^^^^^^^^^^^
  File "C:\envs\atrpt\Lib\smtplib.py", line 897, in sendmail
    raise SMTPDataError(code, resp)
smtplib.SMTPDataError: (550, b'5.2.0 LQYqwBnOCSMHlLQYqwwzgT Sending Prohibited (Max RcptTo Daily limit)')
2026-05-08 20:09:08,617 [ERROR] application.email.email_sender - [579/846] ERRO → jfamaro333@gmail.com
Traceback (most recent call last):
  File "G:\.shortcut-targets-by-id\1NsBCziGNFjlQ-f8QRcezPsKVP9QzGdp0\APPs\atrpt\application\email\email_sender.py", line 318, in send_batch
    self.smtp.send(mime, recipients)
  File "G:\.shortcut-targets-by-id\1NsBCziGNFjlQ-f8QRcezPsKVP9QzGdp0\APPs\atrpt\infrastructure\email\smtp_client.py", line 108, in send
    self._smtp.send_message(mime, to_addrs=recipients)
  File "C:\envs\atrpt\Lib\smtplib.py", line 975, in send_message
    return self.sendmail(from_addr, to_addrs, flatmsg, mail_options,
           ^^^^^^^^^^^^^^^^^^^^^^^^^^^^^^^^^^^^^^^^^^^^^^^^^^^^^^^^^
  File "C:\envs\atrpt\Lib\smtplib.py", line 897, in sendmail
    raise SMTPDataError(code, resp)
smtplib.SMTPDataError: (550, b'5.2.0 LQZNwmtdVoBA4LQZOwggW4 Sending Prohibited (Max RcptTo Daily limit)')
2026-05-08 20:09:41,626 [ERROR] application.email.email_sender - [581/846] ERRO → cbbbrandao@sapo.pt
Traceback (most recent call last):
  File "G:\.shortcut-targets-by-id\1NsBCziGNFjlQ-f8QRcezPsKVP9QzGdp0\APPs\atrpt\application\email\email_sender.py", line 318, in send_batch
    self.smtp.send(mime, recipients)
  File "G:\.shortcut-targets-by-id\1NsBCziGNFjlQ-f8QRcezPsKVP9QzGdp0\APPs\atrpt\infrastructure\email\smtp_client.py", line 108, in send
    self._smtp.send_message(mime, to_addrs=recipients)
  File "C:\envs\atrpt\Lib\smtplib.py", line 975, in send_message
    return self.sendmail(from_addr, to_addrs, flatmsg, mail_options,
           ^^^^^^^^^^^^^^^^^^^^^^^^^^^^^^^^^^^^^^^^^^^^^^^^^^^^^^^^^
  File "C:\envs\atrpt\Lib\smtplib.py", line 897, in sendmail
    raise SMTPDataError(code, resp)
smtplib.SMTPDataError: (550, b'5.2.0 LQZuwqaeHPqNcLQZvwHjEh Sending Prohibited (Max RcptTo Daily limit)')
2026-05-08 20:10:15,436 [ERROR] application.email.email_sender - [583/846] ERRO → lucianomoutinhotavares@gmail.com
Traceback (most recent call last):
  File "G:\.shortcut-targets-by-id\1NsBCziGNFjlQ-f8QRcezPsKVP9QzGdp0\APPs\atrpt\application\email\email_sender.py", line 318, in send_batch
    self.smtp.send(mime, recipients)
  File "G:\.shortcut-targets-by-id\1NsBCziGNFjlQ-f8QRcezPsKVP9QzGdp0\APPs\atrpt\infrastructure\email\smtp_client.py", line 108, in send
    self._smtp.send_message(mime, to_addrs=recipients)
  File "C:\envs\atrpt\Lib\smtplib.py", line 975, in send_message
    return self.sendmail(from_addr, to_addrs, flatmsg, mail_options,
           ^^^^^^^^^^^^^^^^^^^^^^^^^^^^^^^^^^^^^^^^^^^^^^^^^^^^^^^^^
  File "C:\envs\atrpt\Lib\smtplib.py", line 897, in sendmail
    raise SMTPDataError(code, resp)
smtplib.SMTPDataError: (550, b'5.2.0 LQaSwBp3bSMHlLQaSwwzsJ Sending Prohibited (Max RcptTo Daily limit)')
2026-05-08 20:10:50,665 [ERROR] application.email.email_sender - [585/846] ERRO → jorge.m.guedes@sapo.pt
Traceback (most recent call last):
  File "G:\.shortcut-targets-by-id\1NsBCziGNFjlQ-f8QRcezPsKVP9QzGdp0\APPs\atrpt\application\email\email_sender.py", line 318, in send_batch
    self.smtp.send(mime, recipients)
  File "G:\.shortcut-targets-by-id\1NsBCziGNFjlQ-f8QRcezPsKVP9QzGdp0\APPs\atrpt\infrastructure\email\smtp_client.py", line 108, in send
    self._smtp.send_message(mime, to_addrs=recipients)
  File "C:\envs\atrpt\Lib\smtplib.py", line 975, in send_message
    return self.sendmail(from_addr, to_addrs, flatmsg, mail_options,
           ^^^^^^^^^^^^^^^^^^^^^^^^^^^^^^^^^^^^^^^^^^^^^^^^^^^^^^^^^
  File "C:\envs\atrpt\Lib\smtplib.py", line 897, in sendmail
    raise SMTPDataError(code, resp)
smtplib.SMTPDataError: (550, b'5.2.0 LQaxwqbgdPqNcLQaxwHjMD Sending Prohibited (Max RcptTo Daily limit)')
2026-05-08 20:11:22,062 [ERROR] application.email.email_sender - [587/846] ERRO → alvarosousapereira@gmail.com
Traceback (most recent call last):
  File "G:\.shortcut-targets-by-id\1NsBCziGNFjlQ-f8QRcezPsKVP9QzGdp0\APPs\atrpt\application\email\email_sender.py", line 318, in send_batch
    self.smtp.send(mime, recipients)
  File "G:\.shortcut-targets-by-id\1NsBCziGNFjlQ-f8QRcezPsKVP9QzGdp0\APPs\atrpt\infrastructure\email\smtp_client.py", line 108, in send
    self._smtp.send_message(mime, to_addrs=recipients)
  File "C:\envs\atrpt\Lib\smtplib.py", line 975, in send_message
    return self.sendmail(from_addr, to_addrs, flatmsg, mail_options,
           ^^^^^^^^^^^^^^^^^^^^^^^^^^^^^^^^^^^^^^^^^^^^^^^^^^^^^^^^^
  File "C:\envs\atrpt\Lib\smtplib.py", line 897, in sendmail
    raise SMTPDataError(code, resp)
smtplib.SMTPDataError: (550, b'5.2.0 LQbWw378xdK1ELQbXwoILo Sending Prohibited (Max RcptTo Daily limit)')
2026-05-08 20:11:56,104 [ERROR] application.email.email_sender - [589/846] ERRO → salopes@sapo.pt
Traceback (most recent call last):
  File "G:\.shortcut-targets-by-id\1NsBCziGNFjlQ-f8QRcezPsKVP9QzGdp0\APPs\atrpt\application\email\email_sender.py", line 318, in send_batch
    self.smtp.send(mime, recipients)
  File "G:\.shortcut-targets-by-id\1NsBCziGNFjlQ-f8QRcezPsKVP9QzGdp0\APPs\atrpt\infrastructure\email\smtp_client.py", line 108, in send
    self._smtp.send_message(mime, to_addrs=recipients)
  File "C:\envs\atrpt\Lib\smtplib.py", line 975, in send_message
    return self.sendmail(from_addr, to_addrs, flatmsg, mail_options,
           ^^^^^^^^^^^^^^^^^^^^^^^^^^^^^^^^^^^^^^^^^^^^^^^^^^^^^^^^^
  File "C:\envs\atrpt\Lib\smtplib.py", line 897, in sendmail
    raise SMTPDataError(code, resp)
smtplib.SMTPDataError: (550, b'5.2.0 LQc5wBqbbSMHlLQc5wx04K Sending Prohibited (Max RcptTo Daily limit)')
2026-05-08 20:12:35,209 [ERROR] application.email.email_sender - [591/846] ERRO → graca.p.nogueira@outlook.pt
Traceback (most recent call last):
  File "G:\.shortcut-targets-by-id\1NsBCziGNFjlQ-f8QRcezPsKVP9QzGdp0\APPs\atrpt\application\email\email_sender.py", line 318, in send_batch
    self.smtp.send(mime, recipients)
  File "G:\.shortcut-targets-by-id\1NsBCziGNFjlQ-f8QRcezPsKVP9QzGdp0\APPs\atrpt\infrastructure\email\smtp_client.py", line 108, in send
    self._smtp.send_message(mime, to_addrs=recipients)
  File "C:\envs\atrpt\Lib\smtplib.py", line 975, in send_message
    return self.sendmail(from_addr, to_addrs, flatmsg, mail_options,
           ^^^^^^^^^^^^^^^^^^^^^^^^^^^^^^^^^^^^^^^^^^^^^^^^^^^^^^^^^
  File "C:\envs\atrpt\Lib\smtplib.py", line 897, in sendmail
    raise SMTPDataError(code, resp)
smtplib.SMTPDataError: (550, b'5.2.0 LQciw2lK0makWLQciwudAD Sending Prohibited (Max RcptTo Daily limit)')
2026-05-08 20:13:00,142 [ERROR] application.email.email_sender - [593/846] ERRO → m.fernanda.rodrig@sapo.pt
Traceback (most recent call last):
  File "G:\.shortcut-targets-by-id\1NsBCziGNFjlQ-f8QRcezPsKVP9QzGdp0\APPs\atrpt\application\email\email_sender.py", line 318, in send_batch
    self.smtp.send(mime, recipients)
  File "G:\.shortcut-targets-by-id\1NsBCziGNFjlQ-f8QRcezPsKVP9QzGdp0\APPs\atrpt\infrastructure\email\smtp_client.py", line 108, in send
    self._smtp.send_message(mime, to_addrs=recipients)
  File "C:\envs\atrpt\Lib\smtplib.py", line 975, in send_message
    return self.sendmail(from_addr, to_addrs, flatmsg, mail_options,
           ^^^^^^^^^^^^^^^^^^^^^^^^^^^^^^^^^^^^^^^^^^^^^^^^^^^^^^^^^
  File "C:\envs\atrpt\Lib\smtplib.py", line 897, in sendmail
    raise SMTPDataError(code, resp)
smtplib.SMTPDataError: (550, b'5.2.0 LQd7wBrfQSMHlLQd7wx0Ej Sending Prohibited (Max RcptTo Daily limit)')
2026-05-08 20:13:32,693 [ERROR] application.email.email_sender - [595/846] ERRO → manuelfontoura@sapo.pt
Traceback (most recent call last):
  File "G:\.shortcut-targets-by-id\1NsBCziGNFjlQ-f8QRcezPsKVP9QzGdp0\APPs\atrpt\application\email\email_sender.py", line 318, in send_batch
    self.smtp.send(mime, recipients)
  File "G:\.shortcut-targets-by-id\1NsBCziGNFjlQ-f8QRcezPsKVP9QzGdp0\APPs\atrpt\infrastructure\email\smtp_client.py", line 108, in send
    self._smtp.send_message(mime, to_addrs=recipients)
  File "C:\envs\atrpt\Lib\smtplib.py", line 975, in send_message
    return self.sendmail(from_addr, to_addrs, flatmsg, mail_options,
           ^^^^^^^^^^^^^^^^^^^^^^^^^^^^^^^^^^^^^^^^^^^^^^^^^^^^^^^^^
  File "C:\envs\atrpt\Lib\smtplib.py", line 897, in sendmail
    raise SMTPDataError(code, resp)
smtplib.SMTPDataError: (550, b'5.2.0 LQddwV7SCUbIPLQdewdu3U Sending Prohibited (Max RcptTo Daily limit)')
2026-05-08 20:14:06,838 [ERROR] application.email.email_sender - [597/846] ERRO → isabelcbalves1@gmail.com
Traceback (most recent call last):
  File "G:\.shortcut-targets-by-id\1NsBCziGNFjlQ-f8QRcezPsKVP9QzGdp0\APPs\atrpt\application\email\email_sender.py", line 318, in send_batch
    self.smtp.send(mime, recipients)
  File "G:\.shortcut-targets-by-id\1NsBCziGNFjlQ-f8QRcezPsKVP9QzGdp0\APPs\atrpt\infrastructure\email\smtp_client.py", line 108, in send
    self._smtp.send_message(mime, to_addrs=recipients)
  File "C:\envs\atrpt\Lib\smtplib.py", line 975, in send_message
    return self.sendmail(from_addr, to_addrs, flatmsg, mail_options,
           ^^^^^^^^^^^^^^^^^^^^^^^^^^^^^^^^^^^^^^^^^^^^^^^^^^^^^^^^^
  File "C:\envs\atrpt\Lib\smtplib.py", line 897, in sendmail
    raise SMTPDataError(code, resp)
smtplib.SMTPDataError: (550, b'5.2.0 LQeBwV81AUbIPLQeCwdu6f Sending Prohibited (Max RcptTo Daily limit)')
2026-05-08 20:14:45,498 [ERROR] application.email.email_sender - [599/846] ERRO → josesousapaiva@gmail.com
Traceback (most recent call last):
  File "G:\.shortcut-targets-by-id\1NsBCziGNFjlQ-f8QRcezPsKVP9QzGdp0\APPs\atrpt\application\email\email_sender.py", line 318, in send_batch
    self.smtp.send(mime, recipients)
  File "G:\.shortcut-targets-by-id\1NsBCziGNFjlQ-f8QRcezPsKVP9QzGdp0\APPs\atrpt\infrastructure\email\smtp_client.py", line 108, in send
    self._smtp.send_message(mime, to_addrs=recipients)
  File "C:\envs\atrpt\Lib\smtplib.py", line 975, in send_message
    return self.sendmail(from_addr, to_addrs, flatmsg, mail_options,
           ^^^^^^^^^^^^^^^^^^^^^^^^^^^^^^^^^^^^^^^^^^^^^^^^^^^^^^^^^
  File "C:\envs\atrpt\Lib\smtplib.py", line 897, in sendmail
    raise SMTPDataError(code, resp)
smtplib.SMTPDataError: (550, b'5.2.0 LQeowqfUmPqNcLQepwHjkS Sending Prohibited (Max RcptTo Daily limit)')
2026-05-08 20:17:30,507 [ERROR] application.email.email_sender - [601/846] ERRO → cristinagracalobo@gmail.com
Traceback (most recent call last):
  File "G:\.shortcut-targets-by-id\1NsBCziGNFjlQ-f8QRcezPsKVP9QzGdp0\APPs\atrpt\application\email\email_sender.py", line 318, in send_batch
    self.smtp.send(mime, recipients)
  File "G:\.shortcut-targets-by-id\1NsBCziGNFjlQ-f8QRcezPsKVP9QzGdp0\APPs\atrpt\infrastructure\email\smtp_client.py", line 108, in send
    self._smtp.send_message(mime, to_addrs=recipients)
  File "C:\envs\atrpt\Lib\smtplib.py", line 975, in send_message
    return self.sendmail(from_addr, to_addrs, flatmsg, mail_options,
           ^^^^^^^^^^^^^^^^^^^^^^^^^^^^^^^^^^^^^^^^^^^^^^^^^^^^^^^^^
  File "C:\envs\atrpt\Lib\smtplib.py", line 897, in sendmail
    raise SMTPDataError(code, resp)
smtplib.SMTPDataError: (550, b'5.2.0 LQhSwqiEvPqNcLQhSwHk3R Sending Prohibited (Max RcptTo Daily limit)')
2026-05-08 20:18:10,423 [ERROR] application.email.email_sender - [603/846] ERRO → virgilio.ainocencio@gmail.com
Traceback (most recent call last):
  File "G:\.shortcut-targets-by-id\1NsBCziGNFjlQ-f8QRcezPsKVP9QzGdp0\APPs\atrpt\application\email\email_sender.py", line 318, in send_batch
    self.smtp.send(mime, recipients)
  File "G:\.shortcut-targets-by-id\1NsBCziGNFjlQ-f8QRcezPsKVP9QzGdp0\APPs\atrpt\infrastructure\email\smtp_client.py", line 108, in send
    self._smtp.send_message(mime, to_addrs=recipients)
  File "C:\envs\atrpt\Lib\smtplib.py", line 975, in send_message
    return self.sendmail(from_addr, to_addrs, flatmsg, mail_options,
           ^^^^^^^^^^^^^^^^^^^^^^^^^^^^^^^^^^^^^^^^^^^^^^^^^^^^^^^^^
  File "C:\envs\atrpt\Lib\smtplib.py", line 897, in sendmail
    raise SMTPDataError(code, resp)
smtplib.SMTPDataError: (550, b'5.2.0 LQi7w2qjTmakWLQi7wudn2 Sending Prohibited (Max RcptTo Daily limit)')
2026-05-08 20:18:40,142 [ERROR] application.email.email_sender - [605/846] ERRO → giordanomonteirocouto@gmail.com
Traceback (most recent call last):
  File "G:\.shortcut-targets-by-id\1NsBCziGNFjlQ-f8QRcezPsKVP9QzGdp0\APPs\atrpt\application\email\email_sender.py", line 318, in send_batch
    self.smtp.send(mime, recipients)
  File "G:\.shortcut-targets-by-id\1NsBCziGNFjlQ-f8QRcezPsKVP9QzGdp0\APPs\atrpt\infrastructure\email\smtp_client.py", line 108, in send
    self._smtp.send_message(mime, to_addrs=recipients)
  File "C:\envs\atrpt\Lib\smtplib.py", line 975, in send_message
    return self.sendmail(from_addr, to_addrs, flatmsg, mail_options,
           ^^^^^^^^^^^^^^^^^^^^^^^^^^^^^^^^^^^^^^^^^^^^^^^^^^^^^^^^^
  File "C:\envs\atrpt\Lib\smtplib.py", line 897, in sendmail
    raise SMTPDataError(code, resp)
smtplib.SMTPDataError: (550, b'5.2.0 LQibwBx6kSMHlLQibwx0tZ Sending Prohibited (Max RcptTo Daily limit)')
2026-05-08 20:19:17,779 [ERROR] application.email.email_sender - [607/846] ERRO → gloriapinheiro1947@sapo.pt
Traceback (most recent call last):
  File "G:\.shortcut-targets-by-id\1NsBCziGNFjlQ-f8QRcezPsKVP9QzGdp0\APPs\atrpt\application\email\email_sender.py", line 318, in send_batch
    self.smtp.send(mime, recipients)
  File "G:\.shortcut-targets-by-id\1NsBCziGNFjlQ-f8QRcezPsKVP9QzGdp0\APPs\atrpt\infrastructure\email\smtp_client.py", line 108, in send
    self._smtp.send_message(mime, to_addrs=recipients)
  File "C:\envs\atrpt\Lib\smtplib.py", line 975, in send_message
    return self.sendmail(from_addr, to_addrs, flatmsg, mail_options,
           ^^^^^^^^^^^^^^^^^^^^^^^^^^^^^^^^^^^^^^^^^^^^^^^^^^^^^^^^^
  File "C:\envs\atrpt\Lib\smtplib.py", line 897, in sendmail
    raise SMTPDataError(code, resp)
smtplib.SMTPDataError: (550, b'5.2.0 LQjCwBxefSMHlLQjDwx0ya Sending Prohibited (Max RcptTo Daily limit)')
2026-05-08 20:19:59,121 [ERROR] application.email.email_sender - [609/846] ERRO → fsar1960@yahoo.com.br
Traceback (most recent call last):
  File "G:\.shortcut-targets-by-id\1NsBCziGNFjlQ-f8QRcezPsKVP9QzGdp0\APPs\atrpt\application\email\email_sender.py", line 318, in send_batch
    self.smtp.send(mime, recipients)
  File "G:\.shortcut-targets-by-id\1NsBCziGNFjlQ-f8QRcezPsKVP9QzGdp0\APPs\atrpt\infrastructure\email\smtp_client.py", line 108, in send
    self._smtp.send_message(mime, to_addrs=recipients)
  File "C:\envs\atrpt\Lib\smtplib.py", line 975, in send_message
    return self.sendmail(from_addr, to_addrs, flatmsg, mail_options,
           ^^^^^^^^^^^^^^^^^^^^^^^^^^^^^^^^^^^^^^^^^^^^^^^^^^^^^^^^^
  File "C:\envs\atrpt\Lib\smtplib.py", line 897, in sendmail
    raise SMTPDataError(code, resp)
smtplib.SMTPDataError: (550, b'5.2.0 LQjsw3FGYdK1ELQjswoJLJ Sending Prohibited (Max RcptTo Daily limit)')
2026-05-08 20:20:35,837 [ERROR] application.email.email_sender - [611/846] ERRO → mlucarvalho2013@gmail.com
Traceback (most recent call last):
  File "G:\.shortcut-targets-by-id\1NsBCziGNFjlQ-f8QRcezPsKVP9QzGdp0\APPs\atrpt\application\email\email_sender.py", line 318, in send_batch
    self.smtp.send(mime, recipients)
  File "G:\.shortcut-targets-by-id\1NsBCziGNFjlQ-f8QRcezPsKVP9QzGdp0\APPs\atrpt\infrastructure\email\smtp_client.py", line 108, in send
    self._smtp.send_message(mime, to_addrs=recipients)
  File "C:\envs\atrpt\Lib\smtplib.py", line 975, in send_message
    return self.sendmail(from_addr, to_addrs, flatmsg, mail_options,
           ^^^^^^^^^^^^^^^^^^^^^^^^^^^^^^^^^^^^^^^^^^^^^^^^^^^^^^^^^
  File "C:\envs\atrpt\Lib\smtplib.py", line 897, in sendmail
    raise SMTPDataError(code, resp)
smtplib.SMTPDataError: (550, b'5.2.0 LQkTw2suumakWLQkTwue6I Sending Prohibited (Max RcptTo Daily limit)')
2026-05-08 20:21:15,696 [ERROR] application.email.email_sender - [613/846] ERRO → mhgop66@hotmail.com
Traceback (most recent call last):
  File "G:\.shortcut-targets-by-id\1NsBCziGNFjlQ-f8QRcezPsKVP9QzGdp0\APPs\atrpt\application\email\email_sender.py", line 318, in send_batch
    self.smtp.send(mime, recipients)
  File "G:\.shortcut-targets-by-id\1NsBCziGNFjlQ-f8QRcezPsKVP9QzGdp0\APPs\atrpt\infrastructure\email\smtp_client.py", line 108, in send
    self._smtp.send_message(mime, to_addrs=recipients)
  File "C:\envs\atrpt\Lib\smtplib.py", line 975, in send_message
    return self.sendmail(from_addr, to_addrs, flatmsg, mail_options,
           ^^^^^^^^^^^^^^^^^^^^^^^^^^^^^^^^^^^^^^^^^^^^^^^^^^^^^^^^^
  File "C:\envs\atrpt\Lib\smtplib.py", line 897, in sendmail
    raise SMTPDataError(code, resp)
smtplib.SMTPDataError: (550, b'5.2.0 LQkzw2tOimakWLQkzwueBN Sending Prohibited (Max RcptTo Daily limit)')
2026-05-08 20:21:52,608 [ERROR] application.email.email_sender - [615/846] ERRO → rmc@sapo.pt
Traceback (most recent call last):
  File "G:\.shortcut-targets-by-id\1NsBCziGNFjlQ-f8QRcezPsKVP9QzGdp0\APPs\atrpt\application\email\email_sender.py", line 318, in send_batch
    self.smtp.send(mime, recipients)
  File "G:\.shortcut-targets-by-id\1NsBCziGNFjlQ-f8QRcezPsKVP9QzGdp0\APPs\atrpt\infrastructure\email\smtp_client.py", line 108, in send
    self._smtp.send_message(mime, to_addrs=recipients)
  File "C:\envs\atrpt\Lib\smtplib.py", line 975, in send_message
    return self.sendmail(from_addr, to_addrs, flatmsg, mail_options,
           ^^^^^^^^^^^^^^^^^^^^^^^^^^^^^^^^^^^^^^^^^^^^^^^^^^^^^^^^^
  File "C:\envs\atrpt\Lib\smtplib.py", line 897, in sendmail
    raise SMTPDataError(code, resp)
smtplib.SMTPDataError: (550, b'5.2.0 LQlhw2u5fmakWLQlhwueGZ Sending Prohibited (Max RcptTo Daily limit)')
2026-05-08 20:22:24,818 [ERROR] application.email.email_sender - [617/846] ERRO → pinheiro.p.almeida@sapo.pt
Traceback (most recent call last):
  File "G:\.shortcut-targets-by-id\1NsBCziGNFjlQ-f8QRcezPsKVP9QzGdp0\APPs\atrpt\application\email\email_sender.py", line 318, in send_batch
    self.smtp.send(mime, recipients)
  File "G:\.shortcut-targets-by-id\1NsBCziGNFjlQ-f8QRcezPsKVP9QzGdp0\APPs\atrpt\infrastructure\email\smtp_client.py", line 108, in send
    self._smtp.send_message(mime, to_addrs=recipients)
  File "C:\envs\atrpt\Lib\smtplib.py", line 975, in send_message
    return self.sendmail(from_addr, to_addrs, flatmsg, mail_options,
           ^^^^^^^^^^^^^^^^^^^^^^^^^^^^^^^^^^^^^^^^^^^^^^^^^^^^^^^^^
  File "C:\envs\atrpt\Lib\smtplib.py", line 897, in sendmail
    raise SMTPDataError(code, resp)
smtplib.SMTPDataError: (550, b'5.2.0 LQmEw3HYwdK1ELQmEwoJcq Sending Prohibited (Max RcptTo Daily limit)')
2026-05-08 20:22:53,517 [ERROR] application.email.email_sender - [619/846] ERRO → antonio.m.s.enes@gmail.com
Traceback (most recent call last):
  File "G:\.shortcut-targets-by-id\1NsBCziGNFjlQ-f8QRcezPsKVP9QzGdp0\APPs\atrpt\application\email\email_sender.py", line 318, in send_batch
    self.smtp.send(mime, recipients)
  File "G:\.shortcut-targets-by-id\1NsBCziGNFjlQ-f8QRcezPsKVP9QzGdp0\APPs\atrpt\infrastructure\email\smtp_client.py", line 108, in send
    self._smtp.send_message(mime, to_addrs=recipients)
  File "C:\envs\atrpt\Lib\smtplib.py", line 975, in send_message
    return self.sendmail(from_addr, to_addrs, flatmsg, mail_options,
           ^^^^^^^^^^^^^^^^^^^^^^^^^^^^^^^^^^^^^^^^^^^^^^^^^^^^^^^^^
  File "C:\envs\atrpt\Lib\smtplib.py", line 897, in sendmail
    raise SMTPDataError(code, resp)
smtplib.SMTPDataError: (550, b'5.2.0 LQmgwVGAcUbIPLQmhwdv5R Sending Prohibited (Max RcptTo Daily limit)')
2026-05-08 20:23:34,066 [ERROR] application.email.email_sender - [621/846] ERRO → olgarod@sapo.pt
Traceback (most recent call last):
  File "G:\.shortcut-targets-by-id\1NsBCziGNFjlQ-f8QRcezPsKVP9QzGdp0\APPs\atrpt\application\email\email_sender.py", line 318, in send_batch
    self.smtp.send(mime, recipients)
  File "G:\.shortcut-targets-by-id\1NsBCziGNFjlQ-f8QRcezPsKVP9QzGdp0\APPs\atrpt\infrastructure\email\smtp_client.py", line 108, in send
    self._smtp.send_message(mime, to_addrs=recipients)
  File "C:\envs\atrpt\Lib\smtplib.py", line 975, in send_message
    return self.sendmail(from_addr, to_addrs, flatmsg, mail_options,
           ^^^^^^^^^^^^^^^^^^^^^^^^^^^^^^^^^^^^^^^^^^^^^^^^^^^^^^^^^
  File "C:\envs\atrpt\Lib\smtplib.py", line 897, in sendmail
    raise SMTPDataError(code, resp)
smtplib.SMTPDataError: (550, b'5.2.0 LQnNwC1lYSMHlLQnNwx1TV Sending Prohibited (Max RcptTo Daily limit)')
2026-05-08 20:24:10,760 [ERROR] application.email.email_sender - [623/846] ERRO → vieira.antonio.silva@gmail.com
Traceback (most recent call last):
  File "G:\.shortcut-targets-by-id\1NsBCziGNFjlQ-f8QRcezPsKVP9QzGdp0\APPs\atrpt\application\email\email_sender.py", line 318, in send_batch
    self.smtp.send(mime, recipients)
  File "G:\.shortcut-targets-by-id\1NsBCziGNFjlQ-f8QRcezPsKVP9QzGdp0\APPs\atrpt\infrastructure\email\smtp_client.py", line 108, in send
    self._smtp.send_message(mime, to_addrs=recipients)
  File "C:\envs\atrpt\Lib\smtplib.py", line 975, in send_message
    return self.sendmail(from_addr, to_addrs, flatmsg, mail_options,
           ^^^^^^^^^^^^^^^^^^^^^^^^^^^^^^^^^^^^^^^^^^^^^^^^^^^^^^^^^
  File "C:\envs\atrpt\Lib\smtplib.py", line 897, in sendmail
    raise SMTPDataError(code, resp)
smtplib.SMTPDataError: (550, b'5.2.0 LQnxwn7wQoBA4LQnywgiJj Sending Prohibited (Max RcptTo Daily limit)')
2026-05-08 20:24:43,521 [ERROR] application.email.email_sender - [625/846] ERRO → alexandraelisabete@sapo.pt
Traceback (most recent call last):
  File "G:\.shortcut-targets-by-id\1NsBCziGNFjlQ-f8QRcezPsKVP9QzGdp0\APPs\atrpt\application\email\email_sender.py", line 318, in send_batch
    self.smtp.send(mime, recipients)
  File "G:\.shortcut-targets-by-id\1NsBCziGNFjlQ-f8QRcezPsKVP9QzGdp0\APPs\atrpt\infrastructure\email\smtp_client.py", line 108, in send
    self._smtp.send_message(mime, to_addrs=recipients)
  File "C:\envs\atrpt\Lib\smtplib.py", line 975, in send_message
    return self.sendmail(from_addr, to_addrs, flatmsg, mail_options,
           ^^^^^^^^^^^^^^^^^^^^^^^^^^^^^^^^^^^^^^^^^^^^^^^^^^^^^^^^^
  File "C:\envs\atrpt\Lib\smtplib.py", line 897, in sendmail
    raise SMTPDataError(code, resp)
smtplib.SMTPDataError: (550, b'5.2.0 LQoUwC2qZSMHlLQoUwx1Zt Sending Prohibited (Max RcptTo Daily limit)')
2026-05-08 20:25:17,459 [ERROR] application.email.email_sender - [627/846] ERRO → gramajal@gmail.com
Traceback (most recent call last):
  File "G:\.shortcut-targets-by-id\1NsBCziGNFjlQ-f8QRcezPsKVP9QzGdp0\APPs\atrpt\application\email\email_sender.py", line 318, in send_batch
    self.smtp.send(mime, recipients)
  File "G:\.shortcut-targets-by-id\1NsBCziGNFjlQ-f8QRcezPsKVP9QzGdp0\APPs\atrpt\infrastructure\email\smtp_client.py", line 108, in send
    self._smtp.send_message(mime, to_addrs=recipients)
  File "C:\envs\atrpt\Lib\smtplib.py", line 975, in send_message
    return self.sendmail(from_addr, to_addrs, flatmsg, mail_options,
           ^^^^^^^^^^^^^^^^^^^^^^^^^^^^^^^^^^^^^^^^^^^^^^^^^^^^^^^^^
  File "C:\envs\atrpt\Lib\smtplib.py", line 897, in sendmail
    raise SMTPDataError(code, resp)
smtplib.SMTPDataError: (550, b'5.2.0 LQp2wqpX0PqNcLQp2wHkst Sending Prohibited (Max RcptTo Daily limit)')
2026-05-08 20:25:52,612 [ERROR] application.email.email_sender - [629/846] ERRO → josemanueltpinheiro@sapo.pt
Traceback (most recent call last):
  File "G:\.shortcut-targets-by-id\1NsBCziGNFjlQ-f8QRcezPsKVP9QzGdp0\APPs\atrpt\application\email\email_sender.py", line 318, in send_batch
    self.smtp.send(mime, recipients)
  File "G:\.shortcut-targets-by-id\1NsBCziGNFjlQ-f8QRcezPsKVP9QzGdp0\APPs\atrpt\infrastructure\email\smtp_client.py", line 108, in send
    self._smtp.send_message(mime, to_addrs=recipients)
  File "C:\envs\atrpt\Lib\smtplib.py", line 975, in send_message
    return self.sendmail(from_addr, to_addrs, flatmsg, mail_options,
           ^^^^^^^^^^^^^^^^^^^^^^^^^^^^^^^^^^^^^^^^^^^^^^^^^^^^^^^^^
  File "C:\envs\atrpt\Lib\smtplib.py", line 897, in sendmail
    raise SMTPDataError(code, resp)
smtplib.SMTPDataError: (550, b'5.2.0 LQpbw3L6idK1ELQpbwoK2q Sending Prohibited (Max RcptTo Daily limit)')
2026-05-08 20:26:28,818 [ERROR] application.email.email_sender - [631/846] ERRO → helenacasteloes@gmail.com
Traceback (most recent call last):
  File "G:\.shortcut-targets-by-id\1NsBCziGNFjlQ-f8QRcezPsKVP9QzGdp0\APPs\atrpt\application\email\email_sender.py", line 318, in send_batch
    self.smtp.send(mime, recipients)
  File "G:\.shortcut-targets-by-id\1NsBCziGNFjlQ-f8QRcezPsKVP9QzGdp0\APPs\atrpt\infrastructure\email\smtp_client.py", line 108, in send
    self._smtp.send_message(mime, to_addrs=recipients)
  File "C:\envs\atrpt\Lib\smtplib.py", line 975, in send_message
    return self.sendmail(from_addr, to_addrs, flatmsg, mail_options,
           ^^^^^^^^^^^^^^^^^^^^^^^^^^^^^^^^^^^^^^^^^^^^^^^^^^^^^^^^^
  File "C:\envs\atrpt\Lib\smtplib.py", line 897, in sendmail
    raise SMTPDataError(code, resp)
smtplib.SMTPDataError: (550, b'5.2.0 LQqBw2yQhmakWLQqBwuelf Sending Prohibited (Max RcptTo Daily limit)')
2026-05-08 20:27:01,585 [ERROR] application.email.email_sender - [633/846] ERRO → carlosborgescosta@gmail.com
Traceback (most recent call last):
  File "G:\.shortcut-targets-by-id\1NsBCziGNFjlQ-f8QRcezPsKVP9QzGdp0\APPs\atrpt\application\email\email_sender.py", line 318, in send_batch
    self.smtp.send(mime, recipients)
  File "G:\.shortcut-targets-by-id\1NsBCziGNFjlQ-f8QRcezPsKVP9QzGdp0\APPs\atrpt\infrastructure\email\smtp_client.py", line 108, in send
    self._smtp.send_message(mime, to_addrs=recipients)
  File "C:\envs\atrpt\Lib\smtplib.py", line 975, in send_message
    return self.sendmail(from_addr, to_addrs, flatmsg, mail_options,
           ^^^^^^^^^^^^^^^^^^^^^^^^^^^^^^^^^^^^^^^^^^^^^^^^^^^^^^^^^
  File "C:\envs\atrpt\Lib\smtplib.py", line 897, in sendmail
    raise SMTPDataError(code, resp)
smtplib.SMTPDataError: (550, b'5.2.0 LQqiwVJzkUbIPLQqiwdvUO Sending Prohibited (Max RcptTo Daily limit)')
2026-05-08 20:27:36,665 [ERROR] application.email.email_sender - [635/846] ERRO → lucia.c.dias@sapo.pt
Traceback (most recent call last):
  File "G:\.shortcut-targets-by-id\1NsBCziGNFjlQ-f8QRcezPsKVP9QzGdp0\APPs\atrpt\application\email\email_sender.py", line 318, in send_batch
    self.smtp.send(mime, recipients)
  File "G:\.shortcut-targets-by-id\1NsBCziGNFjlQ-f8QRcezPsKVP9QzGdp0\APPs\atrpt\infrastructure\email\smtp_client.py", line 108, in send
    self._smtp.send_message(mime, to_addrs=recipients)
  File "C:\envs\atrpt\Lib\smtplib.py", line 975, in send_message
    return self.sendmail(from_addr, to_addrs, flatmsg, mail_options,
           ^^^^^^^^^^^^^^^^^^^^^^^^^^^^^^^^^^^^^^^^^^^^^^^^^^^^^^^^^
  File "C:\envs\atrpt\Lib\smtplib.py", line 897, in sendmail
    raise SMTPDataError(code, resp)
smtplib.SMTPDataError: (550, b'5.2.0 LQrHwqre8PqNcLQrHwHl86 Sending Prohibited (Max RcptTo Daily limit)')
2026-05-08 20:28:18,309 [ERROR] application.email.email_sender - [637/846] ERRO → gisela.morais@gmail.com
Traceback (most recent call last):
  File "G:\.shortcut-targets-by-id\1NsBCziGNFjlQ-f8QRcezPsKVP9QzGdp0\APPs\atrpt\application\email\email_sender.py", line 318, in send_batch
    self.smtp.send(mime, recipients)
  File "G:\.shortcut-targets-by-id\1NsBCziGNFjlQ-f8QRcezPsKVP9QzGdp0\APPs\atrpt\infrastructure\email\smtp_client.py", line 108, in send
    self._smtp.send_message(mime, to_addrs=recipients)
  File "C:\envs\atrpt\Lib\smtplib.py", line 975, in send_message
    return self.sendmail(from_addr, to_addrs, flatmsg, mail_options,
           ^^^^^^^^^^^^^^^^^^^^^^^^^^^^^^^^^^^^^^^^^^^^^^^^^^^^^^^^^
  File "C:\envs\atrpt\Lib\smtplib.py", line 897, in sendmail
    raise SMTPDataError(code, resp)
smtplib.SMTPDataError: (550, b'5.2.0 LQrxwC6L5SMHlLQrxwx201 Sending Prohibited (Max RcptTo Daily limit)')
2026-05-08 20:29:03,636 [ERROR] application.email.email_sender - [639/846] ERRO → larsgabriel@atrpt.pt
Traceback (most recent call last):
  File "G:\.shortcut-targets-by-id\1NsBCziGNFjlQ-f8QRcezPsKVP9QzGdp0\APPs\atrpt\application\email\email_sender.py", line 318, in send_batch
    self.smtp.send(mime, recipients)
  File "G:\.shortcut-targets-by-id\1NsBCziGNFjlQ-f8QRcezPsKVP9QzGdp0\APPs\atrpt\infrastructure\email\smtp_client.py", line 108, in send
    self._smtp.send_message(mime, to_addrs=recipients)
  File "C:\envs\atrpt\Lib\smtplib.py", line 975, in send_message
    return self.sendmail(from_addr, to_addrs, flatmsg, mail_options,
           ^^^^^^^^^^^^^^^^^^^^^^^^^^^^^^^^^^^^^^^^^^^^^^^^^^^^^^^^^
  File "C:\envs\atrpt\Lib\smtplib.py", line 897, in sendmail
    raise SMTPDataError(code, resp)
smtplib.SMTPDataError: (550, b'5.2.0 LQsgwVM3QUbIPLQsgwdvi7 Sending Prohibited (Max RcptTo Daily limit)')
2026-05-08 20:29:36,026 [ERROR] application.email.email_sender - [641/846] ERRO → eugeniagbessa@gmail.com
Traceback (most recent call last):
  File "G:\.shortcut-targets-by-id\1NsBCziGNFjlQ-f8QRcezPsKVP9QzGdp0\APPs\atrpt\application\email\email_sender.py", line 318, in send_batch
    self.smtp.send(mime, recipients)
  File "G:\.shortcut-targets-by-id\1NsBCziGNFjlQ-f8QRcezPsKVP9QzGdp0\APPs\atrpt\infrastructure\email\smtp_client.py", line 108, in send
    self._smtp.send_message(mime, to_addrs=recipients)
  File "C:\envs\atrpt\Lib\smtplib.py", line 975, in send_message
    return self.sendmail(from_addr, to_addrs, flatmsg, mail_options,
           ^^^^^^^^^^^^^^^^^^^^^^^^^^^^^^^^^^^^^^^^^^^^^^^^^^^^^^^^^
  File "C:\envs\atrpt\Lib\smtplib.py", line 897, in sendmail
    raise SMTPDataError(code, resp)
smtplib.SMTPDataError: (550, b'5.2.0 LQtDw31NMmakWLQtDwuf4m Sending Prohibited (Max RcptTo Daily limit)')
2026-05-08 20:30:10,015 [ERROR] application.email.email_sender - [643/846] ERRO → hjesusleite@gmail.com
Traceback (most recent call last):
  File "G:\.shortcut-targets-by-id\1NsBCziGNFjlQ-f8QRcezPsKVP9QzGdp0\APPs\atrpt\application\email\email_sender.py", line 318, in send_batch
    self.smtp.send(mime, recipients)
  File "G:\.shortcut-targets-by-id\1NsBCziGNFjlQ-f8QRcezPsKVP9QzGdp0\APPs\atrpt\infrastructure\email\smtp_client.py", line 108, in send
    self._smtp.send_message(mime, to_addrs=recipients)
  File "C:\envs\atrpt\Lib\smtplib.py", line 975, in send_message
    return self.sendmail(from_addr, to_addrs, flatmsg, mail_options,
           ^^^^^^^^^^^^^^^^^^^^^^^^^^^^^^^^^^^^^^^^^^^^^^^^^^^^^^^^^
  File "C:\envs\atrpt\Lib\smtplib.py", line 897, in sendmail
    raise SMTPDataError(code, resp)
smtplib.SMTPDataError: (550, b'5.2.0 LQtkwVNHmUbIPLQtlwdvqQ Sending Prohibited (Max RcptTo Daily limit)')
2026-05-08 20:30:40,274 [ERROR] application.email.email_sender - [645/846] ERRO → fernando.m.dias@sapo.pt
Traceback (most recent call last):
  File "G:\.shortcut-targets-by-id\1NsBCziGNFjlQ-f8QRcezPsKVP9QzGdp0\APPs\atrpt\application\email\email_sender.py", line 318, in send_batch
    self.smtp.send(mime, recipients)
  File "G:\.shortcut-targets-by-id\1NsBCziGNFjlQ-f8QRcezPsKVP9QzGdp0\APPs\atrpt\infrastructure\email\smtp_client.py", line 108, in send
    self._smtp.send_message(mime, to_addrs=recipients)
  File "C:\envs\atrpt\Lib\smtplib.py", line 975, in send_message
    return self.sendmail(from_addr, to_addrs, flatmsg, mail_options,
           ^^^^^^^^^^^^^^^^^^^^^^^^^^^^^^^^^^^^^^^^^^^^^^^^^^^^^^^^^
  File "C:\envs\atrpt\Lib\smtplib.py", line 897, in sendmail
    raise SMTPDataError(code, resp)
smtplib.SMTPDataError: (550, b'5.2.0 LQuFwVNvgUbIPLQuFwdvul Sending Prohibited (Max RcptTo Daily limit)')
2026-05-08 20:31:12,638 [ERROR] application.email.email_sender - [647/846] ERRO → anamcunha48@gmail.com
Traceback (most recent call last):
  File "G:\.shortcut-targets-by-id\1NsBCziGNFjlQ-f8QRcezPsKVP9QzGdp0\APPs\atrpt\application\email\email_sender.py", line 318, in send_batch
    self.smtp.send(mime, recipients)
  File "G:\.shortcut-targets-by-id\1NsBCziGNFjlQ-f8QRcezPsKVP9QzGdp0\APPs\atrpt\infrastructure\email\smtp_client.py", line 108, in send
    self._smtp.send_message(mime, to_addrs=recipients)
  File "C:\envs\atrpt\Lib\smtplib.py", line 975, in send_message
    return self.sendmail(from_addr, to_addrs, flatmsg, mail_options,
           ^^^^^^^^^^^^^^^^^^^^^^^^^^^^^^^^^^^^^^^^^^^^^^^^^^^^^^^^^
  File "C:\envs\atrpt\Lib\smtplib.py", line 897, in sendmail
    raise SMTPDataError(code, resp)
smtplib.SMTPDataError: (550, b'5.2.0 LQukw33J3makWLQulwufJH Sending Prohibited (Max RcptTo Daily limit)')
2026-05-08 20:31:44,786 [ERROR] application.email.email_sender - [649/846] ERRO → armanda.f.pinto@gmail.com
Traceback (most recent call last):
  File "G:\.shortcut-targets-by-id\1NsBCziGNFjlQ-f8QRcezPsKVP9QzGdp0\APPs\atrpt\application\email\email_sender.py", line 318, in send_batch
    self.smtp.send(mime, recipients)
  File "G:\.shortcut-targets-by-id\1NsBCziGNFjlQ-f8QRcezPsKVP9QzGdp0\APPs\atrpt\infrastructure\email\smtp_client.py", line 108, in send
    self._smtp.send_message(mime, to_addrs=recipients)
  File "C:\envs\atrpt\Lib\smtplib.py", line 975, in send_message
    return self.sendmail(from_addr, to_addrs, flatmsg, mail_options,
           ^^^^^^^^^^^^^^^^^^^^^^^^^^^^^^^^^^^^^^^^^^^^^^^^^^^^^^^^^
  File "C:\envs\atrpt\Lib\smtplib.py", line 897, in sendmail
    raise SMTPDataError(code, resp)
smtplib.SMTPDataError: (550, b'5.2.0 LQvHwVPGvUbIPLQvHwdw2R Sending Prohibited (Max RcptTo Daily limit)')
2026-05-08 22:09:16,492 [ERROR] application.email.email_sender - [651/846] ERRO → acabral1965@gmail.com
Traceback (most recent call last):
  File "G:\.shortcut-targets-by-id\1NsBCziGNFjlQ-f8QRcezPsKVP9QzGdp0\APPs\atrpt\application\email\email_sender.py", line 318, in send_batch
    self.smtp.send(mime, recipients)
  File "G:\.shortcut-targets-by-id\1NsBCziGNFjlQ-f8QRcezPsKVP9QzGdp0\APPs\atrpt\infrastructure\email\smtp_client.py", line 108, in send
    self._smtp.send_message(mime, to_addrs=recipients)
  File "C:\envs\atrpt\Lib\smtplib.py", line 975, in send_message
    return self.sendmail(from_addr, to_addrs, flatmsg, mail_options,
           ^^^^^^^^^^^^^^^^^^^^^^^^^^^^^^^^^^^^^^^^^^^^^^^^^^^^^^^^^
  File "C:\envs\atrpt\Lib\smtplib.py", line 897, in sendmail
    raise SMTPDataError(code, resp)
smtplib.SMTPDataError: (550, b'5.2.0 LSRew4cMjmakWLSRewuqVc Sending Prohibited (Max RcptTo Daily limit)')
2026-05-08 22:09:48,023 [ERROR] application.email.email_sender - [653/846] ERRO → heringpaula@gmail.com
Traceback (most recent call last):
  File "G:\.shortcut-targets-by-id\1NsBCziGNFjlQ-f8QRcezPsKVP9QzGdp0\APPs\atrpt\application\email\email_sender.py", line 318, in send_batch
    self.smtp.send(mime, recipients)
  File "G:\.shortcut-targets-by-id\1NsBCziGNFjlQ-f8QRcezPsKVP9QzGdp0\APPs\atrpt\infrastructure\email\smtp_client.py", line 108, in send
    self._smtp.send_message(mime, to_addrs=recipients)
  File "C:\envs\atrpt\Lib\smtplib.py", line 975, in send_message
    return self.sendmail(from_addr, to_addrs, flatmsg, mail_options,
           ^^^^^^^^^^^^^^^^^^^^^^^^^^^^^^^^^^^^^^^^^^^^^^^^^^^^^^^^^
  File "C:\envs\atrpt\Lib\smtplib.py", line 897, in sendmail
    raise SMTPDataError(code, resp)
smtplib.SMTPDataError: (550, b'5.2.0 LSSAw4cqZmakWLSSBwuqZT Sending Prohibited (Max RcptTo Daily limit)')
2026-05-08 22:10:18,404 [ERROR] application.email.email_sender - [655/846] ERRO → isabel.o.matos@gmail.com
Traceback (most recent call last):
  File "G:\.shortcut-targets-by-id\1NsBCziGNFjlQ-f8QRcezPsKVP9QzGdp0\APPs\atrpt\application\email\email_sender.py", line 318, in send_batch
    self.smtp.send(mime, recipients)
  File "G:\.shortcut-targets-by-id\1NsBCziGNFjlQ-f8QRcezPsKVP9QzGdp0\APPs\atrpt\infrastructure\email\smtp_client.py", line 108, in send
    self._smtp.send_message(mime, to_addrs=recipients)
  File "C:\envs\atrpt\Lib\smtplib.py", line 975, in send_message
    return self.sendmail(from_addr, to_addrs, flatmsg, mail_options,
           ^^^^^^^^^^^^^^^^^^^^^^^^^^^^^^^^^^^^^^^^^^^^^^^^^^^^^^^^^
  File "C:\envs\atrpt\Lib\smtplib.py", line 897, in sendmail
    raise SMTPDataError(code, resp)
smtplib.SMTPDataError: (550, b'5.2.0 LSSfwsVxaPqNcLSSfwHwRi Sending Prohibited (Max RcptTo Daily limit)')
2026-05-08 22:10:48,125 [ERROR] application.email.email_sender - [657/846] ERRO → antonio.j.ferreira@meo.pt
Traceback (most recent call last):
  File "G:\.shortcut-targets-by-id\1NsBCziGNFjlQ-f8QRcezPsKVP9QzGdp0\APPs\atrpt\application\email\email_sender.py", line 318, in send_batch
    self.smtp.send(mime, recipients)
  File "G:\.shortcut-targets-by-id\1NsBCziGNFjlQ-f8QRcezPsKVP9QzGdp0\APPs\atrpt\infrastructure\email\smtp_client.py", line 108, in send
    self._smtp.send_message(mime, to_addrs=recipients)
  File "C:\envs\atrpt\Lib\smtplib.py", line 975, in send_message
    return self.sendmail(from_addr, to_addrs, flatmsg, mail_options,
           ^^^^^^^^^^^^^^^^^^^^^^^^^^^^^^^^^^^^^^^^^^^^^^^^^^^^^^^^^
  File "C:\envs\atrpt\Lib\smtplib.py", line 897, in sendmail
    raise SMTPDataError(code, resp)
smtplib.SMTPDataError: (550, b'5.2.0 LST8w4dkzmakWLST9wuqi9 Sending Prohibited (Max RcptTo Daily limit)')
2026-05-08 22:11:21,142 [ERROR] application.email.email_sender - [659/846] ERRO → cmmneves@gmail.com
Traceback (most recent call last):
  File "G:\.shortcut-targets-by-id\1NsBCziGNFjlQ-f8QRcezPsKVP9QzGdp0\APPs\atrpt\application\email\email_sender.py", line 318, in send_batch
    self.smtp.send(mime, recipients)
  File "G:\.shortcut-targets-by-id\1NsBCziGNFjlQ-f8QRcezPsKVP9QzGdp0\APPs\atrpt\infrastructure\email\smtp_client.py", line 108, in send
    self._smtp.send_message(mime, to_addrs=recipients)
  File "C:\envs\atrpt\Lib\smtplib.py", line 975, in send_message
    return self.sendmail(from_addr, to_addrs, flatmsg, mail_options,
           ^^^^^^^^^^^^^^^^^^^^^^^^^^^^^^^^^^^^^^^^^^^^^^^^^^^^^^^^^
  File "C:\envs\atrpt\Lib\smtplib.py", line 897, in sendmail
    raise SMTPDataError(code, resp)
smtplib.SMTPDataError: (550, b'5.2.0 LSTfw51lCdK1ELSTgwoVeC Sending Prohibited (Max RcptTo Daily limit)')
2026-05-08 22:11:54,003 [ERROR] application.email.email_sender - [661/846] ERRO → paulocameira@sapo.pt
Traceback (most recent call last):
  File "G:\.shortcut-targets-by-id\1NsBCziGNFjlQ-f8QRcezPsKVP9QzGdp0\APPs\atrpt\application\email\email_sender.py", line 318, in send_batch
    self.smtp.send(mime, recipients)
  File "G:\.shortcut-targets-by-id\1NsBCziGNFjlQ-f8QRcezPsKVP9QzGdp0\APPs\atrpt\infrastructure\email\smtp_client.py", line 108, in send
    self._smtp.send_message(mime, to_addrs=recipients)
  File "C:\envs\atrpt\Lib\smtplib.py", line 975, in send_message
    return self.sendmail(from_addr, to_addrs, flatmsg, mail_options,
           ^^^^^^^^^^^^^^^^^^^^^^^^^^^^^^^^^^^^^^^^^^^^^^^^^^^^^^^^^
  File "C:\envs\atrpt\Lib\smtplib.py", line 897, in sendmail
    raise SMTPDataError(code, resp)
smtplib.SMTPDataError: (550, b'5.2.0 LSUCwsXR3PqNcLSUCwHwck Sending Prohibited (Max RcptTo Daily limit)')
2026-05-08 22:12:39,602 [ERROR] application.email.email_sender - [663/846] ERRO → manuelantonio.pereirasilva@edp.pt
Traceback (most recent call last):
  File "G:\.shortcut-targets-by-id\1NsBCziGNFjlQ-f8QRcezPsKVP9QzGdp0\APPs\atrpt\application\email\email_sender.py", line 318, in send_batch
    self.smtp.send(mime, recipients)
  File "G:\.shortcut-targets-by-id\1NsBCziGNFjlQ-f8QRcezPsKVP9QzGdp0\APPs\atrpt\infrastructure\email\smtp_client.py", line 108, in send
    self._smtp.send_message(mime, to_addrs=recipients)
  File "C:\envs\atrpt\Lib\smtplib.py", line 975, in send_message
    return self.sendmail(from_addr, to_addrs, flatmsg, mail_options,
           ^^^^^^^^^^^^^^^^^^^^^^^^^^^^^^^^^^^^^^^^^^^^^^^^^^^^^^^^^
  File "C:\envs\atrpt\Lib\smtplib.py", line 897, in sendmail
    raise SMTPDataError(code, resp)
smtplib.SMTPDataError: (550, b'5.2.0 LSUtw4fVVmakWLSUtwuqvi Sending Prohibited (Max RcptTo Daily limit)')
2026-05-08 22:13:07,247 [ERROR] application.email.email_sender - [665/846] ERRO → mluizanoliveira@gmail.com
Traceback (most recent call last):
  File "G:\.shortcut-targets-by-id\1NsBCziGNFjlQ-f8QRcezPsKVP9QzGdp0\APPs\atrpt\application\email\email_sender.py", line 318, in send_batch
    self.smtp.send(mime, recipients)
  File "G:\.shortcut-targets-by-id\1NsBCziGNFjlQ-f8QRcezPsKVP9QzGdp0\APPs\atrpt\infrastructure\email\smtp_client.py", line 108, in send
    self._smtp.send_message(mime, to_addrs=recipients)
  File "C:\envs\atrpt\Lib\smtplib.py", line 975, in send_message
    return self.sendmail(from_addr, to_addrs, flatmsg, mail_options,
           ^^^^^^^^^^^^^^^^^^^^^^^^^^^^^^^^^^^^^^^^^^^^^^^^^^^^^^^^^
  File "C:\envs\atrpt\Lib\smtplib.py", line 897, in sendmail
    raise SMTPDataError(code, resp)
smtplib.SMTPDataError: (550, b'5.2.0 LSVMwsYYMPqNcLSVMwHwjm Sending Prohibited (Max RcptTo Daily limit)')
2026-05-08 22:13:42,647 [ERROR] application.email.email_sender - [667/846] ERRO → afrlopes19@gmail.com
Traceback (most recent call last):
  File "G:\.shortcut-targets-by-id\1NsBCziGNFjlQ-f8QRcezPsKVP9QzGdp0\APPs\atrpt\application\email\email_sender.py", line 318, in send_batch
    self.smtp.send(mime, recipients)
  File "G:\.shortcut-targets-by-id\1NsBCziGNFjlQ-f8QRcezPsKVP9QzGdp0\APPs\atrpt\infrastructure\email\smtp_client.py", line 108, in send
    self._smtp.send_message(mime, to_addrs=recipients)
  File "C:\envs\atrpt\Lib\smtplib.py", line 975, in send_message
    return self.sendmail(from_addr, to_addrs, flatmsg, mail_options,
           ^^^^^^^^^^^^^^^^^^^^^^^^^^^^^^^^^^^^^^^^^^^^^^^^^^^^^^^^^
  File "C:\envs\atrpt\Lib\smtplib.py", line 897, in sendmail
    raise SMTPDataError(code, resp)
smtplib.SMTPDataError: (550, b'5.2.0 LSVwwDmusSMHlLSVxwxEHl Sending Prohibited (Max RcptTo Daily limit)')
2026-05-08 22:14:10,297 [ERROR] application.email.email_sender - [669/846] ERRO → m.a.rabbit@hotmail.com
Traceback (most recent call last):
  File "G:\.shortcut-targets-by-id\1NsBCziGNFjlQ-f8QRcezPsKVP9QzGdp0\APPs\atrpt\application\email\email_sender.py", line 318, in send_batch
    self.smtp.send(mime, recipients)
  File "G:\.shortcut-targets-by-id\1NsBCziGNFjlQ-f8QRcezPsKVP9QzGdp0\APPs\atrpt\infrastructure\email\smtp_client.py", line 108, in send
    self._smtp.send_message(mime, to_addrs=recipients)
  File "C:\envs\atrpt\Lib\smtplib.py", line 975, in send_message
    return self.sendmail(from_addr, to_addrs, flatmsg, mail_options,
           ^^^^^^^^^^^^^^^^^^^^^^^^^^^^^^^^^^^^^^^^^^^^^^^^^^^^^^^^^
  File "C:\envs\atrpt\Lib\smtplib.py", line 897, in sendmail
    raise SMTPDataError(code, resp)
smtplib.SMTPDataError: (550, b'5.2.0 LSWOwX2RqUbIPLSWPwe7Tl Sending Prohibited (Max RcptTo Daily limit)')
2026-05-08 22:14:39,950 [ERROR] application.email.email_sender - [671/846] ERRO → jcga52@gmail.com
Traceback (most recent call last):
  File "G:\.shortcut-targets-by-id\1NsBCziGNFjlQ-f8QRcezPsKVP9QzGdp0\APPs\atrpt\application\email\email_sender.py", line 318, in send_batch
    self.smtp.send(mime, recipients)
  File "G:\.shortcut-targets-by-id\1NsBCziGNFjlQ-f8QRcezPsKVP9QzGdp0\APPs\atrpt\infrastructure\email\smtp_client.py", line 108, in send
    self._smtp.send_message(mime, to_addrs=recipients)
  File "C:\envs\atrpt\Lib\smtplib.py", line 975, in send_message
    return self.sendmail(from_addr, to_addrs, flatmsg, mail_options,
           ^^^^^^^^^^^^^^^^^^^^^^^^^^^^^^^^^^^^^^^^^^^^^^^^^^^^^^^^^
  File "C:\envs\atrpt\Lib\smtplib.py", line 897, in sendmail
    raise SMTPDataError(code, resp)
smtplib.SMTPDataError: (550, b'5.2.0 LSWswsa8lPqNcLSWswHwsd Sending Prohibited (Max RcptTo Daily limit)')
2026-05-08 22:15:14,496 [ERROR] application.email.email_sender - [673/846] ERRO → negilvaia@gmail.com
Traceback (most recent call last):
  File "G:\.shortcut-targets-by-id\1NsBCziGNFjlQ-f8QRcezPsKVP9QzGdp0\APPs\atrpt\application\email\email_sender.py", line 318, in send_batch
    self.smtp.send(mime, recipients)
  File "G:\.shortcut-targets-by-id\1NsBCziGNFjlQ-f8QRcezPsKVP9QzGdp0\APPs\atrpt\infrastructure\email\smtp_client.py", line 108, in send
    self._smtp.send_message(mime, to_addrs=recipients)
  File "C:\envs\atrpt\Lib\smtplib.py", line 975, in send_message
    return self.sendmail(from_addr, to_addrs, flatmsg, mail_options,
           ^^^^^^^^^^^^^^^^^^^^^^^^^^^^^^^^^^^^^^^^^^^^^^^^^^^^^^^^^
  File "C:\envs\atrpt\Lib\smtplib.py", line 897, in sendmail
    raise SMTPDataError(code, resp)
smtplib.SMTPDataError: (550, b'5.2.0 LSXRwsajAPqNcLSXRwHwwR Sending Prohibited (Max RcptTo Daily limit)')
2026-05-08 22:15:50,825 [ERROR] application.email.email_sender - [675/846] ERRO → cletus@sapo.pt
Traceback (most recent call last):
  File "G:\.shortcut-targets-by-id\1NsBCziGNFjlQ-f8QRcezPsKVP9QzGdp0\APPs\atrpt\application\email\email_sender.py", line 318, in send_batch
    self.smtp.send(mime, recipients)
  File "G:\.shortcut-targets-by-id\1NsBCziGNFjlQ-f8QRcezPsKVP9QzGdp0\APPs\atrpt\infrastructure\email\smtp_client.py", line 108, in send
    self._smtp.send_message(mime, to_addrs=recipients)
  File "C:\envs\atrpt\Lib\smtplib.py", line 975, in send_message
    return self.sendmail(from_addr, to_addrs, flatmsg, mail_options,
           ^^^^^^^^^^^^^^^^^^^^^^^^^^^^^^^^^^^^^^^^^^^^^^^^^^^^^^^^^
  File "C:\envs\atrpt\Lib\smtplib.py", line 897, in sendmail
    raise SMTPDataError(code, resp)
smtplib.SMTPDataError: (550, b'5.2.0 LSY1wDoweSMHlLSY1wxEXR Sending Prohibited (Max RcptTo Daily limit)')
2026-05-08 22:16:35,795 [ERROR] application.email.email_sender - [677/846] ERRO → joao.s.moura@sapo.pt
Traceback (most recent call last):
  File "G:\.shortcut-targets-by-id\1NsBCziGNFjlQ-f8QRcezPsKVP9QzGdp0\APPs\atrpt\application\email\email_sender.py", line 318, in send_batch
    self.smtp.send(mime, recipients)
  File "G:\.shortcut-targets-by-id\1NsBCziGNFjlQ-f8QRcezPsKVP9QzGdp0\APPs\atrpt\infrastructure\email\smtp_client.py", line 108, in send
    self._smtp.send_message(mime, to_addrs=recipients)
  File "C:\envs\atrpt\Lib\smtplib.py", line 975, in send_message
    return self.sendmail(from_addr, to_addrs, flatmsg, mail_options,
           ^^^^^^^^^^^^^^^^^^^^^^^^^^^^^^^^^^^^^^^^^^^^^^^^^^^^^^^^^
  File "C:\envs\atrpt\Lib\smtplib.py", line 897, in sendmail
    raise SMTPDataError(code, resp)
smtplib.SMTPDataError: (550, b'5.2.0 LSYkwX4lRUbIPLSYkwe7k5 Sending Prohibited (Max RcptTo Daily limit)')
2026-05-08 22:17:19,983 [ERROR] application.email.email_sender - [679/846] ERRO → virginia72guerra@gmail.com
Traceback (most recent call last):
  File "G:\.shortcut-targets-by-id\1NsBCziGNFjlQ-f8QRcezPsKVP9QzGdp0\APPs\atrpt\application\email\email_sender.py", line 318, in send_batch
    self.smtp.send(mime, recipients)
  File "G:\.shortcut-targets-by-id\1NsBCziGNFjlQ-f8QRcezPsKVP9QzGdp0\APPs\atrpt\infrastructure\email\smtp_client.py", line 108, in send
    self._smtp.send_message(mime, to_addrs=recipients)
  File "C:\envs\atrpt\Lib\smtplib.py", line 975, in send_message
    return self.sendmail(from_addr, to_addrs, flatmsg, mail_options,
           ^^^^^^^^^^^^^^^^^^^^^^^^^^^^^^^^^^^^^^^^^^^^^^^^^^^^^^^^^
  File "C:\envs\atrpt\Lib\smtplib.py", line 897, in sendmail
    raise SMTPDataError(code, resp)
smtplib.SMTPDataError: (550, b'5.2.0 LSZSwovRIoBA4LSZTwgvFa Sending Prohibited (Max RcptTo Daily limit)')
2026-05-08 22:17:58,339 [ERROR] application.email.email_sender - [681/846] ERRO → hermanolandrade@gmail.com
Traceback (most recent call last):
  File "G:\.shortcut-targets-by-id\1NsBCziGNFjlQ-f8QRcezPsKVP9QzGdp0\APPs\atrpt\application\email\email_sender.py", line 318, in send_batch
    self.smtp.send(mime, recipients)
  File "G:\.shortcut-targets-by-id\1NsBCziGNFjlQ-f8QRcezPsKVP9QzGdp0\APPs\atrpt\infrastructure\email\smtp_client.py", line 108, in send
    self._smtp.send_message(mime, to_addrs=recipients)
  File "C:\envs\atrpt\Lib\smtplib.py", line 975, in send_message
    return self.sendmail(from_addr, to_addrs, flatmsg, mail_options,
           ^^^^^^^^^^^^^^^^^^^^^^^^^^^^^^^^^^^^^^^^^^^^^^^^^^^^^^^^^
  File "C:\envs\atrpt\Lib\smtplib.py", line 897, in sendmail
    raise SMTPDataError(code, resp)
smtplib.SMTPDataError: (550, b'5.2.0 LSa5wDqvLSMHlLSa5wxEkO Sending Prohibited (Max RcptTo Daily limit)')
2026-05-08 22:18:36,876 [ERROR] application.email.email_sender - [683/846] ERRO → cristina.m.soares@meo.pt
Traceback (most recent call last):
  File "G:\.shortcut-targets-by-id\1NsBCziGNFjlQ-f8QRcezPsKVP9QzGdp0\APPs\atrpt\application\email\email_sender.py", line 318, in send_batch
    self.smtp.send(mime, recipients)
  File "G:\.shortcut-targets-by-id\1NsBCziGNFjlQ-f8QRcezPsKVP9QzGdp0\APPs\atrpt\infrastructure\email\smtp_client.py", line 108, in send
    self._smtp.send_message(mime, to_addrs=recipients)
  File "C:\envs\atrpt\Lib\smtplib.py", line 975, in send_message
    return self.sendmail(from_addr, to_addrs, flatmsg, mail_options,
           ^^^^^^^^^^^^^^^^^^^^^^^^^^^^^^^^^^^^^^^^^^^^^^^^^^^^^^^^^
  File "C:\envs\atrpt\Lib\smtplib.py", line 897, in sendmail
    raise SMTPDataError(code, resp)
smtplib.SMTPDataError: (550, b'5.2.0 LSahwX6XBUbIPLSaiwe7tM Sending Prohibited (Max RcptTo Daily limit)')
2026-05-08 22:19:05,324 [ERROR] application.email.email_sender - [685/846] ERRO → ana.stanislau@mail.telepac.pt
Traceback (most recent call last):
  File "G:\.shortcut-targets-by-id\1NsBCziGNFjlQ-f8QRcezPsKVP9QzGdp0\APPs\atrpt\application\email\email_sender.py", line 318, in send_batch
    self.smtp.send(mime, recipients)
  File "G:\.shortcut-targets-by-id\1NsBCziGNFjlQ-f8QRcezPsKVP9QzGdp0\APPs\atrpt\infrastructure\email\smtp_client.py", line 108, in send
    self._smtp.send_message(mime, to_addrs=recipients)
  File "C:\envs\atrpt\Lib\smtplib.py", line 975, in send_message
    return self.sendmail(from_addr, to_addrs, flatmsg, mail_options,
           ^^^^^^^^^^^^^^^^^^^^^^^^^^^^^^^^^^^^^^^^^^^^^^^^^^^^^^^^^
  File "C:\envs\atrpt\Lib\smtplib.py", line 897, in sendmail
    raise SMTPDataError(code, resp)
smtplib.SMTPDataError: (550, b'5.2.0 LSb9w58tBdK1ELSbAwoWJT Sending Prohibited (Max RcptTo Daily limit)')
2026-05-08 22:19:38,612 [ERROR] application.email.email_sender - [687/846] ERRO → patricianogueira27@gmail.com
Traceback (most recent call last):
  File "G:\.shortcut-targets-by-id\1NsBCziGNFjlQ-f8QRcezPsKVP9QzGdp0\APPs\atrpt\application\email\email_sender.py", line 318, in send_batch
    self.smtp.send(mime, recipients)
  File "G:\.shortcut-targets-by-id\1NsBCziGNFjlQ-f8QRcezPsKVP9QzGdp0\APPs\atrpt\infrastructure\email\smtp_client.py", line 108, in send
    self._smtp.send_message(mime, to_addrs=recipients)
  File "C:\envs\atrpt\Lib\smtplib.py", line 975, in send_message
    return self.sendmail(from_addr, to_addrs, flatmsg, mail_options,
           ^^^^^^^^^^^^^^^^^^^^^^^^^^^^^^^^^^^^^^^^^^^^^^^^^^^^^^^^^
  File "C:\envs\atrpt\Lib\smtplib.py", line 897, in sendmail
    raise SMTPDataError(code, resp)
smtplib.SMTPDataError: (550, b'5.2.0 LSbhwX7WyUbIPLSbhwe7zl Sending Prohibited (Max RcptTo Daily limit)')
2026-05-08 22:20:16,152 [ERROR] application.email.email_sender - [689/846] ERRO → mteteps@gmail.com
Traceback (most recent call last):
  File "G:\.shortcut-targets-by-id\1NsBCziGNFjlQ-f8QRcezPsKVP9QzGdp0\APPs\atrpt\application\email\email_sender.py", line 318, in send_batch
    self.smtp.send(mime, recipients)
  File "G:\.shortcut-targets-by-id\1NsBCziGNFjlQ-f8QRcezPsKVP9QzGdp0\APPs\atrpt\infrastructure\email\smtp_client.py", line 108, in send
    self._smtp.send_message(mime, to_addrs=recipients)
  File "C:\envs\atrpt\Lib\smtplib.py", line 975, in send_message
    return self.sendmail(from_addr, to_addrs, flatmsg, mail_options,
           ^^^^^^^^^^^^^^^^^^^^^^^^^^^^^^^^^^^^^^^^^^^^^^^^^^^^^^^^^
  File "C:\envs\atrpt\Lib\smtplib.py", line 897, in sendmail
    raise SMTPDataError(code, resp)
smtplib.SMTPDataError: (550, b'5.2.0 LScIwX85lUbIPLScIwe83U Sending Prohibited (Max RcptTo Daily limit)')
2026-05-08 22:20:57,916 [ERROR] application.email.email_sender - [691/846] ERRO → alberto.gomes@outlook.com
Traceback (most recent call last):
  File "G:\.shortcut-targets-by-id\1NsBCziGNFjlQ-f8QRcezPsKVP9QzGdp0\APPs\atrpt\application\email\email_sender.py", line 318, in send_batch
    self.smtp.send(mime, recipients)
  File "G:\.shortcut-targets-by-id\1NsBCziGNFjlQ-f8QRcezPsKVP9QzGdp0\APPs\atrpt\infrastructure\email\smtp_client.py", line 108, in send
    self._smtp.send_message(mime, to_addrs=recipients)
  File "C:\envs\atrpt\Lib\smtplib.py", line 975, in send_message
    return self.sendmail(from_addr, to_addrs, flatmsg, mail_options,
           ^^^^^^^^^^^^^^^^^^^^^^^^^^^^^^^^^^^^^^^^^^^^^^^^^^^^^^^^^
  File "C:\envs\atrpt\Lib\smtplib.py", line 897, in sendmail
    raise SMTPDataError(code, resp)
smtplib.SMTPDataError: (550, b'5.2.0 LScywX8j7UbIPLScywe87B Sending Prohibited (Max RcptTo Daily limit)')
2026-05-08 22:21:25,808 [ERROR] application.email.email_sender - [693/846] ERRO → maltav@mail.telepac.pt
Traceback (most recent call last):
  File "G:\.shortcut-targets-by-id\1NsBCziGNFjlQ-f8QRcezPsKVP9QzGdp0\APPs\atrpt\application\email\email_sender.py", line 318, in send_batch
    self.smtp.send(mime, recipients)
  File "G:\.shortcut-targets-by-id\1NsBCziGNFjlQ-f8QRcezPsKVP9QzGdp0\APPs\atrpt\infrastructure\email\smtp_client.py", line 108, in send
    self._smtp.send_message(mime, to_addrs=recipients)
  File "C:\envs\atrpt\Lib\smtplib.py", line 975, in send_message
    return self.sendmail(from_addr, to_addrs, flatmsg, mail_options,
           ^^^^^^^^^^^^^^^^^^^^^^^^^^^^^^^^^^^^^^^^^^^^^^^^^^^^^^^^^
  File "C:\envs\atrpt\Lib\smtplib.py", line 897, in sendmail
    raise SMTPDataError(code, resp)
smtplib.SMTPDataError: (550, b'5.2.0 LSdQw4nfzmakWLSdRwurkP Sending Prohibited (Max RcptTo Daily limit)')
2026-05-08 22:22:04,188 [ERROR] application.email.email_sender - [695/846] ERRO → mariafernandasalvaterra@gmail.com
Traceback (most recent call last):
  File "G:\.shortcut-targets-by-id\1NsBCziGNFjlQ-f8QRcezPsKVP9QzGdp0\APPs\atrpt\application\email\email_sender.py", line 318, in send_batch
    self.smtp.send(mime, recipients)
  File "G:\.shortcut-targets-by-id\1NsBCziGNFjlQ-f8QRcezPsKVP9QzGdp0\APPs\atrpt\infrastructure\email\smtp_client.py", line 108, in send
    self._smtp.send_message(mime, to_addrs=recipients)
  File "C:\envs\atrpt\Lib\smtplib.py", line 975, in send_message
    return self.sendmail(from_addr, to_addrs, flatmsg, mail_options,
           ^^^^^^^^^^^^^^^^^^^^^^^^^^^^^^^^^^^^^^^^^^^^^^^^^^^^^^^^^
  File "C:\envs\atrpt\Lib\smtplib.py", line 897, in sendmail
    raise SMTPDataError(code, resp)
smtplib.SMTPDataError: (550, b'5.2.0 LSe3w4oHJmakWLSe3wurnZ Sending Prohibited (Max RcptTo Daily limit)')
2026-05-08 22:22:34,917 [ERROR] application.email.email_sender - [697/846] ERRO → downlord@sapo.pt
Traceback (most recent call last):
  File "G:\.shortcut-targets-by-id\1NsBCziGNFjlQ-f8QRcezPsKVP9QzGdp0\APPs\atrpt\application\email\email_sender.py", line 318, in send_batch
    self.smtp.send(mime, recipients)
  File "G:\.shortcut-targets-by-id\1NsBCziGNFjlQ-f8QRcezPsKVP9QzGdp0\APPs\atrpt\infrastructure\email\smtp_client.py", line 108, in send
    self._smtp.send_message(mime, to_addrs=recipients)
  File "C:\envs\atrpt\Lib\smtplib.py", line 975, in send_message
    return self.sendmail(from_addr, to_addrs, flatmsg, mail_options,
           ^^^^^^^^^^^^^^^^^^^^^^^^^^^^^^^^^^^^^^^^^^^^^^^^^^^^^^^^^
  File "C:\envs\atrpt\Lib\smtplib.py", line 897, in sendmail
    raise SMTPDataError(code, resp)
smtplib.SMTPDataError: (550, b'5.2.0 LSeXwDvO2SMHlLSeXwxF90 Sending Prohibited (Max RcptTo Daily limit)')
2026-05-08 22:23:01,239 [ERROR] application.email.email_sender - [699/846] ERRO → vandasimoesmoreira@gmail.com
Traceback (most recent call last):
  File "G:\.shortcut-targets-by-id\1NsBCziGNFjlQ-f8QRcezPsKVP9QzGdp0\APPs\atrpt\application\email\email_sender.py", line 318, in send_batch
    self.smtp.send(mime, recipients)
  File "G:\.shortcut-targets-by-id\1NsBCziGNFjlQ-f8QRcezPsKVP9QzGdp0\APPs\atrpt\infrastructure\email\smtp_client.py", line 108, in send
    self._smtp.send_message(mime, to_addrs=recipients)
  File "C:\envs\atrpt\Lib\smtplib.py", line 975, in send_message
    return self.sendmail(from_addr, to_addrs, flatmsg, mail_options,
           ^^^^^^^^^^^^^^^^^^^^^^^^^^^^^^^^^^^^^^^^^^^^^^^^^^^^^^^^^
  File "C:\envs\atrpt\Lib\smtplib.py", line 897, in sendmail
    raise SMTPDataError(code, resp)
smtplib.SMTPDataError: (550, b'5.2.0 LSexwshpLPqNcLSeywHxcS Sending Prohibited (Max RcptTo Daily limit)')
2026-05-08 22:25:21,328 [ERROR] application.email.email_sender - [701/846] ERRO → esteves.mario@sapo.pt
Traceback (most recent call last):
  File "G:\.shortcut-targets-by-id\1NsBCziGNFjlQ-f8QRcezPsKVP9QzGdp0\APPs\atrpt\application\email\email_sender.py", line 318, in send_batch
    self.smtp.send(mime, recipients)
  File "G:\.shortcut-targets-by-id\1NsBCziGNFjlQ-f8QRcezPsKVP9QzGdp0\APPs\atrpt\infrastructure\email\smtp_client.py", line 108, in send
    self._smtp.send_message(mime, to_addrs=recipients)
  File "C:\envs\atrpt\Lib\smtplib.py", line 975, in send_message
    return self.sendmail(from_addr, to_addrs, flatmsg, mail_options,
           ^^^^^^^^^^^^^^^^^^^^^^^^^^^^^^^^^^^^^^^^^^^^^^^^^^^^^^^^^
  File "C:\envs\atrpt\Lib\smtplib.py", line 897, in sendmail
    raise SMTPDataError(code, resp)
smtplib.SMTPDataError: (550, b'5.2.0 LShEwp30WoBA4LShEwgvvk Sending Prohibited (Max RcptTo Daily limit)')
2026-05-08 22:26:05,889 [ERROR] application.email.email_sender - [703/846] ERRO → jorgenunodeazevedo@gmail.com
Traceback (most recent call last):
  File "G:\.shortcut-targets-by-id\1NsBCziGNFjlQ-f8QRcezPsKVP9QzGdp0\APPs\atrpt\application\email\email_sender.py", line 318, in send_batch
    self.smtp.send(mime, recipients)
  File "G:\.shortcut-targets-by-id\1NsBCziGNFjlQ-f8QRcezPsKVP9QzGdp0\APPs\atrpt\infrastructure\email\smtp_client.py", line 108, in send
    self._smtp.send_message(mime, to_addrs=recipients)
  File "C:\envs\atrpt\Lib\smtplib.py", line 975, in send_message
    return self.sendmail(from_addr, to_addrs, flatmsg, mail_options,
           ^^^^^^^^^^^^^^^^^^^^^^^^^^^^^^^^^^^^^^^^^^^^^^^^^^^^^^^^^
  File "C:\envs\atrpt\Lib\smtplib.py", line 897, in sendmail
    raise SMTPDataError(code, resp)
smtplib.SMTPDataError: (550, b'5.2.0 LShwwDyv8SMHlLShwwxFRj Sending Prohibited (Max RcptTo Daily limit)')
2026-05-08 22:26:36,042 [ERROR] application.email.email_sender - [705/846] ERRO → jfirmino@sapo.pt
Traceback (most recent call last):
  File "G:\.shortcut-targets-by-id\1NsBCziGNFjlQ-f8QRcezPsKVP9QzGdp0\APPs\atrpt\application\email\email_sender.py", line 318, in send_batch
    self.smtp.send(mime, recipients)
  File "G:\.shortcut-targets-by-id\1NsBCziGNFjlQ-f8QRcezPsKVP9QzGdp0\APPs\atrpt\infrastructure\email\smtp_client.py", line 108, in send
    self._smtp.send_message(mime, to_addrs=recipients)
  File "C:\envs\atrpt\Lib\smtplib.py", line 975, in send_message
    return self.sendmail(from_addr, to_addrs, flatmsg, mail_options,
           ^^^^^^^^^^^^^^^^^^^^^^^^^^^^^^^^^^^^^^^^^^^^^^^^^^^^^^^^^
  File "C:\envs\atrpt\Lib\smtplib.py", line 897, in sendmail
    raise SMTPDataError(code, resp)
smtplib.SMTPDataError: (550, b'5.2.0 LSiQw5GW4dK1ELSiRwoWxM Sending Prohibited (Max RcptTo Daily limit)')
2026-05-08 22:27:17,150 [ERROR] application.email.email_sender - [707/846] ERRO → paula72moreira@gmail.com
Traceback (most recent call last):
  File "G:\.shortcut-targets-by-id\1NsBCziGNFjlQ-f8QRcezPsKVP9QzGdp0\APPs\atrpt\application\email\email_sender.py", line 318, in send_batch
    self.smtp.send(mime, recipients)
  File "G:\.shortcut-targets-by-id\1NsBCziGNFjlQ-f8QRcezPsKVP9QzGdp0\APPs\atrpt\infrastructure\email\smtp_client.py", line 108, in send
    self._smtp.send_message(mime, to_addrs=recipients)
  File "C:\envs\atrpt\Lib\smtplib.py", line 975, in send_message
    return self.sendmail(from_addr, to_addrs, flatmsg, mail_options,
           ^^^^^^^^^^^^^^^^^^^^^^^^^^^^^^^^^^^^^^^^^^^^^^^^^^^^^^^^^
  File "C:\envs\atrpt\Lib\smtplib.py", line 897, in sendmail
    raise SMTPDataError(code, resp)
smtplib.SMTPDataError: (550, b'5.2.0 LSj5w4taemakWLSj5wusE4 Sending Prohibited (Max RcptTo Daily limit)')
2026-05-08 22:27:54,154 [ERROR] application.email.email_sender - [709/846] ERRO → idorindorocha@gmail.com
Traceback (most recent call last):
  File "G:\.shortcut-targets-by-id\1NsBCziGNFjlQ-f8QRcezPsKVP9QzGdp0\APPs\atrpt\application\email\email_sender.py", line 318, in send_batch
    self.smtp.send(mime, recipients)
  File "G:\.shortcut-targets-by-id\1NsBCziGNFjlQ-f8QRcezPsKVP9QzGdp0\APPs\atrpt\infrastructure\email\smtp_client.py", line 108, in send
    self._smtp.send_message(mime, to_addrs=recipients)
  File "C:\envs\atrpt\Lib\smtplib.py", line 975, in send_message
    return self.sendmail(from_addr, to_addrs, flatmsg, mail_options,
           ^^^^^^^^^^^^^^^^^^^^^^^^^^^^^^^^^^^^^^^^^^^^^^^^^^^^^^^^^
  File "C:\envs\atrpt\Lib\smtplib.py", line 897, in sendmail
    raise SMTPDataError(code, resp)
smtplib.SMTPDataError: (550, b'5.2.0 LSjhwp5WLoBA4LSjhwgw8A Sending Prohibited (Max RcptTo Daily limit)')
2026-05-08 22:28:24,350 [ERROR] application.email.email_sender - [711/846] ERRO → auroragsoares@gmail.com
Traceback (most recent call last):
  File "G:\.shortcut-targets-by-id\1NsBCziGNFjlQ-f8QRcezPsKVP9QzGdp0\APPs\atrpt\application\email\email_sender.py", line 318, in send_batch
    self.smtp.send(mime, recipients)
  File "G:\.shortcut-targets-by-id\1NsBCziGNFjlQ-f8QRcezPsKVP9QzGdp0\APPs\atrpt\infrastructure\email\smtp_client.py", line 108, in send
    self._smtp.send_message(mime, to_addrs=recipients)
  File "C:\envs\atrpt\Lib\smtplib.py", line 975, in send_message
    return self.sendmail(from_addr, to_addrs, flatmsg, mail_options,
           ^^^^^^^^^^^^^^^^^^^^^^^^^^^^^^^^^^^^^^^^^^^^^^^^^^^^^^^^^
  File "C:\envs\atrpt\Lib\smtplib.py", line 897, in sendmail
    raise SMTPDataError(code, resp)
smtplib.SMTPDataError: (550, b'5.2.0 LSkBwXG4BUbIPLSkBwe8j1 Sending Prohibited (Max RcptTo Daily limit)')
2026-05-08 22:29:03,980 [ERROR] application.email.email_sender - [713/846] ERRO → frbarbosa@sapo.pt
Traceback (most recent call last):
  File "G:\.shortcut-targets-by-id\1NsBCziGNFjlQ-f8QRcezPsKVP9QzGdp0\APPs\atrpt\application\email\email_sender.py", line 318, in send_batch
    self.smtp.send(mime, recipients)
  File "G:\.shortcut-targets-by-id\1NsBCziGNFjlQ-f8QRcezPsKVP9QzGdp0\APPs\atrpt\infrastructure\email\smtp_client.py", line 108, in send
    self._smtp.send_message(mime, to_addrs=recipients)
  File "C:\envs\atrpt\Lib\smtplib.py", line 975, in send_message
    return self.sendmail(from_addr, to_addrs, flatmsg, mail_options,
           ^^^^^^^^^^^^^^^^^^^^^^^^^^^^^^^^^^^^^^^^^^^^^^^^^^^^^^^^^
  File "C:\envs\atrpt\Lib\smtplib.py", line 897, in sendmail
    raise SMTPDataError(code, resp)
smtplib.SMTPDataError: (550, b'5.2.0 LSkjwE1iFSMHlLSkjwxFgD Sending Prohibited (Max RcptTo Daily limit)')
2026-05-08 22:29:44,060 [ERROR] application.email.email_sender - [715/846] ERRO → fjandrade@sapo.pt
Traceback (most recent call last):
  File "G:\.shortcut-targets-by-id\1NsBCziGNFjlQ-f8QRcezPsKVP9QzGdp0\APPs\atrpt\application\email\email_sender.py", line 318, in send_batch
    self.smtp.send(mime, recipients)
  File "G:\.shortcut-targets-by-id\1NsBCziGNFjlQ-f8QRcezPsKVP9QzGdp0\APPs\atrpt\infrastructure\email\smtp_client.py", line 108, in send
    self._smtp.send_message(mime, to_addrs=recipients)
  File "C:\envs\atrpt\Lib\smtplib.py", line 975, in send_message
    return self.sendmail(from_addr, to_addrs, flatmsg, mail_options,
           ^^^^^^^^^^^^^^^^^^^^^^^^^^^^^^^^^^^^^^^^^^^^^^^^^^^^^^^^^
  File "C:\envs\atrpt\Lib\smtplib.py", line 897, in sendmail
    raise SMTPDataError(code, resp)
smtplib.SMTPDataError: (550, b'5.2.0 LSlSwXHPsUbIPLSlTwe8q0 Sending Prohibited (Max RcptTo Daily limit)')
2026-05-08 22:30:11,536 [ERROR] application.email.email_sender - [717/846] ERRO → selma-m-loureiro@sapo.pt
Traceback (most recent call last):
  File "G:\.shortcut-targets-by-id\1NsBCziGNFjlQ-f8QRcezPsKVP9QzGdp0\APPs\atrpt\application\email\email_sender.py", line 318, in send_batch
    self.smtp.send(mime, recipients)
  File "G:\.shortcut-targets-by-id\1NsBCziGNFjlQ-f8QRcezPsKVP9QzGdp0\APPs\atrpt\infrastructure\email\smtp_client.py", line 108, in send
    self._smtp.send_message(mime, to_addrs=recipients)
  File "C:\envs\atrpt\Lib\smtplib.py", line 975, in send_message
    return self.sendmail(from_addr, to_addrs, flatmsg, mail_options,
           ^^^^^^^^^^^^^^^^^^^^^^^^^^^^^^^^^^^^^^^^^^^^^^^^^^^^^^^^^
  File "C:\envs\atrpt\Lib\smtplib.py", line 897, in sendmail
    raise SMTPDataError(code, resp)
smtplib.SMTPDataError: (550, b'5.2.0 LSluwspIXPqNcLSluwHyHc Sending Prohibited (Max RcptTo Daily limit)')
2026-05-08 22:30:42,661 [ERROR] application.email.email_sender - [719/846] ERRO → cristina.c.rodrigues.cr@gmail.com
Traceback (most recent call last):
  File "G:\.shortcut-targets-by-id\1NsBCziGNFjlQ-f8QRcezPsKVP9QzGdp0\APPs\atrpt\application\email\email_sender.py", line 318, in send_batch
    self.smtp.send(mime, recipients)
  File "G:\.shortcut-targets-by-id\1NsBCziGNFjlQ-f8QRcezPsKVP9QzGdp0\APPs\atrpt\infrastructure\email\smtp_client.py", line 108, in send
    self._smtp.send_message(mime, to_addrs=recipients)
  File "C:\envs\atrpt\Lib\smtplib.py", line 975, in send_message
    return self.sendmail(from_addr, to_addrs, flatmsg, mail_options,
           ^^^^^^^^^^^^^^^^^^^^^^^^^^^^^^^^^^^^^^^^^^^^^^^^^^^^^^^^^
  File "C:\envs\atrpt\Lib\smtplib.py", line 897, in sendmail
    raise SMTPDataError(code, resp)
smtplib.SMTPDataError: (550, b'5.2.0 LSmPwXINCUbIPLSmPwe8ye Sending Prohibited (Max RcptTo Daily limit)')
2026-05-08 22:31:15,876 [ERROR] application.email.email_sender - [721/846] ERRO → josemariaaraujo@gmail.com
Traceback (most recent call last):
  File "G:\.shortcut-targets-by-id\1NsBCziGNFjlQ-f8QRcezPsKVP9QzGdp0\APPs\atrpt\application\email\email_sender.py", line 318, in send_batch
    self.smtp.send(mime, recipients)
  File "G:\.shortcut-targets-by-id\1NsBCziGNFjlQ-f8QRcezPsKVP9QzGdp0\APPs\atrpt\infrastructure\email\smtp_client.py", line 108, in send
    self._smtp.send_message(mime, to_addrs=recipients)
  File "C:\envs\atrpt\Lib\smtplib.py", line 975, in send_message
    return self.sendmail(from_addr, to_addrs, flatmsg, mail_options,
           ^^^^^^^^^^^^^^^^^^^^^^^^^^^^^^^^^^^^^^^^^^^^^^^^^^^^^^^^^
  File "C:\envs\atrpt\Lib\smtplib.py", line 897, in sendmail
    raise SMTPDataError(code, resp)
smtplib.SMTPDataError: (550, b'5.2.0 LSmww5L3VdK1ELSmxwoXOk Sending Prohibited (Max RcptTo Daily limit)')
2026-05-08 22:31:48,242 [ERROR] application.email.email_sender - [723/846] ERRO → fatima.barbedo@gmail.com
Traceback (most recent call last):
  File "G:\.shortcut-targets-by-id\1NsBCziGNFjlQ-f8QRcezPsKVP9QzGdp0\APPs\atrpt\application\email\email_sender.py", line 318, in send_batch
    self.smtp.send(mime, recipients)
  File "G:\.shortcut-targets-by-id\1NsBCziGNFjlQ-f8QRcezPsKVP9QzGdp0\APPs\atrpt\infrastructure\email\smtp_client.py", line 108, in send
    self._smtp.send_message(mime, to_addrs=recipients)
  File "C:\envs\atrpt\Lib\smtplib.py", line 975, in send_message
    return self.sendmail(from_addr, to_addrs, flatmsg, mail_options,
           ^^^^^^^^^^^^^^^^^^^^^^^^^^^^^^^^^^^^^^^^^^^^^^^^^^^^^^^^^
  File "C:\envs\atrpt\Lib\smtplib.py", line 897, in sendmail
    raise SMTPDataError(code, resp)
smtplib.SMTPDataError: (550, b'5.2.0 LSnSwp9Q9oBA4LSnTwgwW0 Sending Prohibited (Max RcptTo Daily limit)')
2026-05-08 22:32:20,909 [ERROR] application.email.email_sender - [725/846] ERRO → brandariz.ana@gmail.com
Traceback (most recent call last):
  File "G:\.shortcut-targets-by-id\1NsBCziGNFjlQ-f8QRcezPsKVP9QzGdp0\APPs\atrpt\application\email\email_sender.py", line 318, in send_batch
    self.smtp.send(mime, recipients)
  File "G:\.shortcut-targets-by-id\1NsBCziGNFjlQ-f8QRcezPsKVP9QzGdp0\APPs\atrpt\infrastructure\email\smtp_client.py", line 108, in send
    self._smtp.send_message(mime, to_addrs=recipients)
  File "C:\envs\atrpt\Lib\smtplib.py", line 975, in send_message
    return self.sendmail(from_addr, to_addrs, flatmsg, mail_options,
           ^^^^^^^^^^^^^^^^^^^^^^^^^^^^^^^^^^^^^^^^^^^^^^^^^^^^^^^^^
  File "C:\envs\atrpt\Lib\smtplib.py", line 897, in sendmail
    raise SMTPDataError(code, resp)
smtplib.SMTPDataError: (550, b'5.2.0 LSnywp9uooBA4LSnzwgwYb Sending Prohibited (Max RcptTo Daily limit)')
2026-05-08 22:32:54,864 [ERROR] application.email.email_sender - [727/846] ERRO → luisa.ramalhinho@sapo.pt
Traceback (most recent call last):
  File "G:\.shortcut-targets-by-id\1NsBCziGNFjlQ-f8QRcezPsKVP9QzGdp0\APPs\atrpt\application\email\email_sender.py", line 318, in send_batch
    self.smtp.send(mime, recipients)
  File "G:\.shortcut-targets-by-id\1NsBCziGNFjlQ-f8QRcezPsKVP9QzGdp0\APPs\atrpt\infrastructure\email\smtp_client.py", line 108, in send
    self._smtp.send_message(mime, to_addrs=recipients)
  File "C:\envs\atrpt\Lib\smtplib.py", line 975, in send_message
    return self.sendmail(from_addr, to_addrs, flatmsg, mail_options,
           ^^^^^^^^^^^^^^^^^^^^^^^^^^^^^^^^^^^^^^^^^^^^^^^^^^^^^^^^^
  File "C:\envs\atrpt\Lib\smtplib.py", line 897, in sendmail
    raise SMTPDataError(code, resp)
smtplib.SMTPDataError: (550, b'5.2.0 LSoWwpATboBA4LSoWwgwbg Sending Prohibited (Max RcptTo Daily limit)')
2026-05-08 22:33:36,479 [ERROR] application.email.email_sender - [729/846] ERRO → pedro.d.sampaio@sapo.pt
Traceback (most recent call last):
  File "G:\.shortcut-targets-by-id\1NsBCziGNFjlQ-f8QRcezPsKVP9QzGdp0\APPs\atrpt\application\email\email_sender.py", line 318, in send_batch
    self.smtp.send(mime, recipients)
  File "G:\.shortcut-targets-by-id\1NsBCziGNFjlQ-f8QRcezPsKVP9QzGdp0\APPs\atrpt\infrastructure\email\smtp_client.py", line 108, in send
    self._smtp.send_message(mime, to_addrs=recipients)
  File "C:\envs\atrpt\Lib\smtplib.py", line 975, in send_message
    return self.sendmail(from_addr, to_addrs, flatmsg, mail_options,
           ^^^^^^^^^^^^^^^^^^^^^^^^^^^^^^^^^^^^^^^^^^^^^^^^^^^^^^^^^
  File "C:\envs\atrpt\Lib\smtplib.py", line 897, in sendmail
    raise SMTPDataError(code, resp)
smtplib.SMTPDataError: (550, b'5.2.0 LSpDw4zFOmakWLSpDwusmi Sending Prohibited (Max RcptTo Daily limit)')
2026-05-08 22:34:08,306 [ERROR] application.email.email_sender - [731/846] ERRO → josepinho.pinho@gmail.com
Traceback (most recent call last):
  File "G:\.shortcut-targets-by-id\1NsBCziGNFjlQ-f8QRcezPsKVP9QzGdp0\APPs\atrpt\application\email\email_sender.py", line 318, in send_batch
    self.smtp.send(mime, recipients)
  File "G:\.shortcut-targets-by-id\1NsBCziGNFjlQ-f8QRcezPsKVP9QzGdp0\APPs\atrpt\infrastructure\email\smtp_client.py", line 108, in send
    self._smtp.send_message(mime, to_addrs=recipients)
  File "C:\envs\atrpt\Lib\smtplib.py", line 975, in send_message
    return self.sendmail(from_addr, to_addrs, flatmsg, mail_options,
           ^^^^^^^^^^^^^^^^^^^^^^^^^^^^^^^^^^^^^^^^^^^^^^^^^^^^^^^^^
  File "C:\envs\atrpt\Lib\smtplib.py", line 897, in sendmail
    raise SMTPDataError(code, resp)
smtplib.SMTPDataError: (550, b'5.2.0 LSpiwXLhrUbIPLSpjwe9Hh Sending Prohibited (Max RcptTo Daily limit)')
2026-05-08 22:35:01,431 [ERROR] application.email.email_sender - [733/846] ERRO → migueloliveira4891@gmail.com
Traceback (most recent call last):
  File "G:\.shortcut-targets-by-id\1NsBCziGNFjlQ-f8QRcezPsKVP9QzGdp0\APPs\atrpt\application\email\email_sender.py", line 318, in send_batch
    self.smtp.send(mime, recipients)
  File "G:\.shortcut-targets-by-id\1NsBCziGNFjlQ-f8QRcezPsKVP9QzGdp0\APPs\atrpt\infrastructure\email\smtp_client.py", line 108, in send
    self._smtp.send_message(mime, to_addrs=recipients)
  File "C:\envs\atrpt\Lib\smtplib.py", line 975, in send_message
    return self.sendmail(from_addr, to_addrs, flatmsg, mail_options,
           ^^^^^^^^^^^^^^^^^^^^^^^^^^^^^^^^^^^^^^^^^^^^^^^^^^^^^^^^^
  File "C:\envs\atrpt\Lib\smtplib.py", line 897, in sendmail
    raise SMTPDataError(code, resp)
smtplib.SMTPDataError: (550, b'5.2.0 LSqSw50SNmakWLSqSwusrw Sending Prohibited (Max RcptTo Daily limit)')
2026-05-08 22:35:30,300 [ERROR] application.email.email_sender - [735/846] ERRO → jose_fuentefria@clix.pt
Traceback (most recent call last):
  File "G:\.shortcut-targets-by-id\1NsBCziGNFjlQ-f8QRcezPsKVP9QzGdp0\APPs\atrpt\application\email\email_sender.py", line 318, in send_batch
    self.smtp.send(mime, recipients)
  File "G:\.shortcut-targets-by-id\1NsBCziGNFjlQ-f8QRcezPsKVP9QzGdp0\APPs\atrpt\infrastructure\email\smtp_client.py", line 108, in send
    self._smtp.send_message(mime, to_addrs=recipients)
  File "C:\envs\atrpt\Lib\smtplib.py", line 975, in send_message
    return self.sendmail(from_addr, to_addrs, flatmsg, mail_options,
           ^^^^^^^^^^^^^^^^^^^^^^^^^^^^^^^^^^^^^^^^^^^^^^^^^^^^^^^^^
  File "C:\envs\atrpt\Lib\smtplib.py", line 897, in sendmail
    raise SMTPDataError(code, resp)
smtplib.SMTPDataError: (550, b'5.2.0 LSr2wE8A3SMHlLSr2wxGJD Sending Prohibited (Max RcptTo Daily limit)')
2026-05-08 22:36:04,511 [ERROR] application.email.email_sender - [737/846] ERRO → manuel.macedo1955@gmail.com
Traceback (most recent call last):
  File "G:\.shortcut-targets-by-id\1NsBCziGNFjlQ-f8QRcezPsKVP9QzGdp0\APPs\atrpt\application\email\email_sender.py", line 318, in send_batch
    self.smtp.send(mime, recipients)
  File "G:\.shortcut-targets-by-id\1NsBCziGNFjlQ-f8QRcezPsKVP9QzGdp0\APPs\atrpt\infrastructure\email\smtp_client.py", line 108, in send
    self._smtp.send_message(mime, to_addrs=recipients)
  File "C:\envs\atrpt\Lib\smtplib.py", line 975, in send_message
    return self.sendmail(from_addr, to_addrs, flatmsg, mail_options,
           ^^^^^^^^^^^^^^^^^^^^^^^^^^^^^^^^^^^^^^^^^^^^^^^^^^^^^^^^^
  File "C:\envs\atrpt\Lib\smtplib.py", line 897, in sendmail
    raise SMTPDataError(code, resp)
smtplib.SMTPDataError: (550, b'5.2.0 LSrbw51ocmakWLSrbwusyV Sending Prohibited (Max RcptTo Daily limit)')
2026-05-08 22:36:34,727 [ERROR] application.email.email_sender - [739/846] ERRO → jaimemacedomatos@sapo.pt
Traceback (most recent call last):
  File "G:\.shortcut-targets-by-id\1NsBCziGNFjlQ-f8QRcezPsKVP9QzGdp0\APPs\atrpt\application\email\email_sender.py", line 318, in send_batch
    self.smtp.send(mime, recipients)
  File "G:\.shortcut-targets-by-id\1NsBCziGNFjlQ-f8QRcezPsKVP9QzGdp0\APPs\atrpt\infrastructure\email\smtp_client.py", line 108, in send
    self._smtp.send_message(mime, to_addrs=recipients)
  File "C:\envs\atrpt\Lib\smtplib.py", line 975, in send_message
    return self.sendmail(from_addr, to_addrs, flatmsg, mail_options,
           ^^^^^^^^^^^^^^^^^^^^^^^^^^^^^^^^^^^^^^^^^^^^^^^^^^^^^^^^^
  File "C:\envs\atrpt\Lib\smtplib.py", line 897, in sendmail
    raise SMTPDataError(code, resp)
smtplib.SMTPDataError: (550, b'5.2.0 LSs1wsvTDPqNcLSs1wHyry Sending Prohibited (Max RcptTo Daily limit)')
2026-05-08 22:37:10,477 [ERROR] application.email.email_sender - [741/846] ERRO → anacbavila@sapo.pt
Traceback (most recent call last):
  File "G:\.shortcut-targets-by-id\1NsBCziGNFjlQ-f8QRcezPsKVP9QzGdp0\APPs\atrpt\application\email\email_sender.py", line 318, in send_batch
    self.smtp.send(mime, recipients)
  File "G:\.shortcut-targets-by-id\1NsBCziGNFjlQ-f8QRcezPsKVP9QzGdp0\APPs\atrpt\infrastructure\email\smtp_client.py", line 108, in send
    self._smtp.send_message(mime, to_addrs=recipients)
  File "C:\envs\atrpt\Lib\smtplib.py", line 975, in send_message
    return self.sendmail(from_addr, to_addrs, flatmsg, mail_options,
           ^^^^^^^^^^^^^^^^^^^^^^^^^^^^^^^^^^^^^^^^^^^^^^^^^^^^^^^^^
  File "C:\envs\atrpt\Lib\smtplib.py", line 897, in sendmail
    raise SMTPDataError(code, resp)
smtplib.SMTPDataError: (550, b'5.2.0 LSsfwsw5UPqNcLSsfwHyvx Sending Prohibited (Max RcptTo Daily limit)')
2026-05-08 22:37:46,262 [ERROR] application.email.email_sender - [743/846] ERRO → jdsfernandes@sapo.pt
Traceback (most recent call last):
  File "G:\.shortcut-targets-by-id\1NsBCziGNFjlQ-f8QRcezPsKVP9QzGdp0\APPs\atrpt\application\email\email_sender.py", line 318, in send_batch
    self.smtp.send(mime, recipients)
  File "G:\.shortcut-targets-by-id\1NsBCziGNFjlQ-f8QRcezPsKVP9QzGdp0\APPs\atrpt\infrastructure\email\smtp_client.py", line 108, in send
    self._smtp.send_message(mime, to_addrs=recipients)
  File "C:\envs\atrpt\Lib\smtplib.py", line 975, in send_message
    return self.sendmail(from_addr, to_addrs, flatmsg, mail_options,
           ^^^^^^^^^^^^^^^^^^^^^^^^^^^^^^^^^^^^^^^^^^^^^^^^^^^^^^^^^
  File "C:\envs\atrpt\Lib\smtplib.py", line 897, in sendmail
    raise SMTPDataError(code, resp)
smtplib.SMTPDataError: (550, b'5.2.0 LStFw5RbKdK1ELStFwoXzz Sending Prohibited (Max RcptTo Daily limit)')
2026-05-08 22:38:14,638 [ERROR] application.email.email_sender - [745/846] ERRO → fatima.cs.alves@gmail.com
Traceback (most recent call last):
  File "G:\.shortcut-targets-by-id\1NsBCziGNFjlQ-f8QRcezPsKVP9QzGdp0\APPs\atrpt\application\email\email_sender.py", line 318, in send_batch
    self.smtp.send(mime, recipients)
  File "G:\.shortcut-targets-by-id\1NsBCziGNFjlQ-f8QRcezPsKVP9QzGdp0\APPs\atrpt\infrastructure\email\smtp_client.py", line 108, in send
    self._smtp.send_message(mime, to_addrs=recipients)
  File "C:\envs\atrpt\Lib\smtplib.py", line 975, in send_message
    return self.sendmail(from_addr, to_addrs, flatmsg, mail_options,
           ^^^^^^^^^^^^^^^^^^^^^^^^^^^^^^^^^^^^^^^^^^^^^^^^^^^^^^^^^
  File "C:\envs\atrpt\Lib\smtplib.py", line 897, in sendmail
    raise SMTPDataError(code, resp)
smtplib.SMTPDataError: (550, b'5.2.0 LSthwsx8OPqNcLSthwHz1L Sending Prohibited (Max RcptTo Daily limit)')
2026-05-08 22:38:55,732 [ERROR] application.email.email_sender - [747/846] ERRO → mclementina.rocha@sapo.pt
Traceback (most recent call last):
  File "G:\.shortcut-targets-by-id\1NsBCziGNFjlQ-f8QRcezPsKVP9QzGdp0\APPs\atrpt\application\email\email_sender.py", line 318, in send_batch
    self.smtp.send(mime, recipients)
  File "G:\.shortcut-targets-by-id\1NsBCziGNFjlQ-f8QRcezPsKVP9QzGdp0\APPs\atrpt\infrastructure\email\smtp_client.py", line 108, in send
    self._smtp.send_message(mime, to_addrs=recipients)
  File "C:\envs\atrpt\Lib\smtplib.py", line 975, in send_message
    return self.sendmail(from_addr, to_addrs, flatmsg, mail_options,
           ^^^^^^^^^^^^^^^^^^^^^^^^^^^^^^^^^^^^^^^^^^^^^^^^^^^^^^^^^
  File "C:\envs\atrpt\Lib\smtplib.py", line 897, in sendmail
    raise SMTPDataError(code, resp)
smtplib.SMTPDataError: (550, b'5.2.0 LSuIwpGSFoBA4LSuIwgx4G Sending Prohibited (Max RcptTo Daily limit)')
2026-05-08 22:39:37,831 [ERROR] application.email.email_sender - [749/846] ERRO → rogerio.tojeiro@gmail.com
Traceback (most recent call last):
  File "G:\.shortcut-targets-by-id\1NsBCziGNFjlQ-f8QRcezPsKVP9QzGdp0\APPs\atrpt\application\email\email_sender.py", line 318, in send_batch
    self.smtp.send(mime, recipients)
  File "G:\.shortcut-targets-by-id\1NsBCziGNFjlQ-f8QRcezPsKVP9QzGdp0\APPs\atrpt\infrastructure\email\smtp_client.py", line 108, in send
    self._smtp.send_message(mime, to_addrs=recipients)
  File "C:\envs\atrpt\Lib\smtplib.py", line 975, in send_message
    return self.sendmail(from_addr, to_addrs, flatmsg, mail_options,
           ^^^^^^^^^^^^^^^^^^^^^^^^^^^^^^^^^^^^^^^^^^^^^^^^^^^^^^^^^
  File "C:\envs\atrpt\Lib\smtplib.py", line 897, in sendmail
    raise SMTPDataError(code, resp)
smtplib.SMTPDataError: (550, b'5.2.0 LSv2wXR8yUbIPLSv2we9m5 Sending Prohibited (Max RcptTo Daily limit)')
2026-05-09 03:56:30,559 [ERROR] application.email.email_sender - [756/846] ERRO → arsousa.576@gmail.com
Traceback (most recent call last):
  File "G:\.shortcut-targets-by-id\1NsBCziGNFjlQ-f8QRcezPsKVP9QzGdp0\APPs\atrpt\application\email\email_sender.py", line 318, in send_batch
    self.smtp.send(mime, recipients)
  File "G:\.shortcut-targets-by-id\1NsBCziGNFjlQ-f8QRcezPsKVP9QzGdp0\APPs\atrpt\infrastructure\email\smtp_client.py", line 108, in send
    self._smtp.send_message(mime, to_addrs=recipients)
  File "C:\envs\atrpt\Lib\smtplib.py", line 975, in send_message
    return self.sendmail(from_addr, to_addrs, flatmsg, mail_options,
           ^^^^^^^^^^^^^^^^^^^^^^^^^^^^^^^^^^^^^^^^^^^^^^^^^^^^^^^^^
  File "C:\envs\atrpt\Lib\smtplib.py", line 897, in sendmail
    raise SMTPDataError(code, resp)
smtplib.SMTPDataError: (550, b'5.2.0 LXrgwcIx0UbIP Spam Rejected')
2026-05-09 03:57:05,615 [ERROR] application.email.email_sender - [758/846] ERRO → vitorguedes.1961@gmail.com
Traceback (most recent call last):
  File "G:\.shortcut-targets-by-id\1NsBCziGNFjlQ-f8QRcezPsKVP9QzGdp0\APPs\atrpt\application\email\email_sender.py", line 318, in send_batch
    self.smtp.send(mime, recipients)
  File "G:\.shortcut-targets-by-id\1NsBCziGNFjlQ-f8QRcezPsKVP9QzGdp0\APPs\atrpt\infrastructure\email\smtp_client.py", line 108, in send
    self._smtp.send_message(mime, to_addrs=recipients)
  File "C:\envs\atrpt\Lib\smtplib.py", line 975, in send_message
    return self.sendmail(from_addr, to_addrs, flatmsg, mail_options,
           ^^^^^^^^^^^^^^^^^^^^^^^^^^^^^^^^^^^^^^^^^^^^^^^^^^^^^^^^^
  File "C:\envs\atrpt\Lib\smtplib.py", line 897, in sendmail
    raise SMTPDataError(code, resp)
smtplib.SMTPDataError: (550, b'5.2.0 LXsGwxpyGPqNc Spam Rejected')
2026-05-09 03:57:43,722 [ERROR] application.email.email_sender - [760/846] ERRO → mariac.s.b@gmail.com
Traceback (most recent call last):
  File "G:\.shortcut-targets-by-id\1NsBCziGNFjlQ-f8QRcezPsKVP9QzGdp0\APPs\atrpt\application\email\email_sender.py", line 318, in send_batch
    self.smtp.send(mime, recipients)
  File "G:\.shortcut-targets-by-id\1NsBCziGNFjlQ-f8QRcezPsKVP9QzGdp0\APPs\atrpt\infrastructure\email\smtp_client.py", line 108, in send
    self._smtp.send_message(mime, to_addrs=recipients)
  File "C:\envs\atrpt\Lib\smtplib.py", line 975, in send_message
    return self.sendmail(from_addr, to_addrs, flatmsg, mail_options,
           ^^^^^^^^^^^^^^^^^^^^^^^^^^^^^^^^^^^^^^^^^^^^^^^^^^^^^^^^^
  File "C:\envs\atrpt\Lib\smtplib.py", line 897, in sendmail
    raise SMTPDataError(code, resp)
smtplib.SMTPDataError: (550, b'5.2.0 LXsswxqV9PqNc Spam Rejected')
2026-05-09 03:58:24,430 [ERROR] application.email.email_sender - [762/846] ERRO → paula.g.caldeira@meo.pt
Traceback (most recent call last):
  File "G:\.shortcut-targets-by-id\1NsBCziGNFjlQ-f8QRcezPsKVP9QzGdp0\APPs\atrpt\application\email\email_sender.py", line 318, in send_batch
    self.smtp.send(mime, recipients)
  File "G:\.shortcut-targets-by-id\1NsBCziGNFjlQ-f8QRcezPsKVP9QzGdp0\APPs\atrpt\infrastructure\email\smtp_client.py", line 108, in send
    self._smtp.send_message(mime, to_addrs=recipients)
  File "C:\envs\atrpt\Lib\smtplib.py", line 975, in send_message
    return self.sendmail(from_addr, to_addrs, flatmsg, mail_options,
           ^^^^^^^^^^^^^^^^^^^^^^^^^^^^^^^^^^^^^^^^^^^^^^^^^^^^^^^^^
  File "C:\envs\atrpt\Lib\smtplib.py", line 897, in sendmail
    raise SMTPDataError(code, resp)
smtplib.SMTPDataError: (550, b'5.2.0 LXtXwu9aIoBA4 Spam Rejected')
2026-05-09 03:59:06,182 [ERROR] application.email.email_sender - [764/846] ERRO → paixao.vitor@gmail.com
Traceback (most recent call last):
  File "G:\.shortcut-targets-by-id\1NsBCziGNFjlQ-f8QRcezPsKVP9QzGdp0\APPs\atrpt\application\email\email_sender.py", line 318, in send_batch
    self.smtp.send(mime, recipients)
  File "G:\.shortcut-targets-by-id\1NsBCziGNFjlQ-f8QRcezPsKVP9QzGdp0\APPs\atrpt\infrastructure\email\smtp_client.py", line 108, in send
    self._smtp.send_message(mime, to_addrs=recipients)
  File "C:\envs\atrpt\Lib\smtplib.py", line 975, in send_message
    return self.sendmail(from_addr, to_addrs, flatmsg, mail_options,
           ^^^^^^^^^^^^^^^^^^^^^^^^^^^^^^^^^^^^^^^^^^^^^^^^^^^^^^^^^
  File "C:\envs\atrpt\Lib\smtplib.py", line 897, in sendmail
    raise SMTPDataError(code, resp)
smtplib.SMTPDataError: (550, b'5.2.0 LXu6wuA91oBA4 Spam Rejected')
2026-05-09 03:59:42,013 [ERROR] application.email.email_sender - [766/846] ERRO → gborges50@hotmail.com
Traceback (most recent call last):
  File "G:\.shortcut-targets-by-id\1NsBCziGNFjlQ-f8QRcezPsKVP9QzGdp0\APPs\atrpt\application\email\email_sender.py", line 318, in send_batch
    self.smtp.send(mime, recipients)
  File "G:\.shortcut-targets-by-id\1NsBCziGNFjlQ-f8QRcezPsKVP9QzGdp0\APPs\atrpt\infrastructure\email\smtp_client.py", line 108, in send
    self._smtp.send_message(mime, to_addrs=recipients)
  File "C:\envs\atrpt\Lib\smtplib.py", line 975, in send_message
    return self.sendmail(from_addr, to_addrs, flatmsg, mail_options,
           ^^^^^^^^^^^^^^^^^^^^^^^^^^^^^^^^^^^^^^^^^^^^^^^^^^^^^^^^^
  File "C:\envs\atrpt\Lib\smtplib.py", line 897, in sendmail
    raise SMTPDataError(code, resp)
smtplib.SMTPDataError: (550, b'5.2.0 LXuhwALZ5dK1E Spam Rejected')
2026-05-09 04:00:50,853 [ERROR] application.email.email_sender - [770/846] ERRO → martilde@hotmail.com
Traceback (most recent call last):
  File "G:\.shortcut-targets-by-id\1NsBCziGNFjlQ-f8QRcezPsKVP9QzGdp0\APPs\atrpt\application\email\email_sender.py", line 318, in send_batch
    self.smtp.send(mime, recipients)
  File "G:\.shortcut-targets-by-id\1NsBCziGNFjlQ-f8QRcezPsKVP9QzGdp0\APPs\atrpt\infrastructure\email\smtp_client.py", line 108, in send
    self._smtp.send_message(mime, to_addrs=recipients)
  File "C:\envs\atrpt\Lib\smtplib.py", line 975, in send_message
    return self.sendmail(from_addr, to_addrs, flatmsg, mail_options,
           ^^^^^^^^^^^^^^^^^^^^^^^^^^^^^^^^^^^^^^^^^^^^^^^^^^^^^^^^^
  File "C:\envs\atrpt\Lib\smtplib.py", line 897, in sendmail
    raise SMTPDataError(code, resp)
smtplib.SMTPDataError: (550, b'5.2.0 LXvnwAMeVdK1E Spam Rejected')
2026-05-09 04:01:31,192 [ERROR] application.email.email_sender - [772/846] ERRO → paulagbs.pereira@gmail.com
Traceback (most recent call last):
  File "G:\.shortcut-targets-by-id\1NsBCziGNFjlQ-f8QRcezPsKVP9QzGdp0\APPs\atrpt\application\email\email_sender.py", line 318, in send_batch
    self.smtp.send(mime, recipients)
  File "G:\.shortcut-targets-by-id\1NsBCziGNFjlQ-f8QRcezPsKVP9QzGdp0\APPs\atrpt\infrastructure\email\smtp_client.py", line 108, in send
    self._smtp.send_message(mime, to_addrs=recipients)
  File "C:\envs\atrpt\Lib\smtplib.py", line 975, in send_message
    return self.sendmail(from_addr, to_addrs, flatmsg, mail_options,
           ^^^^^^^^^^^^^^^^^^^^^^^^^^^^^^^^^^^^^^^^^^^^^^^^^^^^^^^^^
  File "C:\envs\atrpt\Lib\smtplib.py", line 897, in sendmail
    raise SMTPDataError(code, resp)
smtplib.SMTPDataError: (550, b'5.2.0 LXwXwuCYJoBA4 Spam Rejected')
2026-05-09 04:02:03,812 [ERROR] application.email.email_sender - [774/846] ERRO → mariajose.matos40@gmail.com
Traceback (most recent call last):
  File "G:\.shortcut-targets-by-id\1NsBCziGNFjlQ-f8QRcezPsKVP9QzGdp0\APPs\atrpt\application\email\email_sender.py", line 318, in send_batch
    self.smtp.send(mime, recipients)
  File "G:\.shortcut-targets-by-id\1NsBCziGNFjlQ-f8QRcezPsKVP9QzGdp0\APPs\atrpt\infrastructure\email\smtp_client.py", line 108, in send
    self._smtp.send_message(mime, to_addrs=recipients)
  File "C:\envs\atrpt\Lib\smtplib.py", line 975, in send_message
    return self.sendmail(from_addr, to_addrs, flatmsg, mail_options,
           ^^^^^^^^^^^^^^^^^^^^^^^^^^^^^^^^^^^^^^^^^^^^^^^^^^^^^^^^^
  File "C:\envs\atrpt\Lib\smtplib.py", line 897, in sendmail
    raise SMTPDataError(code, resp)
smtplib.SMTPDataError: (550, b'5.2.0 LXx4wcNqSUbIP Spam Rejected')
2026-05-09 04:02:34,362 [ERROR] application.email.email_sender - [776/846] ERRO → paulobarbedo@sapo.pt
Traceback (most recent call last):
  File "G:\.shortcut-targets-by-id\1NsBCziGNFjlQ-f8QRcezPsKVP9QzGdp0\APPs\atrpt\application\email\email_sender.py", line 318, in send_batch
    self.smtp.send(mime, recipients)
  File "G:\.shortcut-targets-by-id\1NsBCziGNFjlQ-f8QRcezPsKVP9QzGdp0\APPs\atrpt\infrastructure\email\smtp_client.py", line 108, in send
    self._smtp.send_message(mime, to_addrs=recipients)
  File "C:\envs\atrpt\Lib\smtplib.py", line 975, in send_message
    return self.sendmail(from_addr, to_addrs, flatmsg, mail_options,
           ^^^^^^^^^^^^^^^^^^^^^^^^^^^^^^^^^^^^^^^^^^^^^^^^^^^^^^^^^
  File "C:\envs\atrpt\Lib\smtplib.py", line 897, in sendmail
    raise SMTPDataError(code, resp)
smtplib.SMTPDataError: (550, b'5.2.0 LXxXwA1OPmakW Spam Rejected')
2026-05-09 04:03:09,433 [ERROR] application.email.email_sender - [778/846] ERRO → levi@jorgelevi.com
Traceback (most recent call last):
  File "G:\.shortcut-targets-by-id\1NsBCziGNFjlQ-f8QRcezPsKVP9QzGdp0\APPs\atrpt\application\email\email_sender.py", line 318, in send_batch
    self.smtp.send(mime, recipients)
  File "G:\.shortcut-targets-by-id\1NsBCziGNFjlQ-f8QRcezPsKVP9QzGdp0\APPs\atrpt\infrastructure\email\smtp_client.py", line 108, in send
    self._smtp.send_message(mime, to_addrs=recipients)
  File "C:\envs\atrpt\Lib\smtplib.py", line 975, in send_message
    return self.sendmail(from_addr, to_addrs, flatmsg, mail_options,
           ^^^^^^^^^^^^^^^^^^^^^^^^^^^^^^^^^^^^^^^^^^^^^^^^^^^^^^^^^
  File "C:\envs\atrpt\Lib\smtplib.py", line 897, in sendmail
    raise SMTPDataError(code, resp)
smtplib.SMTPDataError: (550, b'5.2.0 LXy6wJ8W3SMHl Spam Rejected')
2026-05-09 04:03:45,502 [ERROR] application.email.email_sender - [780/846] ERRO → info@numo.pt
Traceback (most recent call last):
  File "G:\.shortcut-targets-by-id\1NsBCziGNFjlQ-f8QRcezPsKVP9QzGdp0\APPs\atrpt\application\email\email_sender.py", line 318, in send_batch
    self.smtp.send(mime, recipients)
  File "G:\.shortcut-targets-by-id\1NsBCziGNFjlQ-f8QRcezPsKVP9QzGdp0\APPs\atrpt\infrastructure\email\smtp_client.py", line 108, in send
    self._smtp.send_message(mime, to_addrs=recipients)
  File "C:\envs\atrpt\Lib\smtplib.py", line 975, in send_message
    return self.sendmail(from_addr, to_addrs, flatmsg, mail_options,
           ^^^^^^^^^^^^^^^^^^^^^^^^^^^^^^^^^^^^^^^^^^^^^^^^^^^^^^^^^
  File "C:\envs\atrpt\Lib\smtplib.py", line 897, in sendmail
    raise SMTPDataError(code, resp)
smtplib.SMTPDataError: (550, b'5.2.0 LXygwJ94MSMHl Spam Rejected')
2026-05-09 04:04:16,722 [ERROR] application.email.email_sender - [782/846] ERRO → lboticario@gmail.com
Traceback (most recent call last):
  File "G:\.shortcut-targets-by-id\1NsBCziGNFjlQ-f8QRcezPsKVP9QzGdp0\APPs\atrpt\application\email\email_sender.py", line 318, in send_batch
    self.smtp.send(mime, recipients)
  File "G:\.shortcut-targets-by-id\1NsBCziGNFjlQ-f8QRcezPsKVP9QzGdp0\APPs\atrpt\infrastructure\email\smtp_client.py", line 108, in send
    self._smtp.send_message(mime, to_addrs=recipients)
  File "C:\envs\atrpt\Lib\smtplib.py", line 975, in send_message
    return self.sendmail(from_addr, to_addrs, flatmsg, mail_options,
           ^^^^^^^^^^^^^^^^^^^^^^^^^^^^^^^^^^^^^^^^^^^^^^^^^^^^^^^^^
  File "C:\envs\atrpt\Lib\smtplib.py", line 897, in sendmail
    raise SMTPDataError(code, resp)
smtplib.SMTPDataError: (550, b'5.2.0 LXzDwcPqcUbIP Spam Rejected')
2026-05-09 04:04:50,092 [ERROR] application.email.email_sender - [784/846] ERRO → anammgcosta@gmail.com
Traceback (most recent call last):
  File "G:\.shortcut-targets-by-id\1NsBCziGNFjlQ-f8QRcezPsKVP9QzGdp0\APPs\atrpt\application\email\email_sender.py", line 318, in send_batch
    self.smtp.send(mime, recipients)
  File "G:\.shortcut-targets-by-id\1NsBCziGNFjlQ-f8QRcezPsKVP9QzGdp0\APPs\atrpt\infrastructure\email\smtp_client.py", line 108, in send
    self._smtp.send_message(mime, to_addrs=recipients)
  File "C:\envs\atrpt\Lib\smtplib.py", line 975, in send_message
    return self.sendmail(from_addr, to_addrs, flatmsg, mail_options,
           ^^^^^^^^^^^^^^^^^^^^^^^^^^^^^^^^^^^^^^^^^^^^^^^^^^^^^^^^^
  File "C:\envs\atrpt\Lib\smtplib.py", line 897, in sendmail
    raise SMTPDataError(code, resp)
smtplib.SMTPDataError: (550, b'5.2.0 LXzkwJA4lSMHl Spam Rejected')
2026-05-09 04:05:24,404 [ERROR] application.email.email_sender - [786/846] ERRO → gorettishenriques@gmail.com
Traceback (most recent call last):
  File "G:\.shortcut-targets-by-id\1NsBCziGNFjlQ-f8QRcezPsKVP9QzGdp0\APPs\atrpt\application\email\email_sender.py", line 318, in send_batch
    self.smtp.send(mime, recipients)
  File "G:\.shortcut-targets-by-id\1NsBCziGNFjlQ-f8QRcezPsKVP9QzGdp0\APPs\atrpt\infrastructure\email\smtp_client.py", line 108, in send
    self._smtp.send_message(mime, to_addrs=recipients)
  File "C:\envs\atrpt\Lib\smtplib.py", line 975, in send_message
    return self.sendmail(from_addr, to_addrs, flatmsg, mail_options,
           ^^^^^^^^^^^^^^^^^^^^^^^^^^^^^^^^^^^^^^^^^^^^^^^^^^^^^^^^^
  File "C:\envs\atrpt\Lib\smtplib.py", line 897, in sendmail
    raise SMTPDataError(code, resp)
smtplib.SMTPDataError: (550, b'5.2.0 LY0IwxxkLPqNc Spam Rejected')
2026-05-09 04:06:01,062 [ERROR] application.email.email_sender - [788/846] ERRO → serafim.monteiro@sapo.pt
Traceback (most recent call last):
  File "G:\.shortcut-targets-by-id\1NsBCziGNFjlQ-f8QRcezPsKVP9QzGdp0\APPs\atrpt\application\email\email_sender.py", line 318, in send_batch
    self.smtp.send(mime, recipients)
  File "G:\.shortcut-targets-by-id\1NsBCziGNFjlQ-f8QRcezPsKVP9QzGdp0\APPs\atrpt\infrastructure\email\smtp_client.py", line 108, in send
    self._smtp.send_message(mime, to_addrs=recipients)
  File "C:\envs\atrpt\Lib\smtplib.py", line 975, in send_message
    return self.sendmail(from_addr, to_addrs, flatmsg, mail_options,
           ^^^^^^^^^^^^^^^^^^^^^^^^^^^^^^^^^^^^^^^^^^^^^^^^^^^^^^^^^
  File "C:\envs\atrpt\Lib\smtplib.py", line 897, in sendmail
    raise SMTPDataError(code, resp)
smtplib.SMTPDataError: (550, b'5.2.0 LY0swARRFdK1E Spam Rejected')
2026-05-09 04:06:52,657 [ERROR] application.email.email_sender - [790/846] ERRO → jmppacheco@sapo.pt
Traceback (most recent call last):
  File "G:\.shortcut-targets-by-id\1NsBCziGNFjlQ-f8QRcezPsKVP9QzGdp0\APPs\atrpt\application\email\email_sender.py", line 318, in send_batch
    self.smtp.send(mime, recipients)
  File "G:\.shortcut-targets-by-id\1NsBCziGNFjlQ-f8QRcezPsKVP9QzGdp0\APPs\atrpt\infrastructure\email\smtp_client.py", line 108, in send
    self._smtp.send_message(mime, to_addrs=recipients)
  File "C:\envs\atrpt\Lib\smtplib.py", line 975, in send_message
    return self.sendmail(from_addr, to_addrs, flatmsg, mail_options,
           ^^^^^^^^^^^^^^^^^^^^^^^^^^^^^^^^^^^^^^^^^^^^^^^^^^^^^^^^^
  File "C:\envs\atrpt\Lib\smtplib.py", line 897, in sendmail
    raise SMTPDataError(code, resp)
smtplib.SMTPDataError: (550, b'5.2.0 LY1dwuHRQoBA4 Spam Rejected')
2026-05-09 04:07:27,363 [ERROR] application.email.email_sender - [792/846] ERRO → ritadanielamarques@gmail.com
Traceback (most recent call last):
  File "G:\.shortcut-targets-by-id\1NsBCziGNFjlQ-f8QRcezPsKVP9QzGdp0\APPs\atrpt\application\email\email_sender.py", line 318, in send_batch
    self.smtp.send(mime, recipients)
  File "G:\.shortcut-targets-by-id\1NsBCziGNFjlQ-f8QRcezPsKVP9QzGdp0\APPs\atrpt\infrastructure\email\smtp_client.py", line 108, in send
    self._smtp.send_message(mime, to_addrs=recipients)
  File "C:\envs\atrpt\Lib\smtplib.py", line 975, in send_message
    return self.sendmail(from_addr, to_addrs, flatmsg, mail_options,
           ^^^^^^^^^^^^^^^^^^^^^^^^^^^^^^^^^^^^^^^^^^^^^^^^^^^^^^^^^
  File "C:\envs\atrpt\Lib\smtplib.py", line 897, in sendmail
    raise SMTPDataError(code, resp)
smtplib.SMTPDataError: (550, b'5.2.0 LY2HwcSnTUbIP Spam Rejected')
2026-05-09 04:07:58,869 [ERROR] application.email.email_sender - [794/846] ERRO → goreti-a-coelho@sapo.pt
Traceback (most recent call last):
  File "G:\.shortcut-targets-by-id\1NsBCziGNFjlQ-f8QRcezPsKVP9QzGdp0\APPs\atrpt\application\email\email_sender.py", line 318, in send_batch
    self.smtp.send(mime, recipients)
  File "G:\.shortcut-targets-by-id\1NsBCziGNFjlQ-f8QRcezPsKVP9QzGdp0\APPs\atrpt\infrastructure\email\smtp_client.py", line 108, in send
    self._smtp.send_message(mime, to_addrs=recipients)
  File "C:\envs\atrpt\Lib\smtplib.py", line 975, in send_message
    return self.sendmail(from_addr, to_addrs, flatmsg, mail_options,
           ^^^^^^^^^^^^^^^^^^^^^^^^^^^^^^^^^^^^^^^^^^^^^^^^^^^^^^^^^
  File "C:\envs\atrpt\Lib\smtplib.py", line 897, in sendmail
    raise SMTPDataError(code, resp)
smtplib.SMTPDataError: (550, b'5.2.0 LY2mwy03jPqNc Spam Rejected')
2026-05-09 04:08:29,902 [ERROR] application.email.email_sender - [796/846] ERRO → aantoniodamas@sapo.pt
Traceback (most recent call last):
  File "G:\.shortcut-targets-by-id\1NsBCziGNFjlQ-f8QRcezPsKVP9QzGdp0\APPs\atrpt\application\email\email_sender.py", line 318, in send_batch
    self.smtp.send(mime, recipients)
  File "G:\.shortcut-targets-by-id\1NsBCziGNFjlQ-f8QRcezPsKVP9QzGdp0\APPs\atrpt\infrastructure\email\smtp_client.py", line 108, in send
    self._smtp.send_message(mime, to_addrs=recipients)
  File "C:\envs\atrpt\Lib\smtplib.py", line 975, in send_message
    return self.sendmail(from_addr, to_addrs, flatmsg, mail_options,
           ^^^^^^^^^^^^^^^^^^^^^^^^^^^^^^^^^^^^^^^^^^^^^^^^^^^^^^^^^
  File "C:\envs\atrpt\Lib\smtplib.py", line 897, in sendmail
    raise SMTPDataError(code, resp)
smtplib.SMTPDataError: (550, b'5.2.0 LY3IwATetdK1E Spam Rejected')
2026-05-09 04:09:01,882 [ERROR] application.email.email_sender - [798/846] ERRO → antoniosantos@sapo.pt
Traceback (most recent call last):
  File "G:\.shortcut-targets-by-id\1NsBCziGNFjlQ-f8QRcezPsKVP9QzGdp0\APPs\atrpt\application\email\email_sender.py", line 318, in send_batch
    self.smtp.send(mime, recipients)
  File "G:\.shortcut-targets-by-id\1NsBCziGNFjlQ-f8QRcezPsKVP9QzGdp0\APPs\atrpt\infrastructure\email\smtp_client.py", line 108, in send
    self._smtp.send_message(mime, to_addrs=recipients)
  File "C:\envs\atrpt\Lib\smtplib.py", line 975, in send_message
    return self.sendmail(from_addr, to_addrs, flatmsg, mail_options,
           ^^^^^^^^^^^^^^^^^^^^^^^^^^^^^^^^^^^^^^^^^^^^^^^^^^^^^^^^^
  File "C:\envs\atrpt\Lib\smtplib.py", line 897, in sendmail
    raise SMTPDataError(code, resp)
smtplib.SMTPDataError: (550, b'5.2.0 LY3nwuJi5oBA4 Spam Rejected')
2026-05-09 04:09:30,522 [ERROR] application.email.email_sender - [800/846] ERRO → nelson-g-cruz@sapo.pt
Traceback (most recent call last):
  File "G:\.shortcut-targets-by-id\1NsBCziGNFjlQ-f8QRcezPsKVP9QzGdp0\APPs\atrpt\application\email\email_sender.py", line 318, in send_batch
    self.smtp.send(mime, recipients)
  File "G:\.shortcut-targets-by-id\1NsBCziGNFjlQ-f8QRcezPsKVP9QzGdp0\APPs\atrpt\infrastructure\email\smtp_client.py", line 108, in send
    self._smtp.send_message(mime, to_addrs=recipients)
  File "C:\envs\atrpt\Lib\smtplib.py", line 975, in send_message
    return self.sendmail(from_addr, to_addrs, flatmsg, mail_options,
           ^^^^^^^^^^^^^^^^^^^^^^^^^^^^^^^^^^^^^^^^^^^^^^^^^^^^^^^^^
  File "C:\envs\atrpt\Lib\smtplib.py", line 897, in sendmail
    raise SMTPDataError(code, resp)
smtplib.SMTPDataError: (550, b'5.2.0 LY4Gwy1lkPqNc Spam Rejected')
2026-05-09 04:12:15,165 [ERROR] application.email.email_sender - [801/846] ERRO → domingos-m-silva-23@sapo.pt
Traceback (most recent call last):
  File "G:\.shortcut-targets-by-id\1NsBCziGNFjlQ-f8QRcezPsKVP9QzGdp0\APPs\atrpt\application\email\email_sender.py", line 318, in send_batch
    self.smtp.send(mime, recipients)
  File "G:\.shortcut-targets-by-id\1NsBCziGNFjlQ-f8QRcezPsKVP9QzGdp0\APPs\atrpt\infrastructure\email\smtp_client.py", line 108, in send
    self._smtp.send_message(mime, to_addrs=recipients)
  File "C:\envs\atrpt\Lib\smtplib.py", line 975, in send_message
    return self.sendmail(from_addr, to_addrs, flatmsg, mail_options,
           ^^^^^^^^^^^^^^^^^^^^^^^^^^^^^^^^^^^^^^^^^^^^^^^^^^^^^^^^^
  File "C:\envs\atrpt\Lib\smtplib.py", line 897, in sendmail
    raise SMTPDataError(code, resp)
smtplib.SMTPDataError: (550, b'5.2.0 LY6vwAAVgmakW Spam Rejected')
2026-05-09 04:12:52,905 [ERROR] application.email.email_sender - [803/846] ERRO → fonsecamandio@gmail.com
Traceback (most recent call last):
  File "G:\.shortcut-targets-by-id\1NsBCziGNFjlQ-f8QRcezPsKVP9QzGdp0\APPs\atrpt\application\email\email_sender.py", line 318, in send_batch
    self.smtp.send(mime, recipients)
  File "G:\.shortcut-targets-by-id\1NsBCziGNFjlQ-f8QRcezPsKVP9QzGdp0\APPs\atrpt\infrastructure\email\smtp_client.py", line 108, in send
    self._smtp.send_message(mime, to_addrs=recipients)
  File "C:\envs\atrpt\Lib\smtplib.py", line 975, in send_message
    return self.sendmail(from_addr, to_addrs, flatmsg, mail_options,
           ^^^^^^^^^^^^^^^^^^^^^^^^^^^^^^^^^^^^^^^^^^^^^^^^^^^^^^^^^
  File "C:\envs\atrpt\Lib\smtplib.py", line 897, in sendmail
    raise SMTPDataError(code, resp)
smtplib.SMTPDataError: (550, b'5.2.0 LY7XwuNHEoBA4 Spam Rejected')
2026-05-09 04:13:22,692 [ERROR] application.email.email_sender - [805/846] ERRO → anaviseu@gmail.com
Traceback (most recent call last):
  File "G:\.shortcut-targets-by-id\1NsBCziGNFjlQ-f8QRcezPsKVP9QzGdp0\APPs\atrpt\application\email\email_sender.py", line 318, in send_batch
    self.smtp.send(mime, recipients)
  File "G:\.shortcut-targets-by-id\1NsBCziGNFjlQ-f8QRcezPsKVP9QzGdp0\APPs\atrpt\infrastructure\email\smtp_client.py", line 108, in send
    self._smtp.send_message(mime, to_addrs=recipients)
  File "C:\envs\atrpt\Lib\smtplib.py", line 975, in send_message
    return self.sendmail(from_addr, to_addrs, flatmsg, mail_options,
           ^^^^^^^^^^^^^^^^^^^^^^^^^^^^^^^^^^^^^^^^^^^^^^^^^^^^^^^^^
  File "C:\envs\atrpt\Lib\smtplib.py", line 897, in sendmail
    raise SMTPDataError(code, resp)
smtplib.SMTPDataError: (550, b'5.2.0 LY7ywy55rPqNc Spam Rejected')
2026-05-09 04:13:47,502 [ERROR] application.email.email_sender - [807/846] ERRO → higino.angelo.silva@gmail.com
Traceback (most recent call last):
  File "G:\.shortcut-targets-by-id\1NsBCziGNFjlQ-f8QRcezPsKVP9QzGdp0\APPs\atrpt\application\email\email_sender.py", line 318, in send_batch
    self.smtp.send(mime, recipients)
  File "G:\.shortcut-targets-by-id\1NsBCziGNFjlQ-f8QRcezPsKVP9QzGdp0\APPs\atrpt\infrastructure\email\smtp_client.py", line 108, in send
    self._smtp.send_message(mime, to_addrs=recipients)
  File "C:\envs\atrpt\Lib\smtplib.py", line 975, in send_message
    return self.sendmail(from_addr, to_addrs, flatmsg, mail_options,
           ^^^^^^^^^^^^^^^^^^^^^^^^^^^^^^^^^^^^^^^^^^^^^^^^^^^^^^^^^
  File "C:\envs\atrpt\Lib\smtplib.py", line 897, in sendmail
    raise SMTPDataError(code, resp)
smtplib.SMTPDataError: (550, b'5.2.0 LY8PwABwAmakW Spam Rejected')
2026-05-09 04:14:25,788 [ERROR] application.email.email_sender - [809/846] ERRO → anamaria.diogo@sapo.pt
Traceback (most recent call last):
  File "G:\.shortcut-targets-by-id\1NsBCziGNFjlQ-f8QRcezPsKVP9QzGdp0\APPs\atrpt\application\email\email_sender.py", line 318, in send_batch
    self.smtp.send(mime, recipients)
  File "G:\.shortcut-targets-by-id\1NsBCziGNFjlQ-f8QRcezPsKVP9QzGdp0\APPs\atrpt\infrastructure\email\smtp_client.py", line 108, in send
    self._smtp.send_message(mime, to_addrs=recipients)
  File "C:\envs\atrpt\Lib\smtplib.py", line 975, in send_message
    return self.sendmail(from_addr, to_addrs, flatmsg, mail_options,
           ^^^^^^^^^^^^^^^^^^^^^^^^^^^^^^^^^^^^^^^^^^^^^^^^^^^^^^^^^
  File "C:\envs\atrpt\Lib\smtplib.py", line 897, in sendmail
    raise SMTPDataError(code, resp)
smtplib.SMTPDataError: (550, b'5.2.0 LY92wJIz3SMHl Spam Rejected')
2026-05-09 04:15:06,192 [ERROR] application.email.email_sender - [811/846] ERRO → helena.carla.rodrigues@gmail.com
Traceback (most recent call last):
  File "G:\.shortcut-targets-by-id\1NsBCziGNFjlQ-f8QRcezPsKVP9QzGdp0\APPs\atrpt\application\email\email_sender.py", line 318, in send_batch
    self.smtp.send(mime, recipients)
  File "G:\.shortcut-targets-by-id\1NsBCziGNFjlQ-f8QRcezPsKVP9QzGdp0\APPs\atrpt\infrastructure\email\smtp_client.py", line 108, in send
    self._smtp.send_message(mime, to_addrs=recipients)
  File "C:\envs\atrpt\Lib\smtplib.py", line 975, in send_message
    return self.sendmail(from_addr, to_addrs, flatmsg, mail_options,
           ^^^^^^^^^^^^^^^^^^^^^^^^^^^^^^^^^^^^^^^^^^^^^^^^^^^^^^^^^
  File "C:\envs\atrpt\Lib\smtplib.py", line 897, in sendmail
    raise SMTPDataError(code, resp)
smtplib.SMTPDataError: (550, b'5.2.0 LY9gwAZk8dK1E Spam Rejected')
2026-05-09 04:15:38,263 [ERROR] application.email.email_sender - [813/846] ERRO → ana.2000indouro@gmail.com
Traceback (most recent call last):
  File "G:\.shortcut-targets-by-id\1NsBCziGNFjlQ-f8QRcezPsKVP9QzGdp0\APPs\atrpt\application\email\email_sender.py", line 318, in send_batch
    self.smtp.send(mime, recipients)
  File "G:\.shortcut-targets-by-id\1NsBCziGNFjlQ-f8QRcezPsKVP9QzGdp0\APPs\atrpt\infrastructure\email\smtp_client.py", line 108, in send
    self._smtp.send_message(mime, to_addrs=recipients)
  File "C:\envs\atrpt\Lib\smtplib.py", line 975, in send_message
    return self.sendmail(from_addr, to_addrs, flatmsg, mail_options,
           ^^^^^^^^^^^^^^^^^^^^^^^^^^^^^^^^^^^^^^^^^^^^^^^^^^^^^^^^^
  File "C:\envs\atrpt\Lib\smtplib.py", line 897, in sendmail
    raise SMTPDataError(code, resp)
smtplib.SMTPDataError: (550, b'5.2.0 LYACwADWrmakW Spam Rejected')
2026-05-09 04:16:14,285 [ERROR] application.email.email_sender - [815/846] ERRO → jose.cabral.trindade@gmail.com
Traceback (most recent call last):
  File "G:\.shortcut-targets-by-id\1NsBCziGNFjlQ-f8QRcezPsKVP9QzGdp0\APPs\atrpt\application\email\email_sender.py", line 318, in send_batch
    self.smtp.send(mime, recipients)
  File "G:\.shortcut-targets-by-id\1NsBCziGNFjlQ-f8QRcezPsKVP9QzGdp0\APPs\atrpt\infrastructure\email\smtp_client.py", line 108, in send
    self._smtp.send_message(mime, to_addrs=recipients)
  File "C:\envs\atrpt\Lib\smtplib.py", line 975, in send_message
    return self.sendmail(from_addr, to_addrs, flatmsg, mail_options,
           ^^^^^^^^^^^^^^^^^^^^^^^^^^^^^^^^^^^^^^^^^^^^^^^^^^^^^^^^^
  File "C:\envs\atrpt\Lib\smtplib.py", line 897, in sendmail
    raise SMTPDataError(code, resp)
smtplib.SMTPDataError: (550, b'5.2.0 LYAmwuQQ4oBA4 Spam Rejected')
2026-05-09 04:16:58,953 [ERROR] application.email.email_sender - [817/846] ERRO → rosaspinto@gmail.com
Traceback (most recent call last):
  File "G:\.shortcut-targets-by-id\1NsBCziGNFjlQ-f8QRcezPsKVP9QzGdp0\APPs\atrpt\application\email\email_sender.py", line 318, in send_batch
    self.smtp.send(mime, recipients)
  File "G:\.shortcut-targets-by-id\1NsBCziGNFjlQ-f8QRcezPsKVP9QzGdp0\APPs\atrpt\infrastructure\email\smtp_client.py", line 108, in send
    self._smtp.send_message(mime, to_addrs=recipients)
  File "C:\envs\atrpt\Lib\smtplib.py", line 975, in send_message
    return self.sendmail(from_addr, to_addrs, flatmsg, mail_options,
           ^^^^^^^^^^^^^^^^^^^^^^^^^^^^^^^^^^^^^^^^^^^^^^^^^^^^^^^^^
  File "C:\envs\atrpt\Lib\smtplib.py", line 897, in sendmail
    raise SMTPDataError(code, resp)
smtplib.SMTPDataError: (550, b'5.2.0 LYBPwy8JAPqNc Spam Rejected')
2026-05-09 04:17:37,542 [ERROR] application.email.email_sender - [819/846] ERRO → a.j.f.simoes1955@gmail.com
Traceback (most recent call last):
  File "G:\.shortcut-targets-by-id\1NsBCziGNFjlQ-f8QRcezPsKVP9QzGdp0\APPs\atrpt\application\email\email_sender.py", line 318, in send_batch
    self.smtp.send(mime, recipients)
  File "G:\.shortcut-targets-by-id\1NsBCziGNFjlQ-f8QRcezPsKVP9QzGdp0\APPs\atrpt\infrastructure\email\smtp_client.py", line 108, in send
    self._smtp.send_message(mime, to_addrs=recipients)
  File "C:\envs\atrpt\Lib\smtplib.py", line 975, in send_message
    return self.sendmail(from_addr, to_addrs, flatmsg, mail_options,
           ^^^^^^^^^^^^^^^^^^^^^^^^^^^^^^^^^^^^^^^^^^^^^^^^^^^^^^^^^
  File "C:\envs\atrpt\Lib\smtplib.py", line 897, in sendmail
    raise SMTPDataError(code, resp)
smtplib.SMTPDataError: (550, b'5.2.0 LYC7wuRukoBA4 Spam Rejected')
2026-05-09 04:18:12,072 [ERROR] application.email.email_sender - [821/846] ERRO → ferreira-d-silva@sapo.pt
Traceback (most recent call last):
  File "G:\.shortcut-targets-by-id\1NsBCziGNFjlQ-f8QRcezPsKVP9QzGdp0\APPs\atrpt\application\email\email_sender.py", line 318, in send_batch
    self.smtp.send(mime, recipients)
  File "G:\.shortcut-targets-by-id\1NsBCziGNFjlQ-f8QRcezPsKVP9QzGdp0\APPs\atrpt\infrastructure\email\smtp_client.py", line 108, in send
    self._smtp.send_message(mime, to_addrs=recipients)
  File "C:\envs\atrpt\Lib\smtplib.py", line 975, in send_message
    return self.sendmail(from_addr, to_addrs, flatmsg, mail_options,
           ^^^^^^^^^^^^^^^^^^^^^^^^^^^^^^^^^^^^^^^^^^^^^^^^^^^^^^^^^
  File "C:\envs\atrpt\Lib\smtplib.py", line 897, in sendmail
    raise SMTPDataError(code, resp)
smtplib.SMTPDataError: (550, b'5.2.0 LYCgwy9nKPqNc Spam Rejected')
2026-05-09 04:18:42,734 [ERROR] application.email.email_sender - [823/846] ERRO → alexandre_filipe_queiros@yahoo.com
Traceback (most recent call last):
  File "G:\.shortcut-targets-by-id\1NsBCziGNFjlQ-f8QRcezPsKVP9QzGdp0\APPs\atrpt\application\email\email_sender.py", line 318, in send_batch
    self.smtp.send(mime, recipients)
  File "G:\.shortcut-targets-by-id\1NsBCziGNFjlQ-f8QRcezPsKVP9QzGdp0\APPs\atrpt\infrastructure\email\smtp_client.py", line 108, in send
    self._smtp.send_message(mime, to_addrs=recipients)
  File "C:\envs\atrpt\Lib\smtplib.py", line 975, in send_message
    return self.sendmail(from_addr, to_addrs, flatmsg, mail_options,
           ^^^^^^^^^^^^^^^^^^^^^^^^^^^^^^^^^^^^^^^^^^^^^^^^^^^^^^^^^
  File "C:\envs\atrpt\Lib\smtplib.py", line 897, in sendmail
    raise SMTPDataError(code, resp)
smtplib.SMTPDataError: (550, b'5.2.0 LYDBwcdP6UbIP Spam Rejected')
2026-05-09 04:19:21,442 [ERROR] application.email.email_sender - [825/846] ERRO → magui2017@sapo.pt
Traceback (most recent call last):
  File "G:\.shortcut-targets-by-id\1NsBCziGNFjlQ-f8QRcezPsKVP9QzGdp0\APPs\atrpt\application\email\email_sender.py", line 318, in send_batch
    self.smtp.send(mime, recipients)
  File "G:\.shortcut-targets-by-id\1NsBCziGNFjlQ-f8QRcezPsKVP9QzGdp0\APPs\atrpt\infrastructure\email\smtp_client.py", line 108, in send
    self._smtp.send_message(mime, to_addrs=recipients)
  File "C:\envs\atrpt\Lib\smtplib.py", line 975, in send_message
    return self.sendmail(from_addr, to_addrs, flatmsg, mail_options,
           ^^^^^^^^^^^^^^^^^^^^^^^^^^^^^^^^^^^^^^^^^^^^^^^^^^^^^^^^^
  File "C:\envs\atrpt\Lib\smtplib.py", line 897, in sendmail
    raise SMTPDataError(code, resp)
smtplib.SMTPDataError: (550, b'5.2.0 LYDnwAdkcdK1E Spam Rejected')
2026-05-09 04:19:58,612 [ERROR] application.email.email_sender - [827/846] ERRO → alicetramos@gmail.com
Traceback (most recent call last):
  File "G:\.shortcut-targets-by-id\1NsBCziGNFjlQ-f8QRcezPsKVP9QzGdp0\APPs\atrpt\application\email\email_sender.py", line 318, in send_batch
    self.smtp.send(mime, recipients)
  File "G:\.shortcut-targets-by-id\1NsBCziGNFjlQ-f8QRcezPsKVP9QzGdp0\APPs\atrpt\infrastructure\email\smtp_client.py", line 108, in send
    self._smtp.send_message(mime, to_addrs=recipients)
  File "C:\envs\atrpt\Lib\smtplib.py", line 975, in send_message
    return self.sendmail(from_addr, to_addrs, flatmsg, mail_options,
           ^^^^^^^^^^^^^^^^^^^^^^^^^^^^^^^^^^^^^^^^^^^^^^^^^^^^^^^^^
  File "C:\envs\atrpt\Lib\smtplib.py", line 897, in sendmail
    raise SMTPDataError(code, resp)
smtplib.SMTPDataError: (550, b'5.2.0 LYEPwuTn4oBA4 Spam Rejected')
2026-05-09 04:20:35,380 [ERROR] application.email.email_sender - [829/846] ERRO → carlos.ferreira.braga@gmail.com
Traceback (most recent call last):
  File "G:\.shortcut-targets-by-id\1NsBCziGNFjlQ-f8QRcezPsKVP9QzGdp0\APPs\atrpt\application\email\email_sender.py", line 318, in send_batch
    self.smtp.send(mime, recipients)
  File "G:\.shortcut-targets-by-id\1NsBCziGNFjlQ-f8QRcezPsKVP9QzGdp0\APPs\atrpt\infrastructure\email\smtp_client.py", line 108, in send
    self._smtp.send_message(mime, to_addrs=recipients)
  File "C:\envs\atrpt\Lib\smtplib.py", line 975, in send_message
    return self.sendmail(from_addr, to_addrs, flatmsg, mail_options,
           ^^^^^^^^^^^^^^^^^^^^^^^^^^^^^^^^^^^^^^^^^^^^^^^^^^^^^^^^^
  File "C:\envs\atrpt\Lib\smtplib.py", line 897, in sendmail
    raise SMTPDataError(code, resp)
smtplib.SMTPDataError: (550, b'5.2.0 LYEzwJOvvSMHl Spam Rejected')
2026-05-09 04:21:16,584 [ERROR] application.email.email_sender - [831/846] ERRO → marcio-rocha@sapo.pt
Traceback (most recent call last):
  File "G:\.shortcut-targets-by-id\1NsBCziGNFjlQ-f8QRcezPsKVP9QzGdp0\APPs\atrpt\application\email\email_sender.py", line 318, in send_batch
    self.smtp.send(mime, recipients)
  File "G:\.shortcut-targets-by-id\1NsBCziGNFjlQ-f8QRcezPsKVP9QzGdp0\APPs\atrpt\infrastructure\email\smtp_client.py", line 108, in send
    self._smtp.send_message(mime, to_addrs=recipients)
  File "C:\envs\atrpt\Lib\smtplib.py", line 975, in send_message
    return self.sendmail(from_addr, to_addrs, flatmsg, mail_options,
           ^^^^^^^^^^^^^^^^^^^^^^^^^^^^^^^^^^^^^^^^^^^^^^^^^^^^^^^^^
  File "C:\envs\atrpt\Lib\smtplib.py", line 897, in sendmail
    raise SMTPDataError(code, resp)
smtplib.SMTPDataError: (550, b'5.2.0 LYFfwuUrOoBA4 Spam Rejected')
2026-05-09 04:21:52,569 [ERROR] application.email.email_sender - [833/846] ERRO → aldina.r@hotmail.com
Traceback (most recent call last):
  File "G:\.shortcut-targets-by-id\1NsBCziGNFjlQ-f8QRcezPsKVP9QzGdp0\APPs\atrpt\application\email\email_sender.py", line 318, in send_batch
    self.smtp.send(mime, recipients)
  File "G:\.shortcut-targets-by-id\1NsBCziGNFjlQ-f8QRcezPsKVP9QzGdp0\APPs\atrpt\infrastructure\email\smtp_client.py", line 108, in send
    self._smtp.send_message(mime, to_addrs=recipients)
  File "C:\envs\atrpt\Lib\smtplib.py", line 975, in send_message
    return self.sendmail(from_addr, to_addrs, flatmsg, mail_options,
           ^^^^^^^^^^^^^^^^^^^^^^^^^^^^^^^^^^^^^^^^^^^^^^^^^^^^^^^^^
  File "C:\envs\atrpt\Lib\smtplib.py", line 897, in sendmail
    raise SMTPDataError(code, resp)
smtplib.SMTPDataError: (550, b'5.2.0 LYGDwyCwDPqNc Spam Rejected')
2026-05-09 04:22:31,552 [ERROR] application.email.email_sender - [835/846] ERRO → joana_nunes@sapo.pt
Traceback (most recent call last):
  File "G:\.shortcut-targets-by-id\1NsBCziGNFjlQ-f8QRcezPsKVP9QzGdp0\APPs\atrpt\application\email\email_sender.py", line 318, in send_batch
    self.smtp.send(mime, recipients)
  File "G:\.shortcut-targets-by-id\1NsBCziGNFjlQ-f8QRcezPsKVP9QzGdp0\APPs\atrpt\infrastructure\email\smtp_client.py", line 108, in send
    self._smtp.send_message(mime, to_addrs=recipients)
  File "C:\envs\atrpt\Lib\smtplib.py", line 975, in send_message
    return self.sendmail(from_addr, to_addrs, flatmsg, mail_options,
           ^^^^^^^^^^^^^^^^^^^^^^^^^^^^^^^^^^^^^^^^^^^^^^^^^^^^^^^^^
  File "C:\envs\atrpt\Lib\smtplib.py", line 897, in sendmail
    raise SMTPDataError(code, resp)
smtplib.SMTPDataError: (550, b'5.2.0 LYGswJQaxSMHl Spam Rejected')
2026-05-09 04:23:04,063 [ERROR] application.email.email_sender - [837/846] ERRO → sonia.g.carvalho@sapo.pt
Traceback (most recent call last):
  File "G:\.shortcut-targets-by-id\1NsBCziGNFjlQ-f8QRcezPsKVP9QzGdp0\APPs\atrpt\application\email\email_sender.py", line 318, in send_batch
    self.smtp.send(mime, recipients)
  File "G:\.shortcut-targets-by-id\1NsBCziGNFjlQ-f8QRcezPsKVP9QzGdp0\APPs\atrpt\infrastructure\email\smtp_client.py", line 108, in send
    self._smtp.send_message(mime, to_addrs=recipients)
  File "C:\envs\atrpt\Lib\smtplib.py", line 975, in send_message
    return self.sendmail(from_addr, to_addrs, flatmsg, mail_options,
           ^^^^^^^^^^^^^^^^^^^^^^^^^^^^^^^^^^^^^^^^^^^^^^^^^^^^^^^^^
  File "C:\envs\atrpt\Lib\smtplib.py", line 897, in sendmail
    raise SMTPDataError(code, resp)
smtplib.SMTPDataError: (550, b'5.2.0 LYHOwAKGMmakW Spam Rejected')
2026-05-09 04:23:34,786 [ERROR] application.email.email_sender - [839/846] ERRO → carlos.a.moreira@sapo.pt
Traceback (most recent call last):
  File "G:\.shortcut-targets-by-id\1NsBCziGNFjlQ-f8QRcezPsKVP9QzGdp0\APPs\atrpt\application\email\email_sender.py", line 318, in send_batch
    self.smtp.send(mime, recipients)
  File "G:\.shortcut-targets-by-id\1NsBCziGNFjlQ-f8QRcezPsKVP9QzGdp0\APPs\atrpt\infrastructure\email\smtp_client.py", line 108, in send
    self._smtp.send_message(mime, to_addrs=recipients)
  File "C:\envs\atrpt\Lib\smtplib.py", line 975, in send_message
    return self.sendmail(from_addr, to_addrs, flatmsg, mail_options,
           ^^^^^^^^^^^^^^^^^^^^^^^^^^^^^^^^^^^^^^^^^^^^^^^^^^^^^^^^^
  File "C:\envs\atrpt\Lib\smtplib.py", line 897, in sendmail
    raise SMTPDataError(code, resp)
smtplib.SMTPDataError: (550, b'5.2.0 LYHtwyEMAPqNc Spam Rejected')
2026-05-09 04:24:09,742 [ERROR] application.email.email_sender - [841/846] ERRO → fernandanunesmoreira@gmail.com
Traceback (most recent call last):
  File "G:\.shortcut-targets-by-id\1NsBCziGNFjlQ-f8QRcezPsKVP9QzGdp0\APPs\atrpt\application\email\email_sender.py", line 318, in send_batch
    self.smtp.send(mime, recipients)
  File "G:\.shortcut-targets-by-id\1NsBCziGNFjlQ-f8QRcezPsKVP9QzGdp0\APPs\atrpt\infrastructure\email\smtp_client.py", line 108, in send
    self._smtp.send_message(mime, to_addrs=recipients)
  File "C:\envs\atrpt\Lib\smtplib.py", line 975, in send_message
    return self.sendmail(from_addr, to_addrs, flatmsg, mail_options,
           ^^^^^^^^^^^^^^^^^^^^^^^^^^^^^^^^^^^^^^^^^^^^^^^^^^^^^^^^^
  File "C:\envs\atrpt\Lib\smtplib.py", line 897, in sendmail
    raise SMTPDataError(code, resp)
smtplib.SMTPDataError: (550, b'5.2.0 LYINwchqpUbIP Spam Rejected')
2026-05-09 04:24:38,372 [ERROR] application.email.email_sender - [843/846] ERRO → vilhena.fatima@gmail.com
Traceback (most recent call last):
  File "G:\.shortcut-targets-by-id\1NsBCziGNFjlQ-f8QRcezPsKVP9QzGdp0\APPs\atrpt\application\email\email_sender.py", line 318, in send_batch
    self.smtp.send(mime, recipients)
  File "G:\.shortcut-targets-by-id\1NsBCziGNFjlQ-f8QRcezPsKVP9QzGdp0\APPs\atrpt\infrastructure\email\smtp_client.py", line 108, in send
    self._smtp.send_message(mime, to_addrs=recipients)
  File "C:\envs\atrpt\Lib\smtplib.py", line 975, in send_message
    return self.sendmail(from_addr, to_addrs, flatmsg, mail_options,
           ^^^^^^^^^^^^^^^^^^^^^^^^^^^^^^^^^^^^^^^^^^^^^^^^^^^^^^^^^
  File "C:\envs\atrpt\Lib\smtplib.py", line 897, in sendmail
    raise SMTPDataError(code, resp)
smtplib.SMTPDataError: (550, b'5.2.0 LYIuwyFPoPqNc Spam Rejected')
2026-05-09 04:25:13,042 [ERROR] application.email.email_sender - [845/846] ERRO → franciscoorgebasadre@gmail.com
Traceback (most recent call last):
  File "G:\.shortcut-targets-by-id\1NsBCziGNFjlQ-f8QRcezPsKVP9QzGdp0\APPs\atrpt\application\email\email_sender.py", line 318, in send_batch
    self.smtp.send(mime, recipients)
  File "G:\.shortcut-targets-by-id\1NsBCziGNFjlQ-f8QRcezPsKVP9QzGdp0\APPs\atrpt\infrastructure\email\smtp_client.py", line 108, in send
    self._smtp.send_message(mime, to_addrs=recipients)
  File "C:\envs\atrpt\Lib\smtplib.py", line 975, in send_message
    return self.sendmail(from_addr, to_addrs, flatmsg, mail_options,
           ^^^^^^^^^^^^^^^^^^^^^^^^^^^^^^^^^^^^^^^^^^^^^^^^^^^^^^^^^
  File "C:\envs\atrpt\Lib\smtplib.py", line 897, in sendmail
    raise SMTPDataError(code, resp)
smtplib.SMTPDataError: (550, b'5.2.0 LYJTwuY9ZoBA4 Spam Rejected')
2026-05-10 13:00:01,098 [ERROR] application.email.email_sender - [6/178] ERRO → fernando.araujo@sapo.pt
Traceback (most recent call last):
  File "G:\.shortcut-targets-by-id\1NsBCziGNFjlQ-f8QRcezPsKVP9QzGdp0\APPs\atrpt\application\email\email_sender.py", line 322, in send_batch
    self.smtp.send(mime, recipients)
  File "G:\.shortcut-targets-by-id\1NsBCziGNFjlQ-f8QRcezPsKVP9QzGdp0\APPs\atrpt\infrastructure\email\smtp_client.py", line 108, in send
    self._smtp.send_message(mime, to_addrs=recipients)
  File "C:\Users\Utilizador\AppData\Local\Programs\Python\Python311\Lib\smtplib.py", line 986, in send_message
    return self.sendmail(from_addr, to_addrs, flatmsg, mail_options,
           ^^^^^^^^^^^^^^^^^^^^^^^^^^^^^^^^^^^^^^^^^^^^^^^^^^^^^^^^^
  File "C:\Users\Utilizador\AppData\Local\Programs\Python\Python311\Lib\smtplib.py", line 908, in sendmail
    raise SMTPDataError(code, resp)
smtplib.SMTPDataError: (550, b'5.2.0 M2nhwg8z1dK1E Spam Rejected')
2026-05-10 13:01:27,199 [ERROR] application.email.email_sender - [12/178] ERRO → agiselaf@hotmail.com
Traceback (most recent call last):
  File "G:\.shortcut-targets-by-id\1NsBCziGNFjlQ-f8QRcezPsKVP9QzGdp0\APPs\atrpt\application\email\email_sender.py", line 322, in send_batch
    self.smtp.send(mime, recipients)
  File "G:\.shortcut-targets-by-id\1NsBCziGNFjlQ-f8QRcezPsKVP9QzGdp0\APPs\atrpt\infrastructure\email\smtp_client.py", line 108, in send
    self._smtp.send_message(mime, to_addrs=recipients)
  File "C:\Users\Utilizador\AppData\Local\Programs\Python\Python311\Lib\smtplib.py", line 986, in send_message
    return self.sendmail(from_addr, to_addrs, flatmsg, mail_options,
           ^^^^^^^^^^^^^^^^^^^^^^^^^^^^^^^^^^^^^^^^^^^^^^^^^^^^^^^^^
  File "C:\Users\Utilizador\AppData\Local\Programs\Python\Python311\Lib\smtplib.py", line 908, in sendmail
    raise SMTPDataError(code, resp)
smtplib.SMTPDataError: (550, b'5.2.0 M2ppw86tLUbIP Spam Rejected')
2026-05-10 13:02:07,236 [ERROR] application.email.email_sender - [13/178] ERRO → foctavio@sapo.pt
Traceback (most recent call last):
  File "G:\.shortcut-targets-by-id\1NsBCziGNFjlQ-f8QRcezPsKVP9QzGdp0\APPs\atrpt\application\email\email_sender.py", line 322, in send_batch
    self.smtp.send(mime, recipients)
  File "G:\.shortcut-targets-by-id\1NsBCziGNFjlQ-f8QRcezPsKVP9QzGdp0\APPs\atrpt\infrastructure\email\smtp_client.py", line 108, in send
    self._smtp.send_message(mime, to_addrs=recipients)
  File "C:\Users\Utilizador\AppData\Local\Programs\Python\Python311\Lib\smtplib.py", line 986, in send_message
    return self.sendmail(from_addr, to_addrs, flatmsg, mail_options,
           ^^^^^^^^^^^^^^^^^^^^^^^^^^^^^^^^^^^^^^^^^^^^^^^^^^^^^^^^^
  File "C:\Users\Utilizador\AppData\Local\Programs\Python\Python311\Lib\smtplib.py", line 908, in sendmail
    raise SMTPDataError(code, resp)
smtplib.SMTPDataError: (550, b'5.2.0 M2rDwfkOomakW Spam Rejected')
2026-05-10 13:03:10,654 [ERROR] application.email.email_sender - [14/178] ERRO → cesar.m.correia@sapo.pt
Traceback (most recent call last):
  File "G:\.shortcut-targets-by-id\1NsBCziGNFjlQ-f8QRcezPsKVP9QzGdp0\APPs\atrpt\application\email\email_sender.py", line 322, in send_batch
    self.smtp.send(mime, recipients)
  File "G:\.shortcut-targets-by-id\1NsBCziGNFjlQ-f8QRcezPsKVP9QzGdp0\APPs\atrpt\infrastructure\email\smtp_client.py", line 108, in send
    self._smtp.send_message(mime, to_addrs=recipients)
  File "C:\Users\Utilizador\AppData\Local\Programs\Python\Python311\Lib\smtplib.py", line 986, in send_message
    return self.sendmail(from_addr, to_addrs, flatmsg, mail_options,
           ^^^^^^^^^^^^^^^^^^^^^^^^^^^^^^^^^^^^^^^^^^^^^^^^^^^^^^^^^
  File "C:\Users\Utilizador\AppData\Local\Programs\Python\Python311\Lib\smtplib.py", line 908, in sendmail
    raise SMTPDataError(code, resp)
smtplib.SMTPDataError: (550, b'5.2.0 M2sDw89EUUbIP Spam Rejected')
2026-05-10 13:03:59,973 [ERROR] application.email.email_sender - [15/178] ERRO → mariojtc56@gmail.com
Traceback (most recent call last):
  File "G:\.shortcut-targets-by-id\1NsBCziGNFjlQ-f8QRcezPsKVP9QzGdp0\APPs\atrpt\application\email\email_sender.py", line 322, in send_batch
    self.smtp.send(mime, recipients)
  File "G:\.shortcut-targets-by-id\1NsBCziGNFjlQ-f8QRcezPsKVP9QzGdp0\APPs\atrpt\infrastructure\email\smtp_client.py", line 108, in send
    self._smtp.send_message(mime, to_addrs=recipients)
  File "C:\Users\Utilizador\AppData\Local\Programs\Python\Python311\Lib\smtplib.py", line 986, in send_message
    return self.sendmail(from_addr, to_addrs, flatmsg, mail_options,
           ^^^^^^^^^^^^^^^^^^^^^^^^^^^^^^^^^^^^^^^^^^^^^^^^^^^^^^^^^
  File "C:\Users\Utilizador\AppData\Local\Programs\Python\Python311\Lib\smtplib.py", line 908, in sendmail
    raise SMTPDataError(code, resp)
smtplib.SMTPDataError: (550, b'5.2.0 M2t2wfmCNmakW Spam Rejected')
2026-05-10 13:05:03,483 [ERROR] application.email.email_sender - [16/178] ERRO → manuelambrenhas@gmail.com
Traceback (most recent call last):
  File "G:\.shortcut-targets-by-id\1NsBCziGNFjlQ-f8QRcezPsKVP9QzGdp0\APPs\atrpt\application\email\email_sender.py", line 322, in send_batch
    self.smtp.send(mime, recipients)
  File "G:\.shortcut-targets-by-id\1NsBCziGNFjlQ-f8QRcezPsKVP9QzGdp0\APPs\atrpt\infrastructure\email\smtp_client.py", line 108, in send
    self._smtp.send_message(mime, to_addrs=recipients)
  File "C:\Users\Utilizador\AppData\Local\Programs\Python\Python311\Lib\smtplib.py", line 986, in send_message
    return self.sendmail(from_addr, to_addrs, flatmsg, mail_options,
           ^^^^^^^^^^^^^^^^^^^^^^^^^^^^^^^^^^^^^^^^^^^^^^^^^^^^^^^^^
  File "C:\Users\Utilizador\AppData\Local\Programs\Python\Python311\Lib\smtplib.py", line 908, in sendmail
    raise SMTPDataError(code, resp)
smtplib.SMTPDataError: (550, b'5.2.0 M2u2wgFRCdK1E Spam Rejected')
2026-05-10 13:05:51,233 [ERROR] application.email.email_sender - [17/178] ERRO → fatima.barroso@hotmail.com
Traceback (most recent call last):
  File "G:\.shortcut-targets-by-id\1NsBCziGNFjlQ-f8QRcezPsKVP9QzGdp0\APPs\atrpt\application\email\email_sender.py", line 322, in send_batch
    self.smtp.send(mime, recipients)
  File "G:\.shortcut-targets-by-id\1NsBCziGNFjlQ-f8QRcezPsKVP9QzGdp0\APPs\atrpt\infrastructure\email\smtp_client.py", line 108, in send
    self._smtp.send_message(mime, to_addrs=recipients)
  File "C:\Users\Utilizador\AppData\Local\Programs\Python\Python311\Lib\smtplib.py", line 986, in send_message
    return self.sendmail(from_addr, to_addrs, flatmsg, mail_options,
           ^^^^^^^^^^^^^^^^^^^^^^^^^^^^^^^^^^^^^^^^^^^^^^^^^^^^^^^^^
  File "C:\Users\Utilizador\AppData\Local\Programs\Python\Python311\Lib\smtplib.py", line 908, in sendmail
    raise SMTPDataError(code, resp)
smtplib.SMTPDataError: (550, b'5.2.0 M2upw8Bf6UbIP Spam Rejected')
2026-05-10 13:06:58,041 [ERROR] application.email.email_sender - [18/178] ERRO → fernanda.mm.silva@hotmail.com
Traceback (most recent call last):
  File "G:\.shortcut-targets-by-id\1NsBCziGNFjlQ-f8QRcezPsKVP9QzGdp0\APPs\atrpt\application\email\email_sender.py", line 322, in send_batch
    self.smtp.send(mime, recipients)
  File "G:\.shortcut-targets-by-id\1NsBCziGNFjlQ-f8QRcezPsKVP9QzGdp0\APPs\atrpt\infrastructure\email\smtp_client.py", line 108, in send
    self._smtp.send_message(mime, to_addrs=recipients)
  File "C:\Users\Utilizador\AppData\Local\Programs\Python\Python311\Lib\smtplib.py", line 986, in send_message
    return self.sendmail(from_addr, to_addrs, flatmsg, mail_options,
           ^^^^^^^^^^^^^^^^^^^^^^^^^^^^^^^^^^^^^^^^^^^^^^^^^^^^^^^^^
  File "C:\Users\Utilizador\AppData\Local\Programs\Python\Python311\Lib\smtplib.py", line 908, in sendmail
    raise SMTPDataError(code, resp)
smtplib.SMTPDataError: (550, b'5.2.0 M2vuwTmaEPqNc Spam Rejected')
2026-05-10 13:07:58,174 [ERROR] application.email.email_sender - [19/178] ERRO → eduardoacmota@sapo.pt
Traceback (most recent call last):
  File "G:\.shortcut-targets-by-id\1NsBCziGNFjlQ-f8QRcezPsKVP9QzGdp0\APPs\atrpt\application\email\email_sender.py", line 322, in send_batch
    self.smtp.send(mime, recipients)
  File "G:\.shortcut-targets-by-id\1NsBCziGNFjlQ-f8QRcezPsKVP9QzGdp0\APPs\atrpt\infrastructure\email\smtp_client.py", line 108, in send
    self._smtp.send_message(mime, to_addrs=recipients)
  File "C:\Users\Utilizador\AppData\Local\Programs\Python\Python311\Lib\smtplib.py", line 986, in send_message
    return self.sendmail(from_addr, to_addrs, flatmsg, mail_options,
           ^^^^^^^^^^^^^^^^^^^^^^^^^^^^^^^^^^^^^^^^^^^^^^^^^^^^^^^^^
  File "C:\Users\Utilizador\AppData\Local\Programs\Python\Python311\Lib\smtplib.py", line 908, in sendmail
    raise SMTPDataError(code, resp)
smtplib.SMTPDataError: (550, b'5.2.0 M2wswovSXSMHl Spam Rejected')
2026-05-10 13:08:42,457 [ERROR] application.email.email_sender - [20/178] ERRO → mmanuelagaio@gmail.com
Traceback (most recent call last):
  File "G:\.shortcut-targets-by-id\1NsBCziGNFjlQ-f8QRcezPsKVP9QzGdp0\APPs\atrpt\application\email\email_sender.py", line 322, in send_batch
    self.smtp.send(mime, recipients)
  File "G:\.shortcut-targets-by-id\1NsBCziGNFjlQ-f8QRcezPsKVP9QzGdp0\APPs\atrpt\infrastructure\email\smtp_client.py", line 108, in send
    self._smtp.send_message(mime, to_addrs=recipients)
  File "C:\Users\Utilizador\AppData\Local\Programs\Python\Python311\Lib\smtplib.py", line 986, in send_message
    return self.sendmail(from_addr, to_addrs, flatmsg, mail_options,
           ^^^^^^^^^^^^^^^^^^^^^^^^^^^^^^^^^^^^^^^^^^^^^^^^^^^^^^^^^
  File "C:\Users\Utilizador\AppData\Local\Programs\Python\Python311\Lib\smtplib.py", line 908, in sendmail
    raise SMTPDataError(code, resp)
smtplib.SMTPDataError: (550, b'5.2.0 M2xawow60SMHl Spam Rejected')
2026-05-10 13:09:52,964 [ERROR] application.email.email_sender - [22/178] ERRO → belmor@sapo.pt
Traceback (most recent call last):
  File "G:\.shortcut-targets-by-id\1NsBCziGNFjlQ-f8QRcezPsKVP9QzGdp0\APPs\atrpt\application\email\email_sender.py", line 322, in send_batch
    self.smtp.send(mime, recipients)
  File "G:\.shortcut-targets-by-id\1NsBCziGNFjlQ-f8QRcezPsKVP9QzGdp0\APPs\atrpt\infrastructure\email\smtp_client.py", line 108, in send
    self._smtp.send_message(mime, to_addrs=recipients)
  File "C:\Users\Utilizador\AppData\Local\Programs\Python\Python311\Lib\smtplib.py", line 986, in send_message
    return self.sendmail(from_addr, to_addrs, flatmsg, mail_options,
           ^^^^^^^^^^^^^^^^^^^^^^^^^^^^^^^^^^^^^^^^^^^^^^^^^^^^^^^^^
  File "C:\Users\Utilizador\AppData\Local\Programs\Python\Python311\Lib\smtplib.py", line 908, in sendmail
    raise SMTPDataError(code, resp)
smtplib.SMTPDataError: (550, b'5.2.0 M2yHw8F8PUbIP Spam Rejected')
2026-05-10 13:10:57,692 [ERROR] application.email.email_sender - [23/178] ERRO → lfcrodrigues28@gmail.com
Traceback (most recent call last):
  File "G:\.shortcut-targets-by-id\1NsBCziGNFjlQ-f8QRcezPsKVP9QzGdp0\APPs\atrpt\application\email\email_sender.py", line 322, in send_batch
    self.smtp.send(mime, recipients)
  File "G:\.shortcut-targets-by-id\1NsBCziGNFjlQ-f8QRcezPsKVP9QzGdp0\APPs\atrpt\infrastructure\email\smtp_client.py", line 108, in send
    self._smtp.send_message(mime, to_addrs=recipients)
  File "C:\Users\Utilizador\AppData\Local\Programs\Python\Python311\Lib\smtplib.py", line 986, in send_message
    return self.sendmail(from_addr, to_addrs, flatmsg, mail_options,
           ^^^^^^^^^^^^^^^^^^^^^^^^^^^^^^^^^^^^^^^^^^^^^^^^^^^^^^^^^
  File "C:\Users\Utilizador\AppData\Local\Programs\Python\Python311\Lib\smtplib.py", line 908, in sendmail
    raise SMTPDataError(code, resp)
smtplib.SMTPDataError: (550, b'5.2.0 M2zlwgKtsdK1E Spam Rejected')
2026-05-10 13:11:43,682 [ERROR] application.email.email_sender - [24/178] ERRO → gininha121@gmail.com
Traceback (most recent call last):
  File "G:\.shortcut-targets-by-id\1NsBCziGNFjlQ-f8QRcezPsKVP9QzGdp0\APPs\atrpt\application\email\email_sender.py", line 322, in send_batch
    self.smtp.send(mime, recipients)
  File "G:\.shortcut-targets-by-id\1NsBCziGNFjlQ-f8QRcezPsKVP9QzGdp0\APPs\atrpt\infrastructure\email\smtp_client.py", line 108, in send
    self._smtp.send_message(mime, to_addrs=recipients)
  File "C:\Users\Utilizador\AppData\Local\Programs\Python\Python311\Lib\smtplib.py", line 986, in send_message
    return self.sendmail(from_addr, to_addrs, flatmsg, mail_options,
           ^^^^^^^^^^^^^^^^^^^^^^^^^^^^^^^^^^^^^^^^^^^^^^^^^^^^^^^^^
  File "C:\Users\Utilizador\AppData\Local\Programs\Python\Python311\Lib\smtplib.py", line 908, in sendmail
    raise SMTPDataError(code, resp)
smtplib.SMTPDataError: (550, b'5.2.0 M30VwoyjsSMHl Spam Rejected')
2026-05-10 13:12:32,784 [ERROR] application.email.email_sender - [25/178] ERRO → m.caldasmatos@sapo.pt
Traceback (most recent call last):
  File "G:\.shortcut-targets-by-id\1NsBCziGNFjlQ-f8QRcezPsKVP9QzGdp0\APPs\atrpt\application\email\email_sender.py", line 322, in send_batch
    self.smtp.send(mime, recipients)
  File "G:\.shortcut-targets-by-id\1NsBCziGNFjlQ-f8QRcezPsKVP9QzGdp0\APPs\atrpt\infrastructure\email\smtp_client.py", line 108, in send
    self._smtp.send_message(mime, to_addrs=recipients)
  File "C:\Users\Utilizador\AppData\Local\Programs\Python\Python311\Lib\smtplib.py", line 986, in send_message
    return self.sendmail(from_addr, to_addrs, flatmsg, mail_options,
           ^^^^^^^^^^^^^^^^^^^^^^^^^^^^^^^^^^^^^^^^^^^^^^^^^^^^^^^^^
  File "C:\Users\Utilizador\AppData\Local\Programs\Python\Python311\Lib\smtplib.py", line 908, in sendmail
    raise SMTPDataError(code, resp)
smtplib.SMTPDataError: (550, b'5.2.0 M31IwTrnIPqNc Spam Rejected')
2026-05-10 13:13:21,939 [ERROR] application.email.email_sender - [26/178] ERRO → florentino.a.pereira@sapo.pt
Traceback (most recent call last):
  File "G:\.shortcut-targets-by-id\1NsBCziGNFjlQ-f8QRcezPsKVP9QzGdp0\APPs\atrpt\application\email\email_sender.py", line 322, in send_batch
    self.smtp.send(mime, recipients)
  File "G:\.shortcut-targets-by-id\1NsBCziGNFjlQ-f8QRcezPsKVP9QzGdp0\APPs\atrpt\infrastructure\email\smtp_client.py", line 108, in send
    self._smtp.send_message(mime, to_addrs=recipients)
  File "C:\Users\Utilizador\AppData\Local\Programs\Python\Python311\Lib\smtplib.py", line 986, in send_message
    return self.sendmail(from_addr, to_addrs, flatmsg, mail_options,
           ^^^^^^^^^^^^^^^^^^^^^^^^^^^^^^^^^^^^^^^^^^^^^^^^^^^^^^^^^
  File "C:\Users\Utilizador\AppData\Local\Programs\Python\Python311\Lib\smtplib.py", line 908, in sendmail
    raise SMTPDataError(code, resp)
smtplib.SMTPDataError: (550, b'5.2.0 M326wTsXVPqNc Spam Rejected')
2026-05-10 13:14:00,498 [ERROR] application.email.email_sender - [27/178] ERRO → familia.anjos@sapo.pt
Traceback (most recent call last):
  File "G:\.shortcut-targets-by-id\1NsBCziGNFjlQ-f8QRcezPsKVP9QzGdp0\APPs\atrpt\application\email\email_sender.py", line 322, in send_batch
    self.smtp.send(mime, recipients)
  File "G:\.shortcut-targets-by-id\1NsBCziGNFjlQ-f8QRcezPsKVP9QzGdp0\APPs\atrpt\infrastructure\email\smtp_client.py", line 108, in send
    self._smtp.send_message(mime, to_addrs=recipients)
  File "C:\Users\Utilizador\AppData\Local\Programs\Python\Python311\Lib\smtplib.py", line 986, in send_message
    return self.sendmail(from_addr, to_addrs, flatmsg, mail_options,
           ^^^^^^^^^^^^^^^^^^^^^^^^^^^^^^^^^^^^^^^^^^^^^^^^^^^^^^^^^
  File "C:\Users\Utilizador\AppData\Local\Programs\Python\Python311\Lib\smtplib.py", line 908, in sendmail
    raise SMTPDataError(code, resp)
smtplib.SMTPDataError: (550, b'5.2.0 M32iwfvdKmakW Spam Rejected')
2026-05-10 13:14:42,588 [ERROR] application.email.email_sender - [28/178] ERRO → valdemarantoniosoares@gmail.com
Traceback (most recent call last):
  File "G:\.shortcut-targets-by-id\1NsBCziGNFjlQ-f8QRcezPsKVP9QzGdp0\APPs\atrpt\application\email\email_sender.py", line 322, in send_batch
    self.smtp.send(mime, recipients)
  File "G:\.shortcut-targets-by-id\1NsBCziGNFjlQ-f8QRcezPsKVP9QzGdp0\APPs\atrpt\infrastructure\email\smtp_client.py", line 108, in send
    self._smtp.send_message(mime, to_addrs=recipients)
  File "C:\Users\Utilizador\AppData\Local\Programs\Python\Python311\Lib\smtplib.py", line 986, in send_message
    return self.sendmail(from_addr, to_addrs, flatmsg, mail_options,
           ^^^^^^^^^^^^^^^^^^^^^^^^^^^^^^^^^^^^^^^^^^^^^^^^^^^^^^^^^
  File "C:\Users\Utilizador\AppData\Local\Programs\Python\Python311\Lib\smtplib.py", line 908, in sendmail
    raise SMTPDataError(code, resp)
smtplib.SMTPDataError: (550, b'5.2.0 M33OwTtmmPqNc Spam Rejected')
2026-05-10 13:15:45,397 [ERROR] application.email.email_sender - [29/178] ERRO → jlaguiarpinto@gmail.com
Traceback (most recent call last):
  File "G:\.shortcut-targets-by-id\1NsBCziGNFjlQ-f8QRcezPsKVP9QzGdp0\APPs\atrpt\application\email\email_sender.py", line 322, in send_batch
    self.smtp.send(mime, recipients)
  File "G:\.shortcut-targets-by-id\1NsBCziGNFjlQ-f8QRcezPsKVP9QzGdp0\APPs\atrpt\infrastructure\email\smtp_client.py", line 108, in send
    self._smtp.send_message(mime, to_addrs=recipients)
  File "C:\Users\Utilizador\AppData\Local\Programs\Python\Python311\Lib\smtplib.py", line 986, in send_message
    return self.sendmail(from_addr, to_addrs, flatmsg, mail_options,
           ^^^^^^^^^^^^^^^^^^^^^^^^^^^^^^^^^^^^^^^^^^^^^^^^^^^^^^^^^
  File "C:\Users\Utilizador\AppData\Local\Programs\Python\Python311\Lib\smtplib.py", line 908, in sendmail
    raise SMTPDataError(code, resp)
smtplib.SMTPDataError: (550, b'5.2.0 M34PwgPGbdK1E Spam Rejected')
2026-05-10 13:16:30,752 [ERROR] application.email.email_sender - [30/178] ERRO → m.branca.portela@hotmail.com
Traceback (most recent call last):
  File "G:\.shortcut-targets-by-id\1NsBCziGNFjlQ-f8QRcezPsKVP9QzGdp0\APPs\atrpt\application\email\email_sender.py", line 322, in send_batch
    self.smtp.send(mime, recipients)
  File "G:\.shortcut-targets-by-id\1NsBCziGNFjlQ-f8QRcezPsKVP9QzGdp0\APPs\atrpt\infrastructure\email\smtp_client.py", line 108, in send
    self._smtp.send_message(mime, to_addrs=recipients)
  File "C:\Users\Utilizador\AppData\Local\Programs\Python\Python311\Lib\smtplib.py", line 986, in send_message
    return self.sendmail(from_addr, to_addrs, flatmsg, mail_options,
           ^^^^^^^^^^^^^^^^^^^^^^^^^^^^^^^^^^^^^^^^^^^^^^^^^^^^^^^^^
  File "C:\Users\Utilizador\AppData\Local\Programs\Python\Python311\Lib\smtplib.py", line 908, in sendmail
    raise SMTPDataError(code, resp)
smtplib.SMTPDataError: (550, b'5.2.0 M359w8LqOUbIP Spam Rejected')
2026-05-10 13:17:33,668 [ERROR] application.email.email_sender - [31/178] ERRO → fimpsg@gmail.com
Traceback (most recent call last):
  File "G:\.shortcut-targets-by-id\1NsBCziGNFjlQ-f8QRcezPsKVP9QzGdp0\APPs\atrpt\application\email\email_sender.py", line 322, in send_batch
    self.smtp.send(mime, recipients)
  File "G:\.shortcut-targets-by-id\1NsBCziGNFjlQ-f8QRcezPsKVP9QzGdp0\APPs\atrpt\infrastructure\email\smtp_client.py", line 108, in send
    self._smtp.send_message(mime, to_addrs=recipients)
  File "C:\Users\Utilizador\AppData\Local\Programs\Python\Python311\Lib\smtplib.py", line 986, in send_message
    return self.sendmail(from_addr, to_addrs, flatmsg, mail_options,
           ^^^^^^^^^^^^^^^^^^^^^^^^^^^^^^^^^^^^^^^^^^^^^^^^^^^^^^^^^
  File "C:\Users\Utilizador\AppData\Local\Programs\Python\Python311\Lib\smtplib.py", line 908, in sendmail
    raise SMTPDataError(code, resp)
smtplib.SMTPDataError: (550, b'5.2.0 M369wgQq9dK1E Spam Rejected')
2026-05-10 13:18:20,694 [ERROR] application.email.email_sender - [32/178] ERRO → alexandrafelixafonso@gmail.com
Traceback (most recent call last):
  File "G:\.shortcut-targets-by-id\1NsBCziGNFjlQ-f8QRcezPsKVP9QzGdp0\APPs\atrpt\application\email\email_sender.py", line 322, in send_batch
    self.smtp.send(mime, recipients)
  File "G:\.shortcut-targets-by-id\1NsBCziGNFjlQ-f8QRcezPsKVP9QzGdp0\APPs\atrpt\infrastructure\email\smtp_client.py", line 108, in send
    self._smtp.send_message(mime, to_addrs=recipients)
  File "C:\Users\Utilizador\AppData\Local\Programs\Python\Python311\Lib\smtplib.py", line 986, in send_message
    return self.sendmail(from_addr, to_addrs, flatmsg, mail_options,
           ^^^^^^^^^^^^^^^^^^^^^^^^^^^^^^^^^^^^^^^^^^^^^^^^^^^^^^^^^
  File "C:\Users\Utilizador\AppData\Local\Programs\Python\Python311\Lib\smtplib.py", line 908, in sendmail
    raise SMTPDataError(code, resp)
smtplib.SMTPDataError: (550, b'5.2.0 M36uwp4oDSMHl Spam Rejected')
2026-05-10 13:19:03,273 [ERROR] application.email.email_sender - [33/178] ERRO → margarida.m.rocha@sapo.pt
Traceback (most recent call last):
  File "G:\.shortcut-targets-by-id\1NsBCziGNFjlQ-f8QRcezPsKVP9QzGdp0\APPs\atrpt\application\email\email_sender.py", line 322, in send_batch
    self.smtp.send(mime, recipients)
  File "G:\.shortcut-targets-by-id\1NsBCziGNFjlQ-f8QRcezPsKVP9QzGdp0\APPs\atrpt\infrastructure\email\smtp_client.py", line 108, in send
    self._smtp.send_message(mime, to_addrs=recipients)
  File "C:\Users\Utilizador\AppData\Local\Programs\Python\Python311\Lib\smtplib.py", line 986, in send_message
    return self.sendmail(from_addr, to_addrs, flatmsg, mail_options,
           ^^^^^^^^^^^^^^^^^^^^^^^^^^^^^^^^^^^^^^^^^^^^^^^^^^^^^^^^^
  File "C:\Users\Utilizador\AppData\Local\Programs\Python\Python311\Lib\smtplib.py", line 908, in sendmail
    raise SMTPDataError(code, resp)
smtplib.SMTPDataError: (550, b'5.2.0 M37awgSDldK1E Spam Rejected')
2026-05-10 13:19:59,332 [ERROR] application.email.email_sender - [34/178] ERRO → aida.m.ferro18@sapo.pt
Traceback (most recent call last):
  File "G:\.shortcut-targets-by-id\1NsBCziGNFjlQ-f8QRcezPsKVP9QzGdp0\APPs\atrpt\application\email\email_sender.py", line 322, in send_batch
    self.smtp.send(mime, recipients)
  File "G:\.shortcut-targets-by-id\1NsBCziGNFjlQ-f8QRcezPsKVP9QzGdp0\APPs\atrpt\infrastructure\email\smtp_client.py", line 108, in send
    self._smtp.send_message(mime, to_addrs=recipients)
  File "C:\Users\Utilizador\AppData\Local\Programs\Python\Python311\Lib\smtplib.py", line 986, in send_message
    return self.sendmail(from_addr, to_addrs, flatmsg, mail_options,
           ^^^^^^^^^^^^^^^^^^^^^^^^^^^^^^^^^^^^^^^^^^^^^^^^^^^^^^^^^
  File "C:\Users\Utilizador\AppData\Local\Programs\Python\Python311\Lib\smtplib.py", line 908, in sendmail
    raise SMTPDataError(code, resp)
smtplib.SMTPDataError: (550, b'5.2.0 M38Uw8P8PUbIP Spam Rejected')
2026-05-10 13:20:43,707 [ERROR] application.email.email_sender - [35/178] ERRO → cdanielaf@gmail.com
Traceback (most recent call last):
  File "G:\.shortcut-targets-by-id\1NsBCziGNFjlQ-f8QRcezPsKVP9QzGdp0\APPs\atrpt\application\email\email_sender.py", line 322, in send_batch
    self.smtp.send(mime, recipients)
  File "G:\.shortcut-targets-by-id\1NsBCziGNFjlQ-f8QRcezPsKVP9QzGdp0\APPs\atrpt\infrastructure\email\smtp_client.py", line 108, in send
    self._smtp.send_message(mime, to_addrs=recipients)
  File "C:\Users\Utilizador\AppData\Local\Programs\Python\Python311\Lib\smtplib.py", line 986, in send_message
    return self.sendmail(from_addr, to_addrs, flatmsg, mail_options,
           ^^^^^^^^^^^^^^^^^^^^^^^^^^^^^^^^^^^^^^^^^^^^^^^^^^^^^^^^^
  File "C:\Users\Utilizador\AppData\Local\Programs\Python\Python311\Lib\smtplib.py", line 908, in sendmail
    raise SMTPDataError(code, resp)
smtplib.SMTPDataError: (550, b'5.2.0 M39CwQF0moBA4 Spam Rejected')
2026-05-10 13:21:28,076 [ERROR] application.email.email_sender - [36/178] ERRO → josemoraissarmento@sapo.pt
Traceback (most recent call last):
  File "G:\.shortcut-targets-by-id\1NsBCziGNFjlQ-f8QRcezPsKVP9QzGdp0\APPs\atrpt\application\email\email_sender.py", line 322, in send_batch
    self.smtp.send(mime, recipients)
  File "G:\.shortcut-targets-by-id\1NsBCziGNFjlQ-f8QRcezPsKVP9QzGdp0\APPs\atrpt\infrastructure\email\smtp_client.py", line 108, in send
    self._smtp.send_message(mime, to_addrs=recipients)
  File "C:\Users\Utilizador\AppData\Local\Programs\Python\Python311\Lib\smtplib.py", line 986, in send_message
    return self.sendmail(from_addr, to_addrs, flatmsg, mail_options,
           ^^^^^^^^^^^^^^^^^^^^^^^^^^^^^^^^^^^^^^^^^^^^^^^^^^^^^^^^^
  File "C:\Users\Utilizador\AppData\Local\Programs\Python\Python311\Lib\smtplib.py", line 908, in sendmail
    raise SMTPDataError(code, resp)
smtplib.SMTPDataError: (550, b'5.2.0 M39pwg2jPmakW Spam Rejected')
2026-05-10 13:22:13,904 [ERROR] application.email.email_sender - [37/178] ERRO → jrmilheiro@gmail.com
Traceback (most recent call last):
  File "G:\.shortcut-targets-by-id\1NsBCziGNFjlQ-f8QRcezPsKVP9QzGdp0\APPs\atrpt\application\email\email_sender.py", line 322, in send_batch
    self.smtp.send(mime, recipients)
  File "G:\.shortcut-targets-by-id\1NsBCziGNFjlQ-f8QRcezPsKVP9QzGdp0\APPs\atrpt\infrastructure\email\smtp_client.py", line 108, in send
    self._smtp.send_message(mime, to_addrs=recipients)
  File "C:\Users\Utilizador\AppData\Local\Programs\Python\Python311\Lib\smtplib.py", line 986, in send_message
    return self.sendmail(from_addr, to_addrs, flatmsg, mail_options,
           ^^^^^^^^^^^^^^^^^^^^^^^^^^^^^^^^^^^^^^^^^^^^^^^^^^^^^^^^^
  File "C:\Users\Utilizador\AppData\Local\Programs\Python\Python311\Lib\smtplib.py", line 908, in sendmail
    raise SMTPDataError(code, resp)
smtplib.SMTPDataError: (550, b'5.2.0 M3AfwQGPDoBA4 Spam Rejected')
2026-05-10 13:23:22,174 [ERROR] application.email.email_sender - [39/178] ERRO → elisabete.mcosta@gmail.com
Traceback (most recent call last):
  File "G:\.shortcut-targets-by-id\1NsBCziGNFjlQ-f8QRcezPsKVP9QzGdp0\APPs\atrpt\application\email\email_sender.py", line 322, in send_batch
    self.smtp.send(mime, recipients)
  File "G:\.shortcut-targets-by-id\1NsBCziGNFjlQ-f8QRcezPsKVP9QzGdp0\APPs\atrpt\infrastructure\email\smtp_client.py", line 108, in send
    self._smtp.send_message(mime, to_addrs=recipients)
  File "C:\Users\Utilizador\AppData\Local\Programs\Python\Python311\Lib\smtplib.py", line 986, in send_message
    return self.sendmail(from_addr, to_addrs, flatmsg, mail_options,
           ^^^^^^^^^^^^^^^^^^^^^^^^^^^^^^^^^^^^^^^^^^^^^^^^^^^^^^^^^
  File "C:\Users\Utilizador\AppData\Local\Programs\Python\Python311\Lib\smtplib.py", line 908, in sendmail
    raise SMTPDataError(code, resp)
smtplib.SMTPDataError: (550, b'5.2.0 M3BXwp9BLSMHl Spam Rejected')
2026-05-10 13:24:08,867 [ERROR] application.email.email_sender - [40/178] ERRO → juliasantoscancela@gmail.com
Traceback (most recent call last):
  File "G:\.shortcut-targets-by-id\1NsBCziGNFjlQ-f8QRcezPsKVP9QzGdp0\APPs\atrpt\application\email\email_sender.py", line 322, in send_batch
    self.smtp.send(mime, recipients)
  File "G:\.shortcut-targets-by-id\1NsBCziGNFjlQ-f8QRcezPsKVP9QzGdp0\APPs\atrpt\infrastructure\email\smtp_client.py", line 108, in send
    self._smtp.send_message(mime, to_addrs=recipients)
  File "C:\Users\Utilizador\AppData\Local\Programs\Python\Python311\Lib\smtplib.py", line 986, in send_message
    return self.sendmail(from_addr, to_addrs, flatmsg, mail_options,
           ^^^^^^^^^^^^^^^^^^^^^^^^^^^^^^^^^^^^^^^^^^^^^^^^^^^^^^^^^
  File "C:\Users\Utilizador\AppData\Local\Programs\Python\Python311\Lib\smtplib.py", line 908, in sendmail
    raise SMTPDataError(code, resp)
smtplib.SMTPDataError: (550, b'5.2.0 M3CXwpA8qSMHl Spam Rejected')
2026-05-10 13:25:21,464 [ERROR] application.email.email_sender - [41/178] ERRO → mnazarerei@sapo.pt
Traceback (most recent call last):
  File "G:\.shortcut-targets-by-id\1NsBCziGNFjlQ-f8QRcezPsKVP9QzGdp0\APPs\atrpt\application\email\email_sender.py", line 322, in send_batch
    self.smtp.send(mime, recipients)
  File "G:\.shortcut-targets-by-id\1NsBCziGNFjlQ-f8QRcezPsKVP9QzGdp0\APPs\atrpt\infrastructure\email\smtp_client.py", line 108, in send
    self._smtp.send_message(mime, to_addrs=recipients)
  File "C:\Users\Utilizador\AppData\Local\Programs\Python\Python311\Lib\smtplib.py", line 986, in send_message
    return self.sendmail(from_addr, to_addrs, flatmsg, mail_options,
           ^^^^^^^^^^^^^^^^^^^^^^^^^^^^^^^^^^^^^^^^^^^^^^^^^^^^^^^^^
  File "C:\Users\Utilizador\AppData\Local\Programs\Python\Python311\Lib\smtplib.py", line 908, in sendmail
    raise SMTPDataError(code, resp)
smtplib.SMTPDataError: (550, b'5.2.0 M3Dbw8UFGUbIP Spam Rejected')
2026-05-10 13:26:19,141 [ERROR] application.email.email_sender - [42/178] ERRO → fernandopinto@gmail.com
Traceback (most recent call last):
  File "G:\.shortcut-targets-by-id\1NsBCziGNFjlQ-f8QRcezPsKVP9QzGdp0\APPs\atrpt\application\email\email_sender.py", line 322, in send_batch
    self.smtp.send(mime, recipients)
  File "G:\.shortcut-targets-by-id\1NsBCziGNFjlQ-f8QRcezPsKVP9QzGdp0\APPs\atrpt\infrastructure\email\smtp_client.py", line 108, in send
    self._smtp.send_message(mime, to_addrs=recipients)
  File "C:\Users\Utilizador\AppData\Local\Programs\Python\Python311\Lib\smtplib.py", line 986, in send_message
    return self.sendmail(from_addr, to_addrs, flatmsg, mail_options,
           ^^^^^^^^^^^^^^^^^^^^^^^^^^^^^^^^^^^^^^^^^^^^^^^^^^^^^^^^^
  File "C:\Users\Utilizador\AppData\Local\Programs\Python\Python311\Lib\smtplib.py", line 908, in sendmail
    raise SMTPDataError(code, resp)
smtplib.SMTPDataError: (550, b'5.2.0 M3EcwU4dbPqNc Spam Rejected')
2026-05-10 13:27:15,105 [ERROR] application.email.email_sender - [43/178] ERRO → aurelinamonteiro@gmail.com
Traceback (most recent call last):
  File "G:\.shortcut-targets-by-id\1NsBCziGNFjlQ-f8QRcezPsKVP9QzGdp0\APPs\atrpt\application\email\email_sender.py", line 322, in send_batch
    self.smtp.send(mime, recipients)
  File "G:\.shortcut-targets-by-id\1NsBCziGNFjlQ-f8QRcezPsKVP9QzGdp0\APPs\atrpt\infrastructure\email\smtp_client.py", line 108, in send
    self._smtp.send_message(mime, to_addrs=recipients)
  File "C:\Users\Utilizador\AppData\Local\Programs\Python\Python311\Lib\smtplib.py", line 986, in send_message
    return self.sendmail(from_addr, to_addrs, flatmsg, mail_options,
           ^^^^^^^^^^^^^^^^^^^^^^^^^^^^^^^^^^^^^^^^^^^^^^^^^^^^^^^^^
  File "C:\Users\Utilizador\AppData\Local\Programs\Python\Python311\Lib\smtplib.py", line 908, in sendmail
    raise SMTPDataError(code, resp)
smtplib.SMTPDataError: (550, b'5.2.0 M3FXwga7hdK1E Spam Rejected')
2026-05-10 13:28:20,093 [ERROR] application.email.email_sender - [44/178] ERRO → joaquim.a.passos@sapo.pt
Traceback (most recent call last):
  File "G:\.shortcut-targets-by-id\1NsBCziGNFjlQ-f8QRcezPsKVP9QzGdp0\APPs\atrpt\application\email\email_sender.py", line 322, in send_batch
    self.smtp.send(mime, recipients)
  File "G:\.shortcut-targets-by-id\1NsBCziGNFjlQ-f8QRcezPsKVP9QzGdp0\APPs\atrpt\infrastructure\email\smtp_client.py", line 108, in send
    self._smtp.send_message(mime, to_addrs=recipients)
  File "C:\Users\Utilizador\AppData\Local\Programs\Python\Python311\Lib\smtplib.py", line 986, in send_message
    return self.sendmail(from_addr, to_addrs, flatmsg, mail_options,
           ^^^^^^^^^^^^^^^^^^^^^^^^^^^^^^^^^^^^^^^^^^^^^^^^^^^^^^^^^
  File "C:\Users\Utilizador\AppData\Local\Programs\Python\Python311\Lib\smtplib.py", line 908, in sendmail
    raise SMTPDataError(code, resp)
smtplib.SMTPDataError: (550, b'5.2.0 M3GawQMDJoBA4 Spam Rejected')
2026-05-10 13:29:16,567 [ERROR] application.email.email_sender - [45/178] ERRO → joaquim.soares.oliveira@gmail.com
Traceback (most recent call last):
  File "G:\.shortcut-targets-by-id\1NsBCziGNFjlQ-f8QRcezPsKVP9QzGdp0\APPs\atrpt\application\email\email_sender.py", line 322, in send_batch
    self.smtp.send(mime, recipients)
  File "G:\.shortcut-targets-by-id\1NsBCziGNFjlQ-f8QRcezPsKVP9QzGdp0\APPs\atrpt\infrastructure\email\smtp_client.py", line 108, in send
    self._smtp.send_message(mime, to_addrs=recipients)
  File "C:\Users\Utilizador\AppData\Local\Programs\Python\Python311\Lib\smtplib.py", line 986, in send_message
    return self.sendmail(from_addr, to_addrs, flatmsg, mail_options,
           ^^^^^^^^^^^^^^^^^^^^^^^^^^^^^^^^^^^^^^^^^^^^^^^^^^^^^^^^^
  File "C:\Users\Utilizador\AppData\Local\Programs\Python\Python311\Lib\smtplib.py", line 908, in sendmail
    raise SMTPDataError(code, resp)
smtplib.SMTPDataError: (550, b'5.2.0 M3HUwU7ZBPqNc Spam Rejected')
2026-05-10 13:30:08,633 [ERROR] application.email.email_sender - [46/178] ERRO → hmgmont@gmail.com
Traceback (most recent call last):
  File "G:\.shortcut-targets-by-id\1NsBCziGNFjlQ-f8QRcezPsKVP9QzGdp0\APPs\atrpt\application\email\email_sender.py", line 322, in send_batch
    self.smtp.send(mime, recipients)
  File "G:\.shortcut-targets-by-id\1NsBCziGNFjlQ-f8QRcezPsKVP9QzGdp0\APPs\atrpt\infrastructure\email\smtp_client.py", line 108, in send
    self._smtp.send_message(mime, to_addrs=recipients)
  File "C:\Users\Utilizador\AppData\Local\Programs\Python\Python311\Lib\smtplib.py", line 986, in send_message
    return self.sendmail(from_addr, to_addrs, flatmsg, mail_options,
           ^^^^^^^^^^^^^^^^^^^^^^^^^^^^^^^^^^^^^^^^^^^^^^^^^^^^^^^^^
  File "C:\Users\Utilizador\AppData\Local\Programs\Python\Python311\Lib\smtplib.py", line 908, in sendmail
    raise SMTPDataError(code, resp)
smtplib.SMTPDataError: (550, b'5.2.0 M3IKwgcradK1E Spam Rejected')
2026-05-10 13:31:10,084 [ERROR] application.email.email_sender - [47/178] ERRO → carlasilvas@sapo.pt
Traceback (most recent call last):
  File "G:\.shortcut-targets-by-id\1NsBCziGNFjlQ-f8QRcezPsKVP9QzGdp0\APPs\atrpt\application\email\email_sender.py", line 322, in send_batch
    self.smtp.send(mime, recipients)
  File "G:\.shortcut-targets-by-id\1NsBCziGNFjlQ-f8QRcezPsKVP9QzGdp0\APPs\atrpt\infrastructure\email\smtp_client.py", line 108, in send
    self._smtp.send_message(mime, to_addrs=recipients)
  File "C:\Users\Utilizador\AppData\Local\Programs\Python\Python311\Lib\smtplib.py", line 986, in send_message
    return self.sendmail(from_addr, to_addrs, flatmsg, mail_options,
           ^^^^^^^^^^^^^^^^^^^^^^^^^^^^^^^^^^^^^^^^^^^^^^^^^^^^^^^^^
  File "C:\Users\Utilizador\AppData\Local\Programs\Python\Python311\Lib\smtplib.py", line 908, in sendmail
    raise SMTPDataError(code, resp)
smtplib.SMTPDataError: (550, b'5.2.0 M3JKwQP1soBA4 Spam Rejected')
2026-05-10 13:32:18,212 [ERROR] application.email.email_sender - [48/178] ERRO → jfamaro333@gmail.com
Traceback (most recent call last):
  File "G:\.shortcut-targets-by-id\1NsBCziGNFjlQ-f8QRcezPsKVP9QzGdp0\APPs\atrpt\application\email\email_sender.py", line 322, in send_batch
    self.smtp.send(mime, recipients)
  File "G:\.shortcut-targets-by-id\1NsBCziGNFjlQ-f8QRcezPsKVP9QzGdp0\APPs\atrpt\infrastructure\email\smtp_client.py", line 108, in send
    self._smtp.send_message(mime, to_addrs=recipients)
  File "C:\Users\Utilizador\AppData\Local\Programs\Python\Python311\Lib\smtplib.py", line 986, in send_message
    return self.sendmail(from_addr, to_addrs, flatmsg, mail_options,
           ^^^^^^^^^^^^^^^^^^^^^^^^^^^^^^^^^^^^^^^^^^^^^^^^^^^^^^^^^
  File "C:\Users\Utilizador\AppData\Local\Programs\Python\Python311\Lib\smtplib.py", line 908, in sendmail
    raise SMTPDataError(code, resp)
smtplib.SMTPDataError: (550, b'5.2.0 M3KJwgev3dK1E Spam Rejected')
2026-05-10 13:33:06,625 [ERROR] application.email.email_sender - [49/178] ERRO → cbbbrandao@sapo.pt
Traceback (most recent call last):
  File "G:\.shortcut-targets-by-id\1NsBCziGNFjlQ-f8QRcezPsKVP9QzGdp0\APPs\atrpt\application\email\email_sender.py", line 322, in send_batch
    self.smtp.send(mime, recipients)
  File "G:\.shortcut-targets-by-id\1NsBCziGNFjlQ-f8QRcezPsKVP9QzGdp0\APPs\atrpt\infrastructure\email\smtp_client.py", line 108, in send
    self._smtp.send_message(mime, to_addrs=recipients)
  File "C:\Users\Utilizador\AppData\Local\Programs\Python\Python311\Lib\smtplib.py", line 986, in send_message
    return self.sendmail(from_addr, to_addrs, flatmsg, mail_options,
           ^^^^^^^^^^^^^^^^^^^^^^^^^^^^^^^^^^^^^^^^^^^^^^^^^^^^^^^^^
  File "C:\Users\Utilizador\AppData\Local\Programs\Python\Python311\Lib\smtplib.py", line 908, in sendmail
    raise SMTPDataError(code, resp)
smtplib.SMTPDataError: (550, b'5.2.0 M3LCwgfo3dK1E Spam Rejected')
2026-05-10 13:33:54,942 [ERROR] application.email.email_sender - [50/178] ERRO → lucianomoutinhotavares@gmail.com
Traceback (most recent call last):
  File "G:\.shortcut-targets-by-id\1NsBCziGNFjlQ-f8QRcezPsKVP9QzGdp0\APPs\atrpt\application\email\email_sender.py", line 322, in send_batch
    self.smtp.send(mime, recipients)
  File "G:\.shortcut-targets-by-id\1NsBCziGNFjlQ-f8QRcezPsKVP9QzGdp0\APPs\atrpt\infrastructure\email\smtp_client.py", line 108, in send
    self._smtp.send_message(mime, to_addrs=recipients)
  File "C:\Users\Utilizador\AppData\Local\Programs\Python\Python311\Lib\smtplib.py", line 986, in send_message
    return self.sendmail(from_addr, to_addrs, flatmsg, mail_options,
           ^^^^^^^^^^^^^^^^^^^^^^^^^^^^^^^^^^^^^^^^^^^^^^^^^^^^^^^^^
  File "C:\Users\Utilizador\AppData\Local\Programs\Python\Python311\Lib\smtplib.py", line 908, in sendmail
    raise SMTPDataError(code, resp)
smtplib.SMTPDataError: (550, b'5.2.0 M3LzwUC0IPqNc Spam Rejected')
2026-05-10 13:37:02,611 [ERROR] application.email.email_sender - [51/178] ERRO → jorge.m.guedes@sapo.pt
Traceback (most recent call last):
  File "G:\.shortcut-targets-by-id\1NsBCziGNFjlQ-f8QRcezPsKVP9QzGdp0\APPs\atrpt\application\email\email_sender.py", line 322, in send_batch
    self.smtp.send(mime, recipients)
  File "G:\.shortcut-targets-by-id\1NsBCziGNFjlQ-f8QRcezPsKVP9QzGdp0\APPs\atrpt\infrastructure\email\smtp_client.py", line 108, in send
    self._smtp.send_message(mime, to_addrs=recipients)
  File "C:\Users\Utilizador\AppData\Local\Programs\Python\Python311\Lib\smtplib.py", line 986, in send_message
    return self.sendmail(from_addr, to_addrs, flatmsg, mail_options,
           ^^^^^^^^^^^^^^^^^^^^^^^^^^^^^^^^^^^^^^^^^^^^^^^^^^^^^^^^^
  File "C:\Users\Utilizador\AppData\Local\Programs\Python\Python311\Lib\smtplib.py", line 908, in sendmail
    raise SMTPDataError(code, resp)
smtplib.SMTPDataError: (550, b'5.2.0 M3P0wUFFaPqNc Spam Rejected')
2026-05-10 13:38:03,309 [ERROR] application.email.email_sender - [52/178] ERRO → alvarosousapereira@gmail.com
Traceback (most recent call last):
  File "G:\.shortcut-targets-by-id\1NsBCziGNFjlQ-f8QRcezPsKVP9QzGdp0\APPs\atrpt\application\email\email_sender.py", line 322, in send_batch
    self.smtp.send(mime, recipients)
  File "G:\.shortcut-targets-by-id\1NsBCziGNFjlQ-f8QRcezPsKVP9QzGdp0\APPs\atrpt\infrastructure\email\smtp_client.py", line 108, in send
    self._smtp.send_message(mime, to_addrs=recipients)
  File "C:\Users\Utilizador\AppData\Local\Programs\Python\Python311\Lib\smtplib.py", line 986, in send_message
    return self.sendmail(from_addr, to_addrs, flatmsg, mail_options,
           ^^^^^^^^^^^^^^^^^^^^^^^^^^^^^^^^^^^^^^^^^^^^^^^^^^^^^^^^^
  File "C:\Users\Utilizador\AppData\Local\Programs\Python\Python311\Lib\smtplib.py", line 908, in sendmail
    raise SMTPDataError(code, resp)
smtplib.SMTPDataError: (550, b'5.2.0 M3PuwQVaKoBA4 Spam Rejected')
2026-05-10 13:38:59,404 [ERROR] application.email.email_sender - [1/166] ERRO → fernando.araujo@sapo.pt
Traceback (most recent call last):
  File "G:\.shortcut-targets-by-id\1NsBCziGNFjlQ-f8QRcezPsKVP9QzGdp0\APPs\atrpt\application\email\email_sender.py", line 322, in send_batch
    self.smtp.send(mime, recipients)
  File "G:\.shortcut-targets-by-id\1NsBCziGNFjlQ-f8QRcezPsKVP9QzGdp0\APPs\atrpt\infrastructure\email\smtp_client.py", line 108, in send
    self._smtp.send_message(mime, to_addrs=recipients)
  File "C:\Users\Utilizador\AppData\Local\Programs\Python\Python311\Lib\smtplib.py", line 986, in send_message
    return self.sendmail(from_addr, to_addrs, flatmsg, mail_options,
           ^^^^^^^^^^^^^^^^^^^^^^^^^^^^^^^^^^^^^^^^^^^^^^^^^^^^^^^^^
  File "C:\Users\Utilizador\AppData\Local\Programs\Python\Python311\Lib\smtplib.py", line 908, in sendmail
    raise SMTPDataError(code, resp)
smtplib.SMTPDataError: (550, b'5.2.0 M3Qsw8hbPUbIP Spam Rejected')
2026-05-10 13:39:02,852 [ERROR] application.email.email_sender - [2/166] ERRO → agiselaf@hotmail.com
Traceback (most recent call last):
  File "G:\.shortcut-targets-by-id\1NsBCziGNFjlQ-f8QRcezPsKVP9QzGdp0\APPs\atrpt\application\email\email_sender.py", line 322, in send_batch
    self.smtp.send(mime, recipients)
  File "G:\.shortcut-targets-by-id\1NsBCziGNFjlQ-f8QRcezPsKVP9QzGdp0\APPs\atrpt\infrastructure\email\smtp_client.py", line 108, in send
    self._smtp.send_message(mime, to_addrs=recipients)
  File "C:\Users\Utilizador\AppData\Local\Programs\Python\Python311\Lib\smtplib.py", line 986, in send_message
    return self.sendmail(from_addr, to_addrs, flatmsg, mail_options,
           ^^^^^^^^^^^^^^^^^^^^^^^^^^^^^^^^^^^^^^^^^^^^^^^^^^^^^^^^^
  File "C:\Users\Utilizador\AppData\Local\Programs\Python\Python311\Lib\smtplib.py", line 908, in sendmail
    raise SMTPDataError(code, resp)
smtplib.SMTPDataError: (550, b'5.2.0 M3QwwgJYwmakW Spam Rejected')
2026-05-10 13:39:06,367 [ERROR] application.email.email_sender - [3/166] ERRO → foctavio@sapo.pt
Traceback (most recent call last):
  File "G:\.shortcut-targets-by-id\1NsBCziGNFjlQ-f8QRcezPsKVP9QzGdp0\APPs\atrpt\application\email\email_sender.py", line 322, in send_batch
    self.smtp.send(mime, recipients)
  File "G:\.shortcut-targets-by-id\1NsBCziGNFjlQ-f8QRcezPsKVP9QzGdp0\APPs\atrpt\infrastructure\email\smtp_client.py", line 108, in send
    self._smtp.send_message(mime, to_addrs=recipients)
  File "C:\Users\Utilizador\AppData\Local\Programs\Python\Python311\Lib\smtplib.py", line 986, in send_message
    return self.sendmail(from_addr, to_addrs, flatmsg, mail_options,
           ^^^^^^^^^^^^^^^^^^^^^^^^^^^^^^^^^^^^^^^^^^^^^^^^^^^^^^^^^
  File "C:\Users\Utilizador\AppData\Local\Programs\Python\Python311\Lib\smtplib.py", line 908, in sendmail
    raise SMTPDataError(code, resp)
smtplib.SMTPDataError: (550, b'5.2.0 M3R0wpOW8SMHl Spam Rejected')
2026-05-10 13:39:10,137 [ERROR] application.email.email_sender - [4/166] ERRO → cesar.m.correia@sapo.pt
Traceback (most recent call last):
  File "G:\.shortcut-targets-by-id\1NsBCziGNFjlQ-f8QRcezPsKVP9QzGdp0\APPs\atrpt\application\email\email_sender.py", line 322, in send_batch
    self.smtp.send(mime, recipients)
  File "G:\.shortcut-targets-by-id\1NsBCziGNFjlQ-f8QRcezPsKVP9QzGdp0\APPs\atrpt\infrastructure\email\smtp_client.py", line 108, in send
    self._smtp.send_message(mime, to_addrs=recipients)
  File "C:\Users\Utilizador\AppData\Local\Programs\Python\Python311\Lib\smtplib.py", line 986, in send_message
    return self.sendmail(from_addr, to_addrs, flatmsg, mail_options,
           ^^^^^^^^^^^^^^^^^^^^^^^^^^^^^^^^^^^^^^^^^^^^^^^^^^^^^^^^^
  File "C:\Users\Utilizador\AppData\Local\Programs\Python\Python311\Lib\smtplib.py", line 908, in sendmail
    raise SMTPDataError(code, resp)
smtplib.SMTPDataError: (550, b'5.2.0 M3R4w8hnfUbIP Spam Rejected')
2026-05-10 13:39:13,314 [ERROR] application.email.email_sender - [5/166] ERRO → mariojtc56@gmail.com
Traceback (most recent call last):
  File "G:\.shortcut-targets-by-id\1NsBCziGNFjlQ-f8QRcezPsKVP9QzGdp0\APPs\atrpt\application\email\email_sender.py", line 322, in send_batch
    self.smtp.send(mime, recipients)
  File "G:\.shortcut-targets-by-id\1NsBCziGNFjlQ-f8QRcezPsKVP9QzGdp0\APPs\atrpt\infrastructure\email\smtp_client.py", line 108, in send
    self._smtp.send_message(mime, to_addrs=recipients)
  File "C:\Users\Utilizador\AppData\Local\Programs\Python\Python311\Lib\smtplib.py", line 986, in send_message
    return self.sendmail(from_addr, to_addrs, flatmsg, mail_options,
           ^^^^^^^^^^^^^^^^^^^^^^^^^^^^^^^^^^^^^^^^^^^^^^^^^^^^^^^^^
  File "C:\Users\Utilizador\AppData\Local\Programs\Python\Python311\Lib\smtplib.py", line 908, in sendmail
    raise SMTPDataError(code, resp)
smtplib.SMTPDataError: (550, b'5.2.0 M3R7wglfIdK1E Spam Rejected')
2026-05-10 13:39:17,275 [ERROR] application.email.email_sender - [6/166] ERRO → manuelambrenhas@gmail.com
Traceback (most recent call last):
  File "G:\.shortcut-targets-by-id\1NsBCziGNFjlQ-f8QRcezPsKVP9QzGdp0\APPs\atrpt\application\email\email_sender.py", line 322, in send_batch
    self.smtp.send(mime, recipients)
  File "G:\.shortcut-targets-by-id\1NsBCziGNFjlQ-f8QRcezPsKVP9QzGdp0\APPs\atrpt\infrastructure\email\smtp_client.py", line 108, in send
    self._smtp.send_message(mime, to_addrs=recipients)
  File "C:\Users\Utilizador\AppData\Local\Programs\Python\Python311\Lib\smtplib.py", line 986, in send_message
    return self.sendmail(from_addr, to_addrs, flatmsg, mail_options,
           ^^^^^^^^^^^^^^^^^^^^^^^^^^^^^^^^^^^^^^^^^^^^^^^^^^^^^^^^^
  File "C:\Users\Utilizador\AppData\Local\Programs\Python\Python311\Lib\smtplib.py", line 908, in sendmail
    raise SMTPDataError(code, resp)
smtplib.SMTPDataError: (550, b'5.2.0 M3RBwpOh3SMHl Spam Rejected')
2026-05-10 13:39:22,295 [ERROR] application.email.email_sender - [7/166] ERRO → fatima.barroso@hotmail.com
Traceback (most recent call last):
  File "G:\.shortcut-targets-by-id\1NsBCziGNFjlQ-f8QRcezPsKVP9QzGdp0\APPs\atrpt\application\email\email_sender.py", line 322, in send_batch
    self.smtp.send(mime, recipients)
  File "G:\.shortcut-targets-by-id\1NsBCziGNFjlQ-f8QRcezPsKVP9QzGdp0\APPs\atrpt\infrastructure\email\smtp_client.py", line 108, in send
    self._smtp.send_message(mime, to_addrs=recipients)
  File "C:\Users\Utilizador\AppData\Local\Programs\Python\Python311\Lib\smtplib.py", line 986, in send_message
    return self.sendmail(from_addr, to_addrs, flatmsg, mail_options,
           ^^^^^^^^^^^^^^^^^^^^^^^^^^^^^^^^^^^^^^^^^^^^^^^^^^^^^^^^^
  File "C:\Users\Utilizador\AppData\Local\Programs\Python\Python311\Lib\smtplib.py", line 908, in sendmail
    raise SMTPDataError(code, resp)
smtplib.SMTPDataError: (550, b'5.2.0 M3RGwUHVtPqNc Spam Rejected')
2026-05-10 13:39:27,338 [ERROR] application.email.email_sender - [8/166] ERRO → fernanda.mm.silva@hotmail.com
Traceback (most recent call last):
  File "G:\.shortcut-targets-by-id\1NsBCziGNFjlQ-f8QRcezPsKVP9QzGdp0\APPs\atrpt\application\email\email_sender.py", line 322, in send_batch
    self.smtp.send(mime, recipients)
  File "G:\.shortcut-targets-by-id\1NsBCziGNFjlQ-f8QRcezPsKVP9QzGdp0\APPs\atrpt\infrastructure\email\smtp_client.py", line 108, in send
    self._smtp.send_message(mime, to_addrs=recipients)
  File "C:\Users\Utilizador\AppData\Local\Programs\Python\Python311\Lib\smtplib.py", line 986, in send_message
    return self.sendmail(from_addr, to_addrs, flatmsg, mail_options,
           ^^^^^^^^^^^^^^^^^^^^^^^^^^^^^^^^^^^^^^^^^^^^^^^^^^^^^^^^^
  File "C:\Users\Utilizador\AppData\Local\Programs\Python\Python311\Lib\smtplib.py", line 908, in sendmail
    raise SMTPDataError(code, resp)
smtplib.SMTPDataError: (550, b'5.2.0 M3RLwpOrKSMHl Spam Rejected')
2026-05-10 13:39:31,816 [ERROR] application.email.email_sender - [9/166] ERRO → eduardoacmota@sapo.pt
Traceback (most recent call last):
  File "G:\.shortcut-targets-by-id\1NsBCziGNFjlQ-f8QRcezPsKVP9QzGdp0\APPs\atrpt\application\email\email_sender.py", line 322, in send_batch
    self.smtp.send(mime, recipients)
  File "G:\.shortcut-targets-by-id\1NsBCziGNFjlQ-f8QRcezPsKVP9QzGdp0\APPs\atrpt\infrastructure\email\smtp_client.py", line 108, in send
    self._smtp.send_message(mime, to_addrs=recipients)
  File "C:\Users\Utilizador\AppData\Local\Programs\Python\Python311\Lib\smtplib.py", line 986, in send_message
    return self.sendmail(from_addr, to_addrs, flatmsg, mail_options,
           ^^^^^^^^^^^^^^^^^^^^^^^^^^^^^^^^^^^^^^^^^^^^^^^^^^^^^^^^^
  File "C:\Users\Utilizador\AppData\Local\Programs\Python\Python311\Lib\smtplib.py", line 908, in sendmail
    raise SMTPDataError(code, resp)
smtplib.SMTPDataError: (550, b'5.2.0 M3RQw8i9cUbIP Spam Rejected')
