2026-05-05 08:33:19,915 [INFO] presentation.secretaria.ponto_controller - Processar ponto — mes 5, pasta: G:\.shortcut-targets-by-id\1YUU7cpAVBqQ-XmuiuqVAzKPjw-UZdVg8\CSAG\Ponto\202605
2026-05-05 08:33:19,915 [INFO] application.secretaria.processar_ponto_usecase - 📂 3 ficheiros encontrados
2026-05-05 08:33:19,930 [INFO] presentation.secretaria.ponto_controller - 📂 3 ficheiros encontrados
2026-05-05 08:33:20,964 [INFO] application.secretaria.processar_ponto_usecase - 📅 Ultimo dia do mes anterior carregado
2026-05-05 08:33:20,964 [INFO] presentation.secretaria.ponto_controller - 📅 Ultimo dia do mes anterior carregado
2026-05-05 08:33:20,964 [INFO] application.secretaria.processar_ponto_usecase - 📄 0105.xlsx
2026-05-05 08:33:20,979 [INFO] presentation.secretaria.ponto_controller - 📄 0105.xlsx
2026-05-05 08:33:21,581 [INFO] application.secretaria.processar_ponto_usecase -    - 54 registos validos, 6 com erros
2026-05-05 08:33:21,581 [INFO] presentation.secretaria.ponto_controller -    - 54 registos validos, 6 com erros
2026-05-05 08:33:21,581 [INFO] application.secretaria.processar_ponto_usecase - 📄 0205.xlsx
2026-05-05 08:33:21,581 [INFO] presentation.secretaria.ponto_controller - 📄 0205.xlsx
2026-05-05 08:33:22,164 [INFO] application.secretaria.processar_ponto_usecase -    - 54 registos validos, 4 com erros
2026-05-05 08:33:22,164 [INFO] presentation.secretaria.ponto_controller -    - 54 registos validos, 4 com erros
2026-05-05 08:33:22,164 [INFO] application.secretaria.processar_ponto_usecase - 📄 0305.xlsx
2026-05-05 08:33:22,164 [INFO] presentation.secretaria.ponto_controller - 📄 0305.xlsx
2026-05-05 08:33:22,680 [INFO] application.secretaria.processar_ponto_usecase -    - 54 registos validos, 4 com erros
2026-05-05 08:33:22,680 [INFO] presentation.secretaria.ponto_controller -    - 54 registos validos, 4 com erros
2026-05-05 08:33:23,074 [INFO] application.secretaria.processar_ponto_usecase - Resumo gravado em: G:\.shortcut-targets-by-id\1YUU7cpAVBqQ-XmuiuqVAzKPjw-UZdVg8\CSAG\Ponto\202605\202605_Resumo.xlsx
2026-05-05 08:33:23,074 [INFO] presentation.secretaria.ponto_controller - Resumo gravado em: G:\.shortcut-targets-by-id\1YUU7cpAVBqQ-XmuiuqVAzKPjw-UZdVg8\CSAG\Ponto\202605\202605_Resumo.xlsx
2026-05-05 08:33:23,115 [INFO] application.secretaria.processar_ponto_usecase - Resumo por empregado gravado
2026-05-05 08:33:23,115 [INFO] presentation.secretaria.ponto_controller - Resumo por empregado gravado
2026-05-05 08:33:23,117 [INFO] application.secretaria.processar_ponto_usecase - ⚠️ 67 linhas com erros de picagem (ver coluna erros_picagem)
2026-05-05 08:33:23,117 [INFO] presentation.secretaria.ponto_controller - ⚠️ 67 linhas com erros de picagem (ver coluna erros_picagem)
2026-05-05 08:33:23,130 [INFO] application.secretaria.processar_ponto_usecase - 
✔ 3 ficheiros processados
2026-05-05 08:33:23,130 [INFO] presentation.secretaria.ponto_controller - 
✔ 3 ficheiros processados
2026-05-05 08:33:23,139 [INFO] presentation.secretaria.ponto_controller - 
✔ 3 ficheiros processados
2026-05-05 08:33:23,139 [INFO] presentation.secretaria.ponto_controller - Output: G:\.shortcut-targets-by-id\1YUU7cpAVBqQ-XmuiuqVAzKPjw-UZdVg8\CSAG\Ponto\202605\202605_Resumo.xlsx
2026-05-05 19:11:11,519 [WARNING] presentation.ponto.ponto_controller - Ponto — nao resolvido: '142 - LUCIA MARIA MOURA DUARTE'
2026-05-05 19:11:11,602 [WARNING] presentation.ponto.ponto_controller - Ponto — nao resolvido: '516 - SORAIA ALVES'
2026-05-05 19:11:11,602 [WARNING] presentation.ponto.ponto_controller - Ponto — nao resolvido: '518 - MARIA TERESA ARANHA MAGALHÃES M. PIRES'
2026-05-05 19:11:11,602 [INFO] presentation.ponto.ponto_controller - Ponto — 3 pessoa(s) nao resolvidas (nao encontradas em pessoas nem em fornecedores): 142 - LUCIA MARIA MOURA DUARTE, 516 - SORAIA ALVES, 518 - MARIA TERESA ARANHA MAGALHÃES M. PIRES
2026-05-05 19:11:44,874 [INFO] presentation.ponto.ponto_controller - Processar ponto — mes 5, pasta: G:\.shortcut-targets-by-id\1YUU7cpAVBqQ-XmuiuqVAzKPjw-UZdVg8\CSAG\Ponto\202605
2026-05-05 19:11:44,891 [INFO] application.ponto.processar_ponto_usecase - 📂 4 ficheiros encontrados
2026-05-05 19:11:44,891 [INFO] presentation.ponto.ponto_controller - 📂 4 ficheiros encontrados
2026-05-05 19:11:45,188 [INFO] application.ponto.processar_ponto_usecase - 📅 Ultimo dia do mes anterior carregado
2026-05-05 19:11:45,204 [INFO] presentation.ponto.ponto_controller - 📅 Ultimo dia do mes anterior carregado
2026-05-05 19:11:45,214 [INFO] application.ponto.processar_ponto_usecase - 📄 0105.xlsx
2026-05-05 19:11:45,214 [INFO] presentation.ponto.ponto_controller - 📄 0105.xlsx
2026-05-05 19:11:45,310 [INFO] application.ponto.processar_ponto_usecase -    - 54 registos, 6 erros
2026-05-05 19:11:45,310 [INFO] presentation.ponto.ponto_controller -    - 54 registos, 6 erros
2026-05-05 19:11:45,378 [INFO] application.ponto.processar_ponto_usecase - 📄 0205.xlsx
2026-05-05 19:11:45,378 [INFO] presentation.ponto.ponto_controller - 📄 0205.xlsx
2026-05-05 19:11:45,474 [INFO] application.ponto.processar_ponto_usecase -    - 54 registos, 4 erros
2026-05-05 19:11:45,474 [INFO] presentation.ponto.ponto_controller -    - 54 registos, 4 erros
2026-05-05 19:11:45,570 [INFO] application.ponto.processar_ponto_usecase - 📄 0305.xlsx
2026-05-05 19:11:45,570 [INFO] presentation.ponto.ponto_controller - 📄 0305.xlsx
2026-05-05 19:11:45,681 [INFO] application.ponto.processar_ponto_usecase -    - 54 registos, 4 erros
2026-05-05 19:11:45,681 [INFO] presentation.ponto.ponto_controller -    - 54 registos, 4 erros
2026-05-05 19:11:45,777 [INFO] application.ponto.processar_ponto_usecase - 📄 0405.xlsx
2026-05-05 19:11:45,777 [INFO] presentation.ponto.ponto_controller - 📄 0405.xlsx
2026-05-05 19:11:46,403 [INFO] application.ponto.processar_ponto_usecase -    - 54 registos, 2 erros
2026-05-05 19:11:46,403 [INFO] presentation.ponto.ponto_controller -    - 54 registos, 2 erros
2026-05-05 19:11:46,674 [INFO] application.ponto.processar_ponto_usecase - _juntar_erros: 16 associados, 0 nao associados
2026-05-05 19:11:47,090 [INFO] application.ponto.processar_ponto_usecase - 📋 Classificação gravada em: classificacao_debug.xlsx
2026-05-05 19:11:47,090 [INFO] presentation.ponto.ponto_controller - 📋 Classificação gravada em: classificacao_debug.xlsx
2026-05-05 19:11:47,623 [INFO] application.ponto.processar_ponto_usecase - Resumo gravado em: G:\.shortcut-targets-by-id\1YUU7cpAVBqQ-XmuiuqVAzKPjw-UZdVg8\CSAG\Ponto\202605\202605_Resumo.xlsx
2026-05-05 19:11:47,623 [INFO] presentation.ponto.ponto_controller - Resumo gravado em: G:\.shortcut-targets-by-id\1YUU7cpAVBqQ-XmuiuqVAzKPjw-UZdVg8\CSAG\Ponto\202605\202605_Resumo.xlsx
2026-05-05 19:11:47,706 [INFO] application.ponto.processar_ponto_usecase - Resumo por empregado gravado
2026-05-05 19:11:47,706 [INFO] presentation.ponto.ponto_controller - Resumo por empregado gravado
2026-05-05 19:11:47,706 [INFO] application.ponto.processar_ponto_usecase - ⚠️ 54 erros de picagem
2026-05-05 19:11:47,706 [INFO] presentation.ponto.ponto_controller - ⚠️ 54 erros de picagem
2026-05-05 19:11:47,723 [INFO] application.ponto.processar_ponto_usecase - 
✔ 4 ficheiros processados
2026-05-05 19:11:47,738 [INFO] presentation.ponto.ponto_controller - 
✔ 4 ficheiros processados
2026-05-05 19:11:47,740 [INFO] presentation.ponto.ponto_controller - 
✔ 4 ficheiros processados
2026-05-05 19:11:47,740 [INFO] presentation.ponto.ponto_controller - Output: G:\.shortcut-targets-by-id\1YUU7cpAVBqQ-XmuiuqVAzKPjw-UZdVg8\CSAG\Ponto\202605\202605_Resumo.xlsx
2026-05-05 19:28:02,242 [INFO] presentation.ponto.ponto_controller - Processar ponto — mes 5, pasta: G:\.shortcut-targets-by-id\1YUU7cpAVBqQ-XmuiuqVAzKPjw-UZdVg8\CSAG\Ponto\202605
2026-05-05 19:28:02,252 [INFO] application.ponto.processar_ponto_usecase - 📂 4 ficheiros encontrados
2026-05-05 19:28:02,253 [INFO] presentation.ponto.ponto_controller - 📂 4 ficheiros encontrados
2026-05-05 19:28:02,604 [INFO] application.ponto.processar_ponto_usecase - 📅 Ultimo dia do mes anterior carregado
2026-05-05 19:28:02,604 [INFO] presentation.ponto.ponto_controller - 📅 Ultimo dia do mes anterior carregado
2026-05-05 19:28:02,611 [INFO] application.ponto.processar_ponto_usecase - 📄 0105.xlsx
2026-05-05 19:28:02,611 [INFO] presentation.ponto.ponto_controller - 📄 0105.xlsx
2026-05-05 19:28:02,675 [INFO] application.ponto.processar_ponto_usecase -    - 54 registos, 6 erros
2026-05-05 19:28:02,675 [INFO] presentation.ponto.ponto_controller -    - 54 registos, 6 erros
2026-05-05 19:28:02,731 [INFO] application.ponto.processar_ponto_usecase - 📄 0205.xlsx
2026-05-05 19:28:02,731 [INFO] presentation.ponto.ponto_controller - 📄 0205.xlsx
2026-05-05 19:28:02,791 [INFO] application.ponto.processar_ponto_usecase -    - 54 registos, 4 erros
2026-05-05 19:28:02,791 [INFO] presentation.ponto.ponto_controller -    - 54 registos, 4 erros
2026-05-05 19:28:02,853 [INFO] application.ponto.processar_ponto_usecase - 📄 0305.xlsx
2026-05-05 19:28:02,861 [INFO] presentation.ponto.ponto_controller - 📄 0305.xlsx
2026-05-05 19:28:02,931 [INFO] application.ponto.processar_ponto_usecase -    - 54 registos, 4 erros
2026-05-05 19:28:02,933 [INFO] presentation.ponto.ponto_controller -    - 54 registos, 4 erros
2026-05-05 19:28:03,011 [INFO] application.ponto.processar_ponto_usecase - 📄 0405.xlsx
2026-05-05 19:28:03,011 [INFO] presentation.ponto.ponto_controller - 📄 0405.xlsx
2026-05-05 19:28:03,071 [INFO] application.ponto.processar_ponto_usecase -    - 54 registos, 2 erros
2026-05-05 19:28:03,071 [INFO] presentation.ponto.ponto_controller -    - 54 registos, 2 erros
2026-05-05 19:28:03,271 [INFO] application.ponto.processar_ponto_usecase - _juntar_erros: 16 associados, 0 nao associados
2026-05-05 19:28:03,544 [INFO] application.ponto.processar_ponto_usecase - 📋 Classificação gravada em: classificacao_debug.xlsx
2026-05-05 19:28:03,544 [INFO] presentation.ponto.ponto_controller - 📋 Classificação gravada em: classificacao_debug.xlsx
2026-05-05 19:28:03,971 [INFO] application.ponto.processar_ponto_usecase - Resumo gravado em: G:\.shortcut-targets-by-id\1YUU7cpAVBqQ-XmuiuqVAzKPjw-UZdVg8\CSAG\Ponto\202605\202605_Resumo.xlsx
2026-05-05 19:28:03,975 [INFO] presentation.ponto.ponto_controller - Resumo gravado em: G:\.shortcut-targets-by-id\1YUU7cpAVBqQ-XmuiuqVAzKPjw-UZdVg8\CSAG\Ponto\202605\202605_Resumo.xlsx
2026-05-05 19:28:04,012 [INFO] application.ponto.processar_ponto_usecase - Resumo por empregado gravado
2026-05-05 19:28:04,012 [INFO] presentation.ponto.ponto_controller - Resumo por empregado gravado
2026-05-05 19:28:04,021 [INFO] application.ponto.processar_ponto_usecase - ⚠️ 54 erros de picagem
2026-05-05 19:28:04,021 [INFO] presentation.ponto.ponto_controller - ⚠️ 54 erros de picagem
2026-05-05 19:28:04,031 [INFO] application.ponto.processar_ponto_usecase - 
✔ 4 ficheiros processados
2026-05-05 19:28:04,031 [INFO] presentation.ponto.ponto_controller - 
✔ 4 ficheiros processados
2026-05-05 19:28:04,041 [INFO] presentation.ponto.ponto_controller - 
✔ 4 ficheiros processados
2026-05-05 19:28:04,041 [INFO] presentation.ponto.ponto_controller - Output: G:\.shortcut-targets-by-id\1YUU7cpAVBqQ-XmuiuqVAzKPjw-UZdVg8\CSAG\Ponto\202605\202605_Resumo.xlsx
2026-05-05 19:30:35,193 [WARNING] presentation.ponto.ponto_controller - Ponto — nao resolvido: '142 - LUCIA MARIA MOURA DUARTE'
2026-05-05 19:30:35,292 [WARNING] presentation.ponto.ponto_controller - Ponto — nao resolvido: '516 - SORAIA ALVES'
2026-05-05 19:30:35,292 [WARNING] presentation.ponto.ponto_controller - Ponto — nao resolvido: '518 - MARIA TERESA ARANHA MAGALHÃES M. PIRES'
2026-05-05 19:30:35,292 [INFO] presentation.ponto.ponto_controller - Ponto — 3 pessoa(s) nao resolvidas (nao encontradas em pessoas nem em fornecedores): 142 - LUCIA MARIA MOURA DUARTE, 516 - SORAIA ALVES, 518 - MARIA TERESA ARANHA MAGALHÃES M. PIRES
2026-05-05 22:15:35,202 [INFO] presentation.ponto.ponto_controller - Processar ponto — mes 4, pasta: G:\.shortcut-targets-by-id\1YUU7cpAVBqQ-XmuiuqVAzKPjw-UZdVg8\CSAG\Ponto\202604
2026-05-05 22:15:35,202 [INFO] application.ponto.processar_ponto_usecase - 📂 30 ficheiros encontrados
2026-05-05 22:15:35,202 [INFO] presentation.ponto.ponto_controller - 📂 30 ficheiros encontrados
2026-05-05 22:15:35,854 [INFO] application.ponto.processar_ponto_usecase - 📅 Ultimo dia do mes anterior carregado
2026-05-05 22:15:35,854 [INFO] presentation.ponto.ponto_controller - 📅 Ultimo dia do mes anterior carregado
2026-05-05 22:15:35,854 [INFO] application.ponto.processar_ponto_usecase - 📄 0104.xlsx
2026-05-05 22:15:35,854 [INFO] presentation.ponto.ponto_controller - 📄 0104.xlsx
2026-05-05 22:15:35,934 [INFO] application.ponto.processar_ponto_usecase -    - 68 registos, 5 erros
2026-05-05 22:15:35,934 [INFO] presentation.ponto.ponto_controller -    - 68 registos, 5 erros
2026-05-05 22:15:36,384 [INFO] application.ponto.processar_ponto_usecase - 📄 0204.xlsx
2026-05-05 22:15:36,384 [INFO] presentation.ponto.ponto_controller - 📄 0204.xlsx
2026-05-05 22:15:36,480 [INFO] application.ponto.processar_ponto_usecase -    - 68 registos, 4 erros
2026-05-05 22:15:36,480 [INFO] presentation.ponto.ponto_controller -    - 68 registos, 4 erros
2026-05-05 22:15:36,946 [INFO] application.ponto.processar_ponto_usecase - 📄 0304.xlsx
2026-05-05 22:15:36,946 [INFO] presentation.ponto.ponto_controller - 📄 0304.xlsx
2026-05-05 22:15:37,025 [INFO] application.ponto.processar_ponto_usecase -    - 68 registos, 6 erros
2026-05-05 22:15:37,025 [INFO] presentation.ponto.ponto_controller -    - 68 registos, 6 erros
2026-05-05 22:15:37,521 [INFO] application.ponto.processar_ponto_usecase - 📄 0404.xlsx
2026-05-05 22:15:37,521 [INFO] presentation.ponto.ponto_controller - 📄 0404.xlsx
2026-05-05 22:15:37,649 [INFO] application.ponto.processar_ponto_usecase -    - 112 registos, 6 erros
2026-05-05 22:15:37,649 [INFO] presentation.ponto.ponto_controller -    - 112 registos, 6 erros
2026-05-05 22:15:38,159 [INFO] application.ponto.processar_ponto_usecase - 📄 0504.xlsx
2026-05-05 22:15:38,159 [INFO] presentation.ponto.ponto_controller - 📄 0504.xlsx
2026-05-05 22:15:38,238 [INFO] application.ponto.processar_ponto_usecase -    - 68 registos, 7 erros
2026-05-05 22:15:38,238 [INFO] presentation.ponto.ponto_controller -    - 68 registos, 7 erros
2026-05-05 22:15:38,768 [INFO] application.ponto.processar_ponto_usecase - 📄 0604.xlsx
2026-05-05 22:15:38,768 [INFO] presentation.ponto.ponto_controller - 📄 0604.xlsx
2026-05-05 22:15:38,832 [INFO] application.ponto.processar_ponto_usecase -    - 68 registos, 2 erros
2026-05-05 22:15:38,832 [INFO] presentation.ponto.ponto_controller -    - 68 registos, 2 erros
2026-05-05 22:15:39,379 [INFO] application.ponto.processar_ponto_usecase - 📄 0704.xlsx
2026-05-05 22:15:39,379 [INFO] presentation.ponto.ponto_controller - 📄 0704.xlsx
2026-05-05 22:15:39,459 [INFO] application.ponto.processar_ponto_usecase -    - 68 registos, 6 erros
2026-05-05 22:15:39,459 [INFO] presentation.ponto.ponto_controller -    - 68 registos, 6 erros
2026-05-05 22:15:40,019 [INFO] application.ponto.processar_ponto_usecase - 📄 0804.xlsx
2026-05-05 22:15:40,019 [INFO] presentation.ponto.ponto_controller - 📄 0804.xlsx
2026-05-05 22:15:40,100 [INFO] application.ponto.processar_ponto_usecase -    - 68 registos, 4 erros
2026-05-05 22:15:40,100 [INFO] presentation.ponto.ponto_controller -    - 68 registos, 4 erros
2026-05-05 22:15:40,678 [INFO] application.ponto.processar_ponto_usecase - 📄 0904.xlsx
2026-05-05 22:15:40,678 [INFO] presentation.ponto.ponto_controller - 📄 0904.xlsx
2026-05-05 22:15:40,758 [INFO] application.ponto.processar_ponto_usecase -    - 68 registos, 1 erros
2026-05-05 22:15:40,758 [INFO] presentation.ponto.ponto_controller -    - 68 registos, 1 erros
2026-05-05 22:15:41,338 [INFO] application.ponto.processar_ponto_usecase - 📄 1004.xlsx
2026-05-05 22:15:41,338 [INFO] presentation.ponto.ponto_controller - 📄 1004.xlsx
2026-05-05 22:15:41,435 [INFO] application.ponto.processar_ponto_usecase -    - 68 registos, 8 erros
2026-05-05 22:15:41,436 [INFO] presentation.ponto.ponto_controller -    - 68 registos, 8 erros
2026-05-05 22:15:42,087 [INFO] application.ponto.processar_ponto_usecase - 📄 1104.xlsx
2026-05-05 22:15:42,087 [INFO] presentation.ponto.ponto_controller - 📄 1104.xlsx
2026-05-05 22:15:42,183 [INFO] application.ponto.processar_ponto_usecase -    - 68 registos, 5 erros
2026-05-05 22:15:42,183 [INFO] presentation.ponto.ponto_controller -    - 68 registos, 5 erros
2026-05-05 22:15:42,793 [INFO] application.ponto.processar_ponto_usecase - 📄 1204.xlsx
2026-05-05 22:15:42,793 [INFO] presentation.ponto.ponto_controller - 📄 1204.xlsx
2026-05-05 22:15:42,873 [INFO] application.ponto.processar_ponto_usecase -    - 68 registos, 11 erros
2026-05-05 22:15:42,873 [INFO] presentation.ponto.ponto_controller -    - 68 registos, 11 erros
2026-05-05 22:15:43,502 [INFO] application.ponto.processar_ponto_usecase - 📄 1304.xlsx
2026-05-05 22:15:43,502 [INFO] presentation.ponto.ponto_controller - 📄 1304.xlsx
2026-05-05 22:15:43,582 [INFO] application.ponto.processar_ponto_usecase -    - 68 registos, 7 erros
2026-05-05 22:15:43,582 [INFO] presentation.ponto.ponto_controller -    - 68 registos, 7 erros
2026-05-05 22:15:44,239 [INFO] application.ponto.processar_ponto_usecase - 📄 1404.xlsx
2026-05-05 22:15:44,239 [INFO] presentation.ponto.ponto_controller - 📄 1404.xlsx
2026-05-05 22:15:44,318 [INFO] application.ponto.processar_ponto_usecase -    - 68 registos, 6 erros
2026-05-05 22:15:44,318 [INFO] presentation.ponto.ponto_controller -    - 68 registos, 6 erros
2026-05-05 22:15:44,993 [INFO] application.ponto.processar_ponto_usecase - 📄 1504.xlsx
2026-05-05 22:15:44,993 [INFO] presentation.ponto.ponto_controller - 📄 1504.xlsx
2026-05-05 22:15:45,073 [INFO] application.ponto.processar_ponto_usecase -    - 68 registos, 3 erros
2026-05-05 22:15:45,073 [INFO] presentation.ponto.ponto_controller -    - 68 registos, 3 erros
2026-05-05 22:15:45,747 [INFO] application.ponto.processar_ponto_usecase - 📄 1604.xlsx
2026-05-05 22:15:45,747 [INFO] presentation.ponto.ponto_controller - 📄 1604.xlsx
2026-05-05 22:15:45,827 [INFO] application.ponto.processar_ponto_usecase -    - 68 registos, 8 erros
2026-05-05 22:15:45,827 [INFO] presentation.ponto.ponto_controller -    - 68 registos, 8 erros
2026-05-05 22:15:46,503 [INFO] application.ponto.processar_ponto_usecase - 📄 1704.xlsx
2026-05-05 22:15:46,503 [INFO] presentation.ponto.ponto_controller - 📄 1704.xlsx
2026-05-05 22:15:46,582 [INFO] application.ponto.processar_ponto_usecase -    - 68 registos, 2 erros
2026-05-05 22:15:46,582 [INFO] presentation.ponto.ponto_controller -    - 68 registos, 2 erros
2026-05-05 22:15:47,306 [INFO] application.ponto.processar_ponto_usecase - 📄 1804.xlsx
2026-05-05 22:15:47,306 [INFO] presentation.ponto.ponto_controller - 📄 1804.xlsx
2026-05-05 22:15:47,386 [INFO] application.ponto.processar_ponto_usecase -    - 68 registos, 4 erros
2026-05-05 22:15:47,402 [INFO] presentation.ponto.ponto_controller -    - 68 registos, 4 erros
2026-05-05 22:15:48,110 [INFO] application.ponto.processar_ponto_usecase - 📄 1904.xlsx
2026-05-05 22:15:48,110 [INFO] presentation.ponto.ponto_controller - 📄 1904.xlsx
2026-05-05 22:15:48,189 [INFO] application.ponto.processar_ponto_usecase -    - 68 registos, 6 erros
2026-05-05 22:15:48,189 [INFO] presentation.ponto.ponto_controller -    - 68 registos, 6 erros
2026-05-05 22:15:48,914 [INFO] application.ponto.processar_ponto_usecase - 📄 2004.xlsx
2026-05-05 22:15:48,914 [INFO] presentation.ponto.ponto_controller - 📄 2004.xlsx
2026-05-05 22:15:49,011 [INFO] application.ponto.processar_ponto_usecase -    - 68 registos, 3 erros
2026-05-05 22:15:49,011 [INFO] presentation.ponto.ponto_controller -    - 68 registos, 3 erros
2026-05-05 22:15:49,750 [INFO] application.ponto.processar_ponto_usecase - 📄 2104.xlsx
2026-05-05 22:15:49,750 [INFO] presentation.ponto.ponto_controller - 📄 2104.xlsx
2026-05-05 22:15:49,846 [INFO] application.ponto.processar_ponto_usecase -    - 69 registos, 9 erros
2026-05-05 22:15:49,846 [INFO] presentation.ponto.ponto_controller -    - 69 registos, 9 erros
2026-05-05 22:15:50,602 [INFO] application.ponto.processar_ponto_usecase - 📄 2204.xlsx
2026-05-05 22:15:50,602 [INFO] presentation.ponto.ponto_controller - 📄 2204.xlsx
2026-05-05 22:15:50,698 [INFO] application.ponto.processar_ponto_usecase -    - 69 registos, 5 erros
2026-05-05 22:15:50,698 [INFO] presentation.ponto.ponto_controller -    - 69 registos, 5 erros
2026-05-05 22:15:51,694 [INFO] application.ponto.processar_ponto_usecase - 📄 2304.xlsx
2026-05-05 22:15:51,704 [INFO] presentation.ponto.ponto_controller - 📄 2304.xlsx
2026-05-05 22:15:51,806 [INFO] application.ponto.processar_ponto_usecase -    - 69 registos, 2 erros
2026-05-05 22:15:51,806 [INFO] presentation.ponto.ponto_controller -    - 69 registos, 2 erros
2026-05-05 22:15:53,171 [INFO] application.ponto.processar_ponto_usecase - 📄 2404.xlsx
2026-05-05 22:15:53,173 [INFO] presentation.ponto.ponto_controller - 📄 2404.xlsx
2026-05-05 22:15:53,270 [INFO] application.ponto.processar_ponto_usecase -    - 69 registos, 8 erros
2026-05-05 22:15:53,270 [INFO] presentation.ponto.ponto_controller -    - 69 registos, 8 erros
2026-05-05 22:15:54,662 [INFO] application.ponto.processar_ponto_usecase - 📄 2504.xlsx
2026-05-05 22:15:54,662 [INFO] presentation.ponto.ponto_controller - 📄 2504.xlsx
2026-05-05 22:15:54,837 [INFO] application.ponto.processar_ponto_usecase -    - 54 registos, 4 erros
2026-05-05 22:15:54,837 [INFO] presentation.ponto.ponto_controller -    - 54 registos, 4 erros
2026-05-05 22:15:56,341 [INFO] application.ponto.processar_ponto_usecase - 📄 2604.xlsx
2026-05-05 22:15:56,357 [INFO] presentation.ponto.ponto_controller - 📄 2604.xlsx
2026-05-05 22:15:56,485 [INFO] application.ponto.processar_ponto_usecase -    - 54 registos, 4 erros
2026-05-05 22:15:56,485 [INFO] presentation.ponto.ponto_controller -    - 54 registos, 4 erros
2026-05-05 22:15:57,872 [INFO] application.ponto.processar_ponto_usecase - 📄 2704.xlsx
2026-05-05 22:15:57,872 [INFO] presentation.ponto.ponto_controller - 📄 2704.xlsx
2026-05-05 22:15:58,032 [INFO] application.ponto.processar_ponto_usecase -    - 54 registos, 4 erros
2026-05-05 22:15:58,048 [INFO] presentation.ponto.ponto_controller -    - 54 registos, 4 erros
2026-05-05 22:15:59,375 [INFO] application.ponto.processar_ponto_usecase - 📄 2804.xlsx
2026-05-05 22:15:59,375 [INFO] presentation.ponto.ponto_controller - 📄 2804.xlsx
2026-05-05 22:15:59,519 [INFO] application.ponto.processar_ponto_usecase -    - 54 registos, 4 erros
2026-05-05 22:15:59,519 [INFO] presentation.ponto.ponto_controller -    - 54 registos, 4 erros
2026-05-05 22:16:00,995 [INFO] application.ponto.processar_ponto_usecase - 📄 2904.xlsx
2026-05-05 22:16:01,010 [INFO] presentation.ponto.ponto_controller - 📄 2904.xlsx
2026-05-05 22:16:01,170 [INFO] application.ponto.processar_ponto_usecase -    - 54 registos, 3 erros
2026-05-05 22:16:01,170 [INFO] presentation.ponto.ponto_controller -    - 54 registos, 3 erros
2026-05-05 22:16:02,624 [INFO] application.ponto.processar_ponto_usecase - 📄 3004.xlsx
2026-05-05 22:16:02,624 [INFO] presentation.ponto.ponto_controller - 📄 3004.xlsx
2026-05-05 22:16:02,752 [INFO] application.ponto.processar_ponto_usecase -    - 56 registos, 3 erros
2026-05-05 22:16:02,752 [INFO] presentation.ponto.ponto_controller -    - 56 registos, 3 erros
2026-05-05 22:16:06,228 [INFO] application.ponto.processar_ponto_usecase - _juntar_erros: 150 associados, 0 nao associados
2026-05-05 22:16:09,052 [INFO] application.ponto.processar_ponto_usecase - 📋 Classificação gravada em: classificacao_debug.xlsx
2026-05-05 22:16:09,052 [INFO] presentation.ponto.ponto_controller - 📋 Classificação gravada em: classificacao_debug.xlsx
2026-05-05 22:16:14,250 [INFO] application.ponto.processar_ponto_usecase - Resumo gravado em: G:\.shortcut-targets-by-id\1YUU7cpAVBqQ-XmuiuqVAzKPjw-UZdVg8\CSAG\Ponto\202604\202604_Resumo.xlsx
2026-05-05 22:16:14,250 [INFO] presentation.ponto.ponto_controller - Resumo gravado em: G:\.shortcut-targets-by-id\1YUU7cpAVBqQ-XmuiuqVAzKPjw-UZdVg8\CSAG\Ponto\202604\202604_Resumo.xlsx
2026-05-05 22:16:14,337 [INFO] application.ponto.processar_ponto_usecase - Resumo por empregado gravado
2026-05-05 22:16:14,338 [INFO] presentation.ponto.ponto_controller - Resumo por empregado gravado
2026-05-05 22:16:14,340 [INFO] application.ponto.processar_ponto_usecase - ⚠️ 69 erros de picagem
2026-05-05 22:16:14,340 [INFO] presentation.ponto.ponto_controller - ⚠️ 69 erros de picagem
2026-05-05 22:16:14,360 [INFO] application.ponto.processar_ponto_usecase - 
✔ 30 ficheiros processados
2026-05-05 22:16:14,361 [INFO] presentation.ponto.ponto_controller - 
✔ 30 ficheiros processados
2026-05-05 22:16:14,366 [INFO] presentation.ponto.ponto_controller - 
✔ 30 ficheiros processados
2026-05-05 22:16:14,366 [INFO] presentation.ponto.ponto_controller - Output: G:\.shortcut-targets-by-id\1YUU7cpAVBqQ-XmuiuqVAzKPjw-UZdVg8\CSAG\Ponto\202604\202604_Resumo.xlsx
2026-05-05 22:16:30,361 [WARNING] presentation.ponto.ponto_controller - Ponto — nao resolvido: '142 - LUCIA MARIA MOURA DUARTE'
2026-05-05 22:16:30,453 [WARNING] presentation.ponto.ponto_controller - Ponto — nao resolvido: '516 - SORAIA ALVES'
2026-05-05 22:16:30,461 [WARNING] presentation.ponto.ponto_controller - Ponto — nao resolvido: '518 - MARIA TERESA ARANHA MAGALHÃES M. PIRES'
2026-05-05 22:16:30,462 [INFO] presentation.ponto.ponto_controller - Ponto — 3 pessoa(s) nao resolvidas (nao encontradas em pessoas nem em fornecedores): 142 - LUCIA MARIA MOURA DUARTE, 516 - SORAIA ALVES, 518 - MARIA TERESA ARANHA MAGALHÃES M. PIRES
2026-05-05 22:38:40,123 [INFO] presentation.ponto.ponto_controller - Processar ponto — mes 4, pasta: G:\.shortcut-targets-by-id\1YUU7cpAVBqQ-XmuiuqVAzKPjw-UZdVg8\CSAG\Ponto\202604
2026-05-05 22:38:40,140 [INFO] application.ponto.processar_ponto_usecase - 📂 30 ficheiros encontrados
2026-05-05 22:38:40,140 [INFO] presentation.ponto.ponto_controller - 📂 30 ficheiros encontrados
2026-05-05 22:38:40,662 [INFO] application.ponto.processar_ponto_usecase - 📅 Ultimo dia do mes anterior carregado
2026-05-05 22:38:40,662 [INFO] presentation.ponto.ponto_controller - 📅 Ultimo dia do mes anterior carregado
2026-05-05 22:38:40,662 [INFO] application.ponto.processar_ponto_usecase - 📄 0104.xlsx
2026-05-05 22:38:40,662 [INFO] presentation.ponto.ponto_controller - 📄 0104.xlsx
2026-05-05 22:38:40,725 [INFO] application.ponto.processar_ponto_usecase -    - 68 registos, 5 erros
2026-05-05 22:38:40,725 [INFO] presentation.ponto.ponto_controller -    - 68 registos, 5 erros
2026-05-05 22:38:41,179 [INFO] application.ponto.processar_ponto_usecase - 📄 0204.xlsx
2026-05-05 22:38:41,179 [INFO] presentation.ponto.ponto_controller - 📄 0204.xlsx
2026-05-05 22:38:41,243 [INFO] application.ponto.processar_ponto_usecase -    - 68 registos, 4 erros
2026-05-05 22:38:41,243 [INFO] presentation.ponto.ponto_controller -    - 68 registos, 4 erros
2026-05-05 22:38:41,703 [INFO] application.ponto.processar_ponto_usecase - 📄 0304.xlsx
2026-05-05 22:38:41,703 [INFO] presentation.ponto.ponto_controller - 📄 0304.xlsx
2026-05-05 22:38:41,766 [INFO] application.ponto.processar_ponto_usecase -    - 68 registos, 6 erros
2026-05-05 22:38:41,768 [INFO] presentation.ponto.ponto_controller -    - 68 registos, 6 erros
2026-05-05 22:38:42,251 [INFO] application.ponto.processar_ponto_usecase - 📄 0404.xlsx
2026-05-05 22:38:42,251 [INFO] presentation.ponto.ponto_controller - 📄 0404.xlsx
2026-05-05 22:38:42,355 [INFO] application.ponto.processar_ponto_usecase -    - 112 registos, 6 erros
2026-05-05 22:38:42,355 [INFO] presentation.ponto.ponto_controller -    - 112 registos, 6 erros
2026-05-05 22:38:42,846 [INFO] application.ponto.processar_ponto_usecase - 📄 0504.xlsx
2026-05-05 22:38:42,846 [INFO] presentation.ponto.ponto_controller - 📄 0504.xlsx
2026-05-05 22:38:42,925 [INFO] application.ponto.processar_ponto_usecase -    - 68 registos, 7 erros
2026-05-05 22:38:42,926 [INFO] presentation.ponto.ponto_controller -    - 68 registos, 7 erros
2026-05-05 22:38:43,433 [INFO] application.ponto.processar_ponto_usecase - 📄 0604.xlsx
2026-05-05 22:38:43,433 [INFO] presentation.ponto.ponto_controller - 📄 0604.xlsx
2026-05-05 22:38:43,514 [INFO] application.ponto.processar_ponto_usecase -    - 68 registos, 2 erros
2026-05-05 22:38:43,514 [INFO] presentation.ponto.ponto_controller -    - 68 registos, 2 erros
2026-05-05 22:38:44,033 [INFO] application.ponto.processar_ponto_usecase - 📄 0704.xlsx
2026-05-05 22:38:44,033 [INFO] presentation.ponto.ponto_controller - 📄 0704.xlsx
2026-05-05 22:38:44,097 [INFO] application.ponto.processar_ponto_usecase -    - 68 registos, 6 erros
2026-05-05 22:38:44,113 [INFO] presentation.ponto.ponto_controller -    - 68 registos, 6 erros
2026-05-05 22:38:44,661 [INFO] application.ponto.processar_ponto_usecase - 📄 0804.xlsx
2026-05-05 22:38:44,661 [INFO] presentation.ponto.ponto_controller - 📄 0804.xlsx
2026-05-05 22:38:44,714 [INFO] application.ponto.processar_ponto_usecase -    - 68 registos, 4 erros
2026-05-05 22:38:44,714 [INFO] presentation.ponto.ponto_controller -    - 68 registos, 4 erros
2026-05-05 22:38:45,282 [INFO] application.ponto.processar_ponto_usecase - 📄 0904.xlsx
2026-05-05 22:38:45,284 [INFO] presentation.ponto.ponto_controller - 📄 0904.xlsx
2026-05-05 22:38:45,347 [INFO] application.ponto.processar_ponto_usecase -    - 68 registos, 1 erros
2026-05-05 22:38:45,347 [INFO] presentation.ponto.ponto_controller -    - 68 registos, 1 erros
2026-05-05 22:38:45,914 [INFO] application.ponto.processar_ponto_usecase - 📄 1004.xlsx
2026-05-05 22:38:45,914 [INFO] presentation.ponto.ponto_controller - 📄 1004.xlsx
2026-05-05 22:38:45,977 [INFO] application.ponto.processar_ponto_usecase -    - 68 registos, 8 erros
2026-05-05 22:38:45,977 [INFO] presentation.ponto.ponto_controller -    - 68 registos, 8 erros
2026-05-05 22:38:46,577 [INFO] application.ponto.processar_ponto_usecase - 📄 1104.xlsx
2026-05-05 22:38:46,577 [INFO] presentation.ponto.ponto_controller - 📄 1104.xlsx
2026-05-05 22:38:46,641 [INFO] application.ponto.processar_ponto_usecase -    - 68 registos, 5 erros
2026-05-05 22:38:46,641 [INFO] presentation.ponto.ponto_controller -    - 68 registos, 5 erros
2026-05-05 22:38:47,241 [INFO] application.ponto.processar_ponto_usecase - 📄 1204.xlsx
2026-05-05 22:38:47,257 [INFO] presentation.ponto.ponto_controller - 📄 1204.xlsx
2026-05-05 22:38:47,305 [INFO] application.ponto.processar_ponto_usecase -    - 68 registos, 11 erros
2026-05-05 22:38:47,305 [INFO] presentation.ponto.ponto_controller -    - 68 registos, 11 erros
2026-05-05 22:38:47,934 [INFO] application.ponto.processar_ponto_usecase - 📄 1304.xlsx
2026-05-05 22:38:47,934 [INFO] presentation.ponto.ponto_controller - 📄 1304.xlsx
2026-05-05 22:38:47,997 [INFO] application.ponto.processar_ponto_usecase -    - 68 registos, 7 erros
2026-05-05 22:38:47,997 [INFO] presentation.ponto.ponto_controller -    - 68 registos, 7 erros
2026-05-05 22:38:48,642 [INFO] application.ponto.processar_ponto_usecase - 📄 1404.xlsx
2026-05-05 22:38:48,642 [INFO] presentation.ponto.ponto_controller - 📄 1404.xlsx
2026-05-05 22:38:48,691 [INFO] application.ponto.processar_ponto_usecase -    - 68 registos, 6 erros
2026-05-05 22:38:48,691 [INFO] presentation.ponto.ponto_controller -    - 68 registos, 6 erros
2026-05-05 22:38:49,351 [INFO] application.ponto.processar_ponto_usecase - 📄 1504.xlsx
2026-05-05 22:38:49,351 [INFO] presentation.ponto.ponto_controller - 📄 1504.xlsx
2026-05-05 22:38:49,415 [INFO] application.ponto.processar_ponto_usecase -    - 68 registos, 3 erros
2026-05-05 22:38:49,415 [INFO] presentation.ponto.ponto_controller -    - 68 registos, 3 erros
2026-05-05 22:38:50,094 [INFO] application.ponto.processar_ponto_usecase - 📄 1604.xlsx
2026-05-05 22:38:50,094 [INFO] presentation.ponto.ponto_controller - 📄 1604.xlsx
2026-05-05 22:38:50,173 [INFO] application.ponto.processar_ponto_usecase -    - 68 registos, 8 erros
2026-05-05 22:38:50,173 [INFO] presentation.ponto.ponto_controller -    - 68 registos, 8 erros
2026-05-05 22:38:50,867 [INFO] application.ponto.processar_ponto_usecase - 📄 1704.xlsx
2026-05-05 22:38:50,867 [INFO] presentation.ponto.ponto_controller - 📄 1704.xlsx
2026-05-05 22:38:50,945 [INFO] application.ponto.processar_ponto_usecase -    - 68 registos, 2 erros
2026-05-05 22:38:50,945 [INFO] presentation.ponto.ponto_controller -    - 68 registos, 2 erros
2026-05-05 22:38:51,642 [INFO] application.ponto.processar_ponto_usecase - 📄 1804.xlsx
2026-05-05 22:38:51,642 [INFO] presentation.ponto.ponto_controller - 📄 1804.xlsx
2026-05-05 22:38:51,705 [INFO] application.ponto.processar_ponto_usecase -    - 68 registos, 4 erros
2026-05-05 22:38:51,705 [INFO] presentation.ponto.ponto_controller -    - 68 registos, 4 erros
2026-05-05 22:38:52,431 [INFO] application.ponto.processar_ponto_usecase - 📄 1904.xlsx
2026-05-05 22:38:52,431 [INFO] presentation.ponto.ponto_controller - 📄 1904.xlsx
2026-05-05 22:38:52,495 [INFO] application.ponto.processar_ponto_usecase -    - 68 registos, 6 erros
2026-05-05 22:38:52,495 [INFO] presentation.ponto.ponto_controller -    - 68 registos, 6 erros
2026-05-05 22:38:53,238 [INFO] application.ponto.processar_ponto_usecase - 📄 2004.xlsx
2026-05-05 22:38:53,238 [INFO] presentation.ponto.ponto_controller - 📄 2004.xlsx
2026-05-05 22:38:53,301 [INFO] application.ponto.processar_ponto_usecase -    - 68 registos, 3 erros
2026-05-05 22:38:53,301 [INFO] presentation.ponto.ponto_controller -    - 68 registos, 3 erros
2026-05-05 22:38:54,056 [INFO] application.ponto.processar_ponto_usecase - 📄 2104.xlsx
2026-05-05 22:38:54,056 [INFO] presentation.ponto.ponto_controller - 📄 2104.xlsx
2026-05-05 22:38:54,120 [INFO] application.ponto.processar_ponto_usecase -    - 69 registos, 9 erros
2026-05-05 22:38:54,120 [INFO] presentation.ponto.ponto_controller -    - 69 registos, 9 erros
2026-05-05 22:38:54,896 [INFO] application.ponto.processar_ponto_usecase - 📄 2204.xlsx
2026-05-05 22:38:54,896 [INFO] presentation.ponto.ponto_controller - 📄 2204.xlsx
2026-05-05 22:38:54,963 [INFO] application.ponto.processar_ponto_usecase -    - 69 registos, 5 erros
2026-05-05 22:38:54,963 [INFO] presentation.ponto.ponto_controller -    - 69 registos, 5 erros
2026-05-05 22:38:55,747 [INFO] application.ponto.processar_ponto_usecase - 📄 2304.xlsx
2026-05-05 22:38:55,747 [INFO] presentation.ponto.ponto_controller - 📄 2304.xlsx
2026-05-05 22:38:55,811 [INFO] application.ponto.processar_ponto_usecase -    - 69 registos, 2 erros
2026-05-05 22:38:55,827 [INFO] presentation.ponto.ponto_controller -    - 69 registos, 2 erros
2026-05-05 22:38:56,631 [INFO] application.ponto.processar_ponto_usecase - 📄 2404.xlsx
2026-05-05 22:38:56,631 [INFO] presentation.ponto.ponto_controller - 📄 2404.xlsx
2026-05-05 22:38:56,695 [INFO] application.ponto.processar_ponto_usecase -    - 69 registos, 8 erros
2026-05-05 22:38:56,695 [INFO] presentation.ponto.ponto_controller -    - 69 registos, 8 erros
2026-05-05 22:38:57,529 [INFO] application.ponto.processar_ponto_usecase - 📄 2504.xlsx
2026-05-05 22:38:57,529 [INFO] presentation.ponto.ponto_controller - 📄 2504.xlsx
2026-05-05 22:38:57,581 [INFO] application.ponto.processar_ponto_usecase -    - 54 registos, 4 erros
2026-05-05 22:38:57,581 [INFO] presentation.ponto.ponto_controller -    - 54 registos, 4 erros
2026-05-05 22:38:58,425 [INFO] application.ponto.processar_ponto_usecase - 📄 2604.xlsx
2026-05-05 22:38:58,425 [INFO] presentation.ponto.ponto_controller - 📄 2604.xlsx
2026-05-05 22:38:58,483 [INFO] application.ponto.processar_ponto_usecase -    - 54 registos, 4 erros
2026-05-05 22:38:58,483 [INFO] presentation.ponto.ponto_controller -    - 54 registos, 4 erros
2026-05-05 22:38:59,330 [INFO] application.ponto.processar_ponto_usecase - 📄 2704.xlsx
2026-05-05 22:38:59,330 [INFO] presentation.ponto.ponto_controller - 📄 2704.xlsx
2026-05-05 22:38:59,394 [INFO] application.ponto.processar_ponto_usecase -    - 54 registos, 4 erros
2026-05-05 22:38:59,394 [INFO] presentation.ponto.ponto_controller -    - 54 registos, 4 erros
2026-05-05 22:39:00,259 [INFO] application.ponto.processar_ponto_usecase - 📄 2804.xlsx
2026-05-05 22:39:00,259 [INFO] presentation.ponto.ponto_controller - 📄 2804.xlsx
2026-05-05 22:39:00,339 [INFO] application.ponto.processar_ponto_usecase -    - 54 registos, 4 erros
2026-05-05 22:39:00,339 [INFO] presentation.ponto.ponto_controller -    - 54 registos, 4 erros
2026-05-05 22:39:01,209 [INFO] application.ponto.processar_ponto_usecase - 📄 2904.xlsx
2026-05-05 22:39:01,209 [INFO] presentation.ponto.ponto_controller - 📄 2904.xlsx
2026-05-05 22:39:01,274 [INFO] application.ponto.processar_ponto_usecase -    - 54 registos, 3 erros
2026-05-05 22:39:01,274 [INFO] presentation.ponto.ponto_controller -    - 54 registos, 3 erros
2026-05-05 22:39:02,161 [INFO] application.ponto.processar_ponto_usecase - 📄 3004.xlsx
2026-05-05 22:39:02,161 [INFO] presentation.ponto.ponto_controller - 📄 3004.xlsx
2026-05-05 22:39:02,216 [INFO] application.ponto.processar_ponto_usecase -    - 56 registos, 3 erros
2026-05-05 22:39:02,216 [INFO] presentation.ponto.ponto_controller -    - 56 registos, 3 erros
2026-05-05 22:39:04,105 [INFO] application.ponto.processar_ponto_usecase - _juntar_erros: 150 associados, 0 nao associados
2026-05-05 22:39:05,670 [INFO] application.ponto.processar_ponto_usecase - 📋 Classificação gravada em: classificacao_debug.xlsx
2026-05-05 22:39:05,670 [INFO] presentation.ponto.ponto_controller - 📋 Classificação gravada em: classificacao_debug.xlsx
2026-05-05 22:39:08,236 [INFO] application.ponto.processar_ponto_usecase - Resumo gravado em: G:\.shortcut-targets-by-id\1YUU7cpAVBqQ-XmuiuqVAzKPjw-UZdVg8\CSAG\Ponto\202604\202604_Resumo.xlsx
2026-05-05 22:39:08,236 [INFO] presentation.ponto.ponto_controller - Resumo gravado em: G:\.shortcut-targets-by-id\1YUU7cpAVBqQ-XmuiuqVAzKPjw-UZdVg8\CSAG\Ponto\202604\202604_Resumo.xlsx
2026-05-05 22:39:08,285 [INFO] application.ponto.processar_ponto_usecase - Resumo por empregado gravado
2026-05-05 22:39:08,285 [INFO] presentation.ponto.ponto_controller - Resumo por empregado gravado
2026-05-05 22:39:08,301 [INFO] application.ponto.processar_ponto_usecase - ⚠️ 111 erros de picagem
2026-05-05 22:39:08,302 [INFO] presentation.ponto.ponto_controller - ⚠️ 111 erros de picagem
2026-05-05 22:39:08,319 [INFO] application.ponto.processar_ponto_usecase - 
✔ 30 ficheiros processados
2026-05-05 22:39:08,319 [INFO] presentation.ponto.ponto_controller - 
✔ 30 ficheiros processados
2026-05-05 22:39:08,319 [INFO] presentation.ponto.ponto_controller - 
✔ 30 ficheiros processados
2026-05-05 22:39:08,319 [INFO] presentation.ponto.ponto_controller - Output: G:\.shortcut-targets-by-id\1YUU7cpAVBqQ-XmuiuqVAzKPjw-UZdVg8\CSAG\Ponto\202604\202604_Resumo.xlsx
2026-05-06 11:15:50,100 [INFO] presentation.ponto.ponto_controller - Processar ponto — mes 5, pasta: G:\.shortcut-targets-by-id\1YUU7cpAVBqQ-XmuiuqVAzKPjw-UZdVg8\CSAG\Ponto\202605
2026-05-06 11:15:50,124 [INFO] application.ponto.processar_ponto_usecase - 📂 5 ficheiros encontrados
2026-05-06 11:15:50,124 [INFO] presentation.ponto.ponto_controller - 📂 5 ficheiros encontrados
2026-05-06 11:15:51,692 [INFO] application.ponto.processar_ponto_usecase - 📅 Ultimo dia do mes anterior carregado
2026-05-06 11:15:51,692 [INFO] presentation.ponto.ponto_controller - 📅 Ultimo dia do mes anterior carregado
2026-05-06 11:15:51,698 [INFO] application.ponto.processar_ponto_usecase - 📄 0105.xlsx
2026-05-06 11:15:51,698 [INFO] presentation.ponto.ponto_controller - 📄 0105.xlsx
2026-05-06 11:15:51,790 [INFO] application.ponto.processar_ponto_usecase -    - 54 registos, 6 erros
2026-05-06 11:15:51,795 [INFO] presentation.ponto.ponto_controller -    - 54 registos, 6 erros
2026-05-06 11:15:51,864 [INFO] application.ponto.processar_ponto_usecase - 📄 0205.xlsx
2026-05-06 11:15:51,864 [INFO] presentation.ponto.ponto_controller - 📄 0205.xlsx
2026-05-06 11:15:51,931 [INFO] application.ponto.processar_ponto_usecase -    - 54 registos, 4 erros
2026-05-06 11:15:51,933 [INFO] presentation.ponto.ponto_controller -    - 54 registos, 4 erros
2026-05-06 11:15:52,003 [INFO] application.ponto.processar_ponto_usecase - 📄 0305.xlsx
2026-05-06 11:15:52,003 [INFO] presentation.ponto.ponto_controller - 📄 0305.xlsx
2026-05-06 11:15:52,077 [INFO] application.ponto.processar_ponto_usecase -    - 54 registos, 4 erros
2026-05-06 11:15:52,077 [INFO] presentation.ponto.ponto_controller -    - 54 registos, 4 erros
2026-05-06 11:15:52,166 [INFO] application.ponto.processar_ponto_usecase - 📄 0405.xlsx
2026-05-06 11:15:52,167 [INFO] presentation.ponto.ponto_controller - 📄 0405.xlsx
2026-05-06 11:15:52,245 [INFO] application.ponto.processar_ponto_usecase -    - 54 registos, 2 erros
2026-05-06 11:15:52,245 [INFO] presentation.ponto.ponto_controller -    - 54 registos, 2 erros
2026-05-06 11:15:52,344 [INFO] application.ponto.processar_ponto_usecase - 📄 0505.xlsx
2026-05-06 11:15:52,344 [INFO] presentation.ponto.ponto_controller - 📄 0505.xlsx
2026-05-06 11:15:53,109 [INFO] application.ponto.processar_ponto_usecase -    - 54 registos, 6 erros
2026-05-06 11:15:53,109 [INFO] presentation.ponto.ponto_controller -    - 54 registos, 6 erros
2026-05-06 11:15:53,389 [INFO] application.ponto.processar_ponto_usecase - _juntar_erros: 22 associados, 0 nao associados
2026-05-06 11:15:53,825 [INFO] application.ponto.processar_ponto_usecase - 📋 Classificação gravada em: classificacao_debug.xlsx
2026-05-06 11:15:53,825 [INFO] presentation.ponto.ponto_controller - 📋 Classificação gravada em: classificacao_debug.xlsx
2026-05-06 11:15:54,363 [INFO] application.ponto.processar_ponto_usecase - Resumo gravado em: G:\.shortcut-targets-by-id\1YUU7cpAVBqQ-XmuiuqVAzKPjw-UZdVg8\CSAG\Ponto\202605\202605_Resumo.xlsx
2026-05-06 11:15:54,363 [INFO] presentation.ponto.ponto_controller - Resumo gravado em: G:\.shortcut-targets-by-id\1YUU7cpAVBqQ-XmuiuqVAzKPjw-UZdVg8\CSAG\Ponto\202605\202605_Resumo.xlsx
2026-05-06 11:15:54,426 [INFO] application.ponto.processar_ponto_usecase - Resumo por empregado gravado
2026-05-06 11:15:54,426 [INFO] presentation.ponto.ponto_controller - Resumo por empregado gravado
2026-05-06 11:15:54,433 [INFO] application.ponto.processar_ponto_usecase - ⚠️ 54 erros de picagem
2026-05-06 11:15:54,434 [INFO] presentation.ponto.ponto_controller - ⚠️ 54 erros de picagem
2026-05-06 11:15:54,451 [INFO] application.ponto.processar_ponto_usecase - 
✔ 5 ficheiros processados
2026-05-06 11:15:54,451 [INFO] presentation.ponto.ponto_controller - 
✔ 5 ficheiros processados
2026-05-06 11:15:54,451 [INFO] presentation.ponto.ponto_controller - 
✔ 5 ficheiros processados
2026-05-06 11:15:54,451 [INFO] presentation.ponto.ponto_controller - Output: G:\.shortcut-targets-by-id\1YUU7cpAVBqQ-XmuiuqVAzKPjw-UZdVg8\CSAG\Ponto\202605\202605_Resumo.xlsx
2026-05-06 11:17:26,972 [INFO] presentation.ponto.ponto_controller - Processar ponto — mes 5, pasta: G:\.shortcut-targets-by-id\1YUU7cpAVBqQ-XmuiuqVAzKPjw-UZdVg8\CSAG\Ponto\202605
2026-05-06 11:17:26,980 [INFO] application.ponto.processar_ponto_usecase - 📂 5 ficheiros encontrados
2026-05-06 11:17:26,982 [INFO] presentation.ponto.ponto_controller - 📂 5 ficheiros encontrados
2026-05-06 11:17:27,045 [INFO] application.ponto.processar_ponto_usecase - 📅 Ultimo dia do mes anterior carregado
2026-05-06 11:17:27,045 [INFO] presentation.ponto.ponto_controller - 📅 Ultimo dia do mes anterior carregado
2026-05-06 11:17:27,052 [INFO] application.ponto.processar_ponto_usecase - 📄 0105.xlsx
2026-05-06 11:17:27,054 [INFO] presentation.ponto.ponto_controller - 📄 0105.xlsx
2026-05-06 11:17:27,136 [INFO] application.ponto.processar_ponto_usecase -    - 54 registos, 6 erros
2026-05-06 11:17:27,136 [INFO] presentation.ponto.ponto_controller -    - 54 registos, 6 erros
2026-05-06 11:17:27,136 [INFO] application.ponto.processar_ponto_usecase - 📄 0205.xlsx
2026-05-06 11:17:27,145 [INFO] presentation.ponto.ponto_controller - 📄 0205.xlsx
2026-05-06 11:17:27,230 [INFO] application.ponto.processar_ponto_usecase -    - 54 registos, 4 erros
2026-05-06 11:17:27,231 [INFO] presentation.ponto.ponto_controller -    - 54 registos, 4 erros
2026-05-06 11:17:27,267 [INFO] application.ponto.processar_ponto_usecase - 📄 0305.xlsx
2026-05-06 11:17:27,275 [INFO] presentation.ponto.ponto_controller - 📄 0305.xlsx
2026-05-06 11:17:27,351 [INFO] application.ponto.processar_ponto_usecase -    - 54 registos, 4 erros
2026-05-06 11:17:27,351 [INFO] presentation.ponto.ponto_controller -    - 54 registos, 4 erros
2026-05-06 11:17:27,414 [INFO] application.ponto.processar_ponto_usecase - 📄 0405.xlsx
2026-05-06 11:17:27,414 [INFO] presentation.ponto.ponto_controller - 📄 0405.xlsx
2026-05-06 11:17:27,496 [INFO] application.ponto.processar_ponto_usecase -    - 54 registos, 2 erros
2026-05-06 11:17:27,496 [INFO] presentation.ponto.ponto_controller -    - 54 registos, 2 erros
2026-05-06 11:17:27,570 [INFO] application.ponto.processar_ponto_usecase - 📄 0505.xlsx
2026-05-06 11:17:27,570 [INFO] presentation.ponto.ponto_controller - 📄 0505.xlsx
2026-05-06 11:17:27,657 [INFO] application.ponto.processar_ponto_usecase -    - 54 registos, 6 erros
2026-05-06 11:17:27,657 [INFO] presentation.ponto.ponto_controller -    - 54 registos, 6 erros
2026-05-06 11:17:27,863 [WARNING] application.ponto.processar_ponto_usecase - Erro nao associado: data='2026-05-01' nome='00000019 - Virginia Emilia Vieira Gonçalves' msg='S em coluna e1'
2026-05-06 11:17:27,869 [WARNING] application.ponto.processar_ponto_usecase - Erro nao associado: data='2026-05-01' nome='00000072 - Maria de Fátima Tavares Martins' msg='E em coluna s1'
2026-05-06 11:17:27,872 [WARNING] application.ponto.processar_ponto_usecase - Erro nao associado: data='2026-05-01' nome='00000072 - Maria de Fátima Tavares Martins' msg='S em coluna e2'
2026-05-06 11:17:27,872 [WARNING] application.ponto.processar_ponto_usecase - Erro nao associado: data='2026-05-01' nome='00000096 - Isabelle Silvestre da Silva' msg='S em coluna e1'
2026-05-06 11:17:27,872 [WARNING] application.ponto.processar_ponto_usecase - Erro nao associado: data='2026-05-01' nome='00000157 - Dulce Helena Lima Cardoso' msg='S em coluna e2'
2026-05-06 11:17:27,878 [WARNING] application.ponto.processar_ponto_usecase - Erro nao associado: data='2026-05-01' nome='00000513 - Beatriz Pereira Venâncio' msg='S em coluna e1'
2026-05-06 11:17:27,878 [WARNING] application.ponto.processar_ponto_usecase - Erro nao associado: data='2026-05-02' nome='00000005 - Maria Rosalina de Jesus Leite' msg='S em coluna e1'
2026-05-06 11:17:27,878 [WARNING] application.ponto.processar_ponto_usecase - Erro nao associado: data='2026-05-02' nome='00000046 - Maria da Conceição Neiva de Sousa' msg='S em coluna e1'
2026-05-06 11:17:27,878 [WARNING] application.ponto.processar_ponto_usecase - Erro nao associado: data='2026-05-02' nome='00000068 - Maria teresa dos Santos Sousa' msg='S em coluna e1'
2026-05-06 11:17:27,878 [WARNING] application.ponto.processar_ponto_usecase - Erro nao associado: data='2026-05-02' nome='00000157 - Dulce Helena Lima Cardoso' msg='S em coluna e2'
2026-05-06 11:17:27,878 [WARNING] application.ponto.processar_ponto_usecase - Erro nao associado: data='2026-05-03' nome='00000019 - Virginia Emilia Vieira Gonçalves' msg='S em coluna e1'
2026-05-06 11:17:27,887 [WARNING] application.ponto.processar_ponto_usecase - Erro nao associado: data='2026-05-03' nome='00000068 - Maria teresa dos Santos Sousa' msg='S em coluna e1'
2026-05-06 11:17:27,889 [WARNING] application.ponto.processar_ponto_usecase - Erro nao associado: data='2026-05-03' nome='00000096 - Isabelle Silvestre da Silva' msg='S em coluna e1'
2026-05-06 11:17:27,889 [WARNING] application.ponto.processar_ponto_usecase - Erro nao associado: data='2026-05-03' nome='00000503 - Carmo Peixoto' msg='S em coluna e1'
2026-05-06 11:17:27,889 [WARNING] application.ponto.processar_ponto_usecase - Erro nao associado: data='2026-05-04' nome='00000005 - Maria Rosalina de Jesus Leite' msg='S em coluna e1'
2026-05-06 11:17:27,894 [WARNING] application.ponto.processar_ponto_usecase - Erro nao associado: data='2026-05-04' nome='00000046 - Maria da Conceição Neiva de Sousa' msg='S em coluna e1'
2026-05-06 11:17:27,894 [WARNING] application.ponto.processar_ponto_usecase - Erro nao associado: data='2026-05-05' nome='00000019 - Virginia Emilia Vieira Gonçalves' msg='S em coluna e1'
2026-05-06 11:17:27,894 [WARNING] application.ponto.processar_ponto_usecase - Erro nao associado: data='2026-05-05' nome='00000096 - Isabelle Silvestre da Silva' msg='S em coluna e1'
2026-05-06 11:17:27,894 [WARNING] application.ponto.processar_ponto_usecase - Erro nao associado: data='2026-05-05' nome='00000117 - Ângela Maria Barbosa Fernandes' msg='E em coluna s1'
2026-05-06 11:17:27,894 [WARNING] application.ponto.processar_ponto_usecase - Erro nao associado: data='2026-05-05' nome='00000117 - Ângela Maria Barbosa Fernandes' msg='E em coluna s2'
2026-05-06 11:17:27,902 [WARNING] application.ponto.processar_ponto_usecase - Erro nao associado: data='2026-05-05' nome='00000117 - Ângela Maria Barbosa Fernandes' msg='S em coluna e2'
2026-05-06 11:17:27,902 [WARNING] application.ponto.processar_ponto_usecase - Erro nao associado: data='2026-05-05' nome='00000513 - Beatriz Pereira Venâncio' msg='S em coluna e1'
2026-05-06 11:17:27,902 [INFO] application.ponto.processar_ponto_usecase - _juntar_erros: 0 associados, 22 nao associados
2026-05-06 11:17:28,160 [INFO] application.ponto.processar_ponto_usecase - 📋 Classificação gravada em: classificacao_debug.xlsx
2026-05-06 11:17:28,160 [INFO] presentation.ponto.ponto_controller - 📋 Classificação gravada em: classificacao_debug.xlsx
2026-05-06 11:17:28,714 [INFO] application.ponto.processar_ponto_usecase - Resumo gravado em: G:\.shortcut-targets-by-id\1YUU7cpAVBqQ-XmuiuqVAzKPjw-UZdVg8\CSAG\Ponto\202605\202605_Resumo.xlsx
2026-05-06 11:17:28,714 [INFO] presentation.ponto.ponto_controller - Resumo gravado em: G:\.shortcut-targets-by-id\1YUU7cpAVBqQ-XmuiuqVAzKPjw-UZdVg8\CSAG\Ponto\202605\202605_Resumo.xlsx
2026-05-06 11:17:28,788 [INFO] application.ponto.processar_ponto_usecase - Resumo por empregado gravado
2026-05-06 11:17:28,788 [INFO] presentation.ponto.ponto_controller - Resumo por empregado gravado
2026-05-06 11:17:28,788 [INFO] application.ponto.processar_ponto_usecase - ⚠️ 54 erros de picagem
2026-05-06 11:17:28,788 [INFO] presentation.ponto.ponto_controller - ⚠️ 54 erros de picagem
2026-05-06 11:17:28,796 [INFO] application.ponto.processar_ponto_usecase - 
✔ 5 ficheiros processados
2026-05-06 11:17:28,796 [INFO] presentation.ponto.ponto_controller - 
✔ 5 ficheiros processados
2026-05-06 11:17:28,796 [INFO] presentation.ponto.ponto_controller - 
✔ 5 ficheiros processados
2026-05-06 11:17:28,796 [INFO] presentation.ponto.ponto_controller - Output: G:\.shortcut-targets-by-id\1YUU7cpAVBqQ-XmuiuqVAzKPjw-UZdVg8\CSAG\Ponto\202605\202605_Resumo.xlsx
2026-05-06 12:08:07,932 [INFO] presentation.ponto.ponto_controller - Processar ponto — mes 5, pasta: G:\.shortcut-targets-by-id\1YUU7cpAVBqQ-XmuiuqVAzKPjw-UZdVg8\CSAG\Ponto\202605
2026-05-06 12:08:07,948 [INFO] application.ponto.processar_ponto_usecase - 📂 5 ficheiros encontrados
2026-05-06 12:08:07,948 [INFO] presentation.ponto.ponto_controller - 📂 5 ficheiros encontrados
2026-05-06 12:08:09,152 [INFO] application.ponto.processar_ponto_usecase - 📅 Ultimo dia do mes anterior carregado
2026-05-06 12:08:09,152 [INFO] presentation.ponto.ponto_controller - 📅 Ultimo dia do mes anterior carregado
2026-05-06 12:08:09,160 [INFO] application.ponto.processar_ponto_usecase - 📄 0105.xlsx
2026-05-06 12:08:09,160 [INFO] presentation.ponto.ponto_controller - 📄 0105.xlsx
2026-05-06 12:08:09,275 [INFO] application.ponto.processar_ponto_usecase -    - 54 registos, 6 erros
2026-05-06 12:08:09,275 [INFO] presentation.ponto.ponto_controller -    - 54 registos, 6 erros
2026-05-06 12:08:09,385 [INFO] application.ponto.processar_ponto_usecase - 📄 0205.xlsx
2026-05-06 12:08:09,385 [INFO] presentation.ponto.ponto_controller - 📄 0205.xlsx
2026-05-06 12:08:09,460 [INFO] application.ponto.processar_ponto_usecase -    - 54 registos, 4 erros
2026-05-06 12:08:09,460 [INFO] presentation.ponto.ponto_controller -    - 54 registos, 4 erros
2026-05-06 12:08:09,584 [INFO] application.ponto.processar_ponto_usecase - 📄 0305.xlsx
2026-05-06 12:08:09,584 [INFO] presentation.ponto.ponto_controller - 📄 0305.xlsx
2026-05-06 12:08:09,658 [INFO] application.ponto.processar_ponto_usecase -    - 54 registos, 4 erros
2026-05-06 12:08:09,658 [INFO] presentation.ponto.ponto_controller -    - 54 registos, 4 erros
2026-05-06 12:08:09,796 [INFO] application.ponto.processar_ponto_usecase - 📄 0405.xlsx
2026-05-06 12:08:09,796 [INFO] presentation.ponto.ponto_controller - 📄 0405.xlsx
2026-05-06 12:08:09,870 [INFO] application.ponto.processar_ponto_usecase -    - 54 registos, 2 erros
2026-05-06 12:08:09,870 [INFO] presentation.ponto.ponto_controller -    - 54 registos, 2 erros
2026-05-06 12:08:10,023 [INFO] application.ponto.processar_ponto_usecase - 📄 0505.xlsx
2026-05-06 12:08:10,023 [INFO] presentation.ponto.ponto_controller - 📄 0505.xlsx
2026-05-06 12:08:10,092 [INFO] application.ponto.processar_ponto_usecase -    - 54 registos, 6 erros
2026-05-06 12:08:10,094 [INFO] presentation.ponto.ponto_controller -    - 54 registos, 6 erros
2026-05-06 12:08:10,456 [INFO] application.ponto.processar_ponto_usecase - _juntar_erros: 22 associados, 0 nao associados
2026-05-06 12:08:10,931 [INFO] application.ponto.processar_ponto_usecase - 📋 Classificação gravada em: classificacao_debug.xlsx
2026-05-06 12:08:10,931 [INFO] presentation.ponto.ponto_controller - 📋 Classificação gravada em: classificacao_debug.xlsx
2026-05-06 12:08:11,692 [INFO] application.ponto.processar_ponto_usecase - Resumo gravado em: G:\.shortcut-targets-by-id\1YUU7cpAVBqQ-XmuiuqVAzKPjw-UZdVg8\CSAG\Ponto\202605\202605_Resumo.xlsx
2026-05-06 12:08:11,692 [INFO] presentation.ponto.ponto_controller - Resumo gravado em: G:\.shortcut-targets-by-id\1YUU7cpAVBqQ-XmuiuqVAzKPjw-UZdVg8\CSAG\Ponto\202605\202605_Resumo.xlsx
2026-05-06 12:08:11,761 [INFO] application.ponto.processar_ponto_usecase - Resumo por empregado gravado
2026-05-06 12:08:11,762 [INFO] presentation.ponto.ponto_controller - Resumo por empregado gravado
2026-05-06 12:08:11,764 [INFO] application.ponto.processar_ponto_usecase - ⚠️ 54 erros de picagem
2026-05-06 12:08:11,765 [INFO] presentation.ponto.ponto_controller - ⚠️ 54 erros de picagem
2026-05-06 12:08:11,780 [INFO] application.ponto.processar_ponto_usecase - 
✔ 5 ficheiros processados
2026-05-06 12:08:11,780 [INFO] presentation.ponto.ponto_controller - 
✔ 5 ficheiros processados
2026-05-06 12:08:11,793 [INFO] presentation.ponto.ponto_controller - 
✔ 5 ficheiros processados
2026-05-06 12:08:11,795 [INFO] presentation.ponto.ponto_controller - Output: G:\.shortcut-targets-by-id\1YUU7cpAVBqQ-XmuiuqVAzKPjw-UZdVg8\CSAG\Ponto\202605\202605_Resumo.xlsx
2026-05-07 11:15:03,089 [INFO] presentation.ponto.ponto_controller - Processar ponto — mes 5, pasta: G:\.shortcut-targets-by-id\1YUU7cpAVBqQ-XmuiuqVAzKPjw-UZdVg8\CSAG\Ponto\202605
2026-05-07 11:15:03,117 [INFO] application.ponto.processar_ponto_usecase - 📂 6 ficheiros encontrados
2026-05-07 11:15:03,117 [INFO] presentation.ponto.ponto_controller - 📂 6 ficheiros encontrados
2026-05-07 11:15:04,362 [INFO] application.ponto.processar_ponto_usecase - 📅 Ultimo dia do mes anterior carregado
2026-05-07 11:15:04,362 [INFO] presentation.ponto.ponto_controller - 📅 Ultimo dia do mes anterior carregado
2026-05-07 11:15:04,362 [INFO] application.ponto.processar_ponto_usecase - 📄 0105.xlsx
2026-05-07 11:15:04,362 [INFO] presentation.ponto.ponto_controller - 📄 0105.xlsx
2026-05-07 11:15:04,441 [INFO] application.ponto.processar_ponto_usecase -    - 54 registos, 6 erros
2026-05-07 11:15:04,441 [INFO] presentation.ponto.ponto_controller -    - 54 registos, 6 erros
2026-05-07 11:15:04,521 [INFO] application.ponto.processar_ponto_usecase - 📄 0205.xlsx
2026-05-07 11:15:04,521 [INFO] presentation.ponto.ponto_controller - 📄 0205.xlsx
2026-05-07 11:15:04,601 [INFO] application.ponto.processar_ponto_usecase -    - 54 registos, 4 erros
2026-05-07 11:15:04,601 [INFO] presentation.ponto.ponto_controller -    - 54 registos, 4 erros
2026-05-07 11:15:04,681 [INFO] application.ponto.processar_ponto_usecase - 📄 0305.xlsx
2026-05-07 11:15:04,696 [INFO] presentation.ponto.ponto_controller - 📄 0305.xlsx
2026-05-07 11:15:04,760 [INFO] application.ponto.processar_ponto_usecase -    - 54 registos, 4 erros
2026-05-07 11:15:04,760 [INFO] presentation.ponto.ponto_controller -    - 54 registos, 4 erros
2026-05-07 11:15:04,855 [INFO] application.ponto.processar_ponto_usecase - 📄 0405.xlsx
2026-05-07 11:15:04,871 [INFO] presentation.ponto.ponto_controller - 📄 0405.xlsx
2026-05-07 11:15:04,935 [INFO] application.ponto.processar_ponto_usecase -    - 54 registos, 2 erros
2026-05-07 11:15:04,935 [INFO] presentation.ponto.ponto_controller -    - 54 registos, 2 erros
2026-05-07 11:15:05,048 [INFO] application.ponto.processar_ponto_usecase - 📄 0505.xlsx
2026-05-07 11:15:05,048 [INFO] presentation.ponto.ponto_controller - 📄 0505.xlsx
2026-05-07 11:15:05,126 [INFO] application.ponto.processar_ponto_usecase -    - 54 registos, 6 erros
2026-05-07 11:15:05,126 [INFO] presentation.ponto.ponto_controller -    - 54 registos, 6 erros
2026-05-07 11:15:05,254 [INFO] application.ponto.processar_ponto_usecase - 📄 0605.xlsx
2026-05-07 11:15:05,254 [INFO] presentation.ponto.ponto_controller - 📄 0605.xlsx
2026-05-07 11:15:05,910 [INFO] application.ponto.processar_ponto_usecase -    - 54 registos, 8 erros
2026-05-07 11:15:05,910 [INFO] presentation.ponto.ponto_controller -    - 54 registos, 8 erros
2026-05-07 11:15:06,230 [INFO] application.ponto.processar_ponto_usecase - _juntar_erros: 30 associados, 0 nao associados
2026-05-07 11:15:06,649 [INFO] application.ponto.processar_ponto_usecase - 📋 Classificação gravada em: classificacao_debug.xlsx
2026-05-07 11:15:06,649 [INFO] presentation.ponto.ponto_controller - 📋 Classificação gravada em: classificacao_debug.xlsx
2026-05-07 11:15:07,249 [INFO] application.ponto.processar_ponto_usecase - Resumo gravado em: G:\.shortcut-targets-by-id\1YUU7cpAVBqQ-XmuiuqVAzKPjw-UZdVg8\CSAG\Ponto\202605\202605_Resumo.xlsx
2026-05-07 11:15:07,249 [INFO] presentation.ponto.ponto_controller - Resumo gravado em: G:\.shortcut-targets-by-id\1YUU7cpAVBqQ-XmuiuqVAzKPjw-UZdVg8\CSAG\Ponto\202605\202605_Resumo.xlsx
2026-05-07 11:15:07,298 [INFO] application.ponto.processar_ponto_usecase - Resumo por empregado gravado
2026-05-07 11:15:07,298 [INFO] presentation.ponto.ponto_controller - Resumo por empregado gravado
2026-05-07 11:15:07,298 [INFO] application.ponto.processar_ponto_usecase - ⚠️ 54 erros de picagem
2026-05-07 11:15:07,298 [INFO] presentation.ponto.ponto_controller - ⚠️ 54 erros de picagem
2026-05-07 11:15:07,315 [INFO] application.ponto.processar_ponto_usecase - 
✔ 6 ficheiros processados
2026-05-07 11:15:07,315 [INFO] presentation.ponto.ponto_controller - 
✔ 6 ficheiros processados
2026-05-07 11:15:07,315 [INFO] presentation.ponto.ponto_controller - 
✔ 6 ficheiros processados
2026-05-07 11:15:07,315 [INFO] presentation.ponto.ponto_controller - Output: G:\.shortcut-targets-by-id\1YUU7cpAVBqQ-XmuiuqVAzKPjw-UZdVg8\CSAG\Ponto\202605\202605_Resumo.xlsx
2026-05-07 11:15:35,396 [WARNING] presentation.ponto.ponto_controller - Nao foi possivel aceder a BD de pessoas: ('HY000', "[HY000] [Microsoft][Controlador Microsoft Access de ODBC] Não foi possível encontrar o ficheiro '(desconhecido)'. (-1811) (SQLDriverConnect); [HY000] [Microsoft][Controlador Microsoft Access de ODBC] Não foi possível encontrar o ficheiro '(desconhecido)'. (-1811)")
2026-05-07 11:15:35,414 [WARNING] presentation.ponto.ponto_controller - Ponto — nao resolvido: '1 - GRACINDA VIEIRA'
2026-05-07 11:15:35,430 [WARNING] presentation.ponto.ponto_controller - Ponto — nao resolvido: '106 - MARTINHA BRANCO PEREIRA RIBEIRO'
2026-05-07 11:15:35,437 [WARNING] presentation.ponto.ponto_controller - Ponto — nao resolvido: '108 - PAULA ALEXANDRA MOREIRA SANTOS'
2026-05-07 11:15:35,445 [WARNING] presentation.ponto.ponto_controller - Ponto — nao resolvido: '11 - MARIA ARMINDA TEIXEIRA FERNANDIM'
2026-05-07 11:15:35,445 [WARNING] presentation.ponto.ponto_controller - Ponto — nao resolvido: '112 - FILIPA CAMÕES'
2026-05-07 11:15:35,456 [WARNING] presentation.ponto.ponto_controller - Ponto — nao resolvido: '113 - JÚLIA MONTEIRO'
2026-05-07 11:15:35,460 [WARNING] presentation.ponto.ponto_controller - Ponto — nao resolvido: '116 - CRISTINA MARIA MARTINS E SILVA'
2026-05-07 11:15:35,465 [WARNING] presentation.ponto.ponto_controller - Ponto — nao resolvido: '117 - ÂNGELA MARIA BARBOSA FERNANDES'
2026-05-07 11:15:35,469 [WARNING] presentation.ponto.ponto_controller - Ponto — nao resolvido: '122 - ELISABETH MOREIRA'
2026-05-07 11:15:35,472 [WARNING] presentation.ponto.ponto_controller - Ponto — nao resolvido: '126 - CARLA LUIS'
2026-05-07 11:15:35,477 [WARNING] presentation.ponto.ponto_controller - Ponto — nao resolvido: '132 - RITA PEREIRA RODRIGUES'
2026-05-07 11:15:35,481 [WARNING] presentation.ponto.ponto_controller - Ponto — nao resolvido: '134 - DISUJA SUBUWAR'
2026-05-07 11:15:35,485 [WARNING] presentation.ponto.ponto_controller - Ponto — nao resolvido: '138 - ANA PAULA NEVES MONTEIRO PEREIRA'
2026-05-07 11:15:35,489 [WARNING] presentation.ponto.ponto_controller - Ponto — nao resolvido: '139 - PAULA ALEXANDRA SOARES DA FONSECA DIAS'
2026-05-07 11:15:35,489 [WARNING] presentation.ponto.ponto_controller - Ponto — nao resolvido: '141 - PAULA ALEXANDRA SOARES DA FONSECA DIAS'
2026-05-07 11:15:35,489 [WARNING] presentation.ponto.ponto_controller - Ponto — nao resolvido: '145 - MARIA CORINA DUARTE CARDOSO'
2026-05-07 11:15:35,489 [WARNING] presentation.ponto.ponto_controller - Ponto — nao resolvido: '15 - SOFIA CRUZ'
2026-05-07 11:15:35,505 [WARNING] presentation.ponto.ponto_controller - Ponto — nao resolvido: '152 - MARIA CORINA DUARTE CARDOSO'
2026-05-07 11:15:35,505 [WARNING] presentation.ponto.ponto_controller - Ponto — nao resolvido: '153 - CARLA MARIA SILVA CORREIA SANTOS'
2026-05-07 11:15:35,505 [WARNING] presentation.ponto.ponto_controller - Ponto — nao resolvido: '154 - ROSA MARIA ROCHA SOUSA'
2026-05-07 11:15:35,505 [WARNING] presentation.ponto.ponto_controller - Ponto — nao resolvido: '155 - INÊS DANIELA FONSECA OLIVEIRA NUNES'
2026-05-07 11:15:35,521 [WARNING] presentation.ponto.ponto_controller - Ponto — nao resolvido: '157 - DULCE HELENA LIMA CARDOSO'
2026-05-07 11:15:35,521 [WARNING] presentation.ponto.ponto_controller - Ponto — nao resolvido: '158 - NILMA NUNES SAMPAIO'
2026-05-07 11:15:35,521 [WARNING] presentation.ponto.ponto_controller - Ponto — nao resolvido: '159 - M. HELENA GOUVEIA SILVA RIBEIRO VILARES'
2026-05-07 11:15:35,537 [WARNING] presentation.ponto.ponto_controller - Ponto — nao resolvido: '160 - M. HELENA GOUVEIA SILVA RIBEIRO VILARES'
2026-05-07 11:15:35,537 [WARNING] presentation.ponto.ponto_controller - Ponto — nao resolvido: '19 - VIRGINIA EMILIA VIEIRA GONÇALVES'
2026-05-07 11:15:35,537 [WARNING] presentation.ponto.ponto_controller - Ponto — nao resolvido: '2 - ALICE DA CONCEIÇÃO LIMA CHAMINÉ ROCHA'
2026-05-07 11:15:35,537 [WARNING] presentation.ponto.ponto_controller - Ponto — nao resolvido: '22 - ADÉLIA CONCEIÇÃO TEIXEIRA COREIA FERREIR'
2026-05-07 11:15:35,537 [WARNING] presentation.ponto.ponto_controller - Ponto — nao resolvido: '38 - ANA DA CONCEIÇÃOTEIXEIRA RIBEIRO DA SILV'
2026-05-07 11:15:35,553 [WARNING] presentation.ponto.ponto_controller - Ponto — nao resolvido: '4 - MARIA ROSÉLIA PEREIRA RUSSO'
2026-05-07 11:15:35,553 [WARNING] presentation.ponto.ponto_controller - Ponto — nao resolvido: '40 - MARIA DA GRAÇA DOS REIS COSTA'
2026-05-07 11:15:35,553 [WARNING] presentation.ponto.ponto_controller - Ponto — nao resolvido: '46 - MARIA DA CONCEIÇÃO NEIVA DE SOUSA'
2026-05-07 11:15:35,553 [WARNING] presentation.ponto.ponto_controller - Ponto — nao resolvido: '5 - MARIA ROSALINA DE JESUS LEITE'
2026-05-07 11:15:35,616 [WARNING] presentation.ponto.ponto_controller - Ponto — nao resolvido: '55 - ANDREIA MARLENE FERREIRA SOUSA BARBOSA'
2026-05-07 11:15:35,616 [WARNING] presentation.ponto.ponto_controller - Ponto — nao resolvido: '63 - LUZIA DE OLIVEIRA LOPES PEREIRA'
2026-05-07 11:15:35,616 [WARNING] presentation.ponto.ponto_controller - Ponto — nao resolvido: '66 - ELVIRA TOMÁSIA DE OLIVEIRA ALMEIDA'
2026-05-07 11:15:35,632 [WARNING] presentation.ponto.ponto_controller - Ponto — nao resolvido: '67 - ALBINA MARIA DOS SANTOS COSTA RODRIGUES'
2026-05-07 11:15:35,632 [WARNING] presentation.ponto.ponto_controller - Ponto — nao resolvido: '68 - MARIA TERESA DOS SANTOS SOUSA'
2026-05-07 11:15:35,632 [WARNING] presentation.ponto.ponto_controller - Ponto — nao resolvido: '69 - ANA MARIA RIBEIRO COSTA'
2026-05-07 11:15:35,648 [WARNING] presentation.ponto.ponto_controller - Ponto — nao resolvido: '72 - MARIA DE FÁTIMA TAVARES MARTINS'
2026-05-07 11:15:35,648 [WARNING] presentation.ponto.ponto_controller - Ponto — nao resolvido: '74 - MARIA ISABEL RODRIGUES DA SILVA SANTOS'
2026-05-07 11:15:35,648 [WARNING] presentation.ponto.ponto_controller - Ponto — nao resolvido: '75 - FERNANDA MARIA MARTINS CASAIS R.FERREIRA'
2026-05-07 11:15:35,663 [WARNING] presentation.ponto.ponto_controller - Ponto — nao resolvido: '76 - BERNARDETE MARIA  FRUTUOSO NEVES'
2026-05-07 11:15:35,663 [WARNING] presentation.ponto.ponto_controller - Ponto — nao resolvido: '82 - MANUELA MANUELA RODRIGUES MARTINS'
2026-05-07 11:15:35,663 [WARNING] presentation.ponto.ponto_controller - Ponto — nao resolvido: '96 - ISABELLE SILVESTRE DA SILVA'
2026-05-07 11:15:35,663 [INFO] presentation.ponto.ponto_controller - Ponto — 45 pessoa(s) nao resolvidas (nao encontradas em pessoas nem em fornecedores): 1 - GRACINDA VIEIRA, 106 - MARTINHA BRANCO PEREIRA RIBEIRO, 108 - PAULA ALEXANDRA MOREIRA SANTOS, 11 - MARIA ARMINDA TEIXEIRA FERNANDIM, 112 - FILIPA CAMÕES, 113 - JÚLIA MONTEIRO, 116 - CRISTINA MARIA MARTINS E SILVA, 117 - ÂNGELA MARIA BARBOSA FERNANDES, 122 - ELISABETH MOREIRA, 126 - CARLA LUIS, 132 - RITA PEREIRA RODRIGUES, 134 - DISUJA SUBUWAR, 138 - ANA PAULA NEVES MONTEIRO PEREIRA, 139 - PAULA ALEXANDRA SOARES DA FONSECA DIAS, 141 - PAULA ALEXANDRA SOARES DA FONSECA DIAS, 145 - MARIA CORINA DUARTE CARDOSO, 15 - SOFIA CRUZ, 152 - MARIA CORINA DUARTE CARDOSO, 153 - CARLA MARIA SILVA CORREIA SANTOS, 154 - ROSA MARIA ROCHA SOUSA, 155 - INÊS DANIELA FONSECA OLIVEIRA NUNES, 157 - DULCE HELENA LIMA CARDOSO, 158 - NILMA NUNES SAMPAIO, 159 - M. HELENA GOUVEIA SILVA RIBEIRO VILARES, 160 - M. HELENA GOUVEIA SILVA RIBEIRO VILARES, 19 - VIRGINIA EMILIA VIEIRA GONÇALVES, 2 - ALICE DA CONCEIÇÃO LIMA CHAMINÉ ROCHA, 22 - ADÉLIA CONCEIÇÃO TEIXEIRA COREIA FERREIR, 38 - ANA DA CONCEIÇÃOTEIXEIRA RIBEIRO DA SILV, 4 - MARIA ROSÉLIA PEREIRA RUSSO, 40 - MARIA DA GRAÇA DOS REIS COSTA, 46 - MARIA DA CONCEIÇÃO NEIVA DE SOUSA, 5 - MARIA ROSALINA DE JESUS LEITE, 55 - ANDREIA MARLENE FERREIRA SOUSA BARBOSA, 63 - LUZIA DE OLIVEIRA LOPES PEREIRA, 66 - ELVIRA TOMÁSIA DE OLIVEIRA ALMEIDA, 67 - ALBINA MARIA DOS SANTOS COSTA RODRIGUES, 68 - MARIA TERESA DOS SANTOS SOUSA, 69 - ANA MARIA RIBEIRO COSTA, 72 - MARIA DE FÁTIMA TAVARES MARTINS, 74 - MARIA ISABEL RODRIGUES DA SILVA SANTOS, 75 - FERNANDA MARIA MARTINS CASAIS R.FERREIRA, 76 - BERNARDETE MARIA  FRUTUOSO NEVES, 82 - MANUELA MANUELA RODRIGUES MARTINS, 96 - ISABELLE SILVESTRE DA SILVA
2026-05-07 11:17:06,976 [INFO] presentation.ponto.ponto_controller - Processar ponto — mes 5, pasta: G:\.shortcut-targets-by-id\1YUU7cpAVBqQ-XmuiuqVAzKPjw-UZdVg8\CSAG\Ponto\202605
2026-05-07 11:17:06,976 [INFO] application.ponto.processar_ponto_usecase - 📂 6 ficheiros encontrados
2026-05-07 11:17:06,998 [INFO] presentation.ponto.ponto_controller - 📂 6 ficheiros encontrados
2026-05-07 11:17:07,087 [INFO] application.ponto.processar_ponto_usecase - 📅 Ultimo dia do mes anterior carregado
2026-05-07 11:17:07,087 [INFO] presentation.ponto.ponto_controller - 📅 Ultimo dia do mes anterior carregado
2026-05-07 11:17:07,103 [INFO] application.ponto.processar_ponto_usecase - 📄 0105.xlsx
2026-05-07 11:17:07,103 [INFO] presentation.ponto.ponto_controller - 📄 0105.xlsx
2026-05-07 11:17:07,182 [INFO] application.ponto.processar_ponto_usecase -    - 54 registos, 6 erros
2026-05-07 11:17:07,182 [INFO] presentation.ponto.ponto_controller -    - 54 registos, 6 erros
2026-05-07 11:17:07,182 [INFO] application.ponto.processar_ponto_usecase - 📄 0205.xlsx
2026-05-07 11:17:07,182 [INFO] presentation.ponto.ponto_controller - 📄 0205.xlsx
2026-05-07 11:17:07,262 [INFO] application.ponto.processar_ponto_usecase -    - 54 registos, 4 erros
2026-05-07 11:17:07,262 [INFO] presentation.ponto.ponto_controller -    - 54 registos, 4 erros
2026-05-07 11:17:07,294 [INFO] application.ponto.processar_ponto_usecase - 📄 0305.xlsx
2026-05-07 11:17:07,294 [INFO] presentation.ponto.ponto_controller - 📄 0305.xlsx
2026-05-07 11:17:07,373 [INFO] application.ponto.processar_ponto_usecase -    - 54 registos, 4 erros
2026-05-07 11:17:07,373 [INFO] presentation.ponto.ponto_controller -    - 54 registos, 4 erros
2026-05-07 11:17:07,421 [INFO] application.ponto.processar_ponto_usecase - 📄 0405.xlsx
2026-05-07 11:17:07,421 [INFO] presentation.ponto.ponto_controller - 📄 0405.xlsx
2026-05-07 11:17:07,500 [INFO] application.ponto.processar_ponto_usecase -    - 54 registos, 2 erros
2026-05-07 11:17:07,500 [INFO] presentation.ponto.ponto_controller -    - 54 registos, 2 erros
2026-05-07 11:17:07,580 [INFO] application.ponto.processar_ponto_usecase - 📄 0505.xlsx
2026-05-07 11:17:07,580 [INFO] presentation.ponto.ponto_controller - 📄 0505.xlsx
2026-05-07 11:17:07,643 [INFO] application.ponto.processar_ponto_usecase -    - 54 registos, 6 erros
2026-05-07 11:17:07,643 [INFO] presentation.ponto.ponto_controller -    - 54 registos, 6 erros
2026-05-07 11:17:07,739 [INFO] application.ponto.processar_ponto_usecase - 📄 0605.xlsx
2026-05-07 11:17:07,739 [INFO] presentation.ponto.ponto_controller - 📄 0605.xlsx
2026-05-07 11:17:07,819 [INFO] application.ponto.processar_ponto_usecase -    - 54 registos, 8 erros
2026-05-07 11:17:07,819 [INFO] presentation.ponto.ponto_controller -    - 54 registos, 8 erros
2026-05-07 11:17:08,059 [WARNING] application.ponto.processar_ponto_usecase - Erro nao associado: data='2026-05-01' nome='00000019 - Virginia Emilia Vieira Gonçalves' msg='S em coluna e1'
2026-05-07 11:17:08,059 [WARNING] application.ponto.processar_ponto_usecase - Erro nao associado: data='2026-05-01' nome='00000072 - Maria de Fátima Tavares Martins' msg='E em coluna s1'
2026-05-07 11:17:08,059 [WARNING] application.ponto.processar_ponto_usecase - Erro nao associado: data='2026-05-01' nome='00000072 - Maria de Fátima Tavares Martins' msg='S em coluna e2'
2026-05-07 11:17:08,059 [WARNING] application.ponto.processar_ponto_usecase - Erro nao associado: data='2026-05-01' nome='00000096 - Isabelle Silvestre da Silva' msg='S em coluna e1'
2026-05-07 11:17:08,059 [WARNING] application.ponto.processar_ponto_usecase - Erro nao associado: data='2026-05-01' nome='00000157 - Dulce Helena Lima Cardoso' msg='S em coluna e2'
2026-05-07 11:17:08,059 [WARNING] application.ponto.processar_ponto_usecase - Erro nao associado: data='2026-05-01' nome='00000513 - Beatriz Pereira Venâncio' msg='S em coluna e1'
2026-05-07 11:17:08,059 [WARNING] application.ponto.processar_ponto_usecase - Erro nao associado: data='2026-05-02' nome='00000005 - Maria Rosalina de Jesus Leite' msg='S em coluna e1'
2026-05-07 11:17:08,059 [WARNING] application.ponto.processar_ponto_usecase - Erro nao associado: data='2026-05-02' nome='00000046 - Maria da Conceição Neiva de Sousa' msg='S em coluna e1'
2026-05-07 11:17:08,059 [WARNING] application.ponto.processar_ponto_usecase - Erro nao associado: data='2026-05-02' nome='00000068 - Maria teresa dos Santos Sousa' msg='S em coluna e1'
2026-05-07 11:17:08,059 [WARNING] application.ponto.processar_ponto_usecase - Erro nao associado: data='2026-05-02' nome='00000157 - Dulce Helena Lima Cardoso' msg='S em coluna e2'
2026-05-07 11:17:08,074 [WARNING] application.ponto.processar_ponto_usecase - Erro nao associado: data='2026-05-03' nome='00000019 - Virginia Emilia Vieira Gonçalves' msg='S em coluna e1'
2026-05-07 11:17:08,074 [WARNING] application.ponto.processar_ponto_usecase - Erro nao associado: data='2026-05-03' nome='00000068 - Maria teresa dos Santos Sousa' msg='S em coluna e1'
2026-05-07 11:17:08,074 [WARNING] application.ponto.processar_ponto_usecase - Erro nao associado: data='2026-05-03' nome='00000096 - Isabelle Silvestre da Silva' msg='S em coluna e1'
2026-05-07 11:17:08,074 [WARNING] application.ponto.processar_ponto_usecase - Erro nao associado: data='2026-05-03' nome='00000503 - Carmo Peixoto' msg='S em coluna e1'
2026-05-07 11:17:08,074 [WARNING] application.ponto.processar_ponto_usecase - Erro nao associado: data='2026-05-04' nome='00000005 - Maria Rosalina de Jesus Leite' msg='S em coluna e1'
2026-05-07 11:17:08,074 [WARNING] application.ponto.processar_ponto_usecase - Erro nao associado: data='2026-05-04' nome='00000046 - Maria da Conceição Neiva de Sousa' msg='S em coluna e1'
2026-05-07 11:17:08,074 [WARNING] application.ponto.processar_ponto_usecase - Erro nao associado: data='2026-05-05' nome='00000019 - Virginia Emilia Vieira Gonçalves' msg='S em coluna e1'
2026-05-07 11:17:08,074 [WARNING] application.ponto.processar_ponto_usecase - Erro nao associado: data='2026-05-05' nome='00000096 - Isabelle Silvestre da Silva' msg='S em coluna e1'
2026-05-07 11:17:08,074 [WARNING] application.ponto.processar_ponto_usecase - Erro nao associado: data='2026-05-05' nome='00000117 - Ângela Maria Barbosa Fernandes' msg='E em coluna s1'
2026-05-07 11:17:08,074 [WARNING] application.ponto.processar_ponto_usecase - Erro nao associado: data='2026-05-05' nome='00000117 - Ângela Maria Barbosa Fernandes' msg='E em coluna s2'
2026-05-07 11:17:08,074 [WARNING] application.ponto.processar_ponto_usecase - Erro nao associado: data='2026-05-05' nome='00000117 - Ângela Maria Barbosa Fernandes' msg='S em coluna e2'
2026-05-07 11:17:08,090 [WARNING] application.ponto.processar_ponto_usecase - Erro nao associado: data='2026-05-05' nome='00000513 - Beatriz Pereira Venâncio' msg='S em coluna e1'
2026-05-07 11:17:08,090 [WARNING] application.ponto.processar_ponto_usecase - Erro nao associado: data='2026-05-06' nome='00000005 - Maria Rosalina de Jesus Leite' msg='S em coluna e1'
2026-05-07 11:17:08,090 [WARNING] application.ponto.processar_ponto_usecase - Erro nao associado: data='2026-05-06' nome='00000040 - Maria da Graça dos Reis Costa' msg='E em coluna s1'
2026-05-07 11:17:08,090 [WARNING] application.ponto.processar_ponto_usecase - Erro nao associado: data='2026-05-06' nome='00000040 - Maria da Graça dos Reis Costa' msg='S em coluna e1'
2026-05-07 11:17:08,090 [WARNING] application.ponto.processar_ponto_usecase - Erro nao associado: data='2026-05-06' nome='00000040 - Maria da Graça dos Reis Costa' msg='S em coluna e2'
2026-05-07 11:17:08,090 [WARNING] application.ponto.processar_ponto_usecase - Erro nao associado: data='2026-05-06' nome='00000046 - Maria da Conceição Neiva de Sousa' msg='S em coluna e1'
2026-05-07 11:17:08,090 [WARNING] application.ponto.processar_ponto_usecase - Erro nao associado: data='2026-05-06' nome='00000106 - Martinha Branco Pereira Ribeiro' msg='E em coluna s1'
2026-05-07 11:17:08,090 [WARNING] application.ponto.processar_ponto_usecase - Erro nao associado: data='2026-05-06' nome='00000106 - Martinha Branco Pereira Ribeiro' msg='S em coluna e1'
2026-05-07 11:17:08,090 [WARNING] application.ponto.processar_ponto_usecase - Erro nao associado: data='2026-05-06' nome='00000106 - Martinha Branco Pereira Ribeiro' msg='S em coluna e2'
2026-05-07 11:17:08,090 [INFO] application.ponto.processar_ponto_usecase - _juntar_erros: 0 associados, 30 nao associados
2026-05-07 11:17:08,358 [INFO] application.ponto.processar_ponto_usecase - 📋 Classificação gravada em: classificacao_debug.xlsx
2026-05-07 11:17:08,358 [INFO] presentation.ponto.ponto_controller - 📋 Classificação gravada em: classificacao_debug.xlsx
2026-05-07 11:17:08,991 [INFO] application.ponto.processar_ponto_usecase - Resumo gravado em: G:\.shortcut-targets-by-id\1YUU7cpAVBqQ-XmuiuqVAzKPjw-UZdVg8\CSAG\Ponto\202605\202605_Resumo.xlsx
2026-05-07 11:17:08,991 [INFO] presentation.ponto.ponto_controller - Resumo gravado em: G:\.shortcut-targets-by-id\1YUU7cpAVBqQ-XmuiuqVAzKPjw-UZdVg8\CSAG\Ponto\202605\202605_Resumo.xlsx
2026-05-07 11:17:09,074 [INFO] application.ponto.processar_ponto_usecase - Resumo por empregado gravado
2026-05-07 11:17:09,074 [INFO] presentation.ponto.ponto_controller - Resumo por empregado gravado
2026-05-07 11:17:09,074 [INFO] application.ponto.processar_ponto_usecase - ⚠️ 54 erros de picagem
2026-05-07 11:17:09,074 [INFO] presentation.ponto.ponto_controller - ⚠️ 54 erros de picagem
2026-05-07 11:17:09,074 [INFO] application.ponto.processar_ponto_usecase - 
✔ 6 ficheiros processados
2026-05-07 11:17:09,074 [INFO] presentation.ponto.ponto_controller - 
✔ 6 ficheiros processados
2026-05-07 11:17:09,074 [INFO] presentation.ponto.ponto_controller - 
✔ 6 ficheiros processados
2026-05-07 11:17:09,074 [INFO] presentation.ponto.ponto_controller - Output: G:\.shortcut-targets-by-id\1YUU7cpAVBqQ-XmuiuqVAzKPjw-UZdVg8\CSAG\Ponto\202605\202605_Resumo.xlsx
2026-05-07 11:17:15,156 [WARNING] presentation.ponto.ponto_controller - Nao foi possivel aceder a BD de pessoas: ('HY000', "[HY000] [Microsoft][Controlador Microsoft Access de ODBC] Não foi possível encontrar o ficheiro '(desconhecido)'. (-1811) (SQLDriverConnect); [HY000] [Microsoft][Controlador Microsoft Access de ODBC] Não foi possível encontrar o ficheiro '(desconhecido)'. (-1811)")
2026-05-07 11:17:15,172 [WARNING] presentation.ponto.ponto_controller - Ponto — nao resolvido: '1 - GRACINDA VIEIRA'
2026-05-07 11:17:15,172 [WARNING] presentation.ponto.ponto_controller - Ponto — nao resolvido: '106 - MARTINHA BRANCO PEREIRA RIBEIRO'
2026-05-07 11:17:15,172 [WARNING] presentation.ponto.ponto_controller - Ponto — nao resolvido: '108 - PAULA ALEXANDRA MOREIRA SANTOS'
2026-05-07 11:17:15,187 [WARNING] presentation.ponto.ponto_controller - Ponto — nao resolvido: '11 - MARIA ARMINDA TEIXEIRA FERNANDIM'
2026-05-07 11:17:15,188 [WARNING] presentation.ponto.ponto_controller - Ponto — nao resolvido: '112 - FILIPA CAMÕES'
2026-05-07 11:17:15,188 [WARNING] presentation.ponto.ponto_controller - Ponto — nao resolvido: '113 - JÚLIA MONTEIRO'
2026-05-07 11:17:15,188 [WARNING] presentation.ponto.ponto_controller - Ponto — nao resolvido: '116 - CRISTINA MARIA MARTINS E SILVA'
2026-05-07 11:17:15,188 [WARNING] presentation.ponto.ponto_controller - Ponto — nao resolvido: '117 - ÂNGELA MARIA BARBOSA FERNANDES'
2026-05-07 11:17:15,188 [WARNING] presentation.ponto.ponto_controller - Ponto — nao resolvido: '122 - ELISABETH MOREIRA'
2026-05-07 11:17:15,188 [WARNING] presentation.ponto.ponto_controller - Ponto — nao resolvido: '126 - CARLA LUIS'
2026-05-07 11:17:15,204 [WARNING] presentation.ponto.ponto_controller - Ponto — nao resolvido: '132 - RITA PEREIRA RODRIGUES'
2026-05-07 11:17:15,205 [WARNING] presentation.ponto.ponto_controller - Ponto — nao resolvido: '134 - DISUJA SUBUWAR'
2026-05-07 11:17:15,205 [WARNING] presentation.ponto.ponto_controller - Ponto — nao resolvido: '138 - ANA PAULA NEVES MONTEIRO PEREIRA'
2026-05-07 11:17:15,205 [WARNING] presentation.ponto.ponto_controller - Ponto — nao resolvido: '139 - PAULA ALEXANDRA SOARES DA FONSECA DIAS'
2026-05-07 11:17:15,205 [WARNING] presentation.ponto.ponto_controller - Ponto — nao resolvido: '141 - PAULA ALEXANDRA SOARES DA FONSECA DIAS'
2026-05-07 11:17:15,205 [WARNING] presentation.ponto.ponto_controller - Ponto — nao resolvido: '145 - MARIA CORINA DUARTE CARDOSO'
2026-05-07 11:17:15,205 [WARNING] presentation.ponto.ponto_controller - Ponto — nao resolvido: '15 - SOFIA CRUZ'
2026-05-07 11:17:15,222 [WARNING] presentation.ponto.ponto_controller - Ponto — nao resolvido: '152 - MARIA CORINA DUARTE CARDOSO'
2026-05-07 11:17:15,222 [WARNING] presentation.ponto.ponto_controller - Ponto — nao resolvido: '153 - CARLA MARIA SILVA CORREIA SANTOS'
2026-05-07 11:17:15,222 [WARNING] presentation.ponto.ponto_controller - Ponto — nao resolvido: '154 - ROSA MARIA ROCHA SOUSA'
2026-05-07 11:17:15,222 [WARNING] presentation.ponto.ponto_controller - Ponto — nao resolvido: '155 - INÊS DANIELA FONSECA OLIVEIRA NUNES'
2026-05-07 11:17:15,222 [WARNING] presentation.ponto.ponto_controller - Ponto — nao resolvido: '157 - DULCE HELENA LIMA CARDOSO'
2026-05-07 11:17:15,222 [WARNING] presentation.ponto.ponto_controller - Ponto — nao resolvido: '158 - NILMA NUNES SAMPAIO'
2026-05-07 11:17:15,238 [WARNING] presentation.ponto.ponto_controller - Ponto — nao resolvido: '159 - M. HELENA GOUVEIA SILVA RIBEIRO VILARES'
2026-05-07 11:17:15,238 [WARNING] presentation.ponto.ponto_controller - Ponto — nao resolvido: '160 - M. HELENA GOUVEIA SILVA RIBEIRO VILARES'
2026-05-07 11:17:15,238 [WARNING] presentation.ponto.ponto_controller - Ponto — nao resolvido: '19 - VIRGINIA EMILIA VIEIRA GONÇALVES'
2026-05-07 11:17:15,238 [WARNING] presentation.ponto.ponto_controller - Ponto — nao resolvido: '2 - ALICE DA CONCEIÇÃO LIMA CHAMINÉ ROCHA'
2026-05-07 11:17:15,238 [WARNING] presentation.ponto.ponto_controller - Ponto — nao resolvido: '22 - ADÉLIA CONCEIÇÃO TEIXEIRA COREIA FERREIR'
2026-05-07 11:17:15,238 [WARNING] presentation.ponto.ponto_controller - Ponto — nao resolvido: '38 - ANA DA CONCEIÇÃOTEIXEIRA RIBEIRO DA SILV'
2026-05-07 11:17:15,255 [WARNING] presentation.ponto.ponto_controller - Ponto — nao resolvido: '4 - MARIA ROSÉLIA PEREIRA RUSSO'
2026-05-07 11:17:15,255 [WARNING] presentation.ponto.ponto_controller - Ponto — nao resolvido: '40 - MARIA DA GRAÇA DOS REIS COSTA'
2026-05-07 11:17:15,255 [WARNING] presentation.ponto.ponto_controller - Ponto — nao resolvido: '46 - MARIA DA CONCEIÇÃO NEIVA DE SOUSA'
2026-05-07 11:17:15,255 [WARNING] presentation.ponto.ponto_controller - Ponto — nao resolvido: '5 - MARIA ROSALINA DE JESUS LEITE'
2026-05-07 11:17:15,288 [WARNING] presentation.ponto.ponto_controller - Ponto — nao resolvido: '55 - ANDREIA MARLENE FERREIRA SOUSA BARBOSA'
2026-05-07 11:17:15,288 [WARNING] presentation.ponto.ponto_controller - Ponto — nao resolvido: '63 - LUZIA DE OLIVEIRA LOPES PEREIRA'
2026-05-07 11:17:15,305 [WARNING] presentation.ponto.ponto_controller - Ponto — nao resolvido: '66 - ELVIRA TOMÁSIA DE OLIVEIRA ALMEIDA'
2026-05-07 11:17:15,305 [WARNING] presentation.ponto.ponto_controller - Ponto — nao resolvido: '67 - ALBINA MARIA DOS SANTOS COSTA RODRIGUES'
2026-05-07 11:17:15,305 [WARNING] presentation.ponto.ponto_controller - Ponto — nao resolvido: '68 - MARIA TERESA DOS SANTOS SOUSA'
2026-05-07 11:17:15,305 [WARNING] presentation.ponto.ponto_controller - Ponto — nao resolvido: '69 - ANA MARIA RIBEIRO COSTA'
2026-05-07 11:17:15,305 [WARNING] presentation.ponto.ponto_controller - Ponto — nao resolvido: '72 - MARIA DE FÁTIMA TAVARES MARTINS'
2026-05-07 11:17:15,322 [WARNING] presentation.ponto.ponto_controller - Ponto — nao resolvido: '74 - MARIA ISABEL RODRIGUES DA SILVA SANTOS'
2026-05-07 11:17:15,322 [WARNING] presentation.ponto.ponto_controller - Ponto — nao resolvido: '75 - FERNANDA MARIA MARTINS CASAIS R.FERREIRA'
2026-05-07 11:17:15,322 [WARNING] presentation.ponto.ponto_controller - Ponto — nao resolvido: '76 - BERNARDETE MARIA  FRUTUOSO NEVES'
2026-05-07 11:17:15,322 [WARNING] presentation.ponto.ponto_controller - Ponto — nao resolvido: '82 - MANUELA MANUELA RODRIGUES MARTINS'
2026-05-07 11:17:15,322 [WARNING] presentation.ponto.ponto_controller - Ponto — nao resolvido: '96 - ISABELLE SILVESTRE DA SILVA'
2026-05-07 11:17:15,322 [INFO] presentation.ponto.ponto_controller - Ponto — 45 pessoa(s) nao resolvidas (nao encontradas em pessoas nem em fornecedores): 1 - GRACINDA VIEIRA, 106 - MARTINHA BRANCO PEREIRA RIBEIRO, 108 - PAULA ALEXANDRA MOREIRA SANTOS, 11 - MARIA ARMINDA TEIXEIRA FERNANDIM, 112 - FILIPA CAMÕES, 113 - JÚLIA MONTEIRO, 116 - CRISTINA MARIA MARTINS E SILVA, 117 - ÂNGELA MARIA BARBOSA FERNANDES, 122 - ELISABETH MOREIRA, 126 - CARLA LUIS, 132 - RITA PEREIRA RODRIGUES, 134 - DISUJA SUBUWAR, 138 - ANA PAULA NEVES MONTEIRO PEREIRA, 139 - PAULA ALEXANDRA SOARES DA FONSECA DIAS, 141 - PAULA ALEXANDRA SOARES DA FONSECA DIAS, 145 - MARIA CORINA DUARTE CARDOSO, 15 - SOFIA CRUZ, 152 - MARIA CORINA DUARTE CARDOSO, 153 - CARLA MARIA SILVA CORREIA SANTOS, 154 - ROSA MARIA ROCHA SOUSA, 155 - INÊS DANIELA FONSECA OLIVEIRA NUNES, 157 - DULCE HELENA LIMA CARDOSO, 158 - NILMA NUNES SAMPAIO, 159 - M. HELENA GOUVEIA SILVA RIBEIRO VILARES, 160 - M. HELENA GOUVEIA SILVA RIBEIRO VILARES, 19 - VIRGINIA EMILIA VIEIRA GONÇALVES, 2 - ALICE DA CONCEIÇÃO LIMA CHAMINÉ ROCHA, 22 - ADÉLIA CONCEIÇÃO TEIXEIRA COREIA FERREIR, 38 - ANA DA CONCEIÇÃOTEIXEIRA RIBEIRO DA SILV, 4 - MARIA ROSÉLIA PEREIRA RUSSO, 40 - MARIA DA GRAÇA DOS REIS COSTA, 46 - MARIA DA CONCEIÇÃO NEIVA DE SOUSA, 5 - MARIA ROSALINA DE JESUS LEITE, 55 - ANDREIA MARLENE FERREIRA SOUSA BARBOSA, 63 - LUZIA DE OLIVEIRA LOPES PEREIRA, 66 - ELVIRA TOMÁSIA DE OLIVEIRA ALMEIDA, 67 - ALBINA MARIA DOS SANTOS COSTA RODRIGUES, 68 - MARIA TERESA DOS SANTOS SOUSA, 69 - ANA MARIA RIBEIRO COSTA, 72 - MARIA DE FÁTIMA TAVARES MARTINS, 74 - MARIA ISABEL RODRIGUES DA SILVA SANTOS, 75 - FERNANDA MARIA MARTINS CASAIS R.FERREIRA, 76 - BERNARDETE MARIA  FRUTUOSO NEVES, 82 - MANUELA MANUELA RODRIGUES MARTINS, 96 - ISABELLE SILVESTRE DA SILVA
2026-05-10 19:16:27,868 [WARNING] presentation.ponto.ponto_controller - Ponto — nao resolvido: '142 - LUCIA MARIA MOURA DUARTE'
2026-05-10 19:16:27,932 [WARNING] presentation.ponto.ponto_controller - Ponto — nao resolvido: '516 - SORAIA ALVES'
2026-05-10 19:16:27,932 [WARNING] presentation.ponto.ponto_controller - Ponto — nao resolvido: '518 - MARIA TERESA ARANHA MAGALHÃES M. PIRES'
2026-05-10 19:16:27,932 [INFO] presentation.ponto.ponto_controller - Ponto — 3 pessoa(s) nao resolvidas (nao encontradas em pessoas nem em fornecedores): 142 - LUCIA MARIA MOURA DUARTE, 516 - SORAIA ALVES, 518 - MARIA TERESA ARANHA MAGALHÃES M. PIRES
2026-05-11 11:05:24,715 [INFO] presentation.ponto.ponto_controller - Processar ponto — mes 5, pasta: G:\.shortcut-targets-by-id\1YUU7cpAVBqQ-XmuiuqVAzKPjw-UZdVg8\CSAG\Ponto\202605
2026-05-11 11:05:24,749 [INFO] application.ponto.processar_ponto_usecase - 📂 7 ficheiros encontrados
2026-05-11 11:05:24,931 [INFO] presentation.ponto.ponto_controller - 📂 7 ficheiros encontrados
2026-05-11 11:05:25,398 [INFO] application.ponto.processar_ponto_usecase - 📅 Ultimo dia do mes anterior carregado
2026-05-11 11:05:25,405 [INFO] presentation.ponto.ponto_controller - 📅 Ultimo dia do mes anterior carregado
2026-05-11 11:05:25,409 [INFO] application.ponto.processar_ponto_usecase - 📄 0105.xlsx
2026-05-11 11:05:25,426 [INFO] presentation.ponto.ponto_controller - 📄 0105.xlsx
2026-05-11 11:05:25,565 [INFO] application.ponto.processar_ponto_usecase -    - 54 registos, 6 erros
2026-05-11 11:05:25,565 [INFO] presentation.ponto.ponto_controller -    - 54 registos, 6 erros
2026-05-11 11:05:25,715 [INFO] application.ponto.processar_ponto_usecase - 📄 0205.xlsx
2026-05-11 11:05:25,716 [INFO] presentation.ponto.ponto_controller - 📄 0205.xlsx
2026-05-11 11:05:25,814 [INFO] application.ponto.processar_ponto_usecase -    - 54 registos, 4 erros
2026-05-11 11:05:25,814 [INFO] presentation.ponto.ponto_controller -    - 54 registos, 4 erros
2026-05-11 11:05:25,964 [INFO] application.ponto.processar_ponto_usecase - 📄 0305.xlsx
2026-05-11 11:05:25,964 [INFO] presentation.ponto.ponto_controller - 📄 0305.xlsx
2026-05-11 11:05:26,080 [INFO] application.ponto.processar_ponto_usecase -    - 54 registos, 4 erros
2026-05-11 11:05:26,082 [INFO] presentation.ponto.ponto_controller -    - 54 registos, 4 erros
2026-05-11 11:05:26,264 [INFO] application.ponto.processar_ponto_usecase - 📄 0405.xlsx
2026-05-11 11:05:26,264 [INFO] presentation.ponto.ponto_controller - 📄 0405.xlsx
2026-05-11 11:05:26,364 [INFO] application.ponto.processar_ponto_usecase -    - 54 registos, 2 erros
2026-05-11 11:05:26,379 [INFO] presentation.ponto.ponto_controller -    - 54 registos, 2 erros
2026-05-11 11:05:26,564 [INFO] application.ponto.processar_ponto_usecase - 📄 0505.xlsx
2026-05-11 11:05:26,564 [INFO] presentation.ponto.ponto_controller - 📄 0505.xlsx
2026-05-11 11:05:26,664 [INFO] application.ponto.processar_ponto_usecase -    - 54 registos, 6 erros
2026-05-11 11:05:26,664 [INFO] presentation.ponto.ponto_controller -    - 54 registos, 6 erros
2026-05-11 11:05:26,864 [INFO] application.ponto.processar_ponto_usecase - 📄 0605.xlsx
2026-05-11 11:05:26,878 [INFO] presentation.ponto.ponto_controller - 📄 0605.xlsx
2026-05-11 11:05:26,980 [INFO] application.ponto.processar_ponto_usecase -    - 54 registos, 8 erros
2026-05-11 11:05:26,981 [INFO] presentation.ponto.ponto_controller -    - 54 registos, 8 erros
2026-05-11 11:05:27,212 [INFO] application.ponto.processar_ponto_usecase - 📄 0705.xlsx
2026-05-11 11:05:27,212 [INFO] presentation.ponto.ponto_controller - 📄 0705.xlsx
2026-05-11 11:05:27,835 [INFO] application.ponto.processar_ponto_usecase -    - 53 registos, 4 erros
2026-05-11 11:05:27,835 [INFO] presentation.ponto.ponto_controller -    - 53 registos, 4 erros
2026-05-11 11:05:28,380 [INFO] application.ponto.processar_ponto_usecase - _juntar_erros: 34 associados, 0 nao associados
2026-05-11 11:05:29,098 [INFO] application.ponto.processar_ponto_usecase - 📋 Classificação gravada em: classificacao_debug.xlsx
2026-05-11 11:05:29,114 [INFO] presentation.ponto.ponto_controller - 📋 Classificação gravada em: classificacao_debug.xlsx
2026-05-11 11:05:30,013 [INFO] application.ponto.processar_ponto_usecase - Resumo gravado em: G:\.shortcut-targets-by-id\1YUU7cpAVBqQ-XmuiuqVAzKPjw-UZdVg8\CSAG\Ponto\202605\202605_Resumo.xlsx
2026-05-11 11:05:30,013 [INFO] presentation.ponto.ponto_controller - Resumo gravado em: G:\.shortcut-targets-by-id\1YUU7cpAVBqQ-XmuiuqVAzKPjw-UZdVg8\CSAG\Ponto\202605\202605_Resumo.xlsx
2026-05-11 11:05:30,096 [INFO] application.ponto.processar_ponto_usecase - Resumo por empregado gravado
2026-05-11 11:05:30,096 [INFO] presentation.ponto.ponto_controller - Resumo por empregado gravado
2026-05-11 11:05:30,096 [INFO] application.ponto.processar_ponto_usecase - ⚠️ 61 erros de picagem
2026-05-11 11:05:30,130 [INFO] presentation.ponto.ponto_controller - ⚠️ 61 erros de picagem
2026-05-11 11:05:30,130 [INFO] application.ponto.processar_ponto_usecase - 
✔ 7 ficheiros processados
2026-05-11 11:05:30,146 [INFO] presentation.ponto.ponto_controller - 
✔ 7 ficheiros processados
2026-05-11 11:05:30,146 [INFO] presentation.ponto.ponto_controller - 
✔ 7 ficheiros processados
2026-05-11 11:05:30,146 [INFO] presentation.ponto.ponto_controller - Output: G:\.shortcut-targets-by-id\1YUU7cpAVBqQ-XmuiuqVAzKPjw-UZdVg8\CSAG\Ponto\202605\202605_Resumo.xlsx
2026-05-11 11:07:03,472 [INFO] presentation.ponto.ponto_controller - Processar ponto — mes 5, pasta: G:\.shortcut-targets-by-id\1YUU7cpAVBqQ-XmuiuqVAzKPjw-UZdVg8\CSAG\Ponto\202605
2026-05-11 11:07:03,484 [INFO] application.ponto.processar_ponto_usecase - 📂 7 ficheiros encontrados
2026-05-11 11:07:03,485 [INFO] presentation.ponto.ponto_controller - 📂 7 ficheiros encontrados
2026-05-11 11:07:03,551 [INFO] application.ponto.processar_ponto_usecase - 📅 Ultimo dia do mes anterior carregado
2026-05-11 11:07:03,551 [INFO] presentation.ponto.ponto_controller - 📅 Ultimo dia do mes anterior carregado
2026-05-11 11:07:03,551 [INFO] application.ponto.processar_ponto_usecase - 📄 0105.xlsx
2026-05-11 11:07:03,567 [INFO] presentation.ponto.ponto_controller - 📄 0105.xlsx
2026-05-11 11:07:03,650 [INFO] application.ponto.processar_ponto_usecase -    - 54 registos, 6 erros
2026-05-11 11:07:03,650 [INFO] presentation.ponto.ponto_controller -    - 54 registos, 6 erros
2026-05-11 11:07:03,650 [INFO] application.ponto.processar_ponto_usecase - 📄 0205.xlsx
2026-05-11 11:07:03,650 [INFO] presentation.ponto.ponto_controller - 📄 0205.xlsx
2026-05-11 11:07:03,733 [INFO] application.ponto.processar_ponto_usecase -    - 54 registos, 4 erros
2026-05-11 11:07:03,733 [INFO] presentation.ponto.ponto_controller -    - 54 registos, 4 erros
2026-05-11 11:07:03,783 [INFO] application.ponto.processar_ponto_usecase - 📄 0305.xlsx
2026-05-11 11:07:03,783 [INFO] presentation.ponto.ponto_controller - 📄 0305.xlsx
2026-05-11 11:07:03,883 [INFO] application.ponto.processar_ponto_usecase -    - 54 registos, 4 erros
2026-05-11 11:07:03,883 [INFO] presentation.ponto.ponto_controller -    - 54 registos, 4 erros
2026-05-11 11:07:03,950 [INFO] application.ponto.processar_ponto_usecase - 📄 0405.xlsx
2026-05-11 11:07:03,950 [INFO] presentation.ponto.ponto_controller - 📄 0405.xlsx
2026-05-11 11:07:04,033 [INFO] application.ponto.processar_ponto_usecase -    - 54 registos, 2 erros
2026-05-11 11:07:04,033 [INFO] presentation.ponto.ponto_controller -    - 54 registos, 2 erros
2026-05-11 11:07:04,116 [INFO] application.ponto.processar_ponto_usecase - 📄 0505.xlsx
2026-05-11 11:07:04,116 [INFO] presentation.ponto.ponto_controller - 📄 0505.xlsx
2026-05-11 11:07:04,200 [INFO] application.ponto.processar_ponto_usecase -    - 54 registos, 6 erros
2026-05-11 11:07:04,200 [INFO] presentation.ponto.ponto_controller -    - 54 registos, 6 erros
2026-05-11 11:07:04,300 [INFO] application.ponto.processar_ponto_usecase - 📄 0605.xlsx
2026-05-11 11:07:04,300 [INFO] presentation.ponto.ponto_controller - 📄 0605.xlsx
2026-05-11 11:07:04,383 [INFO] application.ponto.processar_ponto_usecase -    - 54 registos, 8 erros
2026-05-11 11:07:04,383 [INFO] presentation.ponto.ponto_controller -    - 54 registos, 8 erros
2026-05-11 11:07:04,516 [INFO] application.ponto.processar_ponto_usecase - 📄 0705.xlsx
2026-05-11 11:07:04,516 [INFO] presentation.ponto.ponto_controller - 📄 0705.xlsx
2026-05-11 11:07:04,599 [INFO] application.ponto.processar_ponto_usecase -    - 53 registos, 4 erros
2026-05-11 11:07:04,599 [INFO] presentation.ponto.ponto_controller -    - 53 registos, 4 erros
2026-05-11 11:07:04,914 [INFO] application.ponto.processar_ponto_usecase - _juntar_erros: 34 associados, 0 nao associados
2026-05-11 11:07:05,266 [INFO] application.ponto.processar_ponto_usecase - 📋 Classificação gravada em: classificacao_debug.xlsx
2026-05-11 11:07:05,266 [INFO] presentation.ponto.ponto_controller - 📋 Classificação gravada em: classificacao_debug.xlsx
2026-05-11 11:07:05,933 [INFO] application.ponto.processar_ponto_usecase - Resumo gravado em: G:\.shortcut-targets-by-id\1YUU7cpAVBqQ-XmuiuqVAzKPjw-UZdVg8\CSAG\Ponto\202605\202605_Resumo.xlsx
2026-05-11 11:07:05,933 [INFO] presentation.ponto.ponto_controller - Resumo gravado em: G:\.shortcut-targets-by-id\1YUU7cpAVBqQ-XmuiuqVAzKPjw-UZdVg8\CSAG\Ponto\202605\202605_Resumo.xlsx
2026-05-11 11:07:06,003 [INFO] application.ponto.processar_ponto_usecase - Resumo por empregado gravado
2026-05-11 11:07:06,014 [INFO] presentation.ponto.ponto_controller - Resumo por empregado gravado
2026-05-11 11:07:06,016 [INFO] application.ponto.processar_ponto_usecase - ⚠️ 62 erros de picagem
2026-05-11 11:07:06,019 [INFO] presentation.ponto.ponto_controller - ⚠️ 62 erros de picagem
2026-05-11 11:07:06,019 [INFO] application.ponto.processar_ponto_usecase - 
✔ 7 ficheiros processados
2026-05-11 11:07:06,019 [INFO] presentation.ponto.ponto_controller - 
✔ 7 ficheiros processados
2026-05-11 11:07:06,019 [INFO] presentation.ponto.ponto_controller - 
✔ 7 ficheiros processados
2026-05-11 11:07:06,019 [INFO] presentation.ponto.ponto_controller - Output: G:\.shortcut-targets-by-id\1YUU7cpAVBqQ-XmuiuqVAzKPjw-UZdVg8\CSAG\Ponto\202605\202605_Resumo.xlsx
2026-05-11 12:18:02,851 [INFO] presentation.ponto.ponto_controller - Processar ponto — mes 5, pasta: G:\.shortcut-targets-by-id\1YUU7cpAVBqQ-XmuiuqVAzKPjw-UZdVg8\CSAG\Ponto\202605
2026-05-11 12:18:02,867 [INFO] application.ponto.processar_ponto_usecase - 📂 10 ficheiros encontrados
2026-05-11 12:18:03,014 [INFO] presentation.ponto.ponto_controller - 📂 10 ficheiros encontrados
2026-05-11 12:18:03,439 [INFO] application.ponto.processar_ponto_usecase - 📅 Ultimo dia do mes anterior carregado
2026-05-11 12:18:03,451 [INFO] presentation.ponto.ponto_controller - 📅 Ultimo dia do mes anterior carregado
2026-05-11 12:18:03,456 [INFO] application.ponto.processar_ponto_usecase - 📄 0105.xlsx
2026-05-11 12:18:03,458 [INFO] presentation.ponto.ponto_controller - 📄 0105.xlsx
2026-05-11 12:18:03,572 [INFO] application.ponto.processar_ponto_usecase -    - 54 registos, 6 erros
2026-05-11 12:18:03,572 [INFO] presentation.ponto.ponto_controller -    - 54 registos, 6 erros
2026-05-11 12:18:03,747 [INFO] application.ponto.processar_ponto_usecase - 📄 0205.xlsx
2026-05-11 12:18:03,757 [INFO] presentation.ponto.ponto_controller - 📄 0205.xlsx
2026-05-11 12:18:03,858 [INFO] application.ponto.processar_ponto_usecase -    - 54 registos, 4 erros
2026-05-11 12:18:03,858 [INFO] presentation.ponto.ponto_controller -    - 54 registos, 4 erros
2026-05-11 12:18:04,056 [INFO] application.ponto.processar_ponto_usecase - 📄 0305.xlsx
2026-05-11 12:18:04,056 [INFO] presentation.ponto.ponto_controller - 📄 0305.xlsx
2026-05-11 12:18:04,156 [INFO] application.ponto.processar_ponto_usecase -    - 54 registos, 4 erros
2026-05-11 12:18:04,173 [INFO] presentation.ponto.ponto_controller -    - 54 registos, 4 erros
2026-05-11 12:18:04,390 [INFO] application.ponto.processar_ponto_usecase - 📄 0405.xlsx
2026-05-11 12:18:04,390 [INFO] presentation.ponto.ponto_controller - 📄 0405.xlsx
2026-05-11 12:18:04,507 [INFO] application.ponto.processar_ponto_usecase -    - 54 registos, 2 erros
2026-05-11 12:18:04,507 [INFO] presentation.ponto.ponto_controller -    - 54 registos, 2 erros
2026-05-11 12:18:04,762 [INFO] application.ponto.processar_ponto_usecase - 📄 0505.xlsx
2026-05-11 12:18:04,762 [INFO] presentation.ponto.ponto_controller - 📄 0505.xlsx
2026-05-11 12:18:04,858 [INFO] application.ponto.processar_ponto_usecase -    - 54 registos, 6 erros
2026-05-11 12:18:04,872 [INFO] presentation.ponto.ponto_controller -    - 54 registos, 6 erros
2026-05-11 12:18:05,123 [INFO] application.ponto.processar_ponto_usecase - 📄 0605.xlsx
2026-05-11 12:18:05,140 [INFO] presentation.ponto.ponto_controller - 📄 0605.xlsx
2026-05-11 12:18:05,238 [INFO] application.ponto.processar_ponto_usecase -    - 54 registos, 8 erros
2026-05-11 12:18:05,238 [INFO] presentation.ponto.ponto_controller -    - 54 registos, 8 erros
2026-05-11 12:18:05,505 [INFO] application.ponto.processar_ponto_usecase - 📄 0705.xlsx
2026-05-11 12:18:05,522 [INFO] presentation.ponto.ponto_controller - 📄 0705.xlsx
2026-05-11 12:18:05,626 [INFO] application.ponto.processar_ponto_usecase -    - 53 registos, 4 erros
2026-05-11 12:18:05,655 [INFO] presentation.ponto.ponto_controller -    - 53 registos, 4 erros
2026-05-11 12:18:05,966 [INFO] application.ponto.processar_ponto_usecase - 📄 0805.xlsx
2026-05-11 12:18:05,966 [INFO] presentation.ponto.ponto_controller - 📄 0805.xlsx
2026-05-11 12:18:06,098 [INFO] application.ponto.processar_ponto_usecase -    - 53 registos, 4 erros
2026-05-11 12:18:06,102 [INFO] presentation.ponto.ponto_controller -    - 53 registos, 4 erros
2026-05-11 12:18:06,445 [INFO] application.ponto.processar_ponto_usecase - 📄 0905.xlsx
2026-05-11 12:18:06,447 [INFO] presentation.ponto.ponto_controller - 📄 0905.xlsx
2026-05-11 12:18:07,127 [INFO] application.ponto.processar_ponto_usecase -    - 53 registos, 9 erros
2026-05-11 12:18:07,155 [INFO] presentation.ponto.ponto_controller -    - 53 registos, 9 erros
2026-05-11 12:18:07,556 [INFO] application.ponto.processar_ponto_usecase - 📄 1005.xlsx
2026-05-11 12:18:07,591 [INFO] presentation.ponto.ponto_controller - 📄 1005.xlsx
2026-05-11 12:18:08,121 [INFO] application.ponto.processar_ponto_usecase -    - 53 registos, 4 erros
2026-05-11 12:18:08,121 [INFO] presentation.ponto.ponto_controller -    - 53 registos, 4 erros
2026-05-11 12:18:08,921 [INFO] application.ponto.processar_ponto_usecase - _juntar_erros: 51 associados, 0 nao associados
2026-05-11 12:18:09,771 [INFO] application.ponto.processar_ponto_usecase - 📋 Classificação gravada em: classificacao_debug.xlsx
2026-05-11 12:18:09,795 [INFO] presentation.ponto.ponto_controller - 📋 Classificação gravada em: classificacao_debug.xlsx
2026-05-11 12:18:11,004 [INFO] application.ponto.processar_ponto_usecase - Resumo gravado em: G:\.shortcut-targets-by-id\1YUU7cpAVBqQ-XmuiuqVAzKPjw-UZdVg8\CSAG\Ponto\202605\202605_Resumo.xlsx
2026-05-11 12:18:11,004 [INFO] presentation.ponto.ponto_controller - Resumo gravado em: G:\.shortcut-targets-by-id\1YUU7cpAVBqQ-XmuiuqVAzKPjw-UZdVg8\CSAG\Ponto\202605\202605_Resumo.xlsx
2026-05-11 12:18:11,104 [INFO] application.ponto.processar_ponto_usecase - Resumo por empregado gravado
2026-05-11 12:18:11,123 [INFO] presentation.ponto.ponto_controller - Resumo por empregado gravado
2026-05-11 12:18:11,123 [INFO] application.ponto.processar_ponto_usecase - ⚠️ 62 erros de picagem
2026-05-11 12:18:11,137 [INFO] presentation.ponto.ponto_controller - ⚠️ 62 erros de picagem
2026-05-11 12:18:11,137 [INFO] application.ponto.processar_ponto_usecase - 
✔ 10 ficheiros processados
2026-05-11 12:18:11,157 [INFO] presentation.ponto.ponto_controller - 
✔ 10 ficheiros processados
2026-05-11 12:18:11,157 [INFO] presentation.ponto.ponto_controller - 
✔ 10 ficheiros processados
2026-05-11 12:18:11,157 [INFO] presentation.ponto.ponto_controller - Output: G:\.shortcut-targets-by-id\1YUU7cpAVBqQ-XmuiuqVAzKPjw-UZdVg8\CSAG\Ponto\202605\202605_Resumo.xlsx
2026-05-11 12:19:08,467 [INFO] presentation.ponto.ponto_controller - Processar ponto — mes 5, pasta: G:\.shortcut-targets-by-id\1YUU7cpAVBqQ-XmuiuqVAzKPjw-UZdVg8\CSAG\Ponto\202605
2026-05-11 12:19:08,467 [INFO] application.ponto.processar_ponto_usecase - 📂 10 ficheiros encontrados
2026-05-11 12:19:08,477 [INFO] presentation.ponto.ponto_controller - 📂 10 ficheiros encontrados
2026-05-11 12:19:08,524 [INFO] application.ponto.processar_ponto_usecase - 📅 Ultimo dia do mes anterior carregado
2026-05-11 12:19:08,524 [INFO] presentation.ponto.ponto_controller - 📅 Ultimo dia do mes anterior carregado
2026-05-11 12:19:08,524 [INFO] application.ponto.processar_ponto_usecase - 📄 0105.xlsx
2026-05-11 12:19:08,524 [INFO] presentation.ponto.ponto_controller - 📄 0105.xlsx
2026-05-11 12:19:08,584 [INFO] application.ponto.processar_ponto_usecase -    - 54 registos, 6 erros
2026-05-11 12:19:08,584 [INFO] presentation.ponto.ponto_controller -    - 54 registos, 6 erros
2026-05-11 12:19:08,584 [INFO] application.ponto.processar_ponto_usecase - 📄 0205.xlsx
2026-05-11 12:19:08,584 [INFO] presentation.ponto.ponto_controller - 📄 0205.xlsx
2026-05-11 12:19:08,651 [INFO] application.ponto.processar_ponto_usecase -    - 54 registos, 4 erros
2026-05-11 12:19:08,651 [INFO] presentation.ponto.ponto_controller -    - 54 registos, 4 erros
2026-05-11 12:19:08,684 [INFO] application.ponto.processar_ponto_usecase - 📄 0305.xlsx
2026-05-11 12:19:08,684 [INFO] presentation.ponto.ponto_controller - 📄 0305.xlsx
2026-05-11 12:19:08,750 [INFO] application.ponto.processar_ponto_usecase -    - 54 registos, 4 erros
2026-05-11 12:19:08,750 [INFO] presentation.ponto.ponto_controller -    - 54 registos, 4 erros
2026-05-11 12:19:08,833 [INFO] application.ponto.processar_ponto_usecase - 📄 0405.xlsx
2026-05-11 12:19:08,834 [INFO] presentation.ponto.ponto_controller - 📄 0405.xlsx
2026-05-11 12:19:08,884 [INFO] application.ponto.processar_ponto_usecase -    - 54 registos, 2 erros
2026-05-11 12:19:08,884 [INFO] presentation.ponto.ponto_controller -    - 54 registos, 2 erros
2026-05-11 12:19:08,951 [INFO] application.ponto.processar_ponto_usecase - 📄 0505.xlsx
2026-05-11 12:19:08,951 [INFO] presentation.ponto.ponto_controller - 📄 0505.xlsx
2026-05-11 12:19:09,017 [INFO] application.ponto.processar_ponto_usecase -    - 54 registos, 6 erros
2026-05-11 12:19:09,017 [INFO] presentation.ponto.ponto_controller -    - 54 registos, 6 erros
2026-05-11 12:19:09,100 [INFO] application.ponto.processar_ponto_usecase - 📄 0605.xlsx
2026-05-11 12:19:09,100 [INFO] presentation.ponto.ponto_controller - 📄 0605.xlsx
2026-05-11 12:19:09,150 [INFO] application.ponto.processar_ponto_usecase -    - 54 registos, 8 erros
2026-05-11 12:19:09,150 [INFO] presentation.ponto.ponto_controller -    - 54 registos, 8 erros
2026-05-11 12:19:09,250 [INFO] application.ponto.processar_ponto_usecase - 📄 0705.xlsx
2026-05-11 12:19:09,250 [INFO] presentation.ponto.ponto_controller - 📄 0705.xlsx
2026-05-11 12:19:09,300 [INFO] application.ponto.processar_ponto_usecase -    - 53 registos, 4 erros
2026-05-11 12:19:09,318 [INFO] presentation.ponto.ponto_controller -    - 53 registos, 4 erros
2026-05-11 12:19:09,417 [INFO] application.ponto.processar_ponto_usecase - 📄 0805.xlsx
2026-05-11 12:19:09,417 [INFO] presentation.ponto.ponto_controller - 📄 0805.xlsx
2026-05-11 12:19:09,484 [INFO] application.ponto.processar_ponto_usecase -    - 53 registos, 4 erros
2026-05-11 12:19:09,484 [INFO] presentation.ponto.ponto_controller -    - 53 registos, 4 erros
2026-05-11 12:19:09,600 [INFO] application.ponto.processar_ponto_usecase - 📄 0905.xlsx
2026-05-11 12:19:09,600 [INFO] presentation.ponto.ponto_controller - 📄 0905.xlsx
2026-05-11 12:19:09,651 [INFO] application.ponto.processar_ponto_usecase -    - 53 registos, 9 erros
2026-05-11 12:19:09,651 [INFO] presentation.ponto.ponto_controller -    - 53 registos, 9 erros
2026-05-11 12:19:09,783 [INFO] application.ponto.processar_ponto_usecase - 📄 1005.xlsx
2026-05-11 12:19:09,783 [INFO] presentation.ponto.ponto_controller - 📄 1005.xlsx
2026-05-11 12:19:09,850 [INFO] application.ponto.processar_ponto_usecase -    - 53 registos, 4 erros
2026-05-11 12:19:09,850 [INFO] presentation.ponto.ponto_controller -    - 53 registos, 4 erros
2026-05-11 12:19:10,167 [INFO] application.ponto.processar_ponto_usecase - _juntar_erros: 51 associados, 0 nao associados
2026-05-11 12:19:10,500 [INFO] application.ponto.processar_ponto_usecase - 📋 Classificação gravada em: classificacao_debug.xlsx
2026-05-11 12:19:10,500 [INFO] presentation.ponto.ponto_controller - 📋 Classificação gravada em: classificacao_debug.xlsx
2026-05-11 12:19:11,216 [INFO] application.ponto.processar_ponto_usecase - Resumo gravado em: G:\.shortcut-targets-by-id\1YUU7cpAVBqQ-XmuiuqVAzKPjw-UZdVg8\CSAG\Ponto\202605\202605_Resumo.xlsx
2026-05-11 12:19:11,216 [INFO] presentation.ponto.ponto_controller - Resumo gravado em: G:\.shortcut-targets-by-id\1YUU7cpAVBqQ-XmuiuqVAzKPjw-UZdVg8\CSAG\Ponto\202605\202605_Resumo.xlsx
2026-05-11 12:19:11,281 [INFO] application.ponto.processar_ponto_usecase - Resumo por empregado gravado
2026-05-11 12:19:11,283 [INFO] presentation.ponto.ponto_controller - Resumo por empregado gravado
2026-05-11 12:19:11,283 [INFO] application.ponto.processar_ponto_usecase - ⚠️ 69 erros de picagem
2026-05-11 12:19:11,283 [INFO] presentation.ponto.ponto_controller - ⚠️ 69 erros de picagem
2026-05-11 12:19:11,283 [INFO] application.ponto.processar_ponto_usecase - 
✔ 10 ficheiros processados
2026-05-11 12:19:11,283 [INFO] presentation.ponto.ponto_controller - 
✔ 10 ficheiros processados
2026-05-11 12:19:11,283 [INFO] presentation.ponto.ponto_controller - 
✔ 10 ficheiros processados
2026-05-11 12:19:11,283 [INFO] presentation.ponto.ponto_controller - Output: G:\.shortcut-targets-by-id\1YUU7cpAVBqQ-XmuiuqVAzKPjw-UZdVg8\CSAG\Ponto\202605\202605_Resumo.xlsx
2026-05-11 15:57:13,826 [INFO] presentation.ponto.ponto_controller - Processar ponto — mes 5, pasta: G:\.shortcut-targets-by-id\1YUU7cpAVBqQ-XmuiuqVAzKPjw-UZdVg8\CSAG\Ponto\202605
2026-05-11 15:57:13,826 [INFO] presentation.ponto.ponto_controller - 📋 1 ausências conhecidas carregadas
2026-05-11 15:57:13,969 [INFO] application.ponto.processar_ponto_usecase - 📂 10 ficheiros encontrados
2026-05-11 15:57:13,969 [INFO] presentation.ponto.ponto_controller - 📂 10 ficheiros encontrados
2026-05-11 15:57:14,381 [INFO] application.ponto.processar_ponto_usecase - 📅 Ultimo dia do mes anterior carregado
2026-05-11 15:57:14,397 [INFO] presentation.ponto.ponto_controller - 📅 Ultimo dia do mes anterior carregado
2026-05-11 15:57:14,397 [INFO] application.ponto.processar_ponto_usecase - 📄 0105.xlsx
2026-05-11 15:57:14,414 [INFO] presentation.ponto.ponto_controller - 📄 0105.xlsx
2026-05-11 15:57:14,493 [INFO] application.ponto.processar_ponto_usecase -    - 54 registos, 6 erros
2026-05-11 15:57:14,493 [INFO] presentation.ponto.ponto_controller -    - 54 registos, 6 erros
2026-05-11 15:57:14,701 [INFO] application.ponto.processar_ponto_usecase - 📄 0205.xlsx
2026-05-11 15:57:14,701 [INFO] presentation.ponto.ponto_controller - 📄 0205.xlsx
2026-05-11 15:57:14,781 [INFO] application.ponto.processar_ponto_usecase -    - 54 registos, 4 erros
2026-05-11 15:57:14,781 [INFO] presentation.ponto.ponto_controller -    - 54 registos, 4 erros
2026-05-11 15:57:15,019 [INFO] application.ponto.processar_ponto_usecase - 📄 0305.xlsx
2026-05-11 15:57:15,035 [INFO] presentation.ponto.ponto_controller - 📄 0305.xlsx
2026-05-11 15:57:15,098 [INFO] application.ponto.processar_ponto_usecase -    - 54 registos, 4 erros
2026-05-11 15:57:15,114 [INFO] presentation.ponto.ponto_controller -    - 54 registos, 4 erros
2026-05-11 15:57:15,353 [INFO] application.ponto.processar_ponto_usecase - 📄 0405.xlsx
2026-05-11 15:57:15,353 [INFO] presentation.ponto.ponto_controller - 📄 0405.xlsx
2026-05-11 15:57:15,432 [INFO] application.ponto.processar_ponto_usecase -    - 54 registos, 2 erros
2026-05-11 15:57:15,432 [INFO] presentation.ponto.ponto_controller -    - 54 registos, 2 erros
2026-05-11 15:57:15,673 [INFO] application.ponto.processar_ponto_usecase - 📄 0505.xlsx
2026-05-11 15:57:15,673 [INFO] presentation.ponto.ponto_controller - 📄 0505.xlsx
2026-05-11 15:57:15,752 [INFO] application.ponto.processar_ponto_usecase -    - 54 registos, 6 erros
2026-05-11 15:57:15,752 [INFO] presentation.ponto.ponto_controller -    - 54 registos, 6 erros
2026-05-11 15:57:16,023 [INFO] application.ponto.processar_ponto_usecase - 📄 0605.xlsx
2026-05-11 15:57:16,023 [INFO] presentation.ponto.ponto_controller - 📄 0605.xlsx
2026-05-11 15:57:16,087 [INFO] application.ponto.processar_ponto_usecase -    - 54 registos, 8 erros
2026-05-11 15:57:16,103 [INFO] presentation.ponto.ponto_controller -    - 54 registos, 8 erros
2026-05-11 15:57:16,374 [INFO] application.ponto.processar_ponto_usecase - 📄 0705.xlsx
2026-05-11 15:57:16,390 [INFO] presentation.ponto.ponto_controller - 📄 0705.xlsx
2026-05-11 15:57:16,470 [INFO] application.ponto.processar_ponto_usecase -    - 53 registos, 4 erros
2026-05-11 15:57:16,470 [INFO] presentation.ponto.ponto_controller -    - 53 registos, 4 erros
2026-05-11 15:57:16,773 [INFO] application.ponto.processar_ponto_usecase - 📄 0805.xlsx
2026-05-11 15:57:16,773 [INFO] presentation.ponto.ponto_controller - 📄 0805.xlsx
2026-05-11 15:57:16,852 [INFO] application.ponto.processar_ponto_usecase -    - 53 registos, 4 erros
2026-05-11 15:57:16,858 [INFO] presentation.ponto.ponto_controller -    - 53 registos, 4 erros
2026-05-11 15:57:17,156 [INFO] application.ponto.processar_ponto_usecase - 📄 0905.xlsx
2026-05-11 15:57:17,172 [INFO] presentation.ponto.ponto_controller - 📄 0905.xlsx
2026-05-11 15:57:17,236 [INFO] application.ponto.processar_ponto_usecase -    - 53 registos, 9 erros
2026-05-11 15:57:17,236 [INFO] presentation.ponto.ponto_controller -    - 53 registos, 9 erros
2026-05-11 15:57:17,572 [INFO] application.ponto.processar_ponto_usecase - 📄 1005.xlsx
2026-05-11 15:57:17,572 [INFO] presentation.ponto.ponto_controller - 📄 1005.xlsx
2026-05-11 15:57:17,652 [INFO] application.ponto.processar_ponto_usecase -    - 53 registos, 4 erros
2026-05-11 15:57:17,652 [INFO] presentation.ponto.ponto_controller -    - 53 registos, 4 erros
2026-05-11 15:57:18,442 [INFO] application.ponto.processar_ponto_usecase - _juntar_erros: 51 associados, 0 nao associados
2026-05-11 15:57:19,194 [INFO] application.ponto.processar_ponto_usecase - 📋 Classificação gravada em: classificacao_debug.xlsx
2026-05-11 15:57:19,206 [INFO] presentation.ponto.ponto_controller - 📋 Classificação gravada em: classificacao_debug.xlsx
2026-05-11 15:57:20,449 [INFO] application.ponto.processar_ponto_usecase - Resumo gravado em: G:\.shortcut-targets-by-id\1YUU7cpAVBqQ-XmuiuqVAzKPjw-UZdVg8\CSAG\Ponto\202605\202605_Resumo.xlsx
2026-05-11 15:57:20,450 [INFO] presentation.ponto.ponto_controller - Resumo gravado em: G:\.shortcut-targets-by-id\1YUU7cpAVBqQ-XmuiuqVAzKPjw-UZdVg8\CSAG\Ponto\202605\202605_Resumo.xlsx
2026-05-11 15:57:20,493 [INFO] application.ponto.processar_ponto_usecase - Resumo por empregado gravado
2026-05-11 15:57:20,493 [INFO] presentation.ponto.ponto_controller - Resumo por empregado gravado
2026-05-11 15:57:20,502 [INFO] application.ponto.processar_ponto_usecase - ⚠️ 69 erros de picagem
2026-05-11 15:57:20,513 [INFO] presentation.ponto.ponto_controller - ⚠️ 69 erros de picagem
2026-05-11 15:57:20,513 [INFO] application.ponto.processar_ponto_usecase - 
✔ 10 ficheiros processados
2026-05-11 15:57:20,522 [INFO] presentation.ponto.ponto_controller - 
✔ 10 ficheiros processados
2026-05-11 15:57:20,524 [INFO] presentation.ponto.ponto_controller - 
✔ 10 ficheiros processados
2026-05-11 15:57:20,524 [INFO] presentation.ponto.ponto_controller - Output: G:\.shortcut-targets-by-id\1YUU7cpAVBqQ-XmuiuqVAzKPjw-UZdVg8\CSAG\Ponto\202605\202605_Resumo.xlsx
2026-05-13 10:10:09,848 [INFO] presentation.ponto.ponto_controller - Processar ponto — mes 5, pasta: G:\.shortcut-targets-by-id\1YUU7cpAVBqQ-XmuiuqVAzKPjw-UZdVg8\CSAG\Ponto\202605
2026-05-13 10:10:09,893 [INFO] application.ponto.processar_ponto_usecase - 📂 11 ficheiros encontrados
2026-05-13 10:10:10,181 [INFO] presentation.ponto.ponto_controller - 📂 11 ficheiros encontrados
2026-05-13 10:10:23,886 [INFO] application.ponto.processar_ponto_usecase - 📅 Ultimo dia do mes anterior carregado
2026-05-13 10:10:23,895 [INFO] presentation.ponto.ponto_controller - 📅 Ultimo dia do mes anterior carregado
2026-05-13 10:10:23,897 [INFO] application.ponto.processar_ponto_usecase - 📄 0105.xlsx
2026-05-13 10:10:23,909 [INFO] presentation.ponto.ponto_controller - 📄 0105.xlsx
2026-05-13 10:10:24,630 [INFO] application.ponto.processar_ponto_usecase -    - 54 registos, 6 erros
2026-05-13 10:10:24,632 [INFO] presentation.ponto.ponto_controller -    - 54 registos, 6 erros
2026-05-13 10:10:24,878 [INFO] application.ponto.processar_ponto_usecase - 📄 0205.xlsx
2026-05-13 10:10:24,878 [INFO] presentation.ponto.ponto_controller - 📄 0205.xlsx
2026-05-13 10:10:25,511 [INFO] application.ponto.processar_ponto_usecase -    - 54 registos, 4 erros
2026-05-13 10:10:25,511 [INFO] presentation.ponto.ponto_controller -    - 54 registos, 4 erros
2026-05-13 10:10:25,778 [INFO] application.ponto.processar_ponto_usecase - 📄 0305.xlsx
2026-05-13 10:10:25,778 [INFO] presentation.ponto.ponto_controller - 📄 0305.xlsx
2026-05-13 10:10:26,475 [INFO] application.ponto.processar_ponto_usecase -    - 54 registos, 4 erros
2026-05-13 10:10:27,318 [INFO] presentation.ponto.ponto_controller -    - 54 registos, 4 erros
2026-05-13 10:10:38,390 [INFO] application.ponto.processar_ponto_usecase - 📄 0405.xlsx
2026-05-13 10:10:38,398 [INFO] presentation.ponto.ponto_controller - 📄 0405.xlsx
2026-05-13 10:10:39,316 [INFO] application.ponto.processar_ponto_usecase -    - 54 registos, 2 erros
2026-05-13 10:10:39,316 [INFO] presentation.ponto.ponto_controller -    - 54 registos, 2 erros
2026-05-13 10:10:39,612 [INFO] application.ponto.processar_ponto_usecase - 📄 0505.xlsx
2026-05-13 10:10:39,617 [INFO] presentation.ponto.ponto_controller - 📄 0505.xlsx
2026-05-13 10:10:40,294 [INFO] application.ponto.processar_ponto_usecase -    - 54 registos, 6 erros
2026-05-13 10:10:40,295 [INFO] presentation.ponto.ponto_controller -    - 54 registos, 6 erros
2026-05-13 10:10:40,692 [INFO] application.ponto.processar_ponto_usecase - 📄 0605.xlsx
2026-05-13 10:10:40,696 [INFO] presentation.ponto.ponto_controller - 📄 0605.xlsx
2026-05-13 10:10:41,446 [INFO] application.ponto.processar_ponto_usecase -    - 54 registos, 8 erros
2026-05-13 10:10:41,449 [INFO] presentation.ponto.ponto_controller -    - 54 registos, 8 erros
2026-05-13 10:10:41,770 [INFO] application.ponto.processar_ponto_usecase - 📄 0705.xlsx
2026-05-13 10:10:41,770 [INFO] presentation.ponto.ponto_controller - 📄 0705.xlsx
2026-05-13 10:10:42,478 [INFO] application.ponto.processar_ponto_usecase -    - 53 registos, 4 erros
2026-05-13 10:10:42,478 [INFO] presentation.ponto.ponto_controller -    - 53 registos, 4 erros
2026-05-13 10:10:43,494 [INFO] application.ponto.processar_ponto_usecase - 📄 0805.xlsx
2026-05-13 10:10:43,509 [INFO] presentation.ponto.ponto_controller - 📄 0805.xlsx
2026-05-13 10:10:44,260 [INFO] application.ponto.processar_ponto_usecase -    - 53 registos, 4 erros
2026-05-13 10:10:44,261 [INFO] presentation.ponto.ponto_controller -    - 53 registos, 4 erros
2026-05-13 10:10:45,543 [INFO] application.ponto.processar_ponto_usecase - 📄 0905.xlsx
2026-05-13 10:10:45,543 [INFO] presentation.ponto.ponto_controller - 📄 0905.xlsx
2026-05-13 10:10:46,344 [INFO] application.ponto.processar_ponto_usecase -    - 53 registos, 9 erros
2026-05-13 10:10:46,364 [INFO] presentation.ponto.ponto_controller -    - 53 registos, 9 erros
2026-05-13 10:10:46,821 [INFO] application.ponto.processar_ponto_usecase - 📄 1005.xlsx
2026-05-13 10:10:46,826 [INFO] presentation.ponto.ponto_controller - 📄 1005.xlsx
2026-05-13 10:10:47,461 [INFO] application.ponto.processar_ponto_usecase -    - 53 registos, 4 erros
2026-05-13 10:10:47,461 [INFO] presentation.ponto.ponto_controller -    - 53 registos, 4 erros
2026-05-13 10:10:47,901 [INFO] application.ponto.processar_ponto_usecase - 📄 1105.xlsx
2026-05-13 10:10:47,901 [INFO] presentation.ponto.ponto_controller - 📄 1105.xlsx
2026-05-13 10:10:48,819 [INFO] application.ponto.processar_ponto_usecase -    - 53 registos, 2 erros
2026-05-13 10:10:48,825 [INFO] presentation.ponto.ponto_controller -    - 53 registos, 2 erros
2026-05-13 10:10:49,851 [INFO] application.ponto.processar_ponto_usecase - _juntar_erros: 53 associados, 0 nao associados
2026-05-13 10:10:51,344 [INFO] application.ponto.processar_ponto_usecase - 📋 Classificação gravada em: classificacao_debug.xlsx
2026-05-13 10:10:51,358 [INFO] presentation.ponto.ponto_controller - 📋 Classificação gravada em: classificacao_debug.xlsx
2026-05-13 10:10:52,957 [INFO] application.ponto.processar_ponto_usecase - Resumo gravado em: G:\.shortcut-targets-by-id\1YUU7cpAVBqQ-XmuiuqVAzKPjw-UZdVg8\CSAG\Ponto\202605\202605_Resumo.xlsx
2026-05-13 10:10:52,974 [INFO] presentation.ponto.ponto_controller - Resumo gravado em: G:\.shortcut-targets-by-id\1YUU7cpAVBqQ-XmuiuqVAzKPjw-UZdVg8\CSAG\Ponto\202605\202605_Resumo.xlsx
2026-05-13 10:10:53,499 [INFO] application.ponto.processar_ponto_usecase - Resumo por empregado gravado
2026-05-13 10:10:53,499 [INFO] presentation.ponto.ponto_controller - Resumo por empregado gravado
2026-05-13 10:10:53,499 [INFO] application.ponto.processar_ponto_usecase - ⚠️ 69 erros de picagem
2026-05-13 10:10:53,526 [INFO] presentation.ponto.ponto_controller - ⚠️ 69 erros de picagem
2026-05-13 10:10:53,526 [INFO] application.ponto.processar_ponto_usecase - 
✔ 11 ficheiros processados
2026-05-13 10:10:53,526 [INFO] presentation.ponto.ponto_controller - 
✔ 11 ficheiros processados
2026-05-13 10:10:53,526 [INFO] presentation.ponto.ponto_controller - 
✔ 11 ficheiros processados
2026-05-13 10:10:53,540 [INFO] presentation.ponto.ponto_controller - Output: G:\.shortcut-targets-by-id\1YUU7cpAVBqQ-XmuiuqVAzKPjw-UZdVg8\CSAG\Ponto\202605\202605_Resumo.xlsx
2026-05-13 10:15:04,872 [INFO] presentation.ponto.ponto_controller - Resumo 5 gravado apos edicao manual.
2026-05-14 10:51:56,611 [INFO] presentation.ponto.ponto_controller - Processar ponto — mes 5, pasta: G:\.shortcut-targets-by-id\1YUU7cpAVBqQ-XmuiuqVAzKPjw-UZdVg8\CSAG\Ponto\202605
2026-05-14 10:51:56,644 [INFO] presentation.ponto.ponto_controller - 📋 1 ausências conhecidas carregadas
2026-05-14 10:51:56,795 [INFO] application.ponto.processar_ponto_usecase - 📂 12 ficheiros encontrados
2026-05-14 10:51:56,795 [INFO] presentation.ponto.ponto_controller - 📂 12 ficheiros encontrados
2026-05-14 10:51:57,726 [INFO] application.ponto.processar_ponto_usecase - 📅 Ultimo dia do mes anterior carregado
2026-05-14 10:51:57,732 [INFO] presentation.ponto.ponto_controller - 📅 Ultimo dia do mes anterior carregado
2026-05-14 10:51:57,736 [INFO] application.ponto.processar_ponto_usecase - 📄 0105.xlsx
2026-05-14 10:51:57,741 [INFO] presentation.ponto.ponto_controller - 📄 0105.xlsx
2026-05-14 10:51:57,808 [INFO] application.ponto.processar_ponto_usecase -    - 54 registos, 6 erros
2026-05-14 10:51:57,811 [INFO] presentation.ponto.ponto_controller -    - 54 registos, 6 erros
2026-05-14 10:51:57,962 [INFO] application.ponto.processar_ponto_usecase - 📄 0205.xlsx
2026-05-14 10:51:57,962 [INFO] presentation.ponto.ponto_controller - 📄 0205.xlsx
2026-05-14 10:51:58,027 [INFO] application.ponto.processar_ponto_usecase -    - 54 registos, 4 erros
2026-05-14 10:51:58,043 [INFO] presentation.ponto.ponto_controller -    - 54 registos, 4 erros
2026-05-14 10:51:58,212 [INFO] application.ponto.processar_ponto_usecase - 📄 0305.xlsx
2026-05-14 10:51:58,215 [INFO] presentation.ponto.ponto_controller - 📄 0305.xlsx
2026-05-14 10:51:58,275 [INFO] application.ponto.processar_ponto_usecase -    - 54 registos, 4 erros
2026-05-14 10:51:58,291 [INFO] presentation.ponto.ponto_controller -    - 54 registos, 4 erros
2026-05-14 10:51:58,468 [INFO] application.ponto.processar_ponto_usecase - 📄 0405.xlsx
2026-05-14 10:51:58,470 [INFO] presentation.ponto.ponto_controller - 📄 0405.xlsx
2026-05-14 10:51:58,548 [INFO] application.ponto.processar_ponto_usecase -    - 54 registos, 2 erros
2026-05-14 10:51:58,548 [INFO] presentation.ponto.ponto_controller -    - 54 registos, 2 erros
2026-05-14 10:51:58,726 [INFO] application.ponto.processar_ponto_usecase - 📄 0505.xlsx
2026-05-14 10:51:58,726 [INFO] presentation.ponto.ponto_controller - 📄 0505.xlsx
2026-05-14 10:51:58,806 [INFO] application.ponto.processar_ponto_usecase -    - 54 registos, 6 erros
2026-05-14 10:51:58,806 [INFO] presentation.ponto.ponto_controller -    - 54 registos, 6 erros
2026-05-14 10:51:59,007 [INFO] application.ponto.processar_ponto_usecase - 📄 0605.xlsx
2026-05-14 10:51:59,022 [INFO] presentation.ponto.ponto_controller - 📄 0605.xlsx
2026-05-14 10:51:59,093 [INFO] application.ponto.processar_ponto_usecase -    - 54 registos, 8 erros
2026-05-14 10:51:59,093 [INFO] presentation.ponto.ponto_controller -    - 54 registos, 8 erros
2026-05-14 10:51:59,310 [INFO] application.ponto.processar_ponto_usecase - 📄 0705.xlsx
2026-05-14 10:51:59,321 [INFO] presentation.ponto.ponto_controller - 📄 0705.xlsx
2026-05-14 10:51:59,411 [INFO] application.ponto.processar_ponto_usecase -    - 53 registos, 4 erros
2026-05-14 10:51:59,413 [INFO] presentation.ponto.ponto_controller -    - 53 registos, 4 erros
2026-05-14 10:51:59,637 [INFO] application.ponto.processar_ponto_usecase - 📄 0805.xlsx
2026-05-14 10:51:59,640 [INFO] presentation.ponto.ponto_controller - 📄 0805.xlsx
2026-05-14 10:51:59,708 [INFO] application.ponto.processar_ponto_usecase -    - 53 registos, 4 erros
2026-05-14 10:51:59,708 [INFO] presentation.ponto.ponto_controller -    - 53 registos, 4 erros
2026-05-14 10:51:59,943 [INFO] application.ponto.processar_ponto_usecase - 📄 0905.xlsx
2026-05-14 10:51:59,943 [INFO] presentation.ponto.ponto_controller - 📄 0905.xlsx
2026-05-14 10:52:00,030 [INFO] application.ponto.processar_ponto_usecase -    - 53 registos, 9 erros
2026-05-14 10:52:00,033 [INFO] presentation.ponto.ponto_controller -    - 53 registos, 9 erros
2026-05-14 10:52:00,289 [INFO] application.ponto.processar_ponto_usecase - 📄 1005.xlsx
2026-05-14 10:52:00,289 [INFO] presentation.ponto.ponto_controller - 📄 1005.xlsx
2026-05-14 10:52:00,372 [INFO] application.ponto.processar_ponto_usecase -    - 53 registos, 4 erros
2026-05-14 10:52:00,374 [INFO] presentation.ponto.ponto_controller -    - 53 registos, 4 erros
2026-05-14 10:52:00,642 [INFO] application.ponto.processar_ponto_usecase - 📄 1105.xlsx
2026-05-14 10:52:00,642 [INFO] presentation.ponto.ponto_controller - 📄 1105.xlsx
2026-05-14 10:52:01,222 [INFO] application.ponto.processar_ponto_usecase -    - 53 registos, 2 erros
2026-05-14 10:52:01,225 [INFO] presentation.ponto.ponto_controller -    - 53 registos, 2 erros
2026-05-14 10:52:01,492 [INFO] application.ponto.processar_ponto_usecase - 📄 1305.xlsx
2026-05-14 10:52:01,508 [INFO] presentation.ponto.ponto_controller - 📄 1305.xlsx
2026-05-14 10:52:01,993 [INFO] application.ponto.processar_ponto_usecase -    - 53 registos, 2 erros
2026-05-14 10:52:01,993 [INFO] presentation.ponto.ponto_controller -    - 53 registos, 2 erros
2026-05-14 10:52:02,677 [INFO] application.ponto.processar_ponto_usecase - _juntar_erros: 55 associados, 0 nao associados
2026-05-14 10:52:03,875 [INFO] application.ponto.processar_ponto_usecase - 📋 Classificação gravada em: classificacao_debug.xlsx
2026-05-14 10:52:03,875 [INFO] presentation.ponto.ponto_controller - 📋 Classificação gravada em: classificacao_debug.xlsx
2026-05-14 10:52:04,858 [INFO] application.ponto.processar_ponto_usecase - Resumo gravado em: G:\.shortcut-targets-by-id\1YUU7cpAVBqQ-XmuiuqVAzKPjw-UZdVg8\CSAG\Ponto\202605\202605_Resumo.xlsx
2026-05-14 10:52:04,858 [INFO] presentation.ponto.ponto_controller - Resumo gravado em: G:\.shortcut-targets-by-id\1YUU7cpAVBqQ-XmuiuqVAzKPjw-UZdVg8\CSAG\Ponto\202605\202605_Resumo.xlsx
2026-05-14 10:52:05,508 [INFO] application.ponto.processar_ponto_usecase - Resumo por empregado gravado
2026-05-14 10:52:05,508 [INFO] presentation.ponto.ponto_controller - Resumo por empregado gravado
2026-05-14 10:52:05,508 [INFO] application.ponto.processar_ponto_usecase - ⚠️ 69 erros de picagem
2026-05-14 10:52:05,527 [INFO] presentation.ponto.ponto_controller - ⚠️ 69 erros de picagem
2026-05-14 10:52:05,527 [INFO] application.ponto.processar_ponto_usecase - 
✔ 12 ficheiros processados
2026-05-14 10:52:05,541 [INFO] presentation.ponto.ponto_controller - 
✔ 12 ficheiros processados
2026-05-14 10:52:05,544 [INFO] presentation.ponto.ponto_controller - 
✔ 12 ficheiros processados
2026-05-14 10:52:05,544 [INFO] presentation.ponto.ponto_controller - Output: G:\.shortcut-targets-by-id\1YUU7cpAVBqQ-XmuiuqVAzKPjw-UZdVg8\CSAG\Ponto\202605\202605_Resumo.xlsx
2026-05-14 10:53:11,603 [INFO] presentation.ponto.ponto_controller - Processar ponto — mes 5, pasta: G:\.shortcut-targets-by-id\1YUU7cpAVBqQ-XmuiuqVAzKPjw-UZdVg8\CSAG\Ponto\202605
2026-05-14 10:53:11,619 [INFO] presentation.ponto.ponto_controller - 📋 1 ausências conhecidas carregadas
2026-05-14 10:53:11,619 [INFO] application.ponto.processar_ponto_usecase - 📂 12 ficheiros encontrados
2026-05-14 10:53:11,619 [INFO] presentation.ponto.ponto_controller - 📂 12 ficheiros encontrados
2026-05-14 10:53:11,667 [INFO] application.ponto.processar_ponto_usecase - 📅 Ultimo dia do mes anterior carregado
2026-05-14 10:53:11,669 [INFO] presentation.ponto.ponto_controller - 📅 Ultimo dia do mes anterior carregado
2026-05-14 10:53:11,671 [INFO] application.ponto.processar_ponto_usecase - 📄 0105.xlsx
2026-05-14 10:53:11,673 [INFO] presentation.ponto.ponto_controller - 📄 0105.xlsx
2026-05-14 10:53:11,730 [INFO] application.ponto.processar_ponto_usecase -    - 54 registos, 6 erros
2026-05-14 10:53:11,732 [INFO] presentation.ponto.ponto_controller -    - 54 registos, 6 erros
2026-05-14 10:53:11,732 [INFO] application.ponto.processar_ponto_usecase - 📄 0205.xlsx
2026-05-14 10:53:11,732 [INFO] presentation.ponto.ponto_controller - 📄 0205.xlsx
2026-05-14 10:53:11,797 [INFO] application.ponto.processar_ponto_usecase -    - 54 registos, 4 erros
2026-05-14 10:53:11,799 [INFO] presentation.ponto.ponto_controller -    - 54 registos, 4 erros
2026-05-14 10:53:11,816 [INFO] application.ponto.processar_ponto_usecase - 📄 0305.xlsx
2026-05-14 10:53:11,816 [INFO] presentation.ponto.ponto_controller - 📄 0305.xlsx
2026-05-14 10:53:11,890 [INFO] application.ponto.processar_ponto_usecase -    - 54 registos, 4 erros
2026-05-14 10:53:11,892 [INFO] presentation.ponto.ponto_controller -    - 54 registos, 4 erros
2026-05-14 10:53:11,938 [INFO] application.ponto.processar_ponto_usecase - 📄 0405.xlsx
2026-05-14 10:53:11,938 [INFO] presentation.ponto.ponto_controller - 📄 0405.xlsx
2026-05-14 10:53:11,988 [INFO] application.ponto.processar_ponto_usecase -    - 54 registos, 2 erros
2026-05-14 10:53:12,003 [INFO] presentation.ponto.ponto_controller -    - 54 registos, 2 erros
2026-05-14 10:53:12,072 [INFO] application.ponto.processar_ponto_usecase - 📄 0505.xlsx
2026-05-14 10:53:12,072 [INFO] presentation.ponto.ponto_controller - 📄 0505.xlsx
2026-05-14 10:53:12,131 [INFO] application.ponto.processar_ponto_usecase -    - 54 registos, 6 erros
2026-05-14 10:53:12,133 [INFO] presentation.ponto.ponto_controller -    - 54 registos, 6 erros
2026-05-14 10:53:12,200 [INFO] application.ponto.processar_ponto_usecase - 📄 0605.xlsx
2026-05-14 10:53:12,200 [INFO] presentation.ponto.ponto_controller - 📄 0605.xlsx
2026-05-14 10:53:12,263 [INFO] application.ponto.processar_ponto_usecase -    - 54 registos, 8 erros
2026-05-14 10:53:12,263 [INFO] presentation.ponto.ponto_controller -    - 54 registos, 8 erros
2026-05-14 10:53:12,353 [INFO] application.ponto.processar_ponto_usecase - 📄 0705.xlsx
2026-05-14 10:53:12,355 [INFO] presentation.ponto.ponto_controller - 📄 0705.xlsx
2026-05-14 10:53:12,417 [INFO] application.ponto.processar_ponto_usecase -    - 53 registos, 4 erros
2026-05-14 10:53:12,417 [INFO] presentation.ponto.ponto_controller -    - 53 registos, 4 erros
2026-05-14 10:53:12,519 [INFO] application.ponto.processar_ponto_usecase - 📄 0805.xlsx
2026-05-14 10:53:12,519 [INFO] presentation.ponto.ponto_controller - 📄 0805.xlsx
2026-05-14 10:53:12,583 [INFO] application.ponto.processar_ponto_usecase -    - 53 registos, 4 erros
2026-05-14 10:53:12,583 [INFO] presentation.ponto.ponto_controller -    - 53 registos, 4 erros
2026-05-14 10:53:12,699 [INFO] application.ponto.processar_ponto_usecase - 📄 0905.xlsx
2026-05-14 10:53:12,699 [INFO] presentation.ponto.ponto_controller - 📄 0905.xlsx
2026-05-14 10:53:12,752 [INFO] application.ponto.processar_ponto_usecase -    - 53 registos, 9 erros
2026-05-14 10:53:12,752 [INFO] presentation.ponto.ponto_controller -    - 53 registos, 9 erros
2026-05-14 10:53:12,885 [INFO] application.ponto.processar_ponto_usecase - 📄 1005.xlsx
2026-05-14 10:53:12,885 [INFO] presentation.ponto.ponto_controller - 📄 1005.xlsx
2026-05-14 10:53:12,933 [INFO] application.ponto.processar_ponto_usecase -    - 53 registos, 4 erros
2026-05-14 10:53:12,933 [INFO] presentation.ponto.ponto_controller -    - 53 registos, 4 erros
2026-05-14 10:53:13,085 [INFO] application.ponto.processar_ponto_usecase - 📄 1105.xlsx
2026-05-14 10:53:13,087 [INFO] presentation.ponto.ponto_controller - 📄 1105.xlsx
2026-05-14 10:53:13,134 [INFO] application.ponto.processar_ponto_usecase -    - 53 registos, 2 erros
2026-05-14 10:53:13,134 [INFO] presentation.ponto.ponto_controller -    - 53 registos, 2 erros
2026-05-14 10:53:13,283 [INFO] application.ponto.processar_ponto_usecase - 📄 1305.xlsx
2026-05-14 10:53:13,283 [INFO] presentation.ponto.ponto_controller - 📄 1305.xlsx
2026-05-14 10:53:13,352 [INFO] application.ponto.processar_ponto_usecase -    - 53 registos, 2 erros
2026-05-14 10:53:13,352 [INFO] presentation.ponto.ponto_controller -    - 53 registos, 2 erros
2026-05-14 10:53:13,725 [INFO] application.ponto.processar_ponto_usecase - _juntar_erros: 55 associados, 0 nao associados
2026-05-14 10:53:14,085 [INFO] application.ponto.processar_ponto_usecase - 📋 Classificação gravada em: classificacao_debug.xlsx
2026-05-14 10:53:14,085 [INFO] presentation.ponto.ponto_controller - 📋 Classificação gravada em: classificacao_debug.xlsx
2026-05-14 10:53:14,801 [INFO] application.ponto.processar_ponto_usecase - Resumo gravado em: G:\.shortcut-targets-by-id\1YUU7cpAVBqQ-XmuiuqVAzKPjw-UZdVg8\CSAG\Ponto\202605\202605_Resumo.xlsx
2026-05-14 10:53:14,817 [INFO] presentation.ponto.ponto_controller - Resumo gravado em: G:\.shortcut-targets-by-id\1YUU7cpAVBqQ-XmuiuqVAzKPjw-UZdVg8\CSAG\Ponto\202605\202605_Resumo.xlsx
2026-05-14 10:53:14,851 [INFO] application.ponto.processar_ponto_usecase - Resumo por empregado gravado
2026-05-14 10:53:14,851 [INFO] presentation.ponto.ponto_controller - Resumo por empregado gravado
2026-05-14 10:53:14,866 [INFO] application.ponto.processar_ponto_usecase - ⚠️ 71 erros de picagem
2026-05-14 10:53:14,867 [INFO] presentation.ponto.ponto_controller - ⚠️ 71 erros de picagem
2026-05-14 10:53:14,867 [INFO] application.ponto.processar_ponto_usecase - 
✔ 12 ficheiros processados
2026-05-14 10:53:14,867 [INFO] presentation.ponto.ponto_controller - 
✔ 12 ficheiros processados
2026-05-14 10:53:14,867 [INFO] presentation.ponto.ponto_controller - 
✔ 12 ficheiros processados
2026-05-14 10:53:14,867 [INFO] presentation.ponto.ponto_controller - Output: G:\.shortcut-targets-by-id\1YUU7cpAVBqQ-XmuiuqVAzKPjw-UZdVg8\CSAG\Ponto\202605\202605_Resumo.xlsx
2026-05-15 09:44:46,387 [INFO] presentation.ponto.ponto_controller - Processar ponto — mes 5, pasta: G:\.shortcut-targets-by-id\1YUU7cpAVBqQ-XmuiuqVAzKPjw-UZdVg8\CSAG\Ponto\202605
2026-05-15 09:44:46,418 [INFO] presentation.ponto.ponto_controller - 📋 1 ausências conhecidas carregadas
2026-05-15 09:44:46,613 [INFO] application.ponto.processar_ponto_usecase - 📂 12 ficheiros encontrados
2026-05-15 09:44:46,623 [INFO] presentation.ponto.ponto_controller - 📂 12 ficheiros encontrados
2026-05-15 09:44:47,130 [INFO] application.ponto.processar_ponto_usecase - 📅 Ultimo dia do mes anterior carregado
2026-05-15 09:44:47,138 [INFO] presentation.ponto.ponto_controller - 📅 Ultimo dia do mes anterior carregado
2026-05-15 09:44:47,138 [INFO] application.ponto.processar_ponto_usecase - 📄 0105.xlsx
2026-05-15 09:44:47,146 [INFO] presentation.ponto.ponto_controller - 📄 0105.xlsx
2026-05-15 09:44:47,241 [INFO] application.ponto.processar_ponto_usecase -    - 54 registos, 6 erros
2026-05-15 09:44:47,241 [INFO] presentation.ponto.ponto_controller -    - 54 registos, 6 erros
2026-05-15 09:44:47,241 [INFO] application.ponto.processar_ponto_usecase - 📄 0205.xlsx
2026-05-15 09:44:47,257 [INFO] presentation.ponto.ponto_controller - 📄 0205.xlsx
2026-05-15 09:44:47,337 [INFO] application.ponto.processar_ponto_usecase -    - 54 registos, 4 erros
2026-05-15 09:44:47,337 [INFO] presentation.ponto.ponto_controller -    - 54 registos, 4 erros
2026-05-15 09:44:47,385 [INFO] application.ponto.processar_ponto_usecase - 📄 0305.xlsx
2026-05-15 09:44:47,385 [INFO] presentation.ponto.ponto_controller - 📄 0305.xlsx
2026-05-15 09:44:47,480 [INFO] application.ponto.processar_ponto_usecase -    - 54 registos, 4 erros
2026-05-15 09:44:47,480 [INFO] presentation.ponto.ponto_controller -    - 54 registos, 4 erros
2026-05-15 09:44:47,528 [INFO] application.ponto.processar_ponto_usecase - 📄 0405.xlsx
2026-05-15 09:44:47,544 [INFO] presentation.ponto.ponto_controller - 📄 0405.xlsx
2026-05-15 09:44:47,624 [INFO] application.ponto.processar_ponto_usecase -    - 54 registos, 2 erros
2026-05-15 09:44:47,640 [INFO] presentation.ponto.ponto_controller -    - 54 registos, 2 erros
2026-05-15 09:44:47,719 [INFO] application.ponto.processar_ponto_usecase - 📄 0505.xlsx
2026-05-15 09:44:47,719 [INFO] presentation.ponto.ponto_controller - 📄 0505.xlsx
2026-05-15 09:44:47,815 [INFO] application.ponto.processar_ponto_usecase -    - 54 registos, 6 erros
2026-05-15 09:44:47,815 [INFO] presentation.ponto.ponto_controller -    - 54 registos, 6 erros
2026-05-15 09:44:47,910 [INFO] application.ponto.processar_ponto_usecase - 📄 0605.xlsx
2026-05-15 09:44:47,910 [INFO] presentation.ponto.ponto_controller - 📄 0605.xlsx
2026-05-15 09:44:48,007 [INFO] application.ponto.processar_ponto_usecase -    - 54 registos, 8 erros
2026-05-15 09:44:48,007 [INFO] presentation.ponto.ponto_controller -    - 54 registos, 8 erros
2026-05-15 09:44:48,118 [INFO] application.ponto.processar_ponto_usecase - 📄 0705.xlsx
2026-05-15 09:44:48,118 [INFO] presentation.ponto.ponto_controller - 📄 0705.xlsx
2026-05-15 09:44:48,214 [INFO] application.ponto.processar_ponto_usecase -    - 53 registos, 4 erros
2026-05-15 09:44:48,214 [INFO] presentation.ponto.ponto_controller -    - 53 registos, 4 erros
2026-05-15 09:44:48,341 [INFO] application.ponto.processar_ponto_usecase - 📄 0805.xlsx
2026-05-15 09:44:48,341 [INFO] presentation.ponto.ponto_controller - 📄 0805.xlsx
2026-05-15 09:44:48,437 [INFO] application.ponto.processar_ponto_usecase -    - 53 registos, 4 erros
2026-05-15 09:44:48,437 [INFO] presentation.ponto.ponto_controller -    - 53 registos, 4 erros
2026-05-15 09:44:48,580 [INFO] application.ponto.processar_ponto_usecase - 📄 0905.xlsx
2026-05-15 09:44:48,580 [INFO] presentation.ponto.ponto_controller - 📄 0905.xlsx
2026-05-15 09:44:48,660 [INFO] application.ponto.processar_ponto_usecase -    - 53 registos, 9 erros
2026-05-15 09:44:48,660 [INFO] presentation.ponto.ponto_controller -    - 53 registos, 9 erros
2026-05-15 09:44:48,820 [INFO] application.ponto.processar_ponto_usecase - 📄 1005.xlsx
2026-05-15 09:44:48,820 [INFO] presentation.ponto.ponto_controller - 📄 1005.xlsx
2026-05-15 09:44:48,932 [INFO] application.ponto.processar_ponto_usecase -    - 53 registos, 4 erros
2026-05-15 09:44:48,932 [INFO] presentation.ponto.ponto_controller -    - 53 registos, 4 erros
2026-05-15 09:44:49,107 [INFO] application.ponto.processar_ponto_usecase - 📄 1105.xlsx
2026-05-15 09:44:49,107 [INFO] presentation.ponto.ponto_controller - 📄 1105.xlsx
2026-05-15 09:44:49,202 [INFO] application.ponto.processar_ponto_usecase -    - 53 registos, 2 erros
2026-05-15 09:44:49,202 [INFO] presentation.ponto.ponto_controller -    - 53 registos, 2 erros
2026-05-15 09:44:49,394 [INFO] application.ponto.processar_ponto_usecase - 📄 1305.xlsx
2026-05-15 09:44:49,394 [INFO] presentation.ponto.ponto_controller - 📄 1305.xlsx
2026-05-15 09:44:49,489 [INFO] application.ponto.processar_ponto_usecase -    - 53 registos, 2 erros
2026-05-15 09:44:49,489 [INFO] presentation.ponto.ponto_controller -    - 53 registos, 2 erros
2026-05-15 09:44:50,016 [INFO] application.ponto.processar_ponto_usecase - _juntar_erros: 55 associados, 0 nao associados
2026-05-15 09:44:50,588 [INFO] application.ponto.processar_ponto_usecase - 📋 Classificação gravada em: classificacao_debug.xlsx
2026-05-15 09:44:50,588 [INFO] presentation.ponto.ponto_controller - 📋 Classificação gravada em: classificacao_debug.xlsx
2026-05-15 09:44:51,613 [INFO] application.ponto.processar_ponto_usecase - Resumo gravado em: G:\.shortcut-targets-by-id\1YUU7cpAVBqQ-XmuiuqVAzKPjw-UZdVg8\CSAG\Ponto\202605\202605_Resumo.xlsx
2026-05-15 09:44:51,613 [INFO] presentation.ponto.ponto_controller - Resumo gravado em: G:\.shortcut-targets-by-id\1YUU7cpAVBqQ-XmuiuqVAzKPjw-UZdVg8\CSAG\Ponto\202605\202605_Resumo.xlsx
2026-05-15 09:44:51,688 [INFO] application.ponto.processar_ponto_usecase - Resumo por empregado gravado
2026-05-15 09:44:51,695 [INFO] presentation.ponto.ponto_controller - Resumo por empregado gravado
2026-05-15 09:44:51,698 [INFO] application.ponto.processar_ponto_usecase - ⚠️ 71 erros de picagem
2026-05-15 09:44:51,713 [INFO] presentation.ponto.ponto_controller - ⚠️ 71 erros de picagem
2026-05-15 09:44:51,713 [INFO] application.ponto.processar_ponto_usecase - 
✔ 12 ficheiros processados
2026-05-15 09:44:51,730 [INFO] presentation.ponto.ponto_controller - 
✔ 12 ficheiros processados
2026-05-15 09:44:51,730 [INFO] presentation.ponto.ponto_controller - 
✔ 12 ficheiros processados
2026-05-15 09:44:51,730 [INFO] presentation.ponto.ponto_controller - Output: G:\.shortcut-targets-by-id\1YUU7cpAVBqQ-XmuiuqVAzKPjw-UZdVg8\CSAG\Ponto\202605\202605_Resumo.xlsx
2026-05-16 09:07:45,555 [INFO] presentation.ponto.ponto_controller - Processar ponto — mes 5, pasta: G:\.shortcut-targets-by-id\1YUU7cpAVBqQ-XmuiuqVAzKPjw-UZdVg8\CSAG\Ponto\202605
2026-05-16 09:07:45,571 [INFO] presentation.ponto.ponto_controller - 📋 1 ausências conhecidas carregadas
2026-05-16 09:07:45,714 [INFO] application.ponto.processar_ponto_usecase - 📂 12 ficheiros encontrados
2026-05-16 09:07:45,714 [INFO] presentation.ponto.ponto_controller - 📂 12 ficheiros encontrados
2026-05-16 09:07:46,016 [INFO] application.ponto.processar_ponto_usecase - 📅 Ultimo dia do mes anterior carregado
2026-05-16 09:07:46,032 [INFO] presentation.ponto.ponto_controller - 📅 Ultimo dia do mes anterior carregado
2026-05-16 09:07:46,032 [INFO] application.ponto.processar_ponto_usecase - 📄 0105.xlsx
2026-05-16 09:07:46,032 [INFO] presentation.ponto.ponto_controller - 📄 0105.xlsx
2026-05-16 09:07:46,095 [INFO] application.ponto.processar_ponto_usecase -    - 54 registos, 6 erros
2026-05-16 09:07:46,095 [INFO] presentation.ponto.ponto_controller -    - 54 registos, 6 erros
2026-05-16 09:07:46,271 [INFO] application.ponto.processar_ponto_usecase - 📄 0205.xlsx
2026-05-16 09:07:46,287 [INFO] presentation.ponto.ponto_controller - 📄 0205.xlsx
2026-05-16 09:07:46,351 [INFO] application.ponto.processar_ponto_usecase -    - 54 registos, 4 erros
2026-05-16 09:07:46,351 [INFO] presentation.ponto.ponto_controller -    - 54 registos, 4 erros
2026-05-16 09:07:46,543 [INFO] application.ponto.processar_ponto_usecase - 📄 0305.xlsx
2026-05-16 09:07:46,543 [INFO] presentation.ponto.ponto_controller - 📄 0305.xlsx
2026-05-16 09:07:46,621 [INFO] application.ponto.processar_ponto_usecase -    - 54 registos, 4 erros
2026-05-16 09:07:46,621 [INFO] presentation.ponto.ponto_controller -    - 54 registos, 4 erros
2026-05-16 09:07:46,828 [INFO] application.ponto.processar_ponto_usecase - 📄 0405.xlsx
2026-05-16 09:07:46,828 [INFO] presentation.ponto.ponto_controller - 📄 0405.xlsx
2026-05-16 09:07:46,908 [INFO] application.ponto.processar_ponto_usecase -    - 54 registos, 2 erros
2026-05-16 09:07:46,908 [INFO] presentation.ponto.ponto_controller -    - 54 registos, 2 erros
2026-05-16 09:07:47,115 [INFO] application.ponto.processar_ponto_usecase - 📄 0505.xlsx
2026-05-16 09:07:47,115 [INFO] presentation.ponto.ponto_controller - 📄 0505.xlsx
2026-05-16 09:07:47,194 [INFO] application.ponto.processar_ponto_usecase -    - 54 registos, 6 erros
2026-05-16 09:07:47,194 [INFO] presentation.ponto.ponto_controller -    - 54 registos, 6 erros
2026-05-16 09:07:47,418 [INFO] application.ponto.processar_ponto_usecase - 📄 0605.xlsx
2026-05-16 09:07:47,418 [INFO] presentation.ponto.ponto_controller - 📄 0605.xlsx
2026-05-16 09:07:47,497 [INFO] application.ponto.processar_ponto_usecase -    - 54 registos, 8 erros
2026-05-16 09:07:47,497 [INFO] presentation.ponto.ponto_controller -    - 54 registos, 8 erros
2026-05-16 09:07:47,736 [INFO] application.ponto.processar_ponto_usecase - 📄 0705.xlsx
2026-05-16 09:07:47,736 [INFO] presentation.ponto.ponto_controller - 📄 0705.xlsx
2026-05-16 09:07:47,817 [INFO] application.ponto.processar_ponto_usecase -    - 53 registos, 4 erros
2026-05-16 09:07:47,817 [INFO] presentation.ponto.ponto_controller -    - 53 registos, 4 erros
2026-05-16 09:07:48,072 [INFO] application.ponto.processar_ponto_usecase - 📄 0805.xlsx
2026-05-16 09:07:48,072 [INFO] presentation.ponto.ponto_controller - 📄 0805.xlsx
2026-05-16 09:07:48,151 [INFO] application.ponto.processar_ponto_usecase -    - 53 registos, 4 erros
2026-05-16 09:07:48,151 [INFO] presentation.ponto.ponto_controller -    - 53 registos, 4 erros
2026-05-16 09:07:48,423 [INFO] application.ponto.processar_ponto_usecase - 📄 0905.xlsx
2026-05-16 09:07:48,423 [INFO] presentation.ponto.ponto_controller - 📄 0905.xlsx
2026-05-16 09:07:48,500 [INFO] application.ponto.processar_ponto_usecase -    - 53 registos, 9 erros
2026-05-16 09:07:48,502 [INFO] presentation.ponto.ponto_controller -    - 53 registos, 9 erros
2026-05-16 09:07:48,780 [INFO] application.ponto.processar_ponto_usecase - 📄 1005.xlsx
2026-05-16 09:07:48,782 [INFO] presentation.ponto.ponto_controller - 📄 1005.xlsx
2026-05-16 09:07:48,844 [INFO] application.ponto.processar_ponto_usecase -    - 53 registos, 4 erros
2026-05-16 09:07:48,844 [INFO] presentation.ponto.ponto_controller -    - 53 registos, 4 erros
2026-05-16 09:07:49,128 [INFO] application.ponto.processar_ponto_usecase - 📄 1105.xlsx
2026-05-16 09:07:49,143 [INFO] presentation.ponto.ponto_controller - 📄 1105.xlsx
2026-05-16 09:07:49,207 [INFO] application.ponto.processar_ponto_usecase -    - 53 registos, 2 erros
2026-05-16 09:07:49,207 [INFO] presentation.ponto.ponto_controller -    - 53 registos, 2 erros
2026-05-16 09:07:49,521 [INFO] application.ponto.processar_ponto_usecase - 📄 1305.xlsx
2026-05-16 09:07:49,523 [INFO] presentation.ponto.ponto_controller - 📄 1305.xlsx
2026-05-16 09:07:49,570 [INFO] application.ponto.processar_ponto_usecase -    - 53 registos, 2 erros
2026-05-16 09:07:49,586 [INFO] presentation.ponto.ponto_controller -    - 53 registos, 2 erros
2026-05-16 09:07:50,309 [INFO] application.ponto.processar_ponto_usecase - _juntar_erros: 55 associados, 0 nao associados
2026-05-16 09:07:51,028 [INFO] application.ponto.processar_ponto_usecase - 📋 Classificação gravada em: classificacao_debug.xlsx
2026-05-16 09:07:51,028 [INFO] presentation.ponto.ponto_controller - 📋 Classificação gravada em: classificacao_debug.xlsx
2026-05-16 09:07:52,161 [INFO] application.ponto.processar_ponto_usecase - Resumo gravado em: G:\.shortcut-targets-by-id\1YUU7cpAVBqQ-XmuiuqVAzKPjw-UZdVg8\CSAG\Ponto\202605\202605_Resumo.xlsx
2026-05-16 09:07:52,161 [INFO] presentation.ponto.ponto_controller - Resumo gravado em: G:\.shortcut-targets-by-id\1YUU7cpAVBqQ-XmuiuqVAzKPjw-UZdVg8\CSAG\Ponto\202605\202605_Resumo.xlsx
2026-05-16 09:07:52,211 [INFO] application.ponto.processar_ponto_usecase - Resumo por empregado gravado
2026-05-16 09:07:52,211 [INFO] presentation.ponto.ponto_controller - Resumo por empregado gravado
2026-05-16 09:07:52,211 [INFO] application.ponto.processar_ponto_usecase - ⚠️ 71 erros de picagem
2026-05-16 09:07:52,228 [INFO] presentation.ponto.ponto_controller - ⚠️ 71 erros de picagem
2026-05-16 09:07:52,244 [INFO] application.ponto.processar_ponto_usecase - 
✔ 12 ficheiros processados
2026-05-16 09:07:52,244 [INFO] presentation.ponto.ponto_controller - 
✔ 12 ficheiros processados
2026-05-16 09:07:52,244 [INFO] presentation.ponto.ponto_controller - 
✔ 12 ficheiros processados
2026-05-16 09:07:52,244 [INFO] presentation.ponto.ponto_controller - Output: G:\.shortcut-targets-by-id\1YUU7cpAVBqQ-XmuiuqVAzKPjw-UZdVg8\CSAG\Ponto\202605\202605_Resumo.xlsx
2026-05-18 21:29:16,412 [INFO] presentation.ponto.ponto_controller - Processar ponto — mes 5, pasta: G:\.shortcut-targets-by-id\1YUU7cpAVBqQ-XmuiuqVAzKPjw-UZdVg8\CSAG\Ponto\202605
2026-05-18 21:29:16,447 [INFO] presentation.ponto.ponto_controller - 📋 1 ausências conhecidas carregadas
2026-05-18 21:29:16,664 [INFO] application.ponto.processar_ponto_usecase - 📂 16 ficheiros encontrados
2026-05-18 21:29:16,680 [INFO] presentation.ponto.ponto_controller - 📂 16 ficheiros encontrados
2026-05-18 21:29:17,172 [INFO] application.ponto.processar_ponto_usecase - 📅 Ultimo dia do mes anterior carregado
2026-05-18 21:29:17,180 [INFO] presentation.ponto.ponto_controller - 📅 Ultimo dia do mes anterior carregado
2026-05-18 21:29:17,180 [INFO] application.ponto.processar_ponto_usecase - 📄 0105.xlsx
2026-05-18 21:29:17,197 [INFO] presentation.ponto.ponto_controller - 📄 0105.xlsx
2026-05-18 21:29:17,297 [INFO] application.ponto.processar_ponto_usecase -    - 54 registos, 6 erros
2026-05-18 21:29:17,306 [INFO] presentation.ponto.ponto_controller -    - 54 registos, 6 erros
2026-05-18 21:29:17,564 [INFO] application.ponto.processar_ponto_usecase - 📄 0205.xlsx
2026-05-18 21:29:17,564 [INFO] presentation.ponto.ponto_controller - 📄 0205.xlsx
2026-05-18 21:29:17,663 [INFO] application.ponto.processar_ponto_usecase -    - 54 registos, 4 erros
2026-05-18 21:29:17,663 [INFO] presentation.ponto.ponto_controller -    - 54 registos, 4 erros
2026-05-18 21:29:17,927 [INFO] application.ponto.processar_ponto_usecase - 📄 0305.xlsx
2026-05-18 21:29:17,930 [INFO] presentation.ponto.ponto_controller - 📄 0305.xlsx
2026-05-18 21:29:18,030 [INFO] application.ponto.processar_ponto_usecase -    - 54 registos, 4 erros
2026-05-18 21:29:18,030 [INFO] presentation.ponto.ponto_controller -    - 54 registos, 4 erros
2026-05-18 21:29:18,313 [INFO] application.ponto.processar_ponto_usecase - 📄 0405.xlsx
2026-05-18 21:29:18,313 [INFO] presentation.ponto.ponto_controller - 📄 0405.xlsx
2026-05-18 21:29:18,413 [INFO] application.ponto.processar_ponto_usecase -    - 54 registos, 2 erros
2026-05-18 21:29:18,413 [INFO] presentation.ponto.ponto_controller -    - 54 registos, 2 erros
2026-05-18 21:29:18,713 [INFO] application.ponto.processar_ponto_usecase - 📄 0505.xlsx
2026-05-18 21:29:18,713 [INFO] presentation.ponto.ponto_controller - 📄 0505.xlsx
2026-05-18 21:29:18,813 [INFO] application.ponto.processar_ponto_usecase -    - 54 registos, 6 erros
2026-05-18 21:29:18,813 [INFO] presentation.ponto.ponto_controller -    - 54 registos, 6 erros
2026-05-18 21:29:19,117 [INFO] application.ponto.processar_ponto_usecase - 📄 0605.xlsx
2026-05-18 21:29:19,117 [INFO] presentation.ponto.ponto_controller - 📄 0605.xlsx
2026-05-18 21:29:19,212 [INFO] application.ponto.processar_ponto_usecase -    - 54 registos, 8 erros
2026-05-18 21:29:19,212 [INFO] presentation.ponto.ponto_controller -    - 54 registos, 8 erros
2026-05-18 21:29:19,512 [INFO] application.ponto.processar_ponto_usecase - 📄 0705.xlsx
2026-05-18 21:29:19,512 [INFO] presentation.ponto.ponto_controller - 📄 0705.xlsx
2026-05-18 21:29:19,633 [INFO] application.ponto.processar_ponto_usecase -    - 53 registos, 4 erros
2026-05-18 21:29:19,633 [INFO] presentation.ponto.ponto_controller -    - 53 registos, 4 erros
2026-05-18 21:29:19,956 [INFO] application.ponto.processar_ponto_usecase - 📄 0805.xlsx
2026-05-18 21:29:19,956 [INFO] presentation.ponto.ponto_controller - 📄 0805.xlsx
2026-05-18 21:29:20,051 [INFO] application.ponto.processar_ponto_usecase -    - 53 registos, 4 erros
2026-05-18 21:29:20,051 [INFO] presentation.ponto.ponto_controller -    - 53 registos, 4 erros
2026-05-18 21:29:20,401 [INFO] application.ponto.processar_ponto_usecase - 📄 0905.xlsx
2026-05-18 21:29:20,401 [INFO] presentation.ponto.ponto_controller - 📄 0905.xlsx
2026-05-18 21:29:20,496 [INFO] application.ponto.processar_ponto_usecase -    - 53 registos, 9 erros
2026-05-18 21:29:20,496 [INFO] presentation.ponto.ponto_controller -    - 53 registos, 9 erros
2026-05-18 21:29:20,861 [INFO] application.ponto.processar_ponto_usecase - 📄 1005.xlsx
2026-05-18 21:29:20,861 [INFO] presentation.ponto.ponto_controller - 📄 1005.xlsx
2026-05-18 21:29:20,957 [INFO] application.ponto.processar_ponto_usecase -    - 53 registos, 4 erros
2026-05-18 21:29:20,957 [INFO] presentation.ponto.ponto_controller -    - 53 registos, 4 erros
2026-05-18 21:29:21,384 [INFO] application.ponto.processar_ponto_usecase - 📄 1105.xlsx
2026-05-18 21:29:21,384 [INFO] presentation.ponto.ponto_controller - 📄 1105.xlsx
2026-05-18 21:29:21,464 [INFO] application.ponto.processar_ponto_usecase -    - 53 registos, 2 erros
2026-05-18 21:29:21,480 [INFO] presentation.ponto.ponto_controller -    - 53 registos, 2 erros
2026-05-18 21:29:21,875 [INFO] application.ponto.processar_ponto_usecase - 📄 1305.xlsx
2026-05-18 21:29:21,875 [INFO] presentation.ponto.ponto_controller - 📄 1305.xlsx
2026-05-18 21:29:21,995 [INFO] application.ponto.processar_ponto_usecase -    - 53 registos, 2 erros
2026-05-18 21:29:21,995 [INFO] presentation.ponto.ponto_controller -    - 53 registos, 2 erros
2026-05-18 21:29:22,520 [INFO] application.ponto.processar_ponto_usecase - 📄 1405.xlsx
2026-05-18 21:29:22,520 [INFO] presentation.ponto.ponto_controller - 📄 1405.xlsx
2026-05-18 21:29:23,068 [INFO] application.ponto.processar_ponto_usecase -    - 53 registos, 3 erros
2026-05-18 21:29:23,069 [INFO] presentation.ponto.ponto_controller -    - 53 registos, 3 erros
2026-05-18 21:29:23,500 [INFO] application.ponto.processar_ponto_usecase - 📄 1505.xlsx
2026-05-18 21:29:23,500 [INFO] presentation.ponto.ponto_controller - 📄 1505.xlsx
2026-05-18 21:29:24,094 [INFO] application.ponto.processar_ponto_usecase -    - 53 registos, 8 erros
2026-05-18 21:29:24,094 [INFO] presentation.ponto.ponto_controller -    - 53 registos, 8 erros
2026-05-18 21:29:24,587 [INFO] application.ponto.processar_ponto_usecase - 📄 1605.xlsx
2026-05-18 21:29:24,589 [INFO] presentation.ponto.ponto_controller - 📄 1605.xlsx
2026-05-18 21:29:25,344 [INFO] application.ponto.processar_ponto_usecase -    - 53 registos, 7 erros
2026-05-18 21:29:25,361 [INFO] presentation.ponto.ponto_controller -    - 53 registos, 7 erros
2026-05-18 21:29:25,860 [INFO] application.ponto.processar_ponto_usecase - 📄 1705.xlsx
2026-05-18 21:29:25,860 [INFO] presentation.ponto.ponto_controller - 📄 1705.xlsx
2026-05-18 21:29:26,411 [INFO] application.ponto.processar_ponto_usecase -    - 53 registos, 8 erros
2026-05-18 21:29:26,421 [INFO] presentation.ponto.ponto_controller -    - 53 registos, 8 erros
2026-05-18 21:29:27,542 [INFO] application.ponto.processar_ponto_usecase - _juntar_erros: 81 associados, 0 nao associados
2026-05-18 21:29:28,495 [INFO] application.ponto.processar_ponto_usecase - 📋 Classificação gravada em: classificacao_debug.xlsx
2026-05-18 21:29:28,500 [INFO] presentation.ponto.ponto_controller - 📋 Classificação gravada em: classificacao_debug.xlsx
2026-05-18 21:29:29,841 [INFO] application.ponto.processar_ponto_usecase - Resumo gravado em: G:\.shortcut-targets-by-id\1YUU7cpAVBqQ-XmuiuqVAzKPjw-UZdVg8\CSAG\Ponto\202605\202605_Resumo.xlsx
2026-05-18 21:29:29,841 [INFO] presentation.ponto.ponto_controller - Resumo gravado em: G:\.shortcut-targets-by-id\1YUU7cpAVBqQ-XmuiuqVAzKPjw-UZdVg8\CSAG\Ponto\202605\202605_Resumo.xlsx
2026-05-18 21:29:29,926 [INFO] application.ponto.processar_ponto_usecase - Resumo por empregado gravado
2026-05-18 21:29:29,926 [INFO] presentation.ponto.ponto_controller - Resumo por empregado gravado
2026-05-18 21:29:29,926 [INFO] application.ponto.processar_ponto_usecase - ⚠️ 71 erros de picagem
2026-05-18 21:29:29,942 [INFO] presentation.ponto.ponto_controller - ⚠️ 71 erros de picagem
2026-05-18 21:29:29,942 [INFO] application.ponto.processar_ponto_usecase - 
✔ 16 ficheiros processados
2026-05-18 21:29:29,953 [INFO] presentation.ponto.ponto_controller - 
✔ 16 ficheiros processados
2026-05-18 21:29:29,953 [INFO] presentation.ponto.ponto_controller - 
✔ 16 ficheiros processados
2026-05-18 21:29:29,958 [INFO] presentation.ponto.ponto_controller - Output: G:\.shortcut-targets-by-id\1YUU7cpAVBqQ-XmuiuqVAzKPjw-UZdVg8\CSAG\Ponto\202605\202605_Resumo.xlsx
2026-05-18 21:54:00,494 [INFO] presentation.ponto.ponto_controller - Processar ponto — mes 5, pasta: G:\.shortcut-targets-by-id\1YUU7cpAVBqQ-XmuiuqVAzKPjw-UZdVg8\CSAG\Ponto\202605
2026-05-18 21:54:00,511 [INFO] presentation.ponto.ponto_controller - 📋 1 ausências conhecidas carregadas
2026-05-18 21:54:00,660 [INFO] application.ponto.processar_ponto_usecase - 📂 16 ficheiros encontrados
2026-05-18 21:54:00,675 [INFO] presentation.ponto.ponto_controller - 📂 16 ficheiros encontrados
2026-05-18 21:54:01,043 [INFO] application.ponto.processar_ponto_usecase - ℹ Resumo mensal existente — modo incremental.
2026-05-18 21:54:01,061 [INFO] presentation.ponto.ponto_controller - ℹ Resumo mensal existente — modo incremental.
2026-05-18 21:54:01,320 [INFO] application.ponto.processar_ponto_usecase - 📄 0105.xlsx
2026-05-18 21:54:01,327 [INFO] presentation.ponto.ponto_controller - 📄 0105.xlsx
2026-05-18 21:54:01,410 [INFO] application.ponto.processar_ponto_usecase - 📄 0205.xlsx
2026-05-18 21:54:01,410 [INFO] presentation.ponto.ponto_controller - 📄 0205.xlsx
2026-05-18 21:54:01,496 [INFO] application.ponto.processar_ponto_usecase - 📄 0305.xlsx
2026-05-18 21:54:01,496 [INFO] presentation.ponto.ponto_controller - 📄 0305.xlsx
2026-05-18 21:54:01,560 [INFO] application.ponto.processar_ponto_usecase - 📄 0405.xlsx
2026-05-18 21:54:01,573 [INFO] presentation.ponto.ponto_controller - 📄 0405.xlsx
2026-05-18 21:54:01,652 [INFO] application.ponto.processar_ponto_usecase - 📄 0505.xlsx
2026-05-18 21:54:01,652 [INFO] presentation.ponto.ponto_controller - 📄 0505.xlsx
2026-05-18 21:54:01,727 [INFO] application.ponto.processar_ponto_usecase - 📄 0605.xlsx
2026-05-18 21:54:01,727 [INFO] presentation.ponto.ponto_controller - 📄 0605.xlsx
2026-05-18 21:54:01,810 [INFO] application.ponto.processar_ponto_usecase - 📄 0705.xlsx
2026-05-18 21:54:01,810 [INFO] presentation.ponto.ponto_controller - 📄 0705.xlsx
2026-05-18 21:54:01,891 [INFO] application.ponto.processar_ponto_usecase - 📄 0805.xlsx
2026-05-18 21:54:01,893 [INFO] presentation.ponto.ponto_controller - 📄 0805.xlsx
2026-05-18 21:54:01,960 [INFO] application.ponto.processar_ponto_usecase - 📄 0905.xlsx
2026-05-18 21:54:01,960 [INFO] presentation.ponto.ponto_controller - 📄 0905.xlsx
2026-05-18 21:54:02,041 [INFO] application.ponto.processar_ponto_usecase - 📄 1005.xlsx
2026-05-18 21:54:02,043 [INFO] presentation.ponto.ponto_controller - 📄 1005.xlsx
2026-05-18 21:54:02,110 [INFO] application.ponto.processar_ponto_usecase - 📄 1105.xlsx
2026-05-18 21:54:02,121 [INFO] presentation.ponto.ponto_controller - 📄 1105.xlsx
2026-05-18 21:54:02,208 [INFO] application.ponto.processar_ponto_usecase - 📄 1305.xlsx
2026-05-18 21:54:02,209 [INFO] presentation.ponto.ponto_controller - 📄 1305.xlsx
2026-05-18 21:54:02,287 [INFO] application.ponto.processar_ponto_usecase - 📄 1405.xlsx
2026-05-18 21:54:02,293 [INFO] presentation.ponto.ponto_controller - 📄 1405.xlsx
2026-05-18 21:54:02,368 [INFO] application.ponto.processar_ponto_usecase - 📄 1505.xlsx
2026-05-18 21:54:02,368 [INFO] presentation.ponto.ponto_controller - 📄 1505.xlsx
2026-05-18 21:54:02,439 [INFO] application.ponto.processar_ponto_usecase - 📄 1605.xlsx
2026-05-18 21:54:02,439 [INFO] presentation.ponto.ponto_controller - 📄 1605.xlsx
2026-05-18 21:54:02,518 [INFO] application.ponto.processar_ponto_usecase - 📄 1705.xlsx
2026-05-18 21:54:02,518 [INFO] presentation.ponto.ponto_controller - 📄 1705.xlsx
2026-05-18 21:54:02,591 [INFO] application.ponto.processar_ponto_usecase - ✔ Sem diferenças nas picagens existentes.
2026-05-18 21:54:02,605 [INFO] presentation.ponto.ponto_controller - ✔ Sem diferenças nas picagens existentes.
2026-05-18 21:54:03,081 [INFO] application.ponto.processar_ponto_usecase - ✔ 854 novo(s) registo(s) adicionado(s) ao resumo.
2026-05-18 21:54:03,081 [INFO] presentation.ponto.ponto_controller - ✔ 854 novo(s) registo(s) adicionado(s) ao resumo.
2026-05-18 21:54:03,081 [INFO] presentation.ponto.ponto_controller - 
✔ 16 ficheiros processados
2026-05-18 21:54:03,093 [INFO] presentation.ponto.ponto_controller - Output: G:\.shortcut-targets-by-id\1YUU7cpAVBqQ-XmuiuqVAzKPjw-UZdVg8\CSAG\Ponto\202605\202605_Resumo.xlsx
2026-05-18 21:54:16,987 [WARNING] presentation.ponto.ponto_controller - Ponto — nao resolvido: '1.0 - GRACINDA VIEIRA'
2026-05-18 21:54:17,003 [WARNING] presentation.ponto.ponto_controller - Ponto — nao resolvido: '112.0 - FILIPA CAMÕES'
2026-05-18 21:54:17,003 [WARNING] presentation.ponto.ponto_controller - Ponto — nao resolvido: '113.0 - JÚLIA MONTEIRO'
2026-05-18 21:54:17,022 [WARNING] presentation.ponto.ponto_controller - Ponto — nao resolvido: '117.0 - ÂNGELA MARIA BARBOSA FERNANDES'
2026-05-18 21:54:17,022 [WARNING] presentation.ponto.ponto_controller - Ponto — nao resolvido: '122.0 - ELISABETH MOREIRA'
2026-05-18 21:54:17,035 [WARNING] presentation.ponto.ponto_controller - Ponto — nao resolvido: '126.0 - CARLA LUIS'
2026-05-18 21:54:17,039 [WARNING] presentation.ponto.ponto_controller - Ponto — nao resolvido: '134.0 - DISUJA SUBUWAR'
2026-05-18 21:54:17,039 [WARNING] presentation.ponto.ponto_controller - Ponto — nao resolvido: '15.0 - SOFIA CRUZ'
2026-05-18 21:54:17,051 [WARNING] presentation.ponto.ponto_controller - Ponto — nao resolvido: '153.0 - CARLA MARIA SILVA CORREIA SANTOS'
2026-05-18 21:54:17,051 [WARNING] presentation.ponto.ponto_controller - Ponto — nao resolvido: '154.0 - ROSA MARIA ROCHA SOUSA'
2026-05-18 21:54:17,067 [WARNING] presentation.ponto.ponto_controller - Ponto — nao resolvido: '155.0 - INÊS DANIELA FONSECA OLIVEIRA NUNES'
2026-05-18 21:54:17,072 [WARNING] presentation.ponto.ponto_controller - Ponto — nao resolvido: '159.0 - M. HELENA GOUVEIA SILVA RIBEIRO VILARES'
2026-05-18 21:54:17,076 [WARNING] presentation.ponto.ponto_controller - Ponto — nao resolvido: '160.0 - M. HELENA GOUVEIA SILVA RIBEIRO VILARES'
2026-05-18 21:54:17,083 [WARNING] presentation.ponto.ponto_controller - Ponto — nao resolvido: '19.0 - VIRGINIA EMILIA VIEIRA GONÇALVES'
2026-05-18 21:54:17,088 [WARNING] presentation.ponto.ponto_controller - Ponto — nao resolvido: '2.0 - ALICE DA CONCEIÇÃO LIMA CHAMINÉ ROCHA'
2026-05-18 21:54:17,099 [WARNING] presentation.ponto.ponto_controller - Ponto — nao resolvido: '22.0 - ADÉLIA CONCEIÇÃO TEIXEIRA COREIA FERREIR'
2026-05-18 21:54:17,099 [WARNING] presentation.ponto.ponto_controller - Ponto — nao resolvido: '38.0 - ANA DA CONCEIÇÃOTEIXEIRA RIBEIRO DA SILV'
2026-05-18 21:54:17,099 [WARNING] presentation.ponto.ponto_controller - Ponto — nao resolvido: '40.0 - MARIA DA GRAÇA DOS REIS COSTA'
2026-05-18 21:54:17,194 [WARNING] presentation.ponto.ponto_controller - Ponto — nao resolvido: '55.0 - ANDREIA MARLENE FERREIRA SOUSA BARBOSA'
2026-05-18 21:54:17,194 [WARNING] presentation.ponto.ponto_controller - Ponto — nao resolvido: '69.0 - ANA MARIA RIBEIRO COSTA'
2026-05-18 21:54:17,194 [WARNING] presentation.ponto.ponto_controller - Ponto — nao resolvido: '74.0 - MARIA ISABEL RODRIGUES DA SILVA SANTOS'
2026-05-18 21:54:17,210 [WARNING] presentation.ponto.ponto_controller - Ponto — nao resolvido: '75.0 - FERNANDA MARIA MARTINS CASAIS R.FERREIRA'
2026-05-18 21:54:17,210 [WARNING] presentation.ponto.ponto_controller - Ponto — nao resolvido: '76.0 - BERNARDETE MARIA  FRUTUOSO NEVES'
2026-05-18 21:54:17,225 [WARNING] presentation.ponto.ponto_controller - Ponto — nao resolvido: '82.0 - MANUELA MANUELA RODRIGUES MARTINS'
2026-05-18 21:54:17,225 [WARNING] presentation.ponto.ponto_controller - Ponto — nao resolvido: 'nan - 00000001 - GRACINDA VIEIRA'
2026-05-18 21:54:17,225 [WARNING] presentation.ponto.ponto_controller - Ponto — nao resolvido: 'nan - 00000002 - ALICE DA CONCEIÇÃO LIMA CHAMINÉ ROCHA'
2026-05-18 21:54:17,241 [WARNING] presentation.ponto.ponto_controller - Ponto — nao resolvido: 'nan - 00000004 - MARIA ROSÉLIA PEREIRA RUSSO'
2026-05-18 21:54:17,241 [WARNING] presentation.ponto.ponto_controller - Ponto — nao resolvido: 'nan - 00000005 - MARIA ROSALINA DE JESUS LEITE'
2026-05-18 21:54:17,258 [WARNING] presentation.ponto.ponto_controller - Ponto — nao resolvido: 'nan - 00000011 - MARIA ARMINDA TEIXEIRA FERNANDIM'
2026-05-18 21:54:17,273 [WARNING] presentation.ponto.ponto_controller - Ponto — nao resolvido: 'nan - 00000015 - SOFIA CRUZ'
2026-05-18 21:54:17,281 [WARNING] presentation.ponto.ponto_controller - Ponto — nao resolvido: 'nan - 00000019 - VIRGINIA EMILIA VIEIRA GONÇALVES'
2026-05-18 21:54:17,289 [WARNING] presentation.ponto.ponto_controller - Ponto — nao resolvido: 'nan - 00000022 - ADÉLIA CONCEIÇÃO TEIXEIRA COREIA FERREIR'
2026-05-18 21:54:17,289 [WARNING] presentation.ponto.ponto_controller - Ponto — nao resolvido: 'nan - 00000038 - ANA DA CONCEIÇÃOTEIXEIRA RIBEIRO DA SILV'
2026-05-18 21:54:17,305 [WARNING] presentation.ponto.ponto_controller - Ponto — nao resolvido: 'nan - 00000040 - MARIA DA GRAÇA DOS REIS COSTA'
2026-05-18 21:54:17,305 [WARNING] presentation.ponto.ponto_controller - Ponto — nao resolvido: 'nan - 00000046 - MARIA DA CONCEIÇÃO NEIVA DE SOUSA'
2026-05-18 21:54:17,305 [WARNING] presentation.ponto.ponto_controller - Ponto — nao resolvido: 'nan - 00000055 - ANDREIA MARLENE FERREIRA SOUSA BARBOSA'
2026-05-18 21:54:17,321 [WARNING] presentation.ponto.ponto_controller - Ponto — nao resolvido: 'nan - 00000063 - LUZIA DE OLIVEIRA LOPES PEREIRA'
2026-05-18 21:54:17,321 [WARNING] presentation.ponto.ponto_controller - Ponto — nao resolvido: 'nan - 00000066 - ELVIRA TOMÁSIA DE OLIVEIRA ALMEIDA'
2026-05-18 21:54:17,337 [WARNING] presentation.ponto.ponto_controller - Ponto — nao resolvido: 'nan - 00000067 - ALBINA MARIA DOS SANTOS COSTA RODRIGUES'
2026-05-18 21:54:17,337 [WARNING] presentation.ponto.ponto_controller - Ponto — nao resolvido: 'nan - 00000068 - MARIA TERESA DOS SANTOS SOUSA'
2026-05-18 21:54:17,353 [WARNING] presentation.ponto.ponto_controller - Ponto — nao resolvido: 'nan - 00000069 - ANA MARIA RIBEIRO COSTA'
2026-05-18 21:54:17,353 [WARNING] presentation.ponto.ponto_controller - Ponto — nao resolvido: 'nan - 00000072 - MARIA DE FÁTIMA TAVARES MARTINS'
2026-05-18 21:54:17,368 [WARNING] presentation.ponto.ponto_controller - Ponto — nao resolvido: 'nan - 00000074 - MARIA ISABEL RODRIGUES DA SILVA SANTOS'
2026-05-18 21:54:17,368 [WARNING] presentation.ponto.ponto_controller - Ponto — nao resolvido: 'nan - 00000075 - FERNANDA MARIA MARTINS CASAIS R.FERREIRA'
2026-05-18 21:54:17,377 [WARNING] presentation.ponto.ponto_controller - Ponto — nao resolvido: 'nan - 00000076 - BERNARDETE MARIA  FRUTUOSO NEVES'
2026-05-18 21:54:17,384 [WARNING] presentation.ponto.ponto_controller - Ponto — nao resolvido: 'nan - 00000082 - MANUELA MANUELA RODRIGUES MARTINS'
2026-05-18 21:54:17,384 [WARNING] presentation.ponto.ponto_controller - Ponto — nao resolvido: 'nan - 00000096 - ISABELLE SILVESTRE DA SILVA'
2026-05-18 21:54:17,401 [WARNING] presentation.ponto.ponto_controller - Ponto — nao resolvido: 'nan - 00000106 - MARTINHA BRANCO PEREIRA RIBEIRO'
2026-05-18 21:54:17,418 [WARNING] presentation.ponto.ponto_controller - Ponto — nao resolvido: 'nan - 00000108 - PAULA ALEXANDRA MOREIRA SANTOS'
2026-05-18 21:54:17,424 [WARNING] presentation.ponto.ponto_controller - Ponto — nao resolvido: 'nan - 00000112 - FILIPA CAMÕES'
2026-05-18 21:54:17,429 [WARNING] presentation.ponto.ponto_controller - Ponto — nao resolvido: 'nan - 00000113 - JÚLIA MONTEIRO'
2026-05-18 21:54:17,438 [WARNING] presentation.ponto.ponto_controller - Ponto — nao resolvido: 'nan - 00000116 - CRISTINA MARIA MARTINS E SILVA'
2026-05-18 21:54:17,446 [WARNING] presentation.ponto.ponto_controller - Ponto — nao resolvido: 'nan - 00000117 - ÂNGELA MARIA BARBOSA FERNANDES'
2026-05-18 21:54:17,455 [WARNING] presentation.ponto.ponto_controller - Ponto — nao resolvido: 'nan - 00000122 - ELISABETH MOREIRA'
2026-05-18 21:54:17,463 [WARNING] presentation.ponto.ponto_controller - Ponto — nao resolvido: 'nan - 00000126 - CARLA LUIS'
2026-05-18 21:54:17,472 [WARNING] presentation.ponto.ponto_controller - Ponto — nao resolvido: 'nan - 00000132 - RITA PEREIRA RODRIGUES'
2026-05-18 21:54:17,487 [WARNING] presentation.ponto.ponto_controller - Ponto — nao resolvido: 'nan - 00000134 - DISUJA SUBUWAR'
2026-05-18 21:54:17,487 [WARNING] presentation.ponto.ponto_controller - Ponto — nao resolvido: 'nan - 00000138 - ANA PAULA NEVES MONTEIRO PEREIRA'
2026-05-18 21:54:17,503 [WARNING] presentation.ponto.ponto_controller - Ponto — nao resolvido: 'nan - 00000139 - PAULA ALEXANDRA SOARES DA FONSECA DIAS'
2026-05-18 21:54:17,503 [WARNING] presentation.ponto.ponto_controller - Ponto — nao resolvido: 'nan - 00000141 - PAULA ALEXANDRA SOARES DA FONSECA DIAS'
2026-05-18 21:54:17,519 [WARNING] presentation.ponto.ponto_controller - Ponto — nao resolvido: 'nan - 00000145 - MARIA CORINA DUARTE CARDOSO'
2026-05-18 21:54:17,519 [WARNING] presentation.ponto.ponto_controller - Ponto — nao resolvido: 'nan - 00000152 - MARIA CORINA DUARTE CARDOSO'
2026-05-18 21:54:17,535 [WARNING] presentation.ponto.ponto_controller - Ponto — nao resolvido: 'nan - 00000153 - CARLA MARIA SILVA CORREIA SANTOS'
2026-05-18 21:54:17,535 [WARNING] presentation.ponto.ponto_controller - Ponto — nao resolvido: 'nan - 00000154 - ROSA MARIA ROCHA SOUSA'
2026-05-18 21:54:17,551 [WARNING] presentation.ponto.ponto_controller - Ponto — nao resolvido: 'nan - 00000155 - INÊS DANIELA FONSECA OLIVEIRA NUNES'
2026-05-18 21:54:17,551 [WARNING] presentation.ponto.ponto_controller - Ponto — nao resolvido: 'nan - 00000157 - DULCE HELENA LIMA CARDOSO'
2026-05-18 21:54:17,551 [WARNING] presentation.ponto.ponto_controller - Ponto — nao resolvido: 'nan - 00000158 - NILMA NUNES SAMPAIO'
2026-05-18 21:54:17,567 [WARNING] presentation.ponto.ponto_controller - Ponto — nao resolvido: 'nan - 00000159 - M. HELENA GOUVEIA SILVA RIBEIRO VILARES'
2026-05-18 21:54:17,567 [WARNING] presentation.ponto.ponto_controller - Ponto — nao resolvido: 'nan - 00000160 - M. HELENA GOUVEIA SILVA RIBEIRO VILARES'
2026-05-18 21:54:17,583 [WARNING] presentation.ponto.ponto_controller - Ponto — nao resolvido: 'nan - 00000502 - JOAQUINA GONÇALVES'
2026-05-18 21:54:17,583 [WARNING] presentation.ponto.ponto_controller - Ponto — nao resolvido: 'nan - 00000503 - CARMO PEIXOTO'
2026-05-18 21:54:17,599 [WARNING] presentation.ponto.ponto_controller - Ponto — nao resolvido: 'nan - 00000504 - RAQUEL RIBEIRO'
2026-05-18 21:54:17,605 [WARNING] presentation.ponto.ponto_controller - Ponto — nao resolvido: 'nan - 00000509 - CARLOS DANIEL ROCHA MAIA'
2026-05-18 21:54:17,615 [WARNING] presentation.ponto.ponto_controller - Ponto — nao resolvido: 'nan - 00000511 - HELENA MACHADO'
2026-05-18 21:54:17,615 [WARNING] presentation.ponto.ponto_controller - Ponto — nao resolvido: 'nan - 00000513 - BEATRIZ PEREIRA VENÂNCIO'
2026-05-18 21:54:17,615 [WARNING] presentation.ponto.ponto_controller - Ponto — nao resolvido: 'nan - 00000514 - DIANA SOFIA CORREIA BAPTISTA'
2026-05-18 21:54:17,631 [WARNING] presentation.ponto.ponto_controller - Ponto — nao resolvido: 'nan - 00000515 - JULIANA GOMES VIEIRA'
2026-05-18 21:54:17,635 [WARNING] presentation.ponto.ponto_controller - Ponto — nao resolvido: 'nan - 00000517 - CATARINA FREITAS DE SOUSA'
2026-05-18 21:54:17,635 [INFO] presentation.ponto.ponto_controller - Ponto — 78 pessoa(s) nao resolvidas (nao encontradas em pessoas nem em fornecedores): 1.0 - GRACINDA VIEIRA, 112.0 - FILIPA CAMÕES, 113.0 - JÚLIA MONTEIRO, 117.0 - ÂNGELA MARIA BARBOSA FERNANDES, 122.0 - ELISABETH MOREIRA, 126.0 - CARLA LUIS, 134.0 - DISUJA SUBUWAR, 15.0 - SOFIA CRUZ, 153.0 - CARLA MARIA SILVA CORREIA SANTOS, 154.0 - ROSA MARIA ROCHA SOUSA, 155.0 - INÊS DANIELA FONSECA OLIVEIRA NUNES, 159.0 - M. HELENA GOUVEIA SILVA RIBEIRO VILARES, 160.0 - M. HELENA GOUVEIA SILVA RIBEIRO VILARES, 19.0 - VIRGINIA EMILIA VIEIRA GONÇALVES, 2.0 - ALICE DA CONCEIÇÃO LIMA CHAMINÉ ROCHA, 22.0 - ADÉLIA CONCEIÇÃO TEIXEIRA COREIA FERREIR, 38.0 - ANA DA CONCEIÇÃOTEIXEIRA RIBEIRO DA SILV, 40.0 - MARIA DA GRAÇA DOS REIS COSTA, 55.0 - ANDREIA MARLENE FERREIRA SOUSA BARBOSA, 69.0 - ANA MARIA RIBEIRO COSTA, 74.0 - MARIA ISABEL RODRIGUES DA SILVA SANTOS, 75.0 - FERNANDA MARIA MARTINS CASAIS R.FERREIRA, 76.0 - BERNARDETE MARIA  FRUTUOSO NEVES, 82.0 - MANUELA MANUELA RODRIGUES MARTINS, nan - 00000001 - GRACINDA VIEIRA, nan - 00000002 - ALICE DA CONCEIÇÃO LIMA CHAMINÉ ROCHA, nan - 00000004 - MARIA ROSÉLIA PEREIRA RUSSO, nan - 00000005 - MARIA ROSALINA DE JESUS LEITE, nan - 00000011 - MARIA ARMINDA TEIXEIRA FERNANDIM, nan - 00000015 - SOFIA CRUZ, nan - 00000019 - VIRGINIA EMILIA VIEIRA GONÇALVES, nan - 00000022 - ADÉLIA CONCEIÇÃO TEIXEIRA COREIA FERREIR, nan - 00000038 - ANA DA CONCEIÇÃOTEIXEIRA RIBEIRO DA SILV, nan - 00000040 - MARIA DA GRAÇA DOS REIS COSTA, nan - 00000046 - MARIA DA CONCEIÇÃO NEIVA DE SOUSA, nan - 00000055 - ANDREIA MARLENE FERREIRA SOUSA BARBOSA, nan - 00000063 - LUZIA DE OLIVEIRA LOPES PEREIRA, nan - 00000066 - ELVIRA TOMÁSIA DE OLIVEIRA ALMEIDA, nan - 00000067 - ALBINA MARIA DOS SANTOS COSTA RODRIGUES, nan - 00000068 - MARIA TERESA DOS SANTOS SOUSA, nan - 00000069 - ANA MARIA RIBEIRO COSTA, nan - 00000072 - MARIA DE FÁTIMA TAVARES MARTINS, nan - 00000074 - MARIA ISABEL RODRIGUES DA SILVA SANTOS, nan - 00000075 - FERNANDA MARIA MARTINS CASAIS R.FERREIRA, nan - 00000076 - BERNARDETE MARIA  FRUTUOSO NEVES, nan - 00000082 - MANUELA MANUELA RODRIGUES MARTINS, nan - 00000096 - ISABELLE SILVESTRE DA SILVA, nan - 00000106 - MARTINHA BRANCO PEREIRA RIBEIRO, nan - 00000108 - PAULA ALEXANDRA MOREIRA SANTOS, nan - 00000112 - FILIPA CAMÕES, nan - 00000113 - JÚLIA MONTEIRO, nan - 00000116 - CRISTINA MARIA MARTINS E SILVA, nan - 00000117 - ÂNGELA MARIA BARBOSA FERNANDES, nan - 00000122 - ELISABETH MOREIRA, nan - 00000126 - CARLA LUIS, nan - 00000132 - RITA PEREIRA RODRIGUES, nan - 00000134 - DISUJA SUBUWAR, nan - 00000138 - ANA PAULA NEVES MONTEIRO PEREIRA, nan - 00000139 - PAULA ALEXANDRA SOARES DA FONSECA DIAS, nan - 00000141 - PAULA ALEXANDRA SOARES DA FONSECA DIAS, nan - 00000145 - MARIA CORINA DUARTE CARDOSO, nan - 00000152 - MARIA CORINA DUARTE CARDOSO, nan - 00000153 - CARLA MARIA SILVA CORREIA SANTOS, nan - 00000154 - ROSA MARIA ROCHA SOUSA, nan - 00000155 - INÊS DANIELA FONSECA OLIVEIRA NUNES, nan - 00000157 - DULCE HELENA LIMA CARDOSO, nan - 00000158 - NILMA NUNES SAMPAIO, nan - 00000159 - M. HELENA GOUVEIA SILVA RIBEIRO VILARES, nan - 00000160 - M. HELENA GOUVEIA SILVA RIBEIRO VILARES, nan - 00000502 - JOAQUINA GONÇALVES, nan - 00000503 - CARMO PEIXOTO, nan - 00000504 - RAQUEL RIBEIRO, nan - 00000509 - CARLOS DANIEL ROCHA MAIA, nan - 00000511 - HELENA MACHADO, nan - 00000513 - BEATRIZ PEREIRA VENÂNCIO, nan - 00000514 - DIANA SOFIA CORREIA BAPTISTA, nan - 00000515 - JULIANA GOMES VIEIRA, nan - 00000517 - CATARINA FREITAS DE SOUSA
2026-05-18 22:01:08,234 [INFO] presentation.ponto.ponto_controller - Processar ponto — mes 5, pasta: G:\.shortcut-targets-by-id\1YUU7cpAVBqQ-XmuiuqVAzKPjw-UZdVg8\CSAG\Ponto\202605
2026-05-18 22:01:08,249 [INFO] presentation.ponto.ponto_controller - 📋 1 ausências conhecidas carregadas
2026-05-18 22:01:08,428 [INFO] application.ponto.processar_ponto_usecase - 📂 16 ficheiros encontrados
2026-05-18 22:01:08,434 [INFO] presentation.ponto.ponto_controller - 📂 16 ficheiros encontrados
2026-05-18 22:01:08,833 [INFO] application.ponto.processar_ponto_usecase - ℹ Resumo mensal existente — modo incremental.
2026-05-18 22:01:08,833 [INFO] presentation.ponto.ponto_controller - ℹ Resumo mensal existente — modo incremental.
2026-05-18 22:01:09,366 [INFO] application.ponto.processar_ponto_usecase -    Resumo tem 16 dia(s) registado(s).
2026-05-18 22:01:09,366 [INFO] presentation.ponto.ponto_controller -    Resumo tem 16 dia(s) registado(s).
2026-05-18 22:01:09,443 [INFO] application.ponto.processar_ponto_usecase - ⏭ 0105.xlsx — já no resumo, ignorado.
2026-05-18 22:01:09,465 [INFO] presentation.ponto.ponto_controller - ⏭ 0105.xlsx — já no resumo, ignorado.
2026-05-18 22:01:09,533 [INFO] application.ponto.processar_ponto_usecase - ⏭ 0205.xlsx — já no resumo, ignorado.
2026-05-18 22:01:09,533 [INFO] presentation.ponto.ponto_controller - ⏭ 0205.xlsx — já no resumo, ignorado.
2026-05-18 22:01:09,623 [INFO] application.ponto.processar_ponto_usecase - ⏭ 0305.xlsx — já no resumo, ignorado.
2026-05-18 22:01:09,625 [INFO] presentation.ponto.ponto_controller - ⏭ 0305.xlsx — já no resumo, ignorado.
2026-05-18 22:01:09,700 [INFO] application.ponto.processar_ponto_usecase - ⏭ 0405.xlsx — já no resumo, ignorado.
2026-05-18 22:01:09,700 [INFO] presentation.ponto.ponto_controller - ⏭ 0405.xlsx — já no resumo, ignorado.
2026-05-18 22:01:09,783 [INFO] application.ponto.processar_ponto_usecase - ⏭ 0505.xlsx — já no resumo, ignorado.
2026-05-18 22:01:09,783 [INFO] presentation.ponto.ponto_controller - ⏭ 0505.xlsx — já no resumo, ignorado.
2026-05-18 22:01:09,849 [INFO] application.ponto.processar_ponto_usecase - ⏭ 0605.xlsx — já no resumo, ignorado.
2026-05-18 22:01:09,858 [INFO] presentation.ponto.ponto_controller - ⏭ 0605.xlsx — já no resumo, ignorado.
2026-05-18 22:01:09,916 [INFO] application.ponto.processar_ponto_usecase - ⏭ 0705.xlsx — já no resumo, ignorado.
2026-05-18 22:01:09,929 [INFO] presentation.ponto.ponto_controller - ⏭ 0705.xlsx — já no resumo, ignorado.
2026-05-18 22:01:10,008 [INFO] application.ponto.processar_ponto_usecase - ⏭ 0805.xlsx — já no resumo, ignorado.
2026-05-18 22:01:10,008 [INFO] presentation.ponto.ponto_controller - ⏭ 0805.xlsx — já no resumo, ignorado.
2026-05-18 22:01:10,066 [INFO] application.ponto.processar_ponto_usecase - ⏭ 0905.xlsx — já no resumo, ignorado.
2026-05-18 22:01:10,083 [INFO] presentation.ponto.ponto_controller - ⏭ 0905.xlsx — já no resumo, ignorado.
2026-05-18 22:01:10,149 [INFO] application.ponto.processar_ponto_usecase - ⏭ 1005.xlsx — já no resumo, ignorado.
2026-05-18 22:01:10,149 [INFO] presentation.ponto.ponto_controller - ⏭ 1005.xlsx — já no resumo, ignorado.
2026-05-18 22:01:10,233 [INFO] application.ponto.processar_ponto_usecase - ⏭ 1105.xlsx — já no resumo, ignorado.
2026-05-18 22:01:10,233 [INFO] presentation.ponto.ponto_controller - ⏭ 1105.xlsx — já no resumo, ignorado.
2026-05-18 22:01:10,316 [INFO] application.ponto.processar_ponto_usecase - ⏭ 1305.xlsx — já no resumo, ignorado.
2026-05-18 22:01:10,316 [INFO] presentation.ponto.ponto_controller - ⏭ 1305.xlsx — já no resumo, ignorado.
2026-05-18 22:01:10,382 [INFO] application.ponto.processar_ponto_usecase - ⏭ 1405.xlsx — já no resumo, ignorado.
2026-05-18 22:01:10,391 [INFO] presentation.ponto.ponto_controller - ⏭ 1405.xlsx — já no resumo, ignorado.
2026-05-18 22:01:10,449 [INFO] application.ponto.processar_ponto_usecase - ⏭ 1505.xlsx — já no resumo, ignorado.
2026-05-18 22:01:10,462 [INFO] presentation.ponto.ponto_controller - ⏭ 1505.xlsx — já no resumo, ignorado.
2026-05-18 22:01:10,532 [INFO] application.ponto.processar_ponto_usecase - ⏭ 1605.xlsx — já no resumo, ignorado.
2026-05-18 22:01:10,532 [INFO] presentation.ponto.ponto_controller - ⏭ 1605.xlsx — já no resumo, ignorado.
2026-05-18 22:01:10,605 [INFO] application.ponto.processar_ponto_usecase - ⏭ 1705.xlsx — já no resumo, ignorado.
2026-05-18 22:01:10,609 [INFO] presentation.ponto.ponto_controller - ⏭ 1705.xlsx — já no resumo, ignorado.
2026-05-18 22:01:10,609 [INFO] application.ponto.processar_ponto_usecase - ℹ Sem dias novos para adicionar.
2026-05-18 22:01:10,609 [INFO] presentation.ponto.ponto_controller - ℹ Sem dias novos para adicionar.
2026-05-18 22:01:10,615 [INFO] presentation.ponto.ponto_controller - 
✔ 16 ficheiros processados
2026-05-18 22:02:38,981 [INFO] presentation.ponto.ponto_controller - Processar ponto — mes 5, pasta: G:\.shortcut-targets-by-id\1YUU7cpAVBqQ-XmuiuqVAzKPjw-UZdVg8\CSAG\Ponto\202605
2026-05-18 22:02:38,997 [INFO] presentation.ponto.ponto_controller - 📋 1 ausências conhecidas carregadas
2026-05-18 22:02:39,004 [INFO] application.ponto.processar_ponto_usecase - 📂 16 ficheiros encontrados
2026-05-18 22:02:39,006 [INFO] presentation.ponto.ponto_controller - 📂 16 ficheiros encontrados
2026-05-18 22:02:39,156 [INFO] application.ponto.processar_ponto_usecase - ℹ Resumo mensal existente — modo incremental.
2026-05-18 22:02:39,156 [INFO] presentation.ponto.ponto_controller - ℹ Resumo mensal existente — modo incremental.
2026-05-18 22:02:39,552 [INFO] application.ponto.processar_ponto_usecase -    Resumo tem 16 dia(s) registado(s).
2026-05-18 22:02:39,552 [INFO] presentation.ponto.ponto_controller -    Resumo tem 16 dia(s) registado(s).
2026-05-18 22:02:39,616 [INFO] application.ponto.processar_ponto_usecase - ⏭ 0105.xlsx — já no resumo, ignorado.
2026-05-18 22:02:39,616 [INFO] presentation.ponto.ponto_controller - ⏭ 0105.xlsx — já no resumo, ignorado.
2026-05-18 22:02:39,700 [INFO] application.ponto.processar_ponto_usecase - ⏭ 0205.xlsx — já no resumo, ignorado.
2026-05-18 22:02:39,700 [INFO] presentation.ponto.ponto_controller - ⏭ 0205.xlsx — já no resumo, ignorado.
2026-05-18 22:02:39,768 [INFO] application.ponto.processar_ponto_usecase - ⏭ 0305.xlsx — já no resumo, ignorado.
2026-05-18 22:02:39,768 [INFO] presentation.ponto.ponto_controller - ⏭ 0305.xlsx — já no resumo, ignorado.
2026-05-18 22:02:39,837 [INFO] application.ponto.processar_ponto_usecase - ⏭ 0405.xlsx — já no resumo, ignorado.
2026-05-18 22:02:39,837 [INFO] presentation.ponto.ponto_controller - ⏭ 0405.xlsx — já no resumo, ignorado.
2026-05-18 22:02:39,900 [INFO] application.ponto.processar_ponto_usecase - ⏭ 0505.xlsx — já no resumo, ignorado.
2026-05-18 22:02:39,900 [INFO] presentation.ponto.ponto_controller - ⏭ 0505.xlsx — já no resumo, ignorado.
2026-05-18 22:02:39,964 [INFO] application.ponto.processar_ponto_usecase - ⏭ 0605.xlsx — já no resumo, ignorado.
2026-05-18 22:02:39,964 [INFO] presentation.ponto.ponto_controller - ⏭ 0605.xlsx — já no resumo, ignorado.
2026-05-18 22:02:40,027 [INFO] application.ponto.processar_ponto_usecase - ⏭ 0705.xlsx — já no resumo, ignorado.
2026-05-18 22:02:40,027 [INFO] presentation.ponto.ponto_controller - ⏭ 0705.xlsx — já no resumo, ignorado.
2026-05-18 22:02:40,114 [INFO] application.ponto.processar_ponto_usecase - ⏭ 0805.xlsx — já no resumo, ignorado.
2026-05-18 22:02:40,114 [INFO] presentation.ponto.ponto_controller - ⏭ 0805.xlsx — já no resumo, ignorado.
2026-05-18 22:02:40,175 [INFO] application.ponto.processar_ponto_usecase - ⏭ 0905.xlsx — já no resumo, ignorado.
2026-05-18 22:02:40,177 [INFO] presentation.ponto.ponto_controller - ⏭ 0905.xlsx — já no resumo, ignorado.
2026-05-18 22:02:40,238 [INFO] application.ponto.processar_ponto_usecase - ⏭ 1005.xlsx — já no resumo, ignorado.
2026-05-18 22:02:40,238 [INFO] presentation.ponto.ponto_controller - ⏭ 1005.xlsx — já no resumo, ignorado.
2026-05-18 22:02:40,302 [INFO] application.ponto.processar_ponto_usecase - ⏭ 1105.xlsx — já no resumo, ignorado.
2026-05-18 22:02:40,302 [INFO] presentation.ponto.ponto_controller - ⏭ 1105.xlsx — já no resumo, ignorado.
2026-05-18 22:02:40,371 [INFO] application.ponto.processar_ponto_usecase - ⏭ 1305.xlsx — já no resumo, ignorado.
2026-05-18 22:02:40,371 [INFO] presentation.ponto.ponto_controller - ⏭ 1305.xlsx — já no resumo, ignorado.
2026-05-18 22:02:40,428 [INFO] application.ponto.processar_ponto_usecase - ⏭ 1405.xlsx — já no resumo, ignorado.
2026-05-18 22:02:40,428 [INFO] presentation.ponto.ponto_controller - ⏭ 1405.xlsx — já no resumo, ignorado.
2026-05-18 22:02:40,493 [INFO] application.ponto.processar_ponto_usecase - ⏭ 1505.xlsx — já no resumo, ignorado.
2026-05-18 22:02:40,493 [INFO] presentation.ponto.ponto_controller - ⏭ 1505.xlsx — já no resumo, ignorado.
2026-05-18 22:02:40,552 [INFO] application.ponto.processar_ponto_usecase - ⏭ 1605.xlsx — já no resumo, ignorado.
2026-05-18 22:02:40,556 [INFO] presentation.ponto.ponto_controller - ⏭ 1605.xlsx — já no resumo, ignorado.
2026-05-18 22:02:40,613 [INFO] application.ponto.processar_ponto_usecase - ⏭ 1705.xlsx — já no resumo, ignorado.
2026-05-18 22:02:40,613 [INFO] presentation.ponto.ponto_controller - ⏭ 1705.xlsx — já no resumo, ignorado.
2026-05-18 22:02:40,613 [INFO] application.ponto.processar_ponto_usecase - ℹ Sem dias novos para adicionar.
2026-05-18 22:02:40,619 [INFO] presentation.ponto.ponto_controller - ℹ Sem dias novos para adicionar.
2026-05-18 22:02:40,619 [INFO] presentation.ponto.ponto_controller - 
✔ 16 ficheiros processados
2026-05-18 22:08:54,929 [INFO] presentation.ponto.ponto_controller - Processar ponto — mes 5, pasta: G:\.shortcut-targets-by-id\1YUU7cpAVBqQ-XmuiuqVAzKPjw-UZdVg8\CSAG\Ponto\202605
2026-05-18 22:08:54,945 [INFO] presentation.ponto.ponto_controller - 📋 1 ausências conhecidas carregadas
2026-05-18 22:08:55,102 [INFO] application.ponto.processar_ponto_usecase - 📂 16 ficheiros encontrados
2026-05-18 22:08:55,111 [INFO] presentation.ponto.ponto_controller - 📂 16 ficheiros encontrados
2026-05-18 22:08:55,374 [INFO] application.ponto.processar_ponto_usecase - 📅 Ultimo dia do mes anterior carregado
2026-05-18 22:08:55,382 [INFO] presentation.ponto.ponto_controller - 📅 Ultimo dia do mes anterior carregado
2026-05-18 22:08:55,382 [INFO] application.ponto.processar_ponto_usecase - 📄 0105.xlsx
2026-05-18 22:08:55,396 [INFO] presentation.ponto.ponto_controller - 📄 0105.xlsx
2026-05-18 22:08:55,469 [INFO] application.ponto.processar_ponto_usecase -    - 54 registos, 6 erros
2026-05-18 22:08:55,469 [INFO] presentation.ponto.ponto_controller -    - 54 registos, 6 erros
2026-05-18 22:08:55,469 [INFO] application.ponto.processar_ponto_usecase - 📄 0205.xlsx
2026-05-18 22:08:55,469 [INFO] presentation.ponto.ponto_controller - 📄 0205.xlsx
2026-05-18 22:08:55,556 [INFO] application.ponto.processar_ponto_usecase -    - 54 registos, 4 erros
2026-05-18 22:08:55,556 [INFO] presentation.ponto.ponto_controller -    - 54 registos, 4 erros
2026-05-18 22:08:55,600 [INFO] application.ponto.processar_ponto_usecase - 📄 0305.xlsx
2026-05-18 22:08:55,602 [INFO] presentation.ponto.ponto_controller - 📄 0305.xlsx
2026-05-18 22:08:55,675 [INFO] application.ponto.processar_ponto_usecase -    - 54 registos, 4 erros
2026-05-18 22:08:55,679 [INFO] presentation.ponto.ponto_controller -    - 54 registos, 4 erros
2026-05-18 22:08:55,737 [INFO] application.ponto.processar_ponto_usecase - 📄 0405.xlsx
2026-05-18 22:08:55,740 [INFO] presentation.ponto.ponto_controller - 📄 0405.xlsx
2026-05-18 22:08:55,805 [INFO] application.ponto.processar_ponto_usecase -    - 54 registos, 2 erros
2026-05-18 22:08:55,815 [INFO] presentation.ponto.ponto_controller -    - 54 registos, 2 erros
2026-05-18 22:08:55,882 [INFO] application.ponto.processar_ponto_usecase - 📄 0505.xlsx
2026-05-18 22:08:55,895 [INFO] presentation.ponto.ponto_controller - 📄 0505.xlsx
2026-05-18 22:08:55,976 [INFO] application.ponto.processar_ponto_usecase -    - 54 registos, 6 erros
2026-05-18 22:08:55,979 [INFO] presentation.ponto.ponto_controller -    - 54 registos, 6 erros
2026-05-18 22:08:56,072 [INFO] application.ponto.processar_ponto_usecase - 📄 0605.xlsx
2026-05-18 22:08:56,072 [INFO] presentation.ponto.ponto_controller - 📄 0605.xlsx
2026-05-18 22:08:56,141 [INFO] application.ponto.processar_ponto_usecase -    - 54 registos, 8 erros
2026-05-18 22:08:56,150 [INFO] presentation.ponto.ponto_controller -    - 54 registos, 8 erros
2026-05-18 22:08:56,262 [INFO] application.ponto.processar_ponto_usecase - 📄 0705.xlsx
2026-05-18 22:08:56,262 [INFO] presentation.ponto.ponto_controller - 📄 0705.xlsx
2026-05-18 22:08:56,345 [INFO] application.ponto.processar_ponto_usecase -    - 53 registos, 4 erros
2026-05-18 22:08:56,345 [INFO] presentation.ponto.ponto_controller -    - 53 registos, 4 erros
2026-05-18 22:08:56,474 [INFO] application.ponto.processar_ponto_usecase - 📄 0805.xlsx
2026-05-18 22:08:56,478 [INFO] presentation.ponto.ponto_controller - 📄 0805.xlsx
2026-05-18 22:08:56,548 [INFO] application.ponto.processar_ponto_usecase -    - 53 registos, 4 erros
2026-05-18 22:08:56,548 [INFO] presentation.ponto.ponto_controller -    - 53 registos, 4 erros
2026-05-18 22:08:56,699 [INFO] application.ponto.processar_ponto_usecase - 📄 0905.xlsx
2026-05-18 22:08:56,702 [INFO] presentation.ponto.ponto_controller - 📄 0905.xlsx
2026-05-18 22:08:56,769 [INFO] application.ponto.processar_ponto_usecase -    - 53 registos, 9 erros
2026-05-18 22:08:56,769 [INFO] presentation.ponto.ponto_controller -    - 53 registos, 9 erros
2026-05-18 22:08:56,951 [INFO] application.ponto.processar_ponto_usecase - 📄 1005.xlsx
2026-05-18 22:08:56,951 [INFO] presentation.ponto.ponto_controller - 📄 1005.xlsx
2026-05-18 22:08:57,031 [INFO] application.ponto.processar_ponto_usecase -    - 53 registos, 4 erros
2026-05-18 22:08:57,033 [INFO] presentation.ponto.ponto_controller -    - 53 registos, 4 erros
2026-05-18 22:08:57,210 [INFO] application.ponto.processar_ponto_usecase - 📄 1105.xlsx
2026-05-18 22:08:57,212 [INFO] presentation.ponto.ponto_controller - 📄 1105.xlsx
2026-05-18 22:08:57,297 [INFO] application.ponto.processar_ponto_usecase -    - 53 registos, 2 erros
2026-05-18 22:08:57,297 [INFO] presentation.ponto.ponto_controller -    - 53 registos, 2 erros
2026-05-18 22:08:57,485 [INFO] application.ponto.processar_ponto_usecase - 📄 1305.xlsx
2026-05-18 22:08:57,501 [INFO] presentation.ponto.ponto_controller - 📄 1305.xlsx
2026-05-18 22:08:57,573 [INFO] application.ponto.processar_ponto_usecase -    - 53 registos, 2 erros
2026-05-18 22:08:57,580 [INFO] presentation.ponto.ponto_controller -    - 53 registos, 2 erros
2026-05-18 22:08:57,788 [INFO] application.ponto.processar_ponto_usecase - 📄 1405.xlsx
2026-05-18 22:08:57,788 [INFO] presentation.ponto.ponto_controller - 📄 1405.xlsx
2026-05-18 22:08:57,866 [INFO] application.ponto.processar_ponto_usecase -    - 53 registos, 3 erros
2026-05-18 22:08:57,869 [INFO] presentation.ponto.ponto_controller -    - 53 registos, 3 erros
2026-05-18 22:08:58,088 [INFO] application.ponto.processar_ponto_usecase - 📄 1505.xlsx
2026-05-18 22:08:58,097 [INFO] presentation.ponto.ponto_controller - 📄 1505.xlsx
2026-05-18 22:08:58,172 [INFO] application.ponto.processar_ponto_usecase -    - 53 registos, 8 erros
2026-05-18 22:08:58,172 [INFO] presentation.ponto.ponto_controller -    - 53 registos, 8 erros
2026-05-18 22:08:58,411 [INFO] application.ponto.processar_ponto_usecase - 📄 1605.xlsx
2026-05-18 22:08:58,422 [INFO] presentation.ponto.ponto_controller - 📄 1605.xlsx
2026-05-18 22:08:58,484 [INFO] application.ponto.processar_ponto_usecase -    - 53 registos, 7 erros
2026-05-18 22:08:58,500 [INFO] presentation.ponto.ponto_controller -    - 53 registos, 7 erros
2026-05-18 22:08:58,774 [INFO] application.ponto.processar_ponto_usecase - 📄 1705.xlsx
2026-05-18 22:08:58,777 [INFO] presentation.ponto.ponto_controller - 📄 1705.xlsx
2026-05-18 22:08:58,850 [INFO] application.ponto.processar_ponto_usecase -    - 53 registos, 8 erros
2026-05-18 22:08:58,850 [INFO] presentation.ponto.ponto_controller -    - 53 registos, 8 erros
2026-05-18 22:08:59,499 [INFO] application.ponto.processar_ponto_usecase - _juntar_erros: 81 associados, 0 nao associados
2026-05-18 22:09:00,126 [INFO] application.ponto.processar_ponto_usecase - 📋 Classificação gravada em: classificacao_debug.xlsx
2026-05-18 22:09:00,141 [INFO] presentation.ponto.ponto_controller - 📋 Classificação gravada em: classificacao_debug.xlsx
2026-05-18 22:09:01,390 [INFO] application.ponto.processar_ponto_usecase - Resumo gravado em: G:\.shortcut-targets-by-id\1YUU7cpAVBqQ-XmuiuqVAzKPjw-UZdVg8\CSAG\Ponto\202605\202605_Resumo.xlsx
2026-05-18 22:09:01,390 [INFO] presentation.ponto.ponto_controller - Resumo gravado em: G:\.shortcut-targets-by-id\1YUU7cpAVBqQ-XmuiuqVAzKPjw-UZdVg8\CSAG\Ponto\202605\202605_Resumo.xlsx
2026-05-18 22:09:01,473 [INFO] application.ponto.processar_ponto_usecase - Resumo por empregado gravado
2026-05-18 22:09:01,473 [INFO] presentation.ponto.ponto_controller - Resumo por empregado gravado
2026-05-18 22:09:01,485 [INFO] application.ponto.processar_ponto_usecase - ⚠️ 80 erros de picagem
2026-05-18 22:09:01,507 [INFO] presentation.ponto.ponto_controller - ⚠️ 80 erros de picagem
2026-05-18 22:09:01,507 [INFO] application.ponto.processar_ponto_usecase - 
✔ 16 ficheiros processados
2026-05-18 22:09:01,517 [INFO] presentation.ponto.ponto_controller - 
✔ 16 ficheiros processados
2026-05-18 22:09:01,517 [INFO] presentation.ponto.ponto_controller - 
✔ 16 ficheiros processados
2026-05-18 22:09:01,524 [INFO] presentation.ponto.ponto_controller - Output: G:\.shortcut-targets-by-id\1YUU7cpAVBqQ-XmuiuqVAzKPjw-UZdVg8\CSAG\Ponto\202605\202605_Resumo.xlsx
2026-05-19 10:33:31,526 [INFO] presentation.ponto.ponto_controller - Processar ponto — mes 5, pasta: G:\.shortcut-targets-by-id\1YUU7cpAVBqQ-XmuiuqVAzKPjw-UZdVg8\CSAG\Ponto\202605
2026-05-19 10:33:31,542 [INFO] presentation.ponto.ponto_controller - 📋 1 ausências conhecidas carregadas
2026-05-19 10:33:31,652 [INFO] application.ponto.processar_ponto_usecase - 📂 16 ficheiros encontrados
2026-05-19 10:33:31,652 [INFO] presentation.ponto.ponto_controller - 📂 16 ficheiros encontrados
2026-05-19 10:33:32,081 [INFO] application.ponto.processar_ponto_usecase - ℹ Resumo mensal existente — modo incremental.
2026-05-19 10:33:32,097 [INFO] presentation.ponto.ponto_controller - ℹ Resumo mensal existente — modo incremental.
2026-05-19 10:33:32,305 [INFO] application.ponto.processar_ponto_usecase -    Resumo tem 16 dia(s) registado(s).
2026-05-19 10:33:32,305 [INFO] presentation.ponto.ponto_controller -    Resumo tem 16 dia(s) registado(s).
2026-05-19 10:33:32,386 [INFO] application.ponto.processar_ponto_usecase - ⏭ 0105.xlsx — já no resumo, ignorado.
2026-05-19 10:33:32,390 [INFO] presentation.ponto.ponto_controller - ⏭ 0105.xlsx — já no resumo, ignorado.
2026-05-19 10:33:32,447 [INFO] application.ponto.processar_ponto_usecase - ⏭ 0205.xlsx — já no resumo, ignorado.
2026-05-19 10:33:32,447 [INFO] presentation.ponto.ponto_controller - ⏭ 0205.xlsx — já no resumo, ignorado.
2026-05-19 10:33:32,496 [INFO] application.ponto.processar_ponto_usecase - ⏭ 0305.xlsx — já no resumo, ignorado.
2026-05-19 10:33:32,512 [INFO] presentation.ponto.ponto_controller - ⏭ 0305.xlsx — já no resumo, ignorado.
2026-05-19 10:33:32,560 [INFO] application.ponto.processar_ponto_usecase - ⏭ 0405.xlsx — já no resumo, ignorado.
2026-05-19 10:33:32,560 [INFO] presentation.ponto.ponto_controller - ⏭ 0405.xlsx — já no resumo, ignorado.
2026-05-19 10:33:32,623 [INFO] application.ponto.processar_ponto_usecase - ⏭ 0505.xlsx — já no resumo, ignorado.
2026-05-19 10:33:32,623 [INFO] presentation.ponto.ponto_controller - ⏭ 0505.xlsx — já no resumo, ignorado.
2026-05-19 10:33:32,671 [INFO] application.ponto.processar_ponto_usecase - ⏭ 0605.xlsx — já no resumo, ignorado.
2026-05-19 10:33:32,687 [INFO] presentation.ponto.ponto_controller - ⏭ 0605.xlsx — já no resumo, ignorado.
2026-05-19 10:33:32,735 [INFO] application.ponto.processar_ponto_usecase - ⏭ 0705.xlsx — já no resumo, ignorado.
2026-05-19 10:33:32,735 [INFO] presentation.ponto.ponto_controller - ⏭ 0705.xlsx — já no resumo, ignorado.
2026-05-19 10:33:32,799 [INFO] application.ponto.processar_ponto_usecase - ⏭ 0805.xlsx — já no resumo, ignorado.
2026-05-19 10:33:32,799 [INFO] presentation.ponto.ponto_controller - ⏭ 0805.xlsx — já no resumo, ignorado.
2026-05-19 10:33:32,847 [INFO] application.ponto.processar_ponto_usecase - ⏭ 0905.xlsx — já no resumo, ignorado.
2026-05-19 10:33:32,847 [INFO] presentation.ponto.ponto_controller - ⏭ 0905.xlsx — já no resumo, ignorado.
2026-05-19 10:33:32,910 [INFO] application.ponto.processar_ponto_usecase - ⏭ 1005.xlsx — já no resumo, ignorado.
2026-05-19 10:33:32,910 [INFO] presentation.ponto.ponto_controller - ⏭ 1005.xlsx — já no resumo, ignorado.
2026-05-19 10:33:32,974 [INFO] application.ponto.processar_ponto_usecase - ⏭ 1105.xlsx — já no resumo, ignorado.
2026-05-19 10:33:32,974 [INFO] presentation.ponto.ponto_controller - ⏭ 1105.xlsx — já no resumo, ignorado.
2026-05-19 10:33:33,037 [INFO] application.ponto.processar_ponto_usecase - ⏭ 1305.xlsx — já no resumo, ignorado.
2026-05-19 10:33:33,037 [INFO] presentation.ponto.ponto_controller - ⏭ 1305.xlsx — já no resumo, ignorado.
2026-05-19 10:33:33,117 [INFO] application.ponto.processar_ponto_usecase - ⏭ 1405.xlsx — já no resumo, ignorado.
2026-05-19 10:33:33,117 [INFO] presentation.ponto.ponto_controller - ⏭ 1405.xlsx — já no resumo, ignorado.
2026-05-19 10:33:33,164 [INFO] application.ponto.processar_ponto_usecase - ⏭ 1505.xlsx — já no resumo, ignorado.
2026-05-19 10:33:33,164 [INFO] presentation.ponto.ponto_controller - ⏭ 1505.xlsx — já no resumo, ignorado.
2026-05-19 10:33:33,228 [INFO] application.ponto.processar_ponto_usecase - ⏭ 1605.xlsx — já no resumo, ignorado.
2026-05-19 10:33:33,228 [INFO] presentation.ponto.ponto_controller - ⏭ 1605.xlsx — já no resumo, ignorado.
2026-05-19 10:33:33,276 [INFO] application.ponto.processar_ponto_usecase - ⏭ 1705.xlsx — já no resumo, ignorado.
2026-05-19 10:33:33,292 [INFO] presentation.ponto.ponto_controller - ⏭ 1705.xlsx — já no resumo, ignorado.
2026-05-19 10:33:33,292 [INFO] application.ponto.processar_ponto_usecase - ℹ Sem dias novos para adicionar.
2026-05-19 10:33:33,292 [INFO] presentation.ponto.ponto_controller - ℹ Sem dias novos para adicionar.
2026-05-19 10:33:33,292 [INFO] presentation.ponto.ponto_controller - 
✔ 16 ficheiros processados
